ISO-10303-21;
HEADER;
FILE_DESCRIPTION(('Open CASCADE Model'),'2;1');
FILE_NAME('Open CASCADE Shape Model','1970-01-01T00:00:00',('Author'),(
    'Open CASCADE'),'Open CASCADE STEP processor 7.9','Open CASCADE 7.9'
  ,'Unknown');
FILE_SCHEMA(('AUTOMOTIVE_DESIGN { 1 0 10303 214 1 1 1 1 }'));
ENDSEC;
DATA;
#1 = APPLICATION_PROTOCOL_DEFINITION('international standard',
  'automotive_design',2000,#2);
#2 = APPLICATION_CONTEXT(
  'core data for automotive mechanical design processes');
#3 = SHAPE_DEFINITION_REPRESENTATION(#4,#10);
#4 = PRODUCT_DEFINITION_SHAPE('','',#5);
#5 = PRODUCT_DEFINITION('design','',#6,#9);
#6 = PRODUCT_DEFINITION_FORMATION('','',#7);
#7 = PRODUCT('so101_matcha_whisk_tool','so101_matcha_whisk_tool','',(#8)
  );
#8 = PRODUCT_CONTEXT('',#2,'mechanical');
#9 = PRODUCT_DEFINITION_CONTEXT('part definition',#2,'design');
#10 = SHAPE_REPRESENTATION('',(#11,#15,#19,#23,#27,#31,#35,#39,#43,#47,
    #51,#55,#59,#63,#67,#71,#75,#79,#83,#87,#91,#95,#99,#103,#107,#111,
    #115,#119,#123,#127,#131,#135),#139);
#11 = AXIS2_PLACEMENT_3D('',#12,#13,#14);
#12 = CARTESIAN_POINT('',(0.,0.,0.));
#13 = DIRECTION('',(0.,0.,1.));
#14 = DIRECTION('',(1.,0.,-0.));
#15 = AXIS2_PLACEMENT_3D('',#16,#17,#18);
#16 = CARTESIAN_POINT('',(0.,0.,0.));
#17 = DIRECTION('',(0.,0.,1.));
#18 = DIRECTION('',(1.,0.,-0.));
#19 = AXIS2_PLACEMENT_3D('',#20,#21,#22);
#20 = CARTESIAN_POINT('',(0.,0.,0.));
#21 = DIRECTION('',(0.,0.,1.));
#22 = DIRECTION('',(1.,0.,-0.));
#23 = AXIS2_PLACEMENT_3D('',#24,#25,#26);
#24 = CARTESIAN_POINT('',(0.,0.,0.));
#25 = DIRECTION('',(0.,0.,1.));
#26 = DIRECTION('',(1.,0.,-0.));
#27 = AXIS2_PLACEMENT_3D('',#28,#29,#30);
#28 = CARTESIAN_POINT('',(0.,0.,0.));
#29 = DIRECTION('',(0.,0.,1.));
#30 = DIRECTION('',(1.,0.,-0.));
#31 = AXIS2_PLACEMENT_3D('',#32,#33,#34);
#32 = CARTESIAN_POINT('',(0.,0.,0.));
#33 = DIRECTION('',(0.,0.,1.));
#34 = DIRECTION('',(1.,0.,-0.));
#35 = AXIS2_PLACEMENT_3D('',#36,#37,#38);
#36 = CARTESIAN_POINT('',(0.,0.,0.));
#37 = DIRECTION('',(0.,0.,1.));
#38 = DIRECTION('',(1.,0.,-0.));
#39 = AXIS2_PLACEMENT_3D('',#40,#41,#42);
#40 = CARTESIAN_POINT('',(0.,0.,0.));
#41 = DIRECTION('',(0.,0.,1.));
#42 = DIRECTION('',(1.,0.,-0.));
#43 = AXIS2_PLACEMENT_3D('',#44,#45,#46);
#44 = CARTESIAN_POINT('',(0.,0.,0.));
#45 = DIRECTION('',(0.,0.,1.));
#46 = DIRECTION('',(1.,0.,-0.));
#47 = AXIS2_PLACEMENT_3D('',#48,#49,#50);
#48 = CARTESIAN_POINT('',(0.,0.,0.));
#49 = DIRECTION('',(0.,0.,1.));
#50 = DIRECTION('',(1.,0.,-0.));
#51 = AXIS2_PLACEMENT_3D('',#52,#53,#54);
#52 = CARTESIAN_POINT('',(0.,0.,0.));
#53 = DIRECTION('',(0.,0.,1.));
#54 = DIRECTION('',(1.,0.,-0.));
#55 = AXIS2_PLACEMENT_3D('',#56,#57,#58);
#56 = CARTESIAN_POINT('',(0.,0.,0.));
#57 = DIRECTION('',(0.,0.,1.));
#58 = DIRECTION('',(1.,0.,-0.));
#59 = AXIS2_PLACEMENT_3D('',#60,#61,#62);
#60 = CARTESIAN_POINT('',(0.,0.,0.));
#61 = DIRECTION('',(0.,0.,1.));
#62 = DIRECTION('',(1.,0.,-0.));
#63 = AXIS2_PLACEMENT_3D('',#64,#65,#66);
#64 = CARTESIAN_POINT('',(0.,0.,0.));
#65 = DIRECTION('',(0.,0.,1.));
#66 = DIRECTION('',(1.,0.,-0.));
#67 = AXIS2_PLACEMENT_3D('',#68,#69,#70);
#68 = CARTESIAN_POINT('',(0.,0.,0.));
#69 = DIRECTION('',(0.,0.,1.));
#70 = DIRECTION('',(1.,0.,-0.));
#71 = AXIS2_PLACEMENT_3D('',#72,#73,#74);
#72 = CARTESIAN_POINT('',(0.,0.,0.));
#73 = DIRECTION('',(0.,0.,1.));
#74 = DIRECTION('',(1.,0.,-0.));
#75 = AXIS2_PLACEMENT_3D('',#76,#77,#78);
#76 = CARTESIAN_POINT('',(0.,0.,0.));
#77 = DIRECTION('',(0.,0.,1.));
#78 = DIRECTION('',(1.,0.,-0.));
#79 = AXIS2_PLACEMENT_3D('',#80,#81,#82);
#80 = CARTESIAN_POINT('',(0.,0.,0.));
#81 = DIRECTION('',(0.,0.,1.));
#82 = DIRECTION('',(1.,0.,-0.));
#83 = AXIS2_PLACEMENT_3D('',#84,#85,#86);
#84 = CARTESIAN_POINT('',(0.,0.,0.));
#85 = DIRECTION('',(0.,0.,1.));
#86 = DIRECTION('',(1.,0.,-0.));
#87 = AXIS2_PLACEMENT_3D('',#88,#89,#90);
#88 = CARTESIAN_POINT('',(0.,0.,0.));
#89 = DIRECTION('',(0.,0.,1.));
#90 = DIRECTION('',(1.,0.,-0.));
#91 = AXIS2_PLACEMENT_3D('',#92,#93,#94);
#92 = CARTESIAN_POINT('',(0.,0.,0.));
#93 = DIRECTION('',(0.,0.,1.));
#94 = DIRECTION('',(1.,0.,-0.));
#95 = AXIS2_PLACEMENT_3D('',#96,#97,#98);
#96 = CARTESIAN_POINT('',(0.,0.,0.));
#97 = DIRECTION('',(0.,0.,1.));
#98 = DIRECTION('',(1.,0.,-0.));
#99 = AXIS2_PLACEMENT_3D('',#100,#101,#102);
#100 = CARTESIAN_POINT('',(0.,0.,0.));
#101 = DIRECTION('',(0.,0.,1.));
#102 = DIRECTION('',(1.,0.,-0.));
#103 = AXIS2_PLACEMENT_3D('',#104,#105,#106);
#104 = CARTESIAN_POINT('',(0.,0.,0.));
#105 = DIRECTION('',(0.,0.,1.));
#106 = DIRECTION('',(1.,0.,-0.));
#107 = AXIS2_PLACEMENT_3D('',#108,#109,#110);
#108 = CARTESIAN_POINT('',(0.,0.,0.));
#109 = DIRECTION('',(0.,0.,1.));
#110 = DIRECTION('',(1.,0.,-0.));
#111 = AXIS2_PLACEMENT_3D('',#112,#113,#114);
#112 = CARTESIAN_POINT('',(0.,0.,0.));
#113 = DIRECTION('',(0.,0.,1.));
#114 = DIRECTION('',(1.,0.,-0.));
#115 = AXIS2_PLACEMENT_3D('',#116,#117,#118);
#116 = CARTESIAN_POINT('',(0.,0.,0.));
#117 = DIRECTION('',(0.,0.,1.));
#118 = DIRECTION('',(1.,0.,-0.));
#119 = AXIS2_PLACEMENT_3D('',#120,#121,#122);
#120 = CARTESIAN_POINT('',(0.,0.,0.));
#121 = DIRECTION('',(0.,0.,1.));
#122 = DIRECTION('',(1.,0.,-0.));
#123 = AXIS2_PLACEMENT_3D('',#124,#125,#126);
#124 = CARTESIAN_POINT('',(0.,0.,0.));
#125 = DIRECTION('',(0.,0.,1.));
#126 = DIRECTION('',(1.,0.,-0.));
#127 = AXIS2_PLACEMENT_3D('',#128,#129,#130);
#128 = CARTESIAN_POINT('',(0.,0.,0.));
#129 = DIRECTION('',(0.,0.,1.));
#130 = DIRECTION('',(1.,0.,-0.));
#131 = AXIS2_PLACEMENT_3D('',#132,#133,#134);
#132 = CARTESIAN_POINT('',(0.,0.,0.));
#133 = DIRECTION('',(0.,0.,1.));
#134 = DIRECTION('',(1.,0.,-0.));
#135 = AXIS2_PLACEMENT_3D('',#136,#137,#138);
#136 = CARTESIAN_POINT('',(0.,0.,0.));
#137 = DIRECTION('',(0.,0.,1.));
#138 = DIRECTION('',(1.,0.,-0.));
#139 = ( GEOMETRIC_REPRESENTATION_CONTEXT(3) 
GLOBAL_UNCERTAINTY_ASSIGNED_CONTEXT((#143)) GLOBAL_UNIT_ASSIGNED_CONTEXT
((#140,#141,#142)) REPRESENTATION_CONTEXT('Context #1',
  '3D Context with UNIT and UNCERTAINTY') );
#140 = ( LENGTH_UNIT() NAMED_UNIT(*) SI_UNIT(.MILLI.,.METRE.) );
#141 = ( NAMED_UNIT(*) PLANE_ANGLE_UNIT() SI_UNIT($,.RADIAN.) );
#142 = ( NAMED_UNIT(*) SI_UNIT($,.STERADIAN.) SOLID_ANGLE_UNIT() );
#143 = UNCERTAINTY_MEASURE_WITH_UNIT(LENGTH_MEASURE(1.E-07),#140,
  'distance_accuracy_value','confusion accuracy');
#144 = PRODUCT_RELATED_PRODUCT_CATEGORY('part',$,(#7));
#145 = SHAPE_DEFINITION_REPRESENTATION(#146,#152);
#146 = PRODUCT_DEFINITION_SHAPE('','',#147);
#147 = PRODUCT_DEFINITION('design','',#148,#151);
#148 = PRODUCT_DEFINITION_FORMATION('','',#149);
#149 = PRODUCT('common_tool_plate','common_tool_plate','',(#150));
#150 = PRODUCT_CONTEXT('',#2,'mechanical');
#151 = PRODUCT_DEFINITION_CONTEXT('part definition',#2,'design');
#152 = ADVANCED_BREP_SHAPE_REPRESENTATION('',(#11,#153),#5331);
#153 = MANIFOLD_SOLID_BREP('',#154);
#154 = CLOSED_SHELL('',(#155,#275,#1500,#1549,#2431,#2458,#2485,#2512,
    #2539,#2566,#2593,#2620,#2647,#2674,#2681,#2708,#2784,#2833,#2882,
    #2931,#2980,#3007,#3034,#3110,#3159,#3208,#3235,#3311,#3360,#3409,
    #3458,#3507,#3534,#3561,#3588,#3664,#3713,#3762,#3811,#3860,#3887,
    #3963,#4012,#4061,#4110,#4159,#4186,#4213,#4284,#4333,#4382,#4409,
    #4464,#4514,#4590,#4639,#4688,#4715,#4765,#4856,#4884,#4960,#5009,
    #5058,#5085,#5125,#5138,#5150,#5162,#5202,#5206,#5239,#5244,#5277,
    #5304));
#155 = ADVANCED_FACE('',(#156),#170,.F.);
#156 = FACE_BOUND('',#157,.F.);
#157 = EDGE_LOOP('',(#158,#193,#221,#249));
#158 = ORIENTED_EDGE('',*,*,#159,.F.);
#159 = EDGE_CURVE('',#160,#162,#164,.T.);
#160 = VERTEX_POINT('',#161);
#161 = CARTESIAN_POINT('',(-28.,-21.,9.5));
#162 = VERTEX_POINT('',#163);
#163 = CARTESIAN_POINT('',(-28.,-12.,9.5));
#164 = SURFACE_CURVE('',#165,(#169,#181),.PCURVE_S1.);
#165 = LINE('',#166,#167);
#166 = CARTESIAN_POINT('',(-28.,-25.,9.5));
#167 = VECTOR('',#168,1.);
#168 = DIRECTION('',(0.,1.,0.));
#169 = PCURVE('',#170,#175);
#170 = PLANE('',#171);
#171 = AXIS2_PLACEMENT_3D('',#172,#173,#174);
#172 = CARTESIAN_POINT('',(-28.,-25.,0.));
#173 = DIRECTION('',(1.,0.,0.));
#174 = DIRECTION('',(0.,0.,1.));
#175 = DEFINITIONAL_REPRESENTATION('',(#176),#180);
#176 = LINE('',#177,#178);
#177 = CARTESIAN_POINT('',(9.5,0.));
#178 = VECTOR('',#179,1.);
#179 = DIRECTION('',(0.,-1.));
#180 = ( GEOMETRIC_REPRESENTATION_CONTEXT(2) 
PARAMETRIC_REPRESENTATION_CONTEXT() REPRESENTATION_CONTEXT('2D SPACE',''
  ) );
#181 = PCURVE('',#182,#187);
#182 = PLANE('',#183);
#183 = AXIS2_PLACEMENT_3D('',#184,#185,#186);
#184 = CARTESIAN_POINT('',(-28.,-25.,9.5));
#185 = DIRECTION('',(0.,0.,1.));
#186 = DIRECTION('',(1.,0.,0.));
#187 = DEFINITIONAL_REPRESENTATION('',(#188),#192);
#188 = LINE('',#189,#190);
#189 = CARTESIAN_POINT('',(0.,0.));
#190 = VECTOR('',#191,1.);
#191 = DIRECTION('',(0.,1.));
#192 = ( GEOMETRIC_REPRESENTATION_CONTEXT(2) 
PARAMETRIC_REPRESENTATION_CONTEXT() REPRESENTATION_CONTEXT('2D SPACE',''
  ) );
#193 = ORIENTED_EDGE('',*,*,#194,.F.);
#194 = EDGE_CURVE('',#195,#160,#197,.T.);
#195 = VERTEX_POINT('',#196);
#196 = CARTESIAN_POINT('',(-28.,-21.,0.));
#197 = SURFACE_CURVE('',#198,(#202,#209),.PCURVE_S1.);
#198 = LINE('',#199,#200);
#199 = CARTESIAN_POINT('',(-28.,-21.,0.));
#200 = VECTOR('',#201,1.);
#201 = DIRECTION('',(0.,0.,1.));
#202 = PCURVE('',#170,#203);
#203 = DEFINITIONAL_REPRESENTATION('',(#204),#208);
#204 = LINE('',#205,#206);
#205 = CARTESIAN_POINT('',(0.,-4.));
#206 = VECTOR('',#207,1.);
#207 = DIRECTION('',(1.,0.));
#208 = ( GEOMETRIC_REPRESENTATION_CONTEXT(2) 
PARAMETRIC_REPRESENTATION_CONTEXT() REPRESENTATION_CONTEXT('2D SPACE',''
  ) );
#209 = PCURVE('',#210,#215);
#210 = CYLINDRICAL_SURFACE('',#211,4.);
#211 = AXIS2_PLACEMENT_3D('',#212,#213,#214);
#212 = CARTESIAN_POINT('',(-24.,-21.,0.));
#213 = DIRECTION('',(0.,0.,1.));
#214 = DIRECTION('',(-1.,-0.,0.));
#215 = DEFINITIONAL_REPRESENTATION('',(#216),#220);
#216 = LINE('',#217,#218);
#217 = CARTESIAN_POINT('',(0.,0.));
#218 = VECTOR('',#219,1.);
#219 = DIRECTION('',(0.,1.));
#220 = ( GEOMETRIC_REPRESENTATION_CONTEXT(2) 
PARAMETRIC_REPRESENTATION_CONTEXT() REPRESENTATION_CONTEXT('2D SPACE',''
  ) );
#221 = ORIENTED_EDGE('',*,*,#222,.T.);
#222 = EDGE_CURVE('',#195,#223,#225,.T.);
#223 = VERTEX_POINT('',#224);
#224 = CARTESIAN_POINT('',(-28.,-12.,0.));
#225 = SURFACE_CURVE('',#226,(#230,#237),.PCURVE_S1.);
#226 = LINE('',#227,#228);
#227 = CARTESIAN_POINT('',(-28.,-25.,0.));
#228 = VECTOR('',#229,1.);
#229 = DIRECTION('',(0.,1.,0.));
#230 = PCURVE('',#170,#231);
#231 = DEFINITIONAL_REPRESENTATION('',(#232),#236);
#232 = LINE('',#233,#234);
#233 = CARTESIAN_POINT('',(0.,0.));
#234 = VECTOR('',#235,1.);
#235 = DIRECTION('',(0.,-1.));
#236 = ( GEOMETRIC_REPRESENTATION_CONTEXT(2) 
PARAMETRIC_REPRESENTATION_CONTEXT() REPRESENTATION_CONTEXT('2D SPACE',''
  ) );
#237 = PCURVE('',#238,#243);
#238 = PLANE('',#239);
#239 = AXIS2_PLACEMENT_3D('',#240,#241,#242);
#240 = CARTESIAN_POINT('',(-28.,-25.,0.));
#241 = DIRECTION('',(0.,0.,1.));
#242 = DIRECTION('',(1.,0.,0.));
#243 = DEFINITIONAL_REPRESENTATION('',(#244),#248);
#244 = LINE('',#245,#246);
#245 = CARTESIAN_POINT('',(0.,0.));
#246 = VECTOR('',#247,1.);
#247 = DIRECTION('',(0.,1.));
#248 = ( GEOMETRIC_REPRESENTATION_CONTEXT(2) 
PARAMETRIC_REPRESENTATION_CONTEXT() REPRESENTATION_CONTEXT('2D SPACE',''
  ) );
#249 = ORIENTED_EDGE('',*,*,#250,.T.);
#250 = EDGE_CURVE('',#223,#162,#251,.T.);
#251 = SURFACE_CURVE('',#252,(#256,#263),.PCURVE_S1.);
#252 = LINE('',#253,#254);
#253 = CARTESIAN_POINT('',(-28.,-12.,0.));
#254 = VECTOR('',#255,1.);
#255 = DIRECTION('',(0.,0.,1.));
#256 = PCURVE('',#170,#257);
#257 = DEFINITIONAL_REPRESENTATION('',(#258),#262);
#258 = LINE('',#259,#260);
#259 = CARTESIAN_POINT('',(0.,-13.));
#260 = VECTOR('',#261,1.);
#261 = DIRECTION('',(1.,0.));
#262 = ( GEOMETRIC_REPRESENTATION_CONTEXT(2) 
PARAMETRIC_REPRESENTATION_CONTEXT() REPRESENTATION_CONTEXT('2D SPACE',''
  ) );
#263 = PCURVE('',#264,#269);
#264 = PLANE('',#265);
#265 = AXIS2_PLACEMENT_3D('',#266,#267,#268);
#266 = CARTESIAN_POINT('',(-36.,-12.,0.));
#267 = DIRECTION('',(0.,1.,0.));
#268 = DIRECTION('',(0.,0.,1.));
#269 = DEFINITIONAL_REPRESENTATION('',(#270),#274);
#270 = LINE('',#271,#272);
#271 = CARTESIAN_POINT('',(0.,8.));
#272 = VECTOR('',#273,1.);
#273 = DIRECTION('',(1.,0.));
#274 = ( GEOMETRIC_REPRESENTATION_CONTEXT(2) 
PARAMETRIC_REPRESENTATION_CONTEXT() REPRESENTATION_CONTEXT('2D SPACE',''
  ) );
#275 = ADVANCED_FACE('',(#276,#587,#622,#780,#815,#921,#1079,#1114,#1149
    ,#1307,#1465),#182,.T.);
#276 = FACE_BOUND('',#277,.T.);
#277 = EDGE_LOOP('',(#278,#279,#303,#331,#364,#392,#421,#449,#482,#510,
    #538,#566));
#278 = ORIENTED_EDGE('',*,*,#159,.F.);
#279 = ORIENTED_EDGE('',*,*,#280,.T.);
#280 = EDGE_CURVE('',#160,#281,#283,.T.);
#281 = VERTEX_POINT('',#282);
#282 = CARTESIAN_POINT('',(-24.,-25.,9.5));
#283 = SURFACE_CURVE('',#284,(#289,#296),.PCURVE_S1.);
#284 = CIRCLE('',#285,4.);
#285 = AXIS2_PLACEMENT_3D('',#286,#287,#288);
#286 = CARTESIAN_POINT('',(-24.,-21.,9.5));
#287 = DIRECTION('',(0.,0.,1.));
#288 = DIRECTION('',(0.,-1.,0.));
#289 = PCURVE('',#182,#290);
#290 = DEFINITIONAL_REPRESENTATION('',(#291),#295);
#291 = CIRCLE('',#292,4.);
#292 = AXIS2_PLACEMENT_2D('',#293,#294);
#293 = CARTESIAN_POINT('',(4.,4.));
#294 = DIRECTION('',(0.,-1.));
#295 = ( GEOMETRIC_REPRESENTATION_CONTEXT(2) 
PARAMETRIC_REPRESENTATION_CONTEXT() REPRESENTATION_CONTEXT('2D SPACE',''
  ) );
#296 = PCURVE('',#210,#297);
#297 = DEFINITIONAL_REPRESENTATION('',(#298),#302);
#298 = LINE('',#299,#300);
#299 = CARTESIAN_POINT('',(-4.712388980385,9.5));
#300 = VECTOR('',#301,1.);
#301 = DIRECTION('',(1.,0.));
#302 = ( GEOMETRIC_REPRESENTATION_CONTEXT(2) 
PARAMETRIC_REPRESENTATION_CONTEXT() REPRESENTATION_CONTEXT('2D SPACE',''
  ) );
#303 = ORIENTED_EDGE('',*,*,#304,.T.);
#304 = EDGE_CURVE('',#281,#305,#307,.T.);
#305 = VERTEX_POINT('',#306);
#306 = CARTESIAN_POINT('',(24.,-25.,9.5));
#307 = SURFACE_CURVE('',#308,(#312,#319),.PCURVE_S1.);
#308 = LINE('',#309,#310);
#309 = CARTESIAN_POINT('',(-28.,-25.,9.5));
#310 = VECTOR('',#311,1.);
#311 = DIRECTION('',(1.,0.,0.));
#312 = PCURVE('',#182,#313);
#313 = DEFINITIONAL_REPRESENTATION('',(#314),#318);
#314 = LINE('',#315,#316);
#315 = CARTESIAN_POINT('',(0.,0.));
#316 = VECTOR('',#317,1.);
#317 = DIRECTION('',(1.,0.));
#318 = ( GEOMETRIC_REPRESENTATION_CONTEXT(2) 
PARAMETRIC_REPRESENTATION_CONTEXT() REPRESENTATION_CONTEXT('2D SPACE',''
  ) );
#319 = PCURVE('',#320,#325);
#320 = PLANE('',#321);
#321 = AXIS2_PLACEMENT_3D('',#322,#323,#324);
#322 = CARTESIAN_POINT('',(-28.,-25.,0.));
#323 = DIRECTION('',(0.,1.,0.));
#324 = DIRECTION('',(0.,0.,1.));
#325 = DEFINITIONAL_REPRESENTATION('',(#326),#330);
#326 = LINE('',#327,#328);
#327 = CARTESIAN_POINT('',(9.5,0.));
#328 = VECTOR('',#329,1.);
#329 = DIRECTION('',(0.,1.));
#330 = ( GEOMETRIC_REPRESENTATION_CONTEXT(2) 
PARAMETRIC_REPRESENTATION_CONTEXT() REPRESENTATION_CONTEXT('2D SPACE',''
  ) );
#331 = ORIENTED_EDGE('',*,*,#332,.F.);
#332 = EDGE_CURVE('',#333,#305,#335,.T.);
#333 = VERTEX_POINT('',#334);
#334 = CARTESIAN_POINT('',(28.,-21.,9.5));
#335 = SURFACE_CURVE('',#336,(#341,#352),.PCURVE_S1.);
#336 = CIRCLE('',#337,4.);
#337 = AXIS2_PLACEMENT_3D('',#338,#339,#340);
#338 = CARTESIAN_POINT('',(24.,-21.,9.5));
#339 = DIRECTION('',(-0.,-0.,-1.));
#340 = DIRECTION('',(0.,-1.,0.));
#341 = PCURVE('',#182,#342);
#342 = DEFINITIONAL_REPRESENTATION('',(#343),#351);
#343 = ( BOUNDED_CURVE() B_SPLINE_CURVE(2,(#344,#345,#346,#347,#348,#349
,#350),.UNSPECIFIED.,.T.,.F.) B_SPLINE_CURVE_WITH_KNOTS((1,2,2,2,2,1),(
    -2.094395102393,0.,2.094395102393,4.188790204786,6.28318530718,
8.377580409573),.UNSPECIFIED.) CURVE() GEOMETRIC_REPRESENTATION_ITEM() 
RATIONAL_B_SPLINE_CURVE((1.,0.5,1.,0.5,1.,0.5,1.)) REPRESENTATION_ITEM(
  '') );
#344 = CARTESIAN_POINT('',(52.,0.));
#345 = CARTESIAN_POINT('',(45.071796769724,0.));
#346 = CARTESIAN_POINT('',(48.535898384862,6.));
#347 = CARTESIAN_POINT('',(52.,12.));
#348 = CARTESIAN_POINT('',(55.464101615138,6.));
#349 = CARTESIAN_POINT('',(58.928203230276,6.217248937901E-15));
#350 = CARTESIAN_POINT('',(52.,0.));
#351 = ( GEOMETRIC_REPRESENTATION_CONTEXT(2) 
PARAMETRIC_REPRESENTATION_CONTEXT() REPRESENTATION_CONTEXT('2D SPACE',''
  ) );
#352 = PCURVE('',#353,#358);
#353 = CYLINDRICAL_SURFACE('',#354,4.);
#354 = AXIS2_PLACEMENT_3D('',#355,#356,#357);
#355 = CARTESIAN_POINT('',(24.,-21.,0.));
#356 = DIRECTION('',(0.,0.,1.));
#357 = DIRECTION('',(1.,0.,-0.));
#358 = DEFINITIONAL_REPRESENTATION('',(#359),#363);
#359 = LINE('',#360,#361);
#360 = CARTESIAN_POINT('',(4.712388980385,9.5));
#361 = VECTOR('',#362,1.);
#362 = DIRECTION('',(-1.,0.));
#363 = ( GEOMETRIC_REPRESENTATION_CONTEXT(2) 
PARAMETRIC_REPRESENTATION_CONTEXT() REPRESENTATION_CONTEXT('2D SPACE',''
  ) );
#364 = ORIENTED_EDGE('',*,*,#365,.T.);
#365 = EDGE_CURVE('',#333,#366,#368,.T.);
#366 = VERTEX_POINT('',#367);
#367 = CARTESIAN_POINT('',(28.,21.,9.5));
#368 = SURFACE_CURVE('',#369,(#373,#380),.PCURVE_S1.);
#369 = LINE('',#370,#371);
#370 = CARTESIAN_POINT('',(28.,-25.,9.5));
#371 = VECTOR('',#372,1.);
#372 = DIRECTION('',(0.,1.,0.));
#373 = PCURVE('',#182,#374);
#374 = DEFINITIONAL_REPRESENTATION('',(#375),#379);
#375 = LINE('',#376,#377);
#376 = CARTESIAN_POINT('',(56.,0.));
#377 = VECTOR('',#378,1.);
#378 = DIRECTION('',(0.,1.));
#379 = ( GEOMETRIC_REPRESENTATION_CONTEXT(2) 
PARAMETRIC_REPRESENTATION_CONTEXT() REPRESENTATION_CONTEXT('2D SPACE',''
  ) );
#380 = PCURVE('',#381,#386);
#381 = PLANE('',#382);
#382 = AXIS2_PLACEMENT_3D('',#383,#384,#385);
#383 = CARTESIAN_POINT('',(28.,-25.,0.));
#384 = DIRECTION('',(1.,0.,0.));
#385 = DIRECTION('',(0.,0.,1.));
#386 = DEFINITIONAL_REPRESENTATION('',(#387),#391);
#387 = LINE('',#388,#389);
#388 = CARTESIAN_POINT('',(9.5,0.));
#389 = VECTOR('',#390,1.);
#390 = DIRECTION('',(0.,-1.));
#391 = ( GEOMETRIC_REPRESENTATION_CONTEXT(2) 
PARAMETRIC_REPRESENTATION_CONTEXT() REPRESENTATION_CONTEXT('2D SPACE',''
  ) );
#392 = ORIENTED_EDGE('',*,*,#393,.T.);
#393 = EDGE_CURVE('',#366,#394,#396,.T.);
#394 = VERTEX_POINT('',#395);
#395 = CARTESIAN_POINT('',(24.,25.,9.5));
#396 = SURFACE_CURVE('',#397,(#402,#409),.PCURVE_S1.);
#397 = CIRCLE('',#398,4.);
#398 = AXIS2_PLACEMENT_3D('',#399,#400,#401);
#399 = CARTESIAN_POINT('',(24.,21.,9.5));
#400 = DIRECTION('',(0.,0.,1.));
#401 = DIRECTION('',(0.,-1.,0.));
#402 = PCURVE('',#182,#403);
#403 = DEFINITIONAL_REPRESENTATION('',(#404),#408);
#404 = CIRCLE('',#405,4.);
#405 = AXIS2_PLACEMENT_2D('',#406,#407);
#406 = CARTESIAN_POINT('',(52.,46.));
#407 = DIRECTION('',(0.,-1.));
#408 = ( GEOMETRIC_REPRESENTATION_CONTEXT(2) 
PARAMETRIC_REPRESENTATION_CONTEXT() REPRESENTATION_CONTEXT('2D SPACE',''
  ) );
#409 = PCURVE('',#410,#415);
#410 = CYLINDRICAL_SURFACE('',#411,4.);
#411 = AXIS2_PLACEMENT_3D('',#412,#413,#414);
#412 = CARTESIAN_POINT('',(24.,21.,0.));
#413 = DIRECTION('',(0.,0.,1.));
#414 = DIRECTION('',(1.,0.,-0.));
#415 = DEFINITIONAL_REPRESENTATION('',(#416),#420);
#416 = LINE('',#417,#418);
#417 = CARTESIAN_POINT('',(-1.570796326795,9.5));
#418 = VECTOR('',#419,1.);
#419 = DIRECTION('',(1.,0.));
#420 = ( GEOMETRIC_REPRESENTATION_CONTEXT(2) 
PARAMETRIC_REPRESENTATION_CONTEXT() REPRESENTATION_CONTEXT('2D SPACE',''
  ) );
#421 = ORIENTED_EDGE('',*,*,#422,.F.);
#422 = EDGE_CURVE('',#423,#394,#425,.T.);
#423 = VERTEX_POINT('',#424);
#424 = CARTESIAN_POINT('',(-24.,25.,9.5));
#425 = SURFACE_CURVE('',#426,(#430,#437),.PCURVE_S1.);
#426 = LINE('',#427,#428);
#427 = CARTESIAN_POINT('',(-28.,25.,9.5));
#428 = VECTOR('',#429,1.);
#429 = DIRECTION('',(1.,0.,0.));
#430 = PCURVE('',#182,#431);
#431 = DEFINITIONAL_REPRESENTATION('',(#432),#436);
#432 = LINE('',#433,#434);
#433 = CARTESIAN_POINT('',(0.,50.));
#434 = VECTOR('',#435,1.);
#435 = DIRECTION('',(1.,0.));
#436 = ( GEOMETRIC_REPRESENTATION_CONTEXT(2) 
PARAMETRIC_REPRESENTATION_CONTEXT() REPRESENTATION_CONTEXT('2D SPACE',''
  ) );
#437 = PCURVE('',#438,#443);
#438 = PLANE('',#439);
#439 = AXIS2_PLACEMENT_3D('',#440,#441,#442);
#440 = CARTESIAN_POINT('',(-28.,25.,0.));
#441 = DIRECTION('',(0.,1.,0.));
#442 = DIRECTION('',(0.,0.,1.));
#443 = DEFINITIONAL_REPRESENTATION('',(#444),#448);
#444 = LINE('',#445,#446);
#445 = CARTESIAN_POINT('',(9.5,0.));
#446 = VECTOR('',#447,1.);
#447 = DIRECTION('',(0.,1.));
#448 = ( GEOMETRIC_REPRESENTATION_CONTEXT(2) 
PARAMETRIC_REPRESENTATION_CONTEXT() REPRESENTATION_CONTEXT('2D SPACE',''
  ) );
#449 = ORIENTED_EDGE('',*,*,#450,.F.);
#450 = EDGE_CURVE('',#451,#423,#453,.T.);
#451 = VERTEX_POINT('',#452);
#452 = CARTESIAN_POINT('',(-28.,21.,9.5));
#453 = SURFACE_CURVE('',#454,(#459,#470),.PCURVE_S1.);
#454 = CIRCLE('',#455,4.);
#455 = AXIS2_PLACEMENT_3D('',#456,#457,#458);
#456 = CARTESIAN_POINT('',(-24.,21.,9.5));
#457 = DIRECTION('',(-0.,-0.,-1.));
#458 = DIRECTION('',(0.,-1.,0.));
#459 = PCURVE('',#182,#460);
#460 = DEFINITIONAL_REPRESENTATION('',(#461),#469);
#461 = ( BOUNDED_CURVE() B_SPLINE_CURVE(2,(#462,#463,#464,#465,#466,#467
,#468),.UNSPECIFIED.,.T.,.F.) B_SPLINE_CURVE_WITH_KNOTS((1,2,2,2,2,1),(
    -2.094395102393,0.,2.094395102393,4.188790204786,6.28318530718,
8.377580409573),.UNSPECIFIED.) CURVE() GEOMETRIC_REPRESENTATION_ITEM() 
RATIONAL_B_SPLINE_CURVE((1.,0.5,1.,0.5,1.,0.5,1.)) REPRESENTATION_ITEM(
  '') );
#462 = CARTESIAN_POINT('',(4.,42.));
#463 = CARTESIAN_POINT('',(-2.928203230276,42.));
#464 = CARTESIAN_POINT('',(0.535898384862,48.));
#465 = CARTESIAN_POINT('',(4.,54.));
#466 = CARTESIAN_POINT('',(7.464101615138,48.));
#467 = CARTESIAN_POINT('',(10.928203230276,42.));
#468 = CARTESIAN_POINT('',(4.,42.));
#469 = ( GEOMETRIC_REPRESENTATION_CONTEXT(2) 
PARAMETRIC_REPRESENTATION_CONTEXT() REPRESENTATION_CONTEXT('2D SPACE',''
  ) );
#470 = PCURVE('',#471,#476);
#471 = CYLINDRICAL_SURFACE('',#472,4.);
#472 = AXIS2_PLACEMENT_3D('',#473,#474,#475);
#473 = CARTESIAN_POINT('',(-24.,21.,0.));
#474 = DIRECTION('',(0.,0.,1.));
#475 = DIRECTION('',(-1.,-0.,0.));
#476 = DEFINITIONAL_REPRESENTATION('',(#477),#481);
#477 = LINE('',#478,#479);
#478 = CARTESIAN_POINT('',(1.570796326795,9.5));
#479 = VECTOR('',#480,1.);
#480 = DIRECTION('',(-1.,0.));
#481 = ( GEOMETRIC_REPRESENTATION_CONTEXT(2) 
PARAMETRIC_REPRESENTATION_CONTEXT() REPRESENTATION_CONTEXT('2D SPACE',''
  ) );
#482 = ORIENTED_EDGE('',*,*,#483,.F.);
#483 = EDGE_CURVE('',#484,#451,#486,.T.);
#484 = VERTEX_POINT('',#485);
#485 = CARTESIAN_POINT('',(-28.,12.,9.5));
#486 = SURFACE_CURVE('',#487,(#491,#498),.PCURVE_S1.);
#487 = LINE('',#488,#489);
#488 = CARTESIAN_POINT('',(-28.,-25.,9.5));
#489 = VECTOR('',#490,1.);
#490 = DIRECTION('',(0.,1.,0.));
#491 = PCURVE('',#182,#492);
#492 = DEFINITIONAL_REPRESENTATION('',(#493),#497);
#493 = LINE('',#494,#495);
#494 = CARTESIAN_POINT('',(0.,0.));
#495 = VECTOR('',#496,1.);
#496 = DIRECTION('',(0.,1.));
#497 = ( GEOMETRIC_REPRESENTATION_CONTEXT(2) 
PARAMETRIC_REPRESENTATION_CONTEXT() REPRESENTATION_CONTEXT('2D SPACE',''
  ) );
#498 = PCURVE('',#499,#504);
#499 = PLANE('',#500);
#500 = AXIS2_PLACEMENT_3D('',#501,#502,#503);
#501 = CARTESIAN_POINT('',(-28.,-25.,0.));
#502 = DIRECTION('',(1.,0.,0.));
#503 = DIRECTION('',(0.,0.,1.));
#504 = DEFINITIONAL_REPRESENTATION('',(#505),#509);
#505 = LINE('',#506,#507);
#506 = CARTESIAN_POINT('',(9.5,0.));
#507 = VECTOR('',#508,1.);
#508 = DIRECTION('',(0.,-1.));
#509 = ( GEOMETRIC_REPRESENTATION_CONTEXT(2) 
PARAMETRIC_REPRESENTATION_CONTEXT() REPRESENTATION_CONTEXT('2D SPACE',''
  ) );
#510 = ORIENTED_EDGE('',*,*,#511,.F.);
#511 = EDGE_CURVE('',#512,#484,#514,.T.);
#512 = VERTEX_POINT('',#513);
#513 = CARTESIAN_POINT('',(-36.,12.,9.5));
#514 = SURFACE_CURVE('',#515,(#519,#526),.PCURVE_S1.);
#515 = LINE('',#516,#517);
#516 = CARTESIAN_POINT('',(-36.,12.,9.5));
#517 = VECTOR('',#518,1.);
#518 = DIRECTION('',(1.,0.,0.));
#519 = PCURVE('',#182,#520);
#520 = DEFINITIONAL_REPRESENTATION('',(#521),#525);
#521 = LINE('',#522,#523);
#522 = CARTESIAN_POINT('',(-8.,37.));
#523 = VECTOR('',#524,1.);
#524 = DIRECTION('',(1.,0.));
#525 = ( GEOMETRIC_REPRESENTATION_CONTEXT(2) 
PARAMETRIC_REPRESENTATION_CONTEXT() REPRESENTATION_CONTEXT('2D SPACE',''
  ) );
#526 = PCURVE('',#527,#532);
#527 = PLANE('',#528);
#528 = AXIS2_PLACEMENT_3D('',#529,#530,#531);
#529 = CARTESIAN_POINT('',(-36.,12.,0.));
#530 = DIRECTION('',(0.,1.,0.));
#531 = DIRECTION('',(0.,0.,1.));
#532 = DEFINITIONAL_REPRESENTATION('',(#533),#537);
#533 = LINE('',#534,#535);
#534 = CARTESIAN_POINT('',(9.5,0.));
#535 = VECTOR('',#536,1.);
#536 = DIRECTION('',(0.,1.));
#537 = ( GEOMETRIC_REPRESENTATION_CONTEXT(2) 
PARAMETRIC_REPRESENTATION_CONTEXT() REPRESENTATION_CONTEXT('2D SPACE',''
  ) );
#538 = ORIENTED_EDGE('',*,*,#539,.F.);
#539 = EDGE_CURVE('',#540,#512,#542,.T.);
#540 = VERTEX_POINT('',#541);
#541 = CARTESIAN_POINT('',(-36.,-12.,9.5));
#542 = SURFACE_CURVE('',#543,(#547,#554),.PCURVE_S1.);
#543 = LINE('',#544,#545);
#544 = CARTESIAN_POINT('',(-36.,-12.,9.5));
#545 = VECTOR('',#546,1.);
#546 = DIRECTION('',(0.,1.,0.));
#547 = PCURVE('',#182,#548);
#548 = DEFINITIONAL_REPRESENTATION('',(#549),#553);
#549 = LINE('',#550,#551);
#550 = CARTESIAN_POINT('',(-8.,13.));
#551 = VECTOR('',#552,1.);
#552 = DIRECTION('',(0.,1.));
#553 = ( GEOMETRIC_REPRESENTATION_CONTEXT(2) 
PARAMETRIC_REPRESENTATION_CONTEXT() REPRESENTATION_CONTEXT('2D SPACE',''
  ) );
#554 = PCURVE('',#555,#560);
#555 = PLANE('',#556);
#556 = AXIS2_PLACEMENT_3D('',#557,#558,#559);
#557 = CARTESIAN_POINT('',(-36.,-12.,0.));
#558 = DIRECTION('',(1.,0.,0.));
#559 = DIRECTION('',(0.,0.,1.));
#560 = DEFINITIONAL_REPRESENTATION('',(#561),#565);
#561 = LINE('',#562,#563);
#562 = CARTESIAN_POINT('',(9.5,0.));
#563 = VECTOR('',#564,1.);
#564 = DIRECTION('',(0.,-1.));
#565 = ( GEOMETRIC_REPRESENTATION_CONTEXT(2) 
PARAMETRIC_REPRESENTATION_CONTEXT() REPRESENTATION_CONTEXT('2D SPACE',''
  ) );
#566 = ORIENTED_EDGE('',*,*,#567,.T.);
#567 = EDGE_CURVE('',#540,#162,#568,.T.);
#568 = SURFACE_CURVE('',#569,(#573,#580),.PCURVE_S1.);
#569 = LINE('',#570,#571);
#570 = CARTESIAN_POINT('',(-36.,-12.,9.5));
#571 = VECTOR('',#572,1.);
#572 = DIRECTION('',(1.,0.,0.));
#573 = PCURVE('',#182,#574);
#574 = DEFINITIONAL_REPRESENTATION('',(#575),#579);
#575 = LINE('',#576,#577);
#576 = CARTESIAN_POINT('',(-8.,13.));
#577 = VECTOR('',#578,1.);
#578 = DIRECTION('',(1.,0.));
#579 = ( GEOMETRIC_REPRESENTATION_CONTEXT(2) 
PARAMETRIC_REPRESENTATION_CONTEXT() REPRESENTATION_CONTEXT('2D SPACE',''
  ) );
#580 = PCURVE('',#264,#581);
#581 = DEFINITIONAL_REPRESENTATION('',(#582),#586);
#582 = LINE('',#583,#584);
#583 = CARTESIAN_POINT('',(9.5,0.));
#584 = VECTOR('',#585,1.);
#585 = DIRECTION('',(0.,1.));
#586 = ( GEOMETRIC_REPRESENTATION_CONTEXT(2) 
PARAMETRIC_REPRESENTATION_CONTEXT() REPRESENTATION_CONTEXT('2D SPACE',''
  ) );
#587 = FACE_BOUND('',#588,.T.);
#588 = EDGE_LOOP('',(#589));
#589 = ORIENTED_EDGE('',*,*,#590,.T.);
#590 = EDGE_CURVE('',#591,#591,#593,.T.);
#591 = VERTEX_POINT('',#592);
#592 = CARTESIAN_POINT('',(-22.65,-17.,9.5));
#593 = SURFACE_CURVE('',#594,(#599,#610),.PCURVE_S1.);
#594 = CIRCLE('',#595,1.65);
#595 = AXIS2_PLACEMENT_3D('',#596,#597,#598);
#596 = CARTESIAN_POINT('',(-21.,-17.,9.5));
#597 = DIRECTION('',(0.,0.,-1.));
#598 = DIRECTION('',(-1.,0.,0.));
#599 = PCURVE('',#182,#600);
#600 = DEFINITIONAL_REPRESENTATION('',(#601),#609);
#601 = ( BOUNDED_CURVE() B_SPLINE_CURVE(2,(#602,#603,#604,#605,#606,#607
,#608),.UNSPECIFIED.,.T.,.F.) B_SPLINE_CURVE_WITH_KNOTS((1,2,2,2,2,1),(
    -2.094395102393,0.,2.094395102393,4.188790204786,6.28318530718,
8.377580409573),.UNSPECIFIED.) CURVE() GEOMETRIC_REPRESENTATION_ITEM() 
RATIONAL_B_SPLINE_CURVE((1.,0.5,1.,0.5,1.,0.5,1.)) REPRESENTATION_ITEM(
  '') );
#602 = CARTESIAN_POINT('',(5.35,8.));
#603 = CARTESIAN_POINT('',(5.35,10.857883832489));
#604 = CARTESIAN_POINT('',(7.825,9.428941916244));
#605 = CARTESIAN_POINT('',(10.3,8.));
#606 = CARTESIAN_POINT('',(7.825,6.571058083756));
#607 = CARTESIAN_POINT('',(5.35,5.142116167511));
#608 = CARTESIAN_POINT('',(5.35,8.));
#609 = ( GEOMETRIC_REPRESENTATION_CONTEXT(2) 
PARAMETRIC_REPRESENTATION_CONTEXT() REPRESENTATION_CONTEXT('2D SPACE',''
  ) );
#610 = PCURVE('',#611,#616);
#611 = CYLINDRICAL_SURFACE('',#612,1.65);
#612 = AXIS2_PLACEMENT_3D('',#613,#614,#615);
#613 = CARTESIAN_POINT('',(-21.,-17.,9.5));
#614 = DIRECTION('',(0.,0.,-1.));
#615 = DIRECTION('',(-1.,0.,0.));
#616 = DEFINITIONAL_REPRESENTATION('',(#617),#621);
#617 = LINE('',#618,#619);
#618 = CARTESIAN_POINT('',(0.,0.));
#619 = VECTOR('',#620,1.);
#620 = DIRECTION('',(1.,0.));
#621 = ( GEOMETRIC_REPRESENTATION_CONTEXT(2) 
PARAMETRIC_REPRESENTATION_CONTEXT() REPRESENTATION_CONTEXT('2D SPACE',''
  ) );
#622 = FACE_BOUND('',#623,.T.);
#623 = EDGE_LOOP('',(#624,#652,#678,#704,#730,#756));
#624 = ORIENTED_EDGE('',*,*,#625,.T.);
#625 = EDGE_CURVE('',#626,#628,#630,.T.);
#626 = VERTEX_POINT('',#627);
#627 = CARTESIAN_POINT('',(-2.396003617094,-11.85000000007,9.5));
#628 = VERTEX_POINT('',#629);
#629 = CARTESIAN_POINT('',(2.396003617094,-11.85000000007,9.5));
#630 = SURFACE_CURVE('',#631,(#635,#641),.PCURVE_S1.);
#631 = LINE('',#632,#633);
#632 = CARTESIAN_POINT('',(-12.80199819145,-11.85000000007,9.5));
#633 = VECTOR('',#634,1.);
#634 = DIRECTION('',(1.,-1.853458011005E-16,0.));
#635 = PCURVE('',#182,#636);
#636 = DEFINITIONAL_REPRESENTATION('',(#637),#640);
#637 = B_SPLINE_CURVE_WITH_KNOTS('',1,(#638,#639),.UNSPECIFIED.,.F.,.F.,
  (2,2),(10.405994574359,15.198001808547),.PIECEWISE_BEZIER_KNOTS.);
#638 = CARTESIAN_POINT('',(25.603996382906,13.149999999925));
#639 = CARTESIAN_POINT('',(30.396003617094,13.149999999925));
#640 = ( GEOMETRIC_REPRESENTATION_CONTEXT(2) 
PARAMETRIC_REPRESENTATION_CONTEXT() REPRESENTATION_CONTEXT('2D SPACE',''
  ) );
#641 = PCURVE('',#642,#647);
#642 = PLANE('',#643);
#643 = AXIS2_PLACEMENT_3D('',#644,#645,#646);
#644 = CARTESIAN_POINT('',(2.396003617094,-11.85000000007,5.45));
#645 = DIRECTION('',(-1.853458011005E-16,-1.,0.));
#646 = DIRECTION('',(-1.,1.853458011005E-16,0.));
#647 = DEFINITIONAL_REPRESENTATION('',(#648),#651);
#648 = B_SPLINE_CURVE_WITH_KNOTS('',1,(#649,#650),.UNSPECIFIED.,.F.,.F.,
  (2,2),(10.405994574359,15.198001808547),.PIECEWISE_BEZIER_KNOTS.);
#649 = CARTESIAN_POINT('',(4.792007234188,-4.05));
#650 = CARTESIAN_POINT('',(0.,-4.05));
#651 = ( GEOMETRIC_REPRESENTATION_CONTEXT(2) 
PARAMETRIC_REPRESENTATION_CONTEXT() REPRESENTATION_CONTEXT('2D SPACE',''
  ) );
#652 = ORIENTED_EDGE('',*,*,#653,.T.);
#653 = EDGE_CURVE('',#628,#654,#656,.T.);
#654 = VERTEX_POINT('',#655);
#655 = CARTESIAN_POINT('',(4.792007234188,-16.,9.5));
#656 = SURFACE_CURVE('',#657,(#661,#667),.PCURVE_S1.);
#657 = LINE('',#658,#659);
#658 = CARTESIAN_POINT('',(2.641563488429,-12.27532217352,9.5));
#659 = VECTOR('',#660,1.);
#660 = DIRECTION('',(0.5,-0.866025403784,0.));
#661 = PCURVE('',#182,#662);
#662 = DEFINITIONAL_REPRESENTATION('',(#663),#666);
#663 = B_SPLINE_CURVE_WITH_KNOTS('',1,(#664,#665),.UNSPECIFIED.,.F.,.F.,
  (2,2),(-0.491119742671,4.300887491517),.PIECEWISE_BEZIER_KNOTS.);
#664 = CARTESIAN_POINT('',(30.396003617094,13.149999999925));
#665 = CARTESIAN_POINT('',(32.792007234188,9.));
#666 = ( GEOMETRIC_REPRESENTATION_CONTEXT(2) 
PARAMETRIC_REPRESENTATION_CONTEXT() REPRESENTATION_CONTEXT('2D SPACE',''
  ) );
#667 = PCURVE('',#668,#673);
#668 = PLANE('',#669);
#669 = AXIS2_PLACEMENT_3D('',#670,#671,#672);
#670 = CARTESIAN_POINT('',(4.792007234188,-16.,5.45));
#671 = DIRECTION('',(-0.866025403784,-0.5,0.));
#672 = DIRECTION('',(-0.5,0.866025403784,0.));
#673 = DEFINITIONAL_REPRESENTATION('',(#674),#677);
#674 = B_SPLINE_CURVE_WITH_KNOTS('',1,(#675,#676),.UNSPECIFIED.,.F.,.F.,
  (2,2),(-0.491119742671,4.300887491517),.PIECEWISE_BEZIER_KNOTS.);
#675 = CARTESIAN_POINT('',(4.792007234188,-4.05));
#676 = CARTESIAN_POINT('',(0.,-4.05));
#677 = ( GEOMETRIC_REPRESENTATION_CONTEXT(2) 
PARAMETRIC_REPRESENTATION_CONTEXT() REPRESENTATION_CONTEXT('2D SPACE',''
  ) );
#678 = ORIENTED_EDGE('',*,*,#679,.T.);
#679 = EDGE_CURVE('',#654,#680,#682,.T.);
#680 = VERTEX_POINT('',#681);
#681 = CARTESIAN_POINT('',(2.396003617094,-20.14999999992,9.5));
#682 = SURFACE_CURVE('',#683,(#687,#693),.PCURVE_S1.);
#683 = LINE('',#684,#685);
#684 = CARTESIAN_POINT('',(-2.453552637148,-28.54967782643,9.5));
#685 = VECTOR('',#686,1.);
#686 = DIRECTION('',(-0.5,-0.866025403784,0.));
#687 = PCURVE('',#182,#688);
#688 = DEFINITIONAL_REPRESENTATION('',(#689),#692);
#689 = B_SPLINE_CURVE_WITH_KNOTS('',1,(#690,#691),.UNSPECIFIED.,.F.,.F.,
  (2,2),(-14.49111974267,-9.699112508483),.PIECEWISE_BEZIER_KNOTS.);
#690 = CARTESIAN_POINT('',(32.792007234188,9.));
#691 = CARTESIAN_POINT('',(30.396003617094,4.850000000075));
#692 = ( GEOMETRIC_REPRESENTATION_CONTEXT(2) 
PARAMETRIC_REPRESENTATION_CONTEXT() REPRESENTATION_CONTEXT('2D SPACE',''
  ) );
#693 = PCURVE('',#694,#699);
#694 = PLANE('',#695);
#695 = AXIS2_PLACEMENT_3D('',#696,#697,#698);
#696 = CARTESIAN_POINT('',(2.396003617094,-20.14999999992,5.45));
#697 = DIRECTION('',(-0.866025403784,0.5,0.));
#698 = DIRECTION('',(0.5,0.866025403784,0.));
#699 = DEFINITIONAL_REPRESENTATION('',(#700),#703);
#700 = B_SPLINE_CURVE_WITH_KNOTS('',1,(#701,#702),.UNSPECIFIED.,.F.,.F.,
  (2,2),(-14.49111974267,-9.699112508483),.PIECEWISE_BEZIER_KNOTS.);
#701 = CARTESIAN_POINT('',(4.792007234188,-4.05));
#702 = CARTESIAN_POINT('',(0.,-4.05));
#703 = ( GEOMETRIC_REPRESENTATION_CONTEXT(2) 
PARAMETRIC_REPRESENTATION_CONTEXT() REPRESENTATION_CONTEXT('2D SPACE',''
  ) );
#704 = ORIENTED_EDGE('',*,*,#705,.T.);
#705 = EDGE_CURVE('',#680,#706,#708,.T.);
#706 = VERTEX_POINT('',#707);
#707 = CARTESIAN_POINT('',(-2.396003617094,-20.14999999992,9.5));
#708 = SURFACE_CURVE('',#709,(#713,#719),.PCURVE_S1.);
#709 = LINE('',#710,#711);
#710 = CARTESIAN_POINT('',(-15.19800180854,-20.14999999992,9.5));
#711 = VECTOR('',#712,1.);
#712 = DIRECTION('',(-1.,7.413832044022E-16,0.));
#713 = PCURVE('',#182,#714);
#714 = DEFINITIONAL_REPRESENTATION('',(#715),#718);
#715 = B_SPLINE_CURVE_WITH_KNOTS('',1,(#716,#717),.UNSPECIFIED.,.F.,.F.,
  (2,2),(-17.59400542564,-12.80199819145),.PIECEWISE_BEZIER_KNOTS.);
#716 = CARTESIAN_POINT('',(30.396003617094,4.850000000075));
#717 = CARTESIAN_POINT('',(25.603996382906,4.850000000075));
#718 = ( GEOMETRIC_REPRESENTATION_CONTEXT(2) 
PARAMETRIC_REPRESENTATION_CONTEXT() REPRESENTATION_CONTEXT('2D SPACE',''
  ) );
#719 = PCURVE('',#720,#725);
#720 = PLANE('',#721);
#721 = AXIS2_PLACEMENT_3D('',#722,#723,#724);
#722 = CARTESIAN_POINT('',(-2.396003617094,-20.14999999992,5.45));
#723 = DIRECTION('',(7.413832044022E-16,1.,-0.));
#724 = DIRECTION('',(1.,-7.413832044022E-16,0.));
#725 = DEFINITIONAL_REPRESENTATION('',(#726),#729);
#726 = B_SPLINE_CURVE_WITH_KNOTS('',1,(#727,#728),.UNSPECIFIED.,.F.,.F.,
  (2,2),(-17.59400542564,-12.80199819145),.PIECEWISE_BEZIER_KNOTS.);
#727 = CARTESIAN_POINT('',(4.792007234188,-4.05));
#728 = CARTESIAN_POINT('',(0.,-4.05));
#729 = ( GEOMETRIC_REPRESENTATION_CONTEXT(2) 
PARAMETRIC_REPRESENTATION_CONTEXT() REPRESENTATION_CONTEXT('2D SPACE',''
  ) );
#730 = ORIENTED_EDGE('',*,*,#731,.T.);
#731 = EDGE_CURVE('',#706,#732,#734,.T.);
#732 = VERTEX_POINT('',#733);
#733 = CARTESIAN_POINT('',(-4.792007234188,-16.,9.5));
#734 = SURFACE_CURVE('',#735,(#739,#745),.PCURVE_S1.);
#735 = LINE('',#736,#737);
#736 = CARTESIAN_POINT('',(-5.744449171399,-14.35032217349,9.5));
#737 = VECTOR('',#738,1.);
#738 = DIRECTION('',(-0.5,0.866025403784,0.));
#739 = PCURVE('',#182,#740);
#740 = DEFINITIONAL_REPRESENTATION('',(#741),#744);
#741 = B_SPLINE_CURVE_WITH_KNOTS('',1,(#742,#743),.UNSPECIFIED.,.F.,.F.,
  (2,2),(-6.696891108611,-1.904883874423),.PIECEWISE_BEZIER_KNOTS.);
#742 = CARTESIAN_POINT('',(25.603996382906,4.850000000075));
#743 = CARTESIAN_POINT('',(23.207992765812,9.));
#744 = ( GEOMETRIC_REPRESENTATION_CONTEXT(2) 
PARAMETRIC_REPRESENTATION_CONTEXT() REPRESENTATION_CONTEXT('2D SPACE',''
  ) );
#745 = PCURVE('',#746,#751);
#746 = PLANE('',#747);
#747 = AXIS2_PLACEMENT_3D('',#748,#749,#750);
#748 = CARTESIAN_POINT('',(-4.792007234188,-16.,5.45));
#749 = DIRECTION('',(0.866025403784,0.5,-0.));
#750 = DIRECTION('',(0.5,-0.866025403784,0.));
#751 = DEFINITIONAL_REPRESENTATION('',(#752),#755);
#752 = B_SPLINE_CURVE_WITH_KNOTS('',1,(#753,#754),.UNSPECIFIED.,.F.,.F.,
  (2,2),(-6.696891108611,-1.904883874423),.PIECEWISE_BEZIER_KNOTS.);
#753 = CARTESIAN_POINT('',(4.792007234188,-4.05));
#754 = CARTESIAN_POINT('',(0.,-4.05));
#755 = ( GEOMETRIC_REPRESENTATION_CONTEXT(2) 
PARAMETRIC_REPRESENTATION_CONTEXT() REPRESENTATION_CONTEXT('2D SPACE',''
  ) );
#756 = ORIENTED_EDGE('',*,*,#757,.T.);
#757 = EDGE_CURVE('',#732,#626,#758,.T.);
#758 = SURFACE_CURVE('',#759,(#763,#769),.PCURVE_S1.);
#759 = LINE('',#760,#761);
#760 = CARTESIAN_POINT('',(-8.443561679882,-22.32467782654,9.5));
#761 = VECTOR('',#762,1.);
#762 = DIRECTION('',(0.5,0.866025403784,-0.));
#763 = PCURVE('',#182,#764);
#764 = DEFINITIONAL_REPRESENTATION('',(#765),#768);
#765 = B_SPLINE_CURVE_WITH_KNOTS('',1,(#766,#767),.UNSPECIFIED.,.F.,.F.,
  (2,2),(7.303108891389,12.095116125577),.PIECEWISE_BEZIER_KNOTS.);
#766 = CARTESIAN_POINT('',(23.207992765812,9.));
#767 = CARTESIAN_POINT('',(25.603996382906,13.149999999925));
#768 = ( GEOMETRIC_REPRESENTATION_CONTEXT(2) 
PARAMETRIC_REPRESENTATION_CONTEXT() REPRESENTATION_CONTEXT('2D SPACE',''
  ) );
#769 = PCURVE('',#770,#775);
#770 = PLANE('',#771);
#771 = AXIS2_PLACEMENT_3D('',#772,#773,#774);
#772 = CARTESIAN_POINT('',(-2.396003617094,-11.85000000007,5.45));
#773 = DIRECTION('',(0.866025403784,-0.5,0.));
#774 = DIRECTION('',(-0.5,-0.866025403784,0.));
#775 = DEFINITIONAL_REPRESENTATION('',(#776),#779);
#776 = B_SPLINE_CURVE_WITH_KNOTS('',1,(#777,#778),.UNSPECIFIED.,.F.,.F.,
  (2,2),(7.303108891389,12.095116125577),.PIECEWISE_BEZIER_KNOTS.);
#777 = CARTESIAN_POINT('',(4.792007234188,-4.05));
#778 = CARTESIAN_POINT('',(0.,-4.05));
#779 = ( GEOMETRIC_REPRESENTATION_CONTEXT(2) 
PARAMETRIC_REPRESENTATION_CONTEXT() REPRESENTATION_CONTEXT('2D SPACE',''
  ) );
#780 = FACE_BOUND('',#781,.T.);
#781 = EDGE_LOOP('',(#782));
#782 = ORIENTED_EDGE('',*,*,#783,.T.);
#783 = EDGE_CURVE('',#784,#784,#786,.T.);
#784 = VERTEX_POINT('',#785);
#785 = CARTESIAN_POINT('',(19.35,-17.,9.5));
#786 = SURFACE_CURVE('',#787,(#792,#803),.PCURVE_S1.);
#787 = CIRCLE('',#788,1.65);
#788 = AXIS2_PLACEMENT_3D('',#789,#790,#791);
#789 = CARTESIAN_POINT('',(21.,-17.,9.5));
#790 = DIRECTION('',(0.,0.,-1.));
#791 = DIRECTION('',(-1.,0.,0.));
#792 = PCURVE('',#182,#793);
#793 = DEFINITIONAL_REPRESENTATION('',(#794),#802);
#794 = ( BOUNDED_CURVE() B_SPLINE_CURVE(2,(#795,#796,#797,#798,#799,#800
,#801),.UNSPECIFIED.,.T.,.F.) B_SPLINE_CURVE_WITH_KNOTS((1,2,2,2,2,1),(
    -2.094395102393,0.,2.094395102393,4.188790204786,6.28318530718,
8.377580409573),.UNSPECIFIED.) CURVE() GEOMETRIC_REPRESENTATION_ITEM() 
RATIONAL_B_SPLINE_CURVE((1.,0.5,1.,0.5,1.,0.5,1.)) REPRESENTATION_ITEM(
  '') );
#795 = CARTESIAN_POINT('',(47.35,8.));
#796 = CARTESIAN_POINT('',(47.35,10.857883832489));
#797 = CARTESIAN_POINT('',(49.825,9.428941916244));
#798 = CARTESIAN_POINT('',(52.3,8.));
#799 = CARTESIAN_POINT('',(49.825,6.571058083756));
#800 = CARTESIAN_POINT('',(47.35,5.142116167511));
#801 = CARTESIAN_POINT('',(47.35,8.));
#802 = ( GEOMETRIC_REPRESENTATION_CONTEXT(2) 
PARAMETRIC_REPRESENTATION_CONTEXT() REPRESENTATION_CONTEXT('2D SPACE',''
  ) );
#803 = PCURVE('',#804,#809);
#804 = CYLINDRICAL_SURFACE('',#805,1.65);
#805 = AXIS2_PLACEMENT_3D('',#806,#807,#808);
#806 = CARTESIAN_POINT('',(21.,-17.,9.5));
#807 = DIRECTION('',(0.,0.,-1.));
#808 = DIRECTION('',(-1.,0.,0.));
#809 = DEFINITIONAL_REPRESENTATION('',(#810),#814);
#810 = LINE('',#811,#812);
#811 = CARTESIAN_POINT('',(0.,0.));
#812 = VECTOR('',#813,1.);
#813 = DIRECTION('',(1.,0.));
#814 = ( GEOMETRIC_REPRESENTATION_CONTEXT(2) 
PARAMETRIC_REPRESENTATION_CONTEXT() REPRESENTATION_CONTEXT('2D SPACE',''
  ) );
#815 = FACE_BOUND('',#816,.T.);
#816 = EDGE_LOOP('',(#817,#845,#871,#897));
#817 = ORIENTED_EDGE('',*,*,#818,.T.);
#818 = EDGE_CURVE('',#819,#821,#823,.T.);
#819 = VERTEX_POINT('',#820);
#820 = CARTESIAN_POINT('',(-25.,-9.,9.5));
#821 = VERTEX_POINT('',#822);
#822 = CARTESIAN_POINT('',(-28.,-9.,9.5));
#823 = SURFACE_CURVE('',#824,(#828,#834),.PCURVE_S1.);
#824 = LINE('',#825,#826);
#825 = CARTESIAN_POINT('',(-28.,-9.,9.5));
#826 = VECTOR('',#827,1.);
#827 = DIRECTION('',(-1.,0.,0.));
#828 = PCURVE('',#182,#829);
#829 = DEFINITIONAL_REPRESENTATION('',(#830),#833);
#830 = B_SPLINE_CURVE_WITH_KNOTS('',1,(#831,#832),.UNSPECIFIED.,.F.,.F.,
  (2,2),(-3.,0.),.PIECEWISE_BEZIER_KNOTS.);
#831 = CARTESIAN_POINT('',(3.,16.));
#832 = CARTESIAN_POINT('',(0.,16.));
#833 = ( GEOMETRIC_REPRESENTATION_CONTEXT(2) 
PARAMETRIC_REPRESENTATION_CONTEXT() REPRESENTATION_CONTEXT('2D SPACE',''
  ) );
#834 = PCURVE('',#835,#840);
#835 = PLANE('',#836);
#836 = AXIS2_PLACEMENT_3D('',#837,#838,#839);
#837 = CARTESIAN_POINT('',(-28.,-9.,1.));
#838 = DIRECTION('',(0.,1.,0.));
#839 = DIRECTION('',(0.,0.,1.));
#840 = DEFINITIONAL_REPRESENTATION('',(#841),#844);
#841 = B_SPLINE_CURVE_WITH_KNOTS('',1,(#842,#843),.UNSPECIFIED.,.F.,.F.,
  (2,2),(-3.,0.),.PIECEWISE_BEZIER_KNOTS.);
#842 = CARTESIAN_POINT('',(8.5,3.));
#843 = CARTESIAN_POINT('',(8.5,0.));
#844 = ( GEOMETRIC_REPRESENTATION_CONTEXT(2) 
PARAMETRIC_REPRESENTATION_CONTEXT() REPRESENTATION_CONTEXT('2D SPACE',''
  ) );
#845 = ORIENTED_EDGE('',*,*,#846,.T.);
#846 = EDGE_CURVE('',#821,#847,#849,.T.);
#847 = VERTEX_POINT('',#848);
#848 = CARTESIAN_POINT('',(-28.,9.,9.5));
#849 = SURFACE_CURVE('',#850,(#854,#860),.PCURVE_S1.);
#850 = LINE('',#851,#852);
#851 = CARTESIAN_POINT('',(-28.,-17.,9.5));
#852 = VECTOR('',#853,1.);
#853 = DIRECTION('',(0.,1.,0.));
#854 = PCURVE('',#182,#855);
#855 = DEFINITIONAL_REPRESENTATION('',(#856),#859);
#856 = B_SPLINE_CURVE_WITH_KNOTS('',1,(#857,#858),.UNSPECIFIED.,.F.,.F.,
  (2,2),(8.,26.),.PIECEWISE_BEZIER_KNOTS.);
#857 = CARTESIAN_POINT('',(0.,16.));
#858 = CARTESIAN_POINT('',(0.,34.));
#859 = ( GEOMETRIC_REPRESENTATION_CONTEXT(2) 
PARAMETRIC_REPRESENTATION_CONTEXT() REPRESENTATION_CONTEXT('2D SPACE',''
  ) );
#860 = PCURVE('',#861,#866);
#861 = PLANE('',#862);
#862 = AXIS2_PLACEMENT_3D('',#863,#864,#865);
#863 = CARTESIAN_POINT('',(-28.,-9.,1.));
#864 = DIRECTION('',(1.,0.,0.));
#865 = DIRECTION('',(0.,0.,1.));
#866 = DEFINITIONAL_REPRESENTATION('',(#867),#870);
#867 = B_SPLINE_CURVE_WITH_KNOTS('',1,(#868,#869),.UNSPECIFIED.,.F.,.F.,
  (2,2),(8.,26.),.PIECEWISE_BEZIER_KNOTS.);
#868 = CARTESIAN_POINT('',(8.5,0.));
#869 = CARTESIAN_POINT('',(8.5,-18.));
#870 = ( GEOMETRIC_REPRESENTATION_CONTEXT(2) 
PARAMETRIC_REPRESENTATION_CONTEXT() REPRESENTATION_CONTEXT('2D SPACE',''
  ) );
#871 = ORIENTED_EDGE('',*,*,#872,.F.);
#872 = EDGE_CURVE('',#873,#847,#875,.T.);
#873 = VERTEX_POINT('',#874);
#874 = CARTESIAN_POINT('',(-25.,9.,9.5));
#875 = SURFACE_CURVE('',#876,(#880,#886),.PCURVE_S1.);
#876 = LINE('',#877,#878);
#877 = CARTESIAN_POINT('',(-28.,9.,9.5));
#878 = VECTOR('',#879,1.);
#879 = DIRECTION('',(-1.,0.,0.));
#880 = PCURVE('',#182,#881);
#881 = DEFINITIONAL_REPRESENTATION('',(#882),#885);
#882 = B_SPLINE_CURVE_WITH_KNOTS('',1,(#883,#884),.UNSPECIFIED.,.F.,.F.,
  (2,2),(-3.,0.),.PIECEWISE_BEZIER_KNOTS.);
#883 = CARTESIAN_POINT('',(3.,34.));
#884 = CARTESIAN_POINT('',(0.,34.));
#885 = ( GEOMETRIC_REPRESENTATION_CONTEXT(2) 
PARAMETRIC_REPRESENTATION_CONTEXT() REPRESENTATION_CONTEXT('2D SPACE',''
  ) );
#886 = PCURVE('',#887,#892);
#887 = PLANE('',#888);
#888 = AXIS2_PLACEMENT_3D('',#889,#890,#891);
#889 = CARTESIAN_POINT('',(-28.,9.,1.));
#890 = DIRECTION('',(0.,1.,0.));
#891 = DIRECTION('',(0.,0.,1.));
#892 = DEFINITIONAL_REPRESENTATION('',(#893),#896);
#893 = B_SPLINE_CURVE_WITH_KNOTS('',1,(#894,#895),.UNSPECIFIED.,.F.,.F.,
  (2,2),(-3.,0.),.PIECEWISE_BEZIER_KNOTS.);
#894 = CARTESIAN_POINT('',(8.5,3.));
#895 = CARTESIAN_POINT('',(8.5,0.));
#896 = ( GEOMETRIC_REPRESENTATION_CONTEXT(2) 
PARAMETRIC_REPRESENTATION_CONTEXT() REPRESENTATION_CONTEXT('2D SPACE',''
  ) );
#897 = ORIENTED_EDGE('',*,*,#898,.F.);
#898 = EDGE_CURVE('',#819,#873,#899,.T.);
#899 = SURFACE_CURVE('',#900,(#904,#910),.PCURVE_S1.);
#900 = LINE('',#901,#902);
#901 = CARTESIAN_POINT('',(-25.,-17.,9.5));
#902 = VECTOR('',#903,1.);
#903 = DIRECTION('',(0.,1.,0.));
#904 = PCURVE('',#182,#905);
#905 = DEFINITIONAL_REPRESENTATION('',(#906),#909);
#906 = B_SPLINE_CURVE_WITH_KNOTS('',1,(#907,#908),.UNSPECIFIED.,.F.,.F.,
  (2,2),(8.,26.),.PIECEWISE_BEZIER_KNOTS.);
#907 = CARTESIAN_POINT('',(3.,16.));
#908 = CARTESIAN_POINT('',(3.,34.));
#909 = ( GEOMETRIC_REPRESENTATION_CONTEXT(2) 
PARAMETRIC_REPRESENTATION_CONTEXT() REPRESENTATION_CONTEXT('2D SPACE',''
  ) );
#910 = PCURVE('',#911,#916);
#911 = PLANE('',#912);
#912 = AXIS2_PLACEMENT_3D('',#913,#914,#915);
#913 = CARTESIAN_POINT('',(-25.,-9.,1.));
#914 = DIRECTION('',(1.,0.,0.));
#915 = DIRECTION('',(0.,0.,1.));
#916 = DEFINITIONAL_REPRESENTATION('',(#917),#920);
#917 = B_SPLINE_CURVE_WITH_KNOTS('',1,(#918,#919),.UNSPECIFIED.,.F.,.F.,
  (2,2),(8.,26.),.PIECEWISE_BEZIER_KNOTS.);
#918 = CARTESIAN_POINT('',(8.5,0.));
#919 = CARTESIAN_POINT('',(8.5,-18.));
#920 = ( GEOMETRIC_REPRESENTATION_CONTEXT(2) 
PARAMETRIC_REPRESENTATION_CONTEXT() REPRESENTATION_CONTEXT('2D SPACE',''
  ) );
#921 = FACE_BOUND('',#922,.T.);
#922 = EDGE_LOOP('',(#923,#951,#977,#1003,#1029,#1055));
#923 = ORIENTED_EDGE('',*,*,#924,.T.);
#924 = EDGE_CURVE('',#925,#927,#929,.T.);
#925 = VERTEX_POINT('',#926);
#926 = CARTESIAN_POINT('',(-13.64544826716,2.849999999949,9.5));
#927 = VERTEX_POINT('',#928);
#928 = CARTESIAN_POINT('',(-10.35455173283,2.849999999949,9.5));
#929 = SURFACE_CURVE('',#930,(#934,#940),.PCURVE_S1.);
#930 = LINE('',#931,#932);
#931 = CARTESIAN_POINT('',(-19.17727586642,2.849999999949,9.5));
#932 = VECTOR('',#933,1.);
#933 = DIRECTION('',(1.,0.,-0.));
#934 = PCURVE('',#182,#935);
#935 = DEFINITIONAL_REPRESENTATION('',(#936),#939);
#936 = B_SPLINE_CURVE_WITH_KNOTS('',1,(#937,#938),.UNSPECIFIED.,.F.,.F.,
  (2,2),(5.531827599259,8.82272413358),.PIECEWISE_BEZIER_KNOTS.);
#937 = CARTESIAN_POINT('',(14.354551732839,27.849999999949));
#938 = CARTESIAN_POINT('',(17.645448267161,27.849999999949));
#939 = ( GEOMETRIC_REPRESENTATION_CONTEXT(2) 
PARAMETRIC_REPRESENTATION_CONTEXT() REPRESENTATION_CONTEXT('2D SPACE',''
  ) );
#940 = PCURVE('',#941,#946);
#941 = PLANE('',#942);
#942 = AXIS2_PLACEMENT_3D('',#943,#944,#945);
#943 = CARTESIAN_POINT('',(-10.35455173283,2.849999999949,1.5));
#944 = DIRECTION('',(0.,-1.,0.));
#945 = DIRECTION('',(-1.,0.,0.));
#946 = DEFINITIONAL_REPRESENTATION('',(#947),#950);
#947 = B_SPLINE_CURVE_WITH_KNOTS('',1,(#948,#949),.UNSPECIFIED.,.F.,.F.,
  (2,2),(5.531827599259,8.82272413358),.PIECEWISE_BEZIER_KNOTS.);
#948 = CARTESIAN_POINT('',(3.290896534322,-8.));
#949 = CARTESIAN_POINT('',(0.,-8.));
#950 = ( GEOMETRIC_REPRESENTATION_CONTEXT(2) 
PARAMETRIC_REPRESENTATION_CONTEXT() REPRESENTATION_CONTEXT('2D SPACE',''
  ) );
#951 = ORIENTED_EDGE('',*,*,#952,.T.);
#952 = EDGE_CURVE('',#927,#953,#955,.T.);
#953 = VERTEX_POINT('',#954);
#954 = CARTESIAN_POINT('',(-8.709103465678,0.,9.5));
#955 = SURFACE_CURVE('',#956,(#960,#966),.PCURVE_S1.);
#956 = LINE('',#957,#958);
#957 = CARTESIAN_POINT('',(-5.707806758816,-5.198398384875,9.5));
#958 = VECTOR('',#959,1.);
#959 = DIRECTION('',(0.5,-0.866025403784,0.));
#960 = PCURVE('',#182,#961);
#961 = DEFINITIONAL_REPRESENTATION('',(#962),#965);
#962 = B_SPLINE_CURVE_WITH_KNOTS('',1,(#963,#964),.UNSPECIFIED.,.F.,.F.,
  (2,2),(-9.293489948047,-6.002593413725),.PIECEWISE_BEZIER_KNOTS.);
#963 = CARTESIAN_POINT('',(17.645448267161,27.849999999949));
#964 = CARTESIAN_POINT('',(19.290896534322,25.));
#965 = ( GEOMETRIC_REPRESENTATION_CONTEXT(2) 
PARAMETRIC_REPRESENTATION_CONTEXT() REPRESENTATION_CONTEXT('2D SPACE',''
  ) );
#966 = PCURVE('',#967,#972);
#967 = PLANE('',#968);
#968 = AXIS2_PLACEMENT_3D('',#969,#970,#971);
#969 = CARTESIAN_POINT('',(-8.709103465678,0.,1.5));
#970 = DIRECTION('',(-0.866025403784,-0.5,0.));
#971 = DIRECTION('',(-0.5,0.866025403784,0.));
#972 = DEFINITIONAL_REPRESENTATION('',(#973),#976);
#973 = B_SPLINE_CURVE_WITH_KNOTS('',1,(#974,#975),.UNSPECIFIED.,.F.,.F.,
  (2,2),(-9.293489948047,-6.002593413725),.PIECEWISE_BEZIER_KNOTS.);
#974 = CARTESIAN_POINT('',(3.290896534322,-8.));
#975 = CARTESIAN_POINT('',(0.,-8.));
#976 = ( GEOMETRIC_REPRESENTATION_CONTEXT(2) 
PARAMETRIC_REPRESENTATION_CONTEXT() REPRESENTATION_CONTEXT('2D SPACE',''
  ) );
#977 = ORIENTED_EDGE('',*,*,#978,.T.);
#978 = EDGE_CURVE('',#953,#979,#981,.T.);
#979 = VERTEX_POINT('',#980);
#980 = CARTESIAN_POINT('',(-10.35455173283,-2.849999999949,9.5));
#981 = SURFACE_CURVE('',#982,(#986,#992),.PCURVE_S1.);
#982 = LINE('',#983,#984);
#983 = CARTESIAN_POINT('',(-17.3558484397,-14.97660161509,9.5));
#984 = VECTOR('',#985,1.);
#985 = DIRECTION('',(-0.5,-0.866025403784,0.));
#986 = PCURVE('',#182,#987);
#987 = DEFINITIONAL_REPRESENTATION('',(#988),#991);
#988 = B_SPLINE_CURVE_WITH_KNOTS('',1,(#989,#990),.UNSPECIFIED.,.F.,.F.,
  (2,2),(-17.29348994804,-14.00259341372),.PIECEWISE_BEZIER_KNOTS.);
#989 = CARTESIAN_POINT('',(19.290896534322,25.));
#990 = CARTESIAN_POINT('',(17.645448267161,22.150000000051));
#991 = ( GEOMETRIC_REPRESENTATION_CONTEXT(2) 
PARAMETRIC_REPRESENTATION_CONTEXT() REPRESENTATION_CONTEXT('2D SPACE',''
  ) );
#992 = PCURVE('',#993,#998);
#993 = PLANE('',#994);
#994 = AXIS2_PLACEMENT_3D('',#995,#996,#997);
#995 = CARTESIAN_POINT('',(-10.35455173283,-2.849999999949,1.5));
#996 = DIRECTION('',(-0.866025403784,0.5,0.));
#997 = DIRECTION('',(0.5,0.866025403784,0.));
#998 = DEFINITIONAL_REPRESENTATION('',(#999),#1002);
#999 = B_SPLINE_CURVE_WITH_KNOTS('',1,(#1000,#1001),.UNSPECIFIED.,.F.,
  .F.,(2,2),(-17.29348994804,-14.00259341372),.PIECEWISE_BEZIER_KNOTS.);
#1000 = CARTESIAN_POINT('',(3.290896534322,-8.));
#1001 = CARTESIAN_POINT('',(0.,-8.));
#1002 = ( GEOMETRIC_REPRESENTATION_CONTEXT(2) 
PARAMETRIC_REPRESENTATION_CONTEXT() REPRESENTATION_CONTEXT('2D SPACE',''
  ) );
#1003 = ORIENTED_EDGE('',*,*,#1004,.T.);
#1004 = EDGE_CURVE('',#979,#1005,#1007,.T.);
#1005 = VERTEX_POINT('',#1006);
#1006 = CARTESIAN_POINT('',(-13.64544826716,-2.849999999949,9.5));
#1007 = SURFACE_CURVE('',#1008,(#1012,#1018),.PCURVE_S1.);
#1008 = LINE('',#1009,#1010);
#1009 = CARTESIAN_POINT('',(-20.82272413358,-2.849999999949,9.5));
#1010 = VECTOR('',#1011,1.);
#1011 = DIRECTION('',(-1.,6.747237496204E-16,0.));
#1012 = PCURVE('',#182,#1013);
#1013 = DEFINITIONAL_REPRESENTATION('',(#1014),#1017);
#1014 = B_SPLINE_CURVE_WITH_KNOTS('',1,(#1015,#1016),.UNSPECIFIED.,.F.,
  .F.,(2,2),(-10.46817240074,-7.17727586642),.PIECEWISE_BEZIER_KNOTS.);
#1015 = CARTESIAN_POINT('',(17.645448267161,22.150000000051));
#1016 = CARTESIAN_POINT('',(14.354551732839,22.150000000051));
#1017 = ( GEOMETRIC_REPRESENTATION_CONTEXT(2) 
PARAMETRIC_REPRESENTATION_CONTEXT() REPRESENTATION_CONTEXT('2D SPACE',''
  ) );
#1018 = PCURVE('',#1019,#1024);
#1019 = PLANE('',#1020);
#1020 = AXIS2_PLACEMENT_3D('',#1021,#1022,#1023);
#1021 = CARTESIAN_POINT('',(-13.64544826716,-2.849999999949,1.5));
#1022 = DIRECTION('',(6.747237496204E-16,1.,-0.));
#1023 = DIRECTION('',(1.,-6.747237496204E-16,0.));
#1024 = DEFINITIONAL_REPRESENTATION('',(#1025),#1028);
#1025 = B_SPLINE_CURVE_WITH_KNOTS('',1,(#1026,#1027),.UNSPECIFIED.,.F.,
  .F.,(2,2),(-10.46817240074,-7.17727586642),.PIECEWISE_BEZIER_KNOTS.);
#1026 = CARTESIAN_POINT('',(3.290896534322,-8.));
#1027 = CARTESIAN_POINT('',(0.,-8.));
#1028 = ( GEOMETRIC_REPRESENTATION_CONTEXT(2) 
PARAMETRIC_REPRESENTATION_CONTEXT() REPRESENTATION_CONTEXT('2D SPACE',''
  ) );
#1029 = ORIENTED_EDGE('',*,*,#1030,.T.);
#1030 = EDGE_CURVE('',#1005,#1031,#1033,.T.);
#1031 = VERTEX_POINT('',#1032);
#1032 = CARTESIAN_POINT('',(-15.29089653432,4.030185907082E-16,9.5));
#1033 = SURFACE_CURVE('',#1034,(#1038,#1044),.PCURVE_S1.);
#1034 = LINE('',#1035,#1036);
#1035 = CARTESIAN_POINT('',(-11.46687569387,-6.623398384849,9.5));
#1036 = VECTOR('',#1037,1.);
#1037 = DIRECTION('',(-0.5,0.866025403784,0.));
#1038 = PCURVE('',#182,#1039);
#1039 = DEFINITIONAL_REPRESENTATION('',(#1040),#1043);
#1040 = B_SPLINE_CURVE_WITH_KNOTS('',1,(#1041,#1042),.UNSPECIFIED.,.F.,
  .F.,(2,2),(4.357145146564,7.648041680886),.PIECEWISE_BEZIER_KNOTS.);
#1041 = CARTESIAN_POINT('',(14.354551732839,22.150000000051));
#1042 = CARTESIAN_POINT('',(12.709103465678,25.));
#1043 = ( GEOMETRIC_REPRESENTATION_CONTEXT(2) 
PARAMETRIC_REPRESENTATION_CONTEXT() REPRESENTATION_CONTEXT('2D SPACE',''
  ) );
#1044 = PCURVE('',#1045,#1050);
#1045 = PLANE('',#1046);
#1046 = AXIS2_PLACEMENT_3D('',#1047,#1048,#1049);
#1047 = CARTESIAN_POINT('',(-15.29089653432,4.030185907082E-16,1.5));
#1048 = DIRECTION('',(0.866025403784,0.5,-0.));
#1049 = DIRECTION('',(0.5,-0.866025403784,0.));
#1050 = DEFINITIONAL_REPRESENTATION('',(#1051),#1054);
#1051 = B_SPLINE_CURVE_WITH_KNOTS('',1,(#1052,#1053),.UNSPECIFIED.,.F.,
  .F.,(2,2),(4.357145146564,7.648041680886),.PIECEWISE_BEZIER_KNOTS.);
#1052 = CARTESIAN_POINT('',(3.290896534322,-8.));
#1053 = CARTESIAN_POINT('',(0.,-8.));
#1054 = ( GEOMETRIC_REPRESENTATION_CONTEXT(2) 
PARAMETRIC_REPRESENTATION_CONTEXT() REPRESENTATION_CONTEXT('2D SPACE',''
  ) );
#1055 = ORIENTED_EDGE('',*,*,#1056,.T.);
#1056 = EDGE_CURVE('',#1031,#925,#1057,.T.);
#1057 = SURFACE_CURVE('',#1058,(#1062,#1068),.PCURVE_S1.);
#1058 = LINE('',#1059,#1060);
#1059 = CARTESIAN_POINT('',(-21.4694691076,-10.70160161517,9.5));
#1060 = VECTOR('',#1061,1.);
#1061 = DIRECTION('',(0.5,0.866025403784,-0.));
#1062 = PCURVE('',#182,#1063);
#1063 = DEFINITIONAL_REPRESENTATION('',(#1064),#1067);
#1064 = B_SPLINE_CURVE_WITH_KNOTS('',1,(#1065,#1066),.UNSPECIFIED.,.F.,
  .F.,(2,2),(12.357145146564,15.648041680886),.PIECEWISE_BEZIER_KNOTS.);
#1065 = CARTESIAN_POINT('',(12.709103465678,25.));
#1066 = CARTESIAN_POINT('',(14.354551732839,27.849999999949));
#1067 = ( GEOMETRIC_REPRESENTATION_CONTEXT(2) 
PARAMETRIC_REPRESENTATION_CONTEXT() REPRESENTATION_CONTEXT('2D SPACE',''
  ) );
#1068 = PCURVE('',#1069,#1074);
#1069 = PLANE('',#1070);
#1070 = AXIS2_PLACEMENT_3D('',#1071,#1072,#1073);
#1071 = CARTESIAN_POINT('',(-13.64544826716,2.849999999949,1.5));
#1072 = DIRECTION('',(0.866025403784,-0.5,0.));
#1073 = DIRECTION('',(-0.5,-0.866025403784,0.));
#1074 = DEFINITIONAL_REPRESENTATION('',(#1075),#1078);
#1075 = B_SPLINE_CURVE_WITH_KNOTS('',1,(#1076,#1077),.UNSPECIFIED.,.F.,
  .F.,(2,2),(12.357145146564,15.648041680886),.PIECEWISE_BEZIER_KNOTS.);
#1076 = CARTESIAN_POINT('',(3.290896534322,-8.));
#1077 = CARTESIAN_POINT('',(0.,-8.));
#1078 = ( GEOMETRIC_REPRESENTATION_CONTEXT(2) 
PARAMETRIC_REPRESENTATION_CONTEXT() REPRESENTATION_CONTEXT('2D SPACE',''
  ) );
#1079 = FACE_BOUND('',#1080,.T.);
#1080 = EDGE_LOOP('',(#1081));
#1081 = ORIENTED_EDGE('',*,*,#1082,.T.);
#1082 = EDGE_CURVE('',#1083,#1083,#1085,.T.);
#1083 = VERTEX_POINT('',#1084);
#1084 = CARTESIAN_POINT('',(-22.65,17.,9.5));
#1085 = SURFACE_CURVE('',#1086,(#1091,#1102),.PCURVE_S1.);
#1086 = CIRCLE('',#1087,1.65);
#1087 = AXIS2_PLACEMENT_3D('',#1088,#1089,#1090);
#1088 = CARTESIAN_POINT('',(-21.,17.,9.5));
#1089 = DIRECTION('',(0.,0.,-1.));
#1090 = DIRECTION('',(-1.,0.,0.));
#1091 = PCURVE('',#182,#1092);
#1092 = DEFINITIONAL_REPRESENTATION('',(#1093),#1101);
#1093 = ( BOUNDED_CURVE() B_SPLINE_CURVE(2,(#1094,#1095,#1096,#1097,
#1098,#1099,#1100),.UNSPECIFIED.,.T.,.F.) B_SPLINE_CURVE_WITH_KNOTS((1,2
    ,2,2,2,1),(-2.094395102393,0.,2.094395102393,4.188790204786,
6.28318530718,8.377580409573),.UNSPECIFIED.) CURVE() 
GEOMETRIC_REPRESENTATION_ITEM() RATIONAL_B_SPLINE_CURVE((1.,0.5,1.,0.5,
1.,0.5,1.)) REPRESENTATION_ITEM('') );
#1094 = CARTESIAN_POINT('',(5.35,42.));
#1095 = CARTESIAN_POINT('',(5.35,44.857883832489));
#1096 = CARTESIAN_POINT('',(7.825,43.428941916244));
#1097 = CARTESIAN_POINT('',(10.3,42.));
#1098 = CARTESIAN_POINT('',(7.825,40.571058083756));
#1099 = CARTESIAN_POINT('',(5.35,39.142116167511));
#1100 = CARTESIAN_POINT('',(5.35,42.));
#1101 = ( GEOMETRIC_REPRESENTATION_CONTEXT(2) 
PARAMETRIC_REPRESENTATION_CONTEXT() REPRESENTATION_CONTEXT('2D SPACE',''
  ) );
#1102 = PCURVE('',#1103,#1108);
#1103 = CYLINDRICAL_SURFACE('',#1104,1.65);
#1104 = AXIS2_PLACEMENT_3D('',#1105,#1106,#1107);
#1105 = CARTESIAN_POINT('',(-21.,17.,9.5));
#1106 = DIRECTION('',(0.,0.,-1.));
#1107 = DIRECTION('',(-1.,0.,0.));
#1108 = DEFINITIONAL_REPRESENTATION('',(#1109),#1113);
#1109 = LINE('',#1110,#1111);
#1110 = CARTESIAN_POINT('',(0.,0.));
#1111 = VECTOR('',#1112,1.);
#1112 = DIRECTION('',(1.,0.));
#1113 = ( GEOMETRIC_REPRESENTATION_CONTEXT(2) 
PARAMETRIC_REPRESENTATION_CONTEXT() REPRESENTATION_CONTEXT('2D SPACE',''
  ) );
#1114 = FACE_BOUND('',#1115,.T.);
#1115 = EDGE_LOOP('',(#1116));
#1116 = ORIENTED_EDGE('',*,*,#1117,.T.);
#1117 = EDGE_CURVE('',#1118,#1118,#1120,.T.);
#1118 = VERTEX_POINT('',#1119);
#1119 = CARTESIAN_POINT('',(-4.,-9.797174393179E-16,9.5));
#1120 = SURFACE_CURVE('',#1121,(#1126,#1137),.PCURVE_S1.);
#1121 = CIRCLE('',#1122,4.);
#1122 = AXIS2_PLACEMENT_3D('',#1123,#1124,#1125);
#1123 = CARTESIAN_POINT('',(0.,0.,9.5));
#1124 = DIRECTION('',(0.,0.,-1.));
#1125 = DIRECTION('',(-1.,0.,0.));
#1126 = PCURVE('',#182,#1127);
#1127 = DEFINITIONAL_REPRESENTATION('',(#1128),#1136);
#1128 = ( BOUNDED_CURVE() B_SPLINE_CURVE(2,(#1129,#1130,#1131,#1132,
#1133,#1134,#1135),.UNSPECIFIED.,.T.,.F.) B_SPLINE_CURVE_WITH_KNOTS((1,2
    ,2,2,2,1),(-2.094395102393,0.,2.094395102393,4.188790204786,
6.28318530718,8.377580409573),.UNSPECIFIED.) CURVE() 
GEOMETRIC_REPRESENTATION_ITEM() RATIONAL_B_SPLINE_CURVE((1.,0.5,1.,0.5,
1.,0.5,1.)) REPRESENTATION_ITEM('') );
#1129 = CARTESIAN_POINT('',(24.,25.));
#1130 = CARTESIAN_POINT('',(24.,31.928203230276));
#1131 = CARTESIAN_POINT('',(30.,28.464101615138));
#1132 = CARTESIAN_POINT('',(36.,25.));
#1133 = CARTESIAN_POINT('',(30.,21.535898384862));
#1134 = CARTESIAN_POINT('',(24.,18.071796769724));
#1135 = CARTESIAN_POINT('',(24.,25.));
#1136 = ( GEOMETRIC_REPRESENTATION_CONTEXT(2) 
PARAMETRIC_REPRESENTATION_CONTEXT() REPRESENTATION_CONTEXT('2D SPACE',''
  ) );
#1137 = PCURVE('',#1138,#1143);
#1138 = CYLINDRICAL_SURFACE('',#1139,4.);
#1139 = AXIS2_PLACEMENT_3D('',#1140,#1141,#1142);
#1140 = CARTESIAN_POINT('',(0.,0.,9.5));
#1141 = DIRECTION('',(0.,0.,-1.));
#1142 = DIRECTION('',(-1.,0.,0.));
#1143 = DEFINITIONAL_REPRESENTATION('',(#1144),#1148);
#1144 = LINE('',#1145,#1146);
#1145 = CARTESIAN_POINT('',(0.,0.));
#1146 = VECTOR('',#1147,1.);
#1147 = DIRECTION('',(1.,0.));
#1148 = ( GEOMETRIC_REPRESENTATION_CONTEXT(2) 
PARAMETRIC_REPRESENTATION_CONTEXT() REPRESENTATION_CONTEXT('2D SPACE',''
  ) );
#1149 = FACE_BOUND('',#1150,.T.);
#1150 = EDGE_LOOP('',(#1151,#1179,#1205,#1231,#1257,#1283));
#1151 = ORIENTED_EDGE('',*,*,#1152,.T.);
#1152 = EDGE_CURVE('',#1153,#1155,#1157,.T.);
#1153 = VERTEX_POINT('',#1154);
#1154 = CARTESIAN_POINT('',(10.354551732839,2.849999999949,9.5));
#1155 = VERTEX_POINT('',#1156);
#1156 = CARTESIAN_POINT('',(13.645448267161,2.849999999949,9.5));
#1157 = SURFACE_CURVE('',#1158,(#1162,#1168),.PCURVE_S1.);
#1158 = LINE('',#1159,#1160);
#1159 = CARTESIAN_POINT('',(-7.17727586642,2.849999999949,9.5));
#1160 = VECTOR('',#1161,1.);
#1161 = DIRECTION('',(1.,0.,-0.));
#1162 = PCURVE('',#182,#1163);
#1163 = DEFINITIONAL_REPRESENTATION('',(#1164),#1167);
#1164 = B_SPLINE_CURVE_WITH_KNOTS('',1,(#1165,#1166),.UNSPECIFIED.,.F.,
  .F.,(2,2),(17.531827599259,20.82272413358),.PIECEWISE_BEZIER_KNOTS.);
#1165 = CARTESIAN_POINT('',(38.354551732839,27.849999999949));
#1166 = CARTESIAN_POINT('',(41.645448267161,27.849999999949));
#1167 = ( GEOMETRIC_REPRESENTATION_CONTEXT(2) 
PARAMETRIC_REPRESENTATION_CONTEXT() REPRESENTATION_CONTEXT('2D SPACE',''
  ) );
#1168 = PCURVE('',#1169,#1174);
#1169 = PLANE('',#1170);
#1170 = AXIS2_PLACEMENT_3D('',#1171,#1172,#1173);
#1171 = CARTESIAN_POINT('',(13.645448267161,2.849999999949,1.5));
#1172 = DIRECTION('',(0.,-1.,0.));
#1173 = DIRECTION('',(-1.,0.,0.));
#1174 = DEFINITIONAL_REPRESENTATION('',(#1175),#1178);
#1175 = B_SPLINE_CURVE_WITH_KNOTS('',1,(#1176,#1177),.UNSPECIFIED.,.F.,
  .F.,(2,2),(17.531827599259,20.82272413358),.PIECEWISE_BEZIER_KNOTS.);
#1176 = CARTESIAN_POINT('',(3.290896534322,-8.));
#1177 = CARTESIAN_POINT('',(0.,-8.));
#1178 = ( GEOMETRIC_REPRESENTATION_CONTEXT(2) 
PARAMETRIC_REPRESENTATION_CONTEXT() REPRESENTATION_CONTEXT('2D SPACE',''
  ) );
#1179 = ORIENTED_EDGE('',*,*,#1180,.T.);
#1180 = EDGE_CURVE('',#1155,#1181,#1183,.T.);
#1181 = VERTEX_POINT('',#1182);
#1182 = CARTESIAN_POINT('',(15.290896534322,0.,9.5));
#1183 = SURFACE_CURVE('',#1184,(#1188,#1194),.PCURVE_S1.);
#1184 = LINE('',#1185,#1186);
#1185 = CARTESIAN_POINT('',(15.292193241184,-2.245962168418E-03,9.5));
#1186 = VECTOR('',#1187,1.);
#1187 = DIRECTION('',(0.5,-0.866025403784,0.));
#1188 = PCURVE('',#182,#1189);
#1189 = DEFINITIONAL_REPRESENTATION('',(#1190),#1193);
#1190 = B_SPLINE_CURVE_WITH_KNOTS('',1,(#1191,#1192),.UNSPECIFIED.,.F.,
  .F.,(2,2),(-3.293489948047,-2.593413725051E-03),
  .PIECEWISE_BEZIER_KNOTS.);
#1191 = CARTESIAN_POINT('',(41.645448267161,27.849999999949));
#1192 = CARTESIAN_POINT('',(43.290896534322,25.));
#1193 = ( GEOMETRIC_REPRESENTATION_CONTEXT(2) 
PARAMETRIC_REPRESENTATION_CONTEXT() REPRESENTATION_CONTEXT('2D SPACE',''
  ) );
#1194 = PCURVE('',#1195,#1200);
#1195 = PLANE('',#1196);
#1196 = AXIS2_PLACEMENT_3D('',#1197,#1198,#1199);
#1197 = CARTESIAN_POINT('',(15.290896534322,0.,1.5));
#1198 = DIRECTION('',(-0.866025403784,-0.5,0.));
#1199 = DIRECTION('',(-0.5,0.866025403784,0.));
#1200 = DEFINITIONAL_REPRESENTATION('',(#1201),#1204);
#1201 = B_SPLINE_CURVE_WITH_KNOTS('',1,(#1202,#1203),.UNSPECIFIED.,.F.,
  .F.,(2,2),(-3.293489948047,-2.593413725051E-03),
  .PIECEWISE_BEZIER_KNOTS.);
#1202 = CARTESIAN_POINT('',(3.290896534322,-8.));
#1203 = CARTESIAN_POINT('',(0.,-8.));
#1204 = ( GEOMETRIC_REPRESENTATION_CONTEXT(2) 
PARAMETRIC_REPRESENTATION_CONTEXT() REPRESENTATION_CONTEXT('2D SPACE',''
  ) );
#1205 = ORIENTED_EDGE('',*,*,#1206,.T.);
#1206 = EDGE_CURVE('',#1181,#1207,#1209,.T.);
#1207 = VERTEX_POINT('',#1208);
#1208 = CARTESIAN_POINT('',(13.645448267161,-2.849999999949,9.5));
#1209 = SURFACE_CURVE('',#1210,(#1214,#1220),.PCURVE_S1.);
#1210 = LINE('',#1211,#1212);
#1211 = CARTESIAN_POINT('',(3.644151560298,-20.1727540378,9.5));
#1212 = VECTOR('',#1213,1.);
#1213 = DIRECTION('',(-0.5,-0.866025403784,0.));
#1214 = PCURVE('',#182,#1215);
#1215 = DEFINITIONAL_REPRESENTATION('',(#1216),#1219);
#1216 = B_SPLINE_CURVE_WITH_KNOTS('',1,(#1217,#1218),.UNSPECIFIED.,.F.,
  .F.,(2,2),(-23.29348994804,-20.00259341372),.PIECEWISE_BEZIER_KNOTS.);
#1217 = CARTESIAN_POINT('',(43.290896534322,25.));
#1218 = CARTESIAN_POINT('',(41.645448267161,22.150000000051));
#1219 = ( GEOMETRIC_REPRESENTATION_CONTEXT(2) 
PARAMETRIC_REPRESENTATION_CONTEXT() REPRESENTATION_CONTEXT('2D SPACE',''
  ) );
#1220 = PCURVE('',#1221,#1226);
#1221 = PLANE('',#1222);
#1222 = AXIS2_PLACEMENT_3D('',#1223,#1224,#1225);
#1223 = CARTESIAN_POINT('',(13.645448267161,-2.849999999949,1.5));
#1224 = DIRECTION('',(-0.866025403784,0.5,0.));
#1225 = DIRECTION('',(0.5,0.866025403784,0.));
#1226 = DEFINITIONAL_REPRESENTATION('',(#1227),#1230);
#1227 = B_SPLINE_CURVE_WITH_KNOTS('',1,(#1228,#1229),.UNSPECIFIED.,.F.,
  .F.,(2,2),(-23.29348994804,-20.00259341372),.PIECEWISE_BEZIER_KNOTS.);
#1228 = CARTESIAN_POINT('',(3.290896534322,-8.));
#1229 = CARTESIAN_POINT('',(0.,-8.));
#1230 = ( GEOMETRIC_REPRESENTATION_CONTEXT(2) 
PARAMETRIC_REPRESENTATION_CONTEXT() REPRESENTATION_CONTEXT('2D SPACE',''
  ) );
#1231 = ORIENTED_EDGE('',*,*,#1232,.T.);
#1232 = EDGE_CURVE('',#1207,#1233,#1235,.T.);
#1233 = VERTEX_POINT('',#1234);
#1234 = CARTESIAN_POINT('',(10.354551732839,-2.849999999949,9.5));
#1235 = SURFACE_CURVE('',#1236,(#1240,#1246),.PCURVE_S1.);
#1236 = LINE('',#1237,#1238);
#1237 = CARTESIAN_POINT('',(-8.82272413358,-2.849999999949,9.5));
#1238 = VECTOR('',#1239,1.);
#1239 = DIRECTION('',(-1.,6.747237496204E-16,0.));
#1240 = PCURVE('',#182,#1241);
#1241 = DEFINITIONAL_REPRESENTATION('',(#1242),#1245);
#1242 = B_SPLINE_CURVE_WITH_KNOTS('',1,(#1243,#1244),.UNSPECIFIED.,.F.,
  .F.,(2,2),(-22.46817240074,-19.17727586642),.PIECEWISE_BEZIER_KNOTS.);
#1243 = CARTESIAN_POINT('',(41.645448267161,22.150000000051));
#1244 = CARTESIAN_POINT('',(38.354551732839,22.150000000051));
#1245 = ( GEOMETRIC_REPRESENTATION_CONTEXT(2) 
PARAMETRIC_REPRESENTATION_CONTEXT() REPRESENTATION_CONTEXT('2D SPACE',''
  ) );
#1246 = PCURVE('',#1247,#1252);
#1247 = PLANE('',#1248);
#1248 = AXIS2_PLACEMENT_3D('',#1249,#1250,#1251);
#1249 = CARTESIAN_POINT('',(10.354551732839,-2.849999999949,1.5));
#1250 = DIRECTION('',(6.747237496204E-16,1.,-0.));
#1251 = DIRECTION('',(1.,-6.747237496204E-16,0.));
#1252 = DEFINITIONAL_REPRESENTATION('',(#1253),#1256);
#1253 = B_SPLINE_CURVE_WITH_KNOTS('',1,(#1254,#1255),.UNSPECIFIED.,.F.,
  .F.,(2,2),(-22.46817240074,-19.17727586642),.PIECEWISE_BEZIER_KNOTS.);
#1254 = CARTESIAN_POINT('',(3.290896534322,-8.));
#1255 = CARTESIAN_POINT('',(0.,-8.));
#1256 = ( GEOMETRIC_REPRESENTATION_CONTEXT(2) 
PARAMETRIC_REPRESENTATION_CONTEXT() REPRESENTATION_CONTEXT('2D SPACE',''
  ) );
#1257 = ORIENTED_EDGE('',*,*,#1258,.T.);
#1258 = EDGE_CURVE('',#1233,#1259,#1261,.T.);
#1259 = VERTEX_POINT('',#1260);
#1260 = CARTESIAN_POINT('',(8.709103465678,4.030185907082E-16,9.5));
#1261 = SURFACE_CURVE('',#1262,(#1266,#1272),.PCURVE_S1.);
#1262 = LINE('',#1263,#1264);
#1263 = CARTESIAN_POINT('',(9.533124306121,-1.427245962143,9.5));
#1264 = VECTOR('',#1265,1.);
#1265 = DIRECTION('',(-0.5,0.866025403784,0.));
#1266 = PCURVE('',#182,#1267);
#1267 = DEFINITIONAL_REPRESENTATION('',(#1268),#1271);
#1268 = B_SPLINE_CURVE_WITH_KNOTS('',1,(#1269,#1270),.UNSPECIFIED.,.F.,
  .F.,(2,2),(-1.642854853436,1.648041680886),.PIECEWISE_BEZIER_KNOTS.);
#1269 = CARTESIAN_POINT('',(38.354551732839,22.150000000051));
#1270 = CARTESIAN_POINT('',(36.709103465678,25.));
#1271 = ( GEOMETRIC_REPRESENTATION_CONTEXT(2) 
PARAMETRIC_REPRESENTATION_CONTEXT() REPRESENTATION_CONTEXT('2D SPACE',''
  ) );
#1272 = PCURVE('',#1273,#1278);
#1273 = PLANE('',#1274);
#1274 = AXIS2_PLACEMENT_3D('',#1275,#1276,#1277);
#1275 = CARTESIAN_POINT('',(8.709103465678,4.030185907082E-16,1.5));
#1276 = DIRECTION('',(0.866025403784,0.5,-0.));
#1277 = DIRECTION('',(0.5,-0.866025403784,0.));
#1278 = DEFINITIONAL_REPRESENTATION('',(#1279),#1282);
#1279 = B_SPLINE_CURVE_WITH_KNOTS('',1,(#1280,#1281),.UNSPECIFIED.,.F.,
  .F.,(2,2),(-1.642854853436,1.648041680886),.PIECEWISE_BEZIER_KNOTS.);
#1280 = CARTESIAN_POINT('',(3.290896534322,-8.));
#1281 = CARTESIAN_POINT('',(0.,-8.));
#1282 = ( GEOMETRIC_REPRESENTATION_CONTEXT(2) 
PARAMETRIC_REPRESENTATION_CONTEXT() REPRESENTATION_CONTEXT('2D SPACE',''
  ) );
#1283 = ORIENTED_EDGE('',*,*,#1284,.T.);
#1284 = EDGE_CURVE('',#1259,#1153,#1285,.T.);
#1285 = SURFACE_CURVE('',#1286,(#1290,#1296),.PCURVE_S1.);
#1286 = LINE('',#1287,#1288);
#1287 = CARTESIAN_POINT('',(-0.469469107604,-15.89775403788,9.5));
#1288 = VECTOR('',#1289,1.);
#1289 = DIRECTION('',(0.5,0.866025403784,-0.));
#1290 = PCURVE('',#182,#1291);
#1291 = DEFINITIONAL_REPRESENTATION('',(#1292),#1295);
#1292 = B_SPLINE_CURVE_WITH_KNOTS('',1,(#1293,#1294),.UNSPECIFIED.,.F.,
  .F.,(2,2),(18.357145146564,21.648041680886),.PIECEWISE_BEZIER_KNOTS.);
#1293 = CARTESIAN_POINT('',(36.709103465678,25.));
#1294 = CARTESIAN_POINT('',(38.354551732839,27.849999999949));
#1295 = ( GEOMETRIC_REPRESENTATION_CONTEXT(2) 
PARAMETRIC_REPRESENTATION_CONTEXT() REPRESENTATION_CONTEXT('2D SPACE',''
  ) );
#1296 = PCURVE('',#1297,#1302);
#1297 = PLANE('',#1298);
#1298 = AXIS2_PLACEMENT_3D('',#1299,#1300,#1301);
#1299 = CARTESIAN_POINT('',(10.354551732839,2.849999999949,1.5));
#1300 = DIRECTION('',(0.866025403784,-0.5,0.));
#1301 = DIRECTION('',(-0.5,-0.866025403784,0.));
#1302 = DEFINITIONAL_REPRESENTATION('',(#1303),#1306);
#1303 = B_SPLINE_CURVE_WITH_KNOTS('',1,(#1304,#1305),.UNSPECIFIED.,.F.,
  .F.,(2,2),(18.357145146564,21.648041680886),.PIECEWISE_BEZIER_KNOTS.);
#1304 = CARTESIAN_POINT('',(3.290896534322,-8.));
#1305 = CARTESIAN_POINT('',(0.,-8.));
#1306 = ( GEOMETRIC_REPRESENTATION_CONTEXT(2) 
PARAMETRIC_REPRESENTATION_CONTEXT() REPRESENTATION_CONTEXT('2D SPACE',''
  ) );
#1307 = FACE_BOUND('',#1308,.T.);
#1308 = EDGE_LOOP('',(#1309,#1337,#1363,#1389,#1415,#1441));
#1309 = ORIENTED_EDGE('',*,*,#1310,.T.);
#1310 = EDGE_CURVE('',#1311,#1313,#1315,.T.);
#1311 = VERTEX_POINT('',#1312);
#1312 = CARTESIAN_POINT('',(-2.396003617094,20.149999999925,9.5));
#1313 = VERTEX_POINT('',#1314);
#1314 = CARTESIAN_POINT('',(2.396003617094,20.149999999925,9.5));
#1315 = SURFACE_CURVE('',#1316,(#1320,#1326),.PCURVE_S1.);
#1316 = LINE('',#1317,#1318);
#1317 = CARTESIAN_POINT('',(-12.80199819145,20.149999999925,9.5));
#1318 = VECTOR('',#1319,1.);
#1319 = DIRECTION('',(1.,-1.853458011005E-16,0.));
#1320 = PCURVE('',#182,#1321);
#1321 = DEFINITIONAL_REPRESENTATION('',(#1322),#1325);
#1322 = B_SPLINE_CURVE_WITH_KNOTS('',1,(#1323,#1324),.UNSPECIFIED.,.F.,
  .F.,(2,2),(10.405994574359,15.198001808547),.PIECEWISE_BEZIER_KNOTS.);
#1323 = CARTESIAN_POINT('',(25.603996382906,45.149999999925));
#1324 = CARTESIAN_POINT('',(30.396003617094,45.149999999925));
#1325 = ( GEOMETRIC_REPRESENTATION_CONTEXT(2) 
PARAMETRIC_REPRESENTATION_CONTEXT() REPRESENTATION_CONTEXT('2D SPACE',''
  ) );
#1326 = PCURVE('',#1327,#1332);
#1327 = PLANE('',#1328);
#1328 = AXIS2_PLACEMENT_3D('',#1329,#1330,#1331);
#1329 = CARTESIAN_POINT('',(2.396003617094,20.149999999925,5.45));
#1330 = DIRECTION('',(-1.853458011005E-16,-1.,0.));
#1331 = DIRECTION('',(-1.,1.853458011005E-16,0.));
#1332 = DEFINITIONAL_REPRESENTATION('',(#1333),#1336);
#1333 = B_SPLINE_CURVE_WITH_KNOTS('',1,(#1334,#1335),.UNSPECIFIED.,.F.,
  .F.,(2,2),(10.405994574359,15.198001808547),.PIECEWISE_BEZIER_KNOTS.);
#1334 = CARTESIAN_POINT('',(4.792007234188,-4.05));
#1335 = CARTESIAN_POINT('',(0.,-4.05));
#1336 = ( GEOMETRIC_REPRESENTATION_CONTEXT(2) 
PARAMETRIC_REPRESENTATION_CONTEXT() REPRESENTATION_CONTEXT('2D SPACE',''
  ) );
#1337 = ORIENTED_EDGE('',*,*,#1338,.T.);
#1338 = EDGE_CURVE('',#1313,#1339,#1341,.T.);
#1339 = VERTEX_POINT('',#1340);
#1340 = CARTESIAN_POINT('',(4.792007234188,16.,9.5));
#1341 = SURFACE_CURVE('',#1342,(#1346,#1352),.PCURVE_S1.);
#1342 = LINE('',#1343,#1344);
#1343 = CARTESIAN_POINT('',(9.569766718705,7.724677826472,9.5));
#1344 = VECTOR('',#1345,1.);
#1345 = DIRECTION('',(0.5,-0.866025403784,0.));
#1346 = PCURVE('',#182,#1347);
#1347 = DEFINITIONAL_REPRESENTATION('',(#1348),#1351);
#1348 = B_SPLINE_CURVE_WITH_KNOTS('',1,(#1349,#1350),.UNSPECIFIED.,.F.,
  .F.,(2,2),(-14.34752620322,-9.555518969034),.PIECEWISE_BEZIER_KNOTS.);
#1349 = CARTESIAN_POINT('',(30.396003617094,45.149999999925));
#1350 = CARTESIAN_POINT('',(32.792007234188,41.));
#1351 = ( GEOMETRIC_REPRESENTATION_CONTEXT(2) 
PARAMETRIC_REPRESENTATION_CONTEXT() REPRESENTATION_CONTEXT('2D SPACE',''
  ) );
#1352 = PCURVE('',#1353,#1358);
#1353 = PLANE('',#1354);
#1354 = AXIS2_PLACEMENT_3D('',#1355,#1356,#1357);
#1355 = CARTESIAN_POINT('',(4.792007234188,16.,5.45));
#1356 = DIRECTION('',(-0.866025403784,-0.5,0.));
#1357 = DIRECTION('',(-0.5,0.866025403784,0.));
#1358 = DEFINITIONAL_REPRESENTATION('',(#1359),#1362);
#1359 = B_SPLINE_CURVE_WITH_KNOTS('',1,(#1360,#1361),.UNSPECIFIED.,.F.,
  .F.,(2,2),(-14.34752620322,-9.555518969034),.PIECEWISE_BEZIER_KNOTS.);
#1360 = CARTESIAN_POINT('',(4.792007234188,-4.05));
#1361 = CARTESIAN_POINT('',(0.,-4.05));
#1362 = ( GEOMETRIC_REPRESENTATION_CONTEXT(2) 
PARAMETRIC_REPRESENTATION_CONTEXT() REPRESENTATION_CONTEXT('2D SPACE',''
  ) );
#1363 = ORIENTED_EDGE('',*,*,#1364,.T.);
#1364 = EDGE_CURVE('',#1339,#1365,#1367,.T.);
#1365 = VERTEX_POINT('',#1366);
#1366 = CARTESIAN_POINT('',(2.396003617094,11.850000000075,9.5));
#1367 = SURFACE_CURVE('',#1368,(#1372,#1378),.PCURVE_S1.);
#1368 = LINE('',#1369,#1370);
#1369 = CARTESIAN_POINT('',(-9.381755867423,-8.549677826435,9.5));
#1370 = VECTOR('',#1371,1.);
#1371 = DIRECTION('',(-0.5,-0.866025403784,0.));
#1372 = PCURVE('',#182,#1373);
#1373 = DEFINITIONAL_REPRESENTATION('',(#1374),#1377);
#1374 = B_SPLINE_CURVE_WITH_KNOTS('',1,(#1375,#1376),.UNSPECIFIED.,.F.,
  .F.,(2,2),(-28.34752620322,-23.55551896903),.PIECEWISE_BEZIER_KNOTS.);
#1375 = CARTESIAN_POINT('',(32.792007234188,41.));
#1376 = CARTESIAN_POINT('',(30.396003617094,36.850000000075));
#1377 = ( GEOMETRIC_REPRESENTATION_CONTEXT(2) 
PARAMETRIC_REPRESENTATION_CONTEXT() REPRESENTATION_CONTEXT('2D SPACE',''
  ) );
#1378 = PCURVE('',#1379,#1384);
#1379 = PLANE('',#1380);
#1380 = AXIS2_PLACEMENT_3D('',#1381,#1382,#1383);
#1381 = CARTESIAN_POINT('',(2.396003617094,11.850000000075,5.45));
#1382 = DIRECTION('',(-0.866025403784,0.5,0.));
#1383 = DIRECTION('',(0.5,0.866025403784,0.));
#1384 = DEFINITIONAL_REPRESENTATION('',(#1385),#1388);
#1385 = B_SPLINE_CURVE_WITH_KNOTS('',1,(#1386,#1387),.UNSPECIFIED.,.F.,
  .F.,(2,2),(-28.34752620322,-23.55551896903),.PIECEWISE_BEZIER_KNOTS.);
#1386 = CARTESIAN_POINT('',(4.792007234188,-4.05));
#1387 = CARTESIAN_POINT('',(0.,-4.05));
#1388 = ( GEOMETRIC_REPRESENTATION_CONTEXT(2) 
PARAMETRIC_REPRESENTATION_CONTEXT() REPRESENTATION_CONTEXT('2D SPACE',''
  ) );
#1389 = ORIENTED_EDGE('',*,*,#1390,.T.);
#1390 = EDGE_CURVE('',#1365,#1391,#1393,.T.);
#1391 = VERTEX_POINT('',#1392);
#1392 = CARTESIAN_POINT('',(-2.396003617094,11.850000000075,9.5));
#1393 = SURFACE_CURVE('',#1394,(#1398,#1404),.PCURVE_S1.);
#1394 = LINE('',#1395,#1396);
#1395 = CARTESIAN_POINT('',(-15.19800180854,11.850000000075,9.5));
#1396 = VECTOR('',#1397,1.);
#1397 = DIRECTION('',(-1.,7.413832044022E-16,0.));
#1398 = PCURVE('',#182,#1399);
#1399 = DEFINITIONAL_REPRESENTATION('',(#1400),#1403);
#1400 = B_SPLINE_CURVE_WITH_KNOTS('',1,(#1401,#1402),.UNSPECIFIED.,.F.,
  .F.,(2,2),(-17.59400542564,-12.80199819145),.PIECEWISE_BEZIER_KNOTS.);
#1401 = CARTESIAN_POINT('',(30.396003617094,36.850000000075));
#1402 = CARTESIAN_POINT('',(25.603996382906,36.850000000075));
#1403 = ( GEOMETRIC_REPRESENTATION_CONTEXT(2) 
PARAMETRIC_REPRESENTATION_CONTEXT() REPRESENTATION_CONTEXT('2D SPACE',''
  ) );
#1404 = PCURVE('',#1405,#1410);
#1405 = PLANE('',#1406);
#1406 = AXIS2_PLACEMENT_3D('',#1407,#1408,#1409);
#1407 = CARTESIAN_POINT('',(-2.396003617094,11.850000000075,5.45));
#1408 = DIRECTION('',(7.413832044022E-16,1.,-0.));
#1409 = DIRECTION('',(1.,-7.413832044022E-16,0.));
#1410 = DEFINITIONAL_REPRESENTATION('',(#1411),#1414);
#1411 = B_SPLINE_CURVE_WITH_KNOTS('',1,(#1412,#1413),.UNSPECIFIED.,.F.,
  .F.,(2,2),(-17.59400542564,-12.80199819145),.PIECEWISE_BEZIER_KNOTS.);
#1412 = CARTESIAN_POINT('',(4.792007234188,-4.05));
#1413 = CARTESIAN_POINT('',(0.,-4.05));
#1414 = ( GEOMETRIC_REPRESENTATION_CONTEXT(2) 
PARAMETRIC_REPRESENTATION_CONTEXT() REPRESENTATION_CONTEXT('2D SPACE',''
  ) );
#1415 = ORIENTED_EDGE('',*,*,#1416,.T.);
#1416 = EDGE_CURVE('',#1391,#1417,#1419,.T.);
#1417 = VERTEX_POINT('',#1418);
#1418 = CARTESIAN_POINT('',(-4.792007234188,16.,9.5));
#1419 = SURFACE_CURVE('',#1420,(#1424,#1430),.PCURVE_S1.);
#1420 = LINE('',#1421,#1422);
#1421 = CARTESIAN_POINT('',(1.183754058876,5.64967782651,9.5));
#1422 = VECTOR('',#1423,1.);
#1423 = DIRECTION('',(-0.5,0.866025403784,0.));
#1424 = PCURVE('',#182,#1425);
#1425 = DEFINITIONAL_REPRESENTATION('',(#1426),#1429);
#1426 = B_SPLINE_CURVE_WITH_KNOTS('',1,(#1427,#1428),.UNSPECIFIED.,.F.,
  .F.,(2,2),(7.15951535194,11.951522586128),.PIECEWISE_BEZIER_KNOTS.);
#1427 = CARTESIAN_POINT('',(25.603996382906,36.850000000075));
#1428 = CARTESIAN_POINT('',(23.207992765812,41.));
#1429 = ( GEOMETRIC_REPRESENTATION_CONTEXT(2) 
PARAMETRIC_REPRESENTATION_CONTEXT() REPRESENTATION_CONTEXT('2D SPACE',''
  ) );
#1430 = PCURVE('',#1431,#1436);
#1431 = PLANE('',#1432);
#1432 = AXIS2_PLACEMENT_3D('',#1433,#1434,#1435);
#1433 = CARTESIAN_POINT('',(-4.792007234188,16.,5.45));
#1434 = DIRECTION('',(0.866025403784,0.5,-0.));
#1435 = DIRECTION('',(0.5,-0.866025403784,0.));
#1436 = DEFINITIONAL_REPRESENTATION('',(#1437),#1440);
#1437 = B_SPLINE_CURVE_WITH_KNOTS('',1,(#1438,#1439),.UNSPECIFIED.,.F.,
  .F.,(2,2),(7.15951535194,11.951522586128),.PIECEWISE_BEZIER_KNOTS.);
#1438 = CARTESIAN_POINT('',(4.792007234188,-4.05));
#1439 = CARTESIAN_POINT('',(0.,-4.05));
#1440 = ( GEOMETRIC_REPRESENTATION_CONTEXT(2) 
PARAMETRIC_REPRESENTATION_CONTEXT() REPRESENTATION_CONTEXT('2D SPACE',''
  ) );
#1441 = ORIENTED_EDGE('',*,*,#1442,.T.);
#1442 = EDGE_CURVE('',#1417,#1311,#1443,.T.);
#1443 = SURFACE_CURVE('',#1444,(#1448,#1454),.PCURVE_S1.);
#1444 = LINE('',#1445,#1446);
#1445 = CARTESIAN_POINT('',(-15.37176491015,-2.324677826547,9.5));
#1446 = VECTOR('',#1447,1.);
#1447 = DIRECTION('',(0.5,0.866025403784,-0.));
#1448 = PCURVE('',#182,#1449);
#1449 = DEFINITIONAL_REPRESENTATION('',(#1450),#1453);
#1450 = B_SPLINE_CURVE_WITH_KNOTS('',1,(#1451,#1452),.UNSPECIFIED.,.F.,
  .F.,(2,2),(21.15951535194,25.951522586128),.PIECEWISE_BEZIER_KNOTS.);
#1451 = CARTESIAN_POINT('',(23.207992765812,41.));
#1452 = CARTESIAN_POINT('',(25.603996382906,45.149999999925));
#1453 = ( GEOMETRIC_REPRESENTATION_CONTEXT(2) 
PARAMETRIC_REPRESENTATION_CONTEXT() REPRESENTATION_CONTEXT('2D SPACE',''
  ) );
#1454 = PCURVE('',#1455,#1460);
#1455 = PLANE('',#1456);
#1456 = AXIS2_PLACEMENT_3D('',#1457,#1458,#1459);
#1457 = CARTESIAN_POINT('',(-2.396003617094,20.149999999925,5.45));
#1458 = DIRECTION('',(0.866025403784,-0.5,0.));
#1459 = DIRECTION('',(-0.5,-0.866025403784,0.));
#1460 = DEFINITIONAL_REPRESENTATION('',(#1461),#1464);
#1461 = B_SPLINE_CURVE_WITH_KNOTS('',1,(#1462,#1463),.UNSPECIFIED.,.F.,
  .F.,(2,2),(21.15951535194,25.951522586128),.PIECEWISE_BEZIER_KNOTS.);
#1462 = CARTESIAN_POINT('',(4.792007234188,-4.05));
#1463 = CARTESIAN_POINT('',(0.,-4.05));
#1464 = ( GEOMETRIC_REPRESENTATION_CONTEXT(2) 
PARAMETRIC_REPRESENTATION_CONTEXT() REPRESENTATION_CONTEXT('2D SPACE',''
  ) );
#1465 = FACE_BOUND('',#1466,.T.);
#1466 = EDGE_LOOP('',(#1467));
#1467 = ORIENTED_EDGE('',*,*,#1468,.T.);
#1468 = EDGE_CURVE('',#1469,#1469,#1471,.T.);
#1469 = VERTEX_POINT('',#1470);
#1470 = CARTESIAN_POINT('',(19.35,17.,9.5));
#1471 = SURFACE_CURVE('',#1472,(#1477,#1488),.PCURVE_S1.);
#1472 = CIRCLE('',#1473,1.65);
#1473 = AXIS2_PLACEMENT_3D('',#1474,#1475,#1476);
#1474 = CARTESIAN_POINT('',(21.,17.,9.5));
#1475 = DIRECTION('',(0.,0.,-1.));
#1476 = DIRECTION('',(-1.,0.,0.));
#1477 = PCURVE('',#182,#1478);
#1478 = DEFINITIONAL_REPRESENTATION('',(#1479),#1487);
#1479 = ( BOUNDED_CURVE() B_SPLINE_CURVE(2,(#1480,#1481,#1482,#1483,
#1484,#1485,#1486),.UNSPECIFIED.,.T.,.F.) B_SPLINE_CURVE_WITH_KNOTS((1,2
    ,2,2,2,1),(-2.094395102393,0.,2.094395102393,4.188790204786,
6.28318530718,8.377580409573),.UNSPECIFIED.) CURVE() 
GEOMETRIC_REPRESENTATION_ITEM() RATIONAL_B_SPLINE_CURVE((1.,0.5,1.,0.5,
1.,0.5,1.)) REPRESENTATION_ITEM('') );
#1480 = CARTESIAN_POINT('',(47.35,42.));
#1481 = CARTESIAN_POINT('',(47.35,44.857883832489));
#1482 = CARTESIAN_POINT('',(49.825,43.428941916244));
#1483 = CARTESIAN_POINT('',(52.3,42.));
#1484 = CARTESIAN_POINT('',(49.825,40.571058083756));
#1485 = CARTESIAN_POINT('',(47.35,39.142116167511));
#1486 = CARTESIAN_POINT('',(47.35,42.));
#1487 = ( GEOMETRIC_REPRESENTATION_CONTEXT(2) 
PARAMETRIC_REPRESENTATION_CONTEXT() REPRESENTATION_CONTEXT('2D SPACE',''
  ) );
#1488 = PCURVE('',#1489,#1494);
#1489 = CYLINDRICAL_SURFACE('',#1490,1.65);
#1490 = AXIS2_PLACEMENT_3D('',#1491,#1492,#1493);
#1491 = CARTESIAN_POINT('',(21.,17.,9.5));
#1492 = DIRECTION('',(0.,0.,-1.));
#1493 = DIRECTION('',(-1.,0.,0.));
#1494 = DEFINITIONAL_REPRESENTATION('',(#1495),#1499);
#1495 = LINE('',#1496,#1497);
#1496 = CARTESIAN_POINT('',(0.,0.));
#1497 = VECTOR('',#1498,1.);
#1498 = DIRECTION('',(1.,0.));
#1499 = ( GEOMETRIC_REPRESENTATION_CONTEXT(2) 
PARAMETRIC_REPRESENTATION_CONTEXT() REPRESENTATION_CONTEXT('2D SPACE',''
  ) );
#1500 = ADVANCED_FACE('',(#1501),#264,.F.);
#1501 = FACE_BOUND('',#1502,.F.);
#1502 = EDGE_LOOP('',(#1503,#1526,#1547,#1548));
#1503 = ORIENTED_EDGE('',*,*,#1504,.F.);
#1504 = EDGE_CURVE('',#1505,#223,#1507,.T.);
#1505 = VERTEX_POINT('',#1506);
#1506 = CARTESIAN_POINT('',(-36.,-12.,0.));
#1507 = SURFACE_CURVE('',#1508,(#1512,#1519),.PCURVE_S1.);
#1508 = LINE('',#1509,#1510);
#1509 = CARTESIAN_POINT('',(-36.,-12.,0.));
#1510 = VECTOR('',#1511,1.);
#1511 = DIRECTION('',(1.,0.,0.));
#1512 = PCURVE('',#264,#1513);
#1513 = DEFINITIONAL_REPRESENTATION('',(#1514),#1518);
#1514 = LINE('',#1515,#1516);
#1515 = CARTESIAN_POINT('',(0.,0.));
#1516 = VECTOR('',#1517,1.);
#1517 = DIRECTION('',(0.,1.));
#1518 = ( GEOMETRIC_REPRESENTATION_CONTEXT(2) 
PARAMETRIC_REPRESENTATION_CONTEXT() REPRESENTATION_CONTEXT('2D SPACE',''
  ) );
#1519 = PCURVE('',#238,#1520);
#1520 = DEFINITIONAL_REPRESENTATION('',(#1521),#1525);
#1521 = LINE('',#1522,#1523);
#1522 = CARTESIAN_POINT('',(-8.,13.));
#1523 = VECTOR('',#1524,1.);
#1524 = DIRECTION('',(1.,0.));
#1525 = ( GEOMETRIC_REPRESENTATION_CONTEXT(2) 
PARAMETRIC_REPRESENTATION_CONTEXT() REPRESENTATION_CONTEXT('2D SPACE',''
  ) );
#1526 = ORIENTED_EDGE('',*,*,#1527,.T.);
#1527 = EDGE_CURVE('',#1505,#540,#1528,.T.);
#1528 = SURFACE_CURVE('',#1529,(#1533,#1540),.PCURVE_S1.);
#1529 = LINE('',#1530,#1531);
#1530 = CARTESIAN_POINT('',(-36.,-12.,0.));
#1531 = VECTOR('',#1532,1.);
#1532 = DIRECTION('',(0.,0.,1.));
#1533 = PCURVE('',#264,#1534);
#1534 = DEFINITIONAL_REPRESENTATION('',(#1535),#1539);
#1535 = LINE('',#1536,#1537);
#1536 = CARTESIAN_POINT('',(0.,0.));
#1537 = VECTOR('',#1538,1.);
#1538 = DIRECTION('',(1.,0.));
#1539 = ( GEOMETRIC_REPRESENTATION_CONTEXT(2) 
PARAMETRIC_REPRESENTATION_CONTEXT() REPRESENTATION_CONTEXT('2D SPACE',''
  ) );
#1540 = PCURVE('',#555,#1541);
#1541 = DEFINITIONAL_REPRESENTATION('',(#1542),#1546);
#1542 = LINE('',#1543,#1544);
#1543 = CARTESIAN_POINT('',(0.,0.));
#1544 = VECTOR('',#1545,1.);
#1545 = DIRECTION('',(1.,0.));
#1546 = ( GEOMETRIC_REPRESENTATION_CONTEXT(2) 
PARAMETRIC_REPRESENTATION_CONTEXT() REPRESENTATION_CONTEXT('2D SPACE',''
  ) );
#1547 = ORIENTED_EDGE('',*,*,#567,.T.);
#1548 = ORIENTED_EDGE('',*,*,#250,.F.);
#1549 = ADVANCED_FACE('',(#1550,#1794,#1824,#1930,#1961,#1992,#2106,
    #2136,#2166,#2197,#2257,#2287,#2401),#238,.F.);
#1550 = FACE_BOUND('',#1551,.F.);
#1551 = EDGE_LOOP('',(#1552,#1553,#1577,#1600,#1628,#1651,#1675,#1698,
    #1726,#1749,#1772,#1793));
#1552 = ORIENTED_EDGE('',*,*,#222,.F.);
#1553 = ORIENTED_EDGE('',*,*,#1554,.T.);
#1554 = EDGE_CURVE('',#195,#1555,#1557,.T.);
#1555 = VERTEX_POINT('',#1556);
#1556 = CARTESIAN_POINT('',(-24.,-25.,0.));
#1557 = SURFACE_CURVE('',#1558,(#1563,#1570),.PCURVE_S1.);
#1558 = CIRCLE('',#1559,4.);
#1559 = AXIS2_PLACEMENT_3D('',#1560,#1561,#1562);
#1560 = CARTESIAN_POINT('',(-24.,-21.,0.));
#1561 = DIRECTION('',(0.,0.,1.));
#1562 = DIRECTION('',(0.,-1.,0.));
#1563 = PCURVE('',#238,#1564);
#1564 = DEFINITIONAL_REPRESENTATION('',(#1565),#1569);
#1565 = CIRCLE('',#1566,4.);
#1566 = AXIS2_PLACEMENT_2D('',#1567,#1568);
#1567 = CARTESIAN_POINT('',(4.,4.));
#1568 = DIRECTION('',(0.,-1.));
#1569 = ( GEOMETRIC_REPRESENTATION_CONTEXT(2) 
PARAMETRIC_REPRESENTATION_CONTEXT() REPRESENTATION_CONTEXT('2D SPACE',''
  ) );
#1570 = PCURVE('',#210,#1571);
#1571 = DEFINITIONAL_REPRESENTATION('',(#1572),#1576);
#1572 = LINE('',#1573,#1574);
#1573 = CARTESIAN_POINT('',(-4.712388980385,0.));
#1574 = VECTOR('',#1575,1.);
#1575 = DIRECTION('',(1.,0.));
#1576 = ( GEOMETRIC_REPRESENTATION_CONTEXT(2) 
PARAMETRIC_REPRESENTATION_CONTEXT() REPRESENTATION_CONTEXT('2D SPACE',''
  ) );
#1577 = ORIENTED_EDGE('',*,*,#1578,.T.);
#1578 = EDGE_CURVE('',#1555,#1579,#1581,.T.);
#1579 = VERTEX_POINT('',#1580);
#1580 = CARTESIAN_POINT('',(24.,-25.,0.));
#1581 = SURFACE_CURVE('',#1582,(#1586,#1593),.PCURVE_S1.);
#1582 = LINE('',#1583,#1584);
#1583 = CARTESIAN_POINT('',(-28.,-25.,0.));
#1584 = VECTOR('',#1585,1.);
#1585 = DIRECTION('',(1.,0.,0.));
#1586 = PCURVE('',#238,#1587);
#1587 = DEFINITIONAL_REPRESENTATION('',(#1588),#1592);
#1588 = LINE('',#1589,#1590);
#1589 = CARTESIAN_POINT('',(0.,0.));
#1590 = VECTOR('',#1591,1.);
#1591 = DIRECTION('',(1.,0.));
#1592 = ( GEOMETRIC_REPRESENTATION_CONTEXT(2) 
PARAMETRIC_REPRESENTATION_CONTEXT() REPRESENTATION_CONTEXT('2D SPACE',''
  ) );
#1593 = PCURVE('',#320,#1594);
#1594 = DEFINITIONAL_REPRESENTATION('',(#1595),#1599);
#1595 = LINE('',#1596,#1597);
#1596 = CARTESIAN_POINT('',(0.,0.));
#1597 = VECTOR('',#1598,1.);
#1598 = DIRECTION('',(0.,1.));
#1599 = ( GEOMETRIC_REPRESENTATION_CONTEXT(2) 
PARAMETRIC_REPRESENTATION_CONTEXT() REPRESENTATION_CONTEXT('2D SPACE',''
  ) );
#1600 = ORIENTED_EDGE('',*,*,#1601,.F.);
#1601 = EDGE_CURVE('',#1602,#1579,#1604,.T.);
#1602 = VERTEX_POINT('',#1603);
#1603 = CARTESIAN_POINT('',(28.,-21.,0.));
#1604 = SURFACE_CURVE('',#1605,(#1610,#1621),.PCURVE_S1.);
#1605 = CIRCLE('',#1606,4.);
#1606 = AXIS2_PLACEMENT_3D('',#1607,#1608,#1609);
#1607 = CARTESIAN_POINT('',(24.,-21.,0.));
#1608 = DIRECTION('',(-0.,-0.,-1.));
#1609 = DIRECTION('',(0.,-1.,0.));
#1610 = PCURVE('',#238,#1611);
#1611 = DEFINITIONAL_REPRESENTATION('',(#1612),#1620);
#1612 = ( BOUNDED_CURVE() B_SPLINE_CURVE(2,(#1613,#1614,#1615,#1616,
#1617,#1618,#1619),.UNSPECIFIED.,.T.,.F.) B_SPLINE_CURVE_WITH_KNOTS((1,2
    ,2,2,2,1),(-2.094395102393,0.,2.094395102393,4.188790204786,
6.28318530718,8.377580409573),.UNSPECIFIED.) CURVE() 
GEOMETRIC_REPRESENTATION_ITEM() RATIONAL_B_SPLINE_CURVE((1.,0.5,1.,0.5,
1.,0.5,1.)) REPRESENTATION_ITEM('') );
#1613 = CARTESIAN_POINT('',(52.,0.));
#1614 = CARTESIAN_POINT('',(45.071796769724,0.));
#1615 = CARTESIAN_POINT('',(48.535898384862,6.));
#1616 = CARTESIAN_POINT('',(52.,12.));
#1617 = CARTESIAN_POINT('',(55.464101615138,6.));
#1618 = CARTESIAN_POINT('',(58.928203230276,6.217248937901E-15));
#1619 = CARTESIAN_POINT('',(52.,0.));
#1620 = ( GEOMETRIC_REPRESENTATION_CONTEXT(2) 
PARAMETRIC_REPRESENTATION_CONTEXT() REPRESENTATION_CONTEXT('2D SPACE',''
  ) );
#1621 = PCURVE('',#353,#1622);
#1622 = DEFINITIONAL_REPRESENTATION('',(#1623),#1627);
#1623 = LINE('',#1624,#1625);
#1624 = CARTESIAN_POINT('',(4.712388980385,-0.));
#1625 = VECTOR('',#1626,1.);
#1626 = DIRECTION('',(-1.,0.));
#1627 = ( GEOMETRIC_REPRESENTATION_CONTEXT(2) 
PARAMETRIC_REPRESENTATION_CONTEXT() REPRESENTATION_CONTEXT('2D SPACE',''
  ) );
#1628 = ORIENTED_EDGE('',*,*,#1629,.T.);
#1629 = EDGE_CURVE('',#1602,#1630,#1632,.T.);
#1630 = VERTEX_POINT('',#1631);
#1631 = CARTESIAN_POINT('',(28.,21.,0.));
#1632 = SURFACE_CURVE('',#1633,(#1637,#1644),.PCURVE_S1.);
#1633 = LINE('',#1634,#1635);
#1634 = CARTESIAN_POINT('',(28.,-25.,0.));
#1635 = VECTOR('',#1636,1.);
#1636 = DIRECTION('',(0.,1.,0.));
#1637 = PCURVE('',#238,#1638);
#1638 = DEFINITIONAL_REPRESENTATION('',(#1639),#1643);
#1639 = LINE('',#1640,#1641);
#1640 = CARTESIAN_POINT('',(56.,0.));
#1641 = VECTOR('',#1642,1.);
#1642 = DIRECTION('',(0.,1.));
#1643 = ( GEOMETRIC_REPRESENTATION_CONTEXT(2) 
PARAMETRIC_REPRESENTATION_CONTEXT() REPRESENTATION_CONTEXT('2D SPACE',''
  ) );
#1644 = PCURVE('',#381,#1645);
#1645 = DEFINITIONAL_REPRESENTATION('',(#1646),#1650);
#1646 = LINE('',#1647,#1648);
#1647 = CARTESIAN_POINT('',(0.,0.));
#1648 = VECTOR('',#1649,1.);
#1649 = DIRECTION('',(0.,-1.));
#1650 = ( GEOMETRIC_REPRESENTATION_CONTEXT(2) 
PARAMETRIC_REPRESENTATION_CONTEXT() REPRESENTATION_CONTEXT('2D SPACE',''
  ) );
#1651 = ORIENTED_EDGE('',*,*,#1652,.T.);
#1652 = EDGE_CURVE('',#1630,#1653,#1655,.T.);
#1653 = VERTEX_POINT('',#1654);
#1654 = CARTESIAN_POINT('',(24.,25.,0.));
#1655 = SURFACE_CURVE('',#1656,(#1661,#1668),.PCURVE_S1.);
#1656 = CIRCLE('',#1657,4.);
#1657 = AXIS2_PLACEMENT_3D('',#1658,#1659,#1660);
#1658 = CARTESIAN_POINT('',(24.,21.,0.));
#1659 = DIRECTION('',(0.,0.,1.));
#1660 = DIRECTION('',(0.,-1.,0.));
#1661 = PCURVE('',#238,#1662);
#1662 = DEFINITIONAL_REPRESENTATION('',(#1663),#1667);
#1663 = CIRCLE('',#1664,4.);
#1664 = AXIS2_PLACEMENT_2D('',#1665,#1666);
#1665 = CARTESIAN_POINT('',(52.,46.));
#1666 = DIRECTION('',(0.,-1.));
#1667 = ( GEOMETRIC_REPRESENTATION_CONTEXT(2) 
PARAMETRIC_REPRESENTATION_CONTEXT() REPRESENTATION_CONTEXT('2D SPACE',''
  ) );
#1668 = PCURVE('',#410,#1669);
#1669 = DEFINITIONAL_REPRESENTATION('',(#1670),#1674);
#1670 = LINE('',#1671,#1672);
#1671 = CARTESIAN_POINT('',(-1.570796326795,0.));
#1672 = VECTOR('',#1673,1.);
#1673 = DIRECTION('',(1.,0.));
#1674 = ( GEOMETRIC_REPRESENTATION_CONTEXT(2) 
PARAMETRIC_REPRESENTATION_CONTEXT() REPRESENTATION_CONTEXT('2D SPACE',''
  ) );
#1675 = ORIENTED_EDGE('',*,*,#1676,.F.);
#1676 = EDGE_CURVE('',#1677,#1653,#1679,.T.);
#1677 = VERTEX_POINT('',#1678);
#1678 = CARTESIAN_POINT('',(-24.,25.,0.));
#1679 = SURFACE_CURVE('',#1680,(#1684,#1691),.PCURVE_S1.);
#1680 = LINE('',#1681,#1682);
#1681 = CARTESIAN_POINT('',(-28.,25.,0.));
#1682 = VECTOR('',#1683,1.);
#1683 = DIRECTION('',(1.,0.,0.));
#1684 = PCURVE('',#238,#1685);
#1685 = DEFINITIONAL_REPRESENTATION('',(#1686),#1690);
#1686 = LINE('',#1687,#1688);
#1687 = CARTESIAN_POINT('',(0.,50.));
#1688 = VECTOR('',#1689,1.);
#1689 = DIRECTION('',(1.,0.));
#1690 = ( GEOMETRIC_REPRESENTATION_CONTEXT(2) 
PARAMETRIC_REPRESENTATION_CONTEXT() REPRESENTATION_CONTEXT('2D SPACE',''
  ) );
#1691 = PCURVE('',#438,#1692);
#1692 = DEFINITIONAL_REPRESENTATION('',(#1693),#1697);
#1693 = LINE('',#1694,#1695);
#1694 = CARTESIAN_POINT('',(0.,0.));
#1695 = VECTOR('',#1696,1.);
#1696 = DIRECTION('',(0.,1.));
#1697 = ( GEOMETRIC_REPRESENTATION_CONTEXT(2) 
PARAMETRIC_REPRESENTATION_CONTEXT() REPRESENTATION_CONTEXT('2D SPACE',''
  ) );
#1698 = ORIENTED_EDGE('',*,*,#1699,.F.);
#1699 = EDGE_CURVE('',#1700,#1677,#1702,.T.);
#1700 = VERTEX_POINT('',#1701);
#1701 = CARTESIAN_POINT('',(-28.,21.,0.));
#1702 = SURFACE_CURVE('',#1703,(#1708,#1719),.PCURVE_S1.);
#1703 = CIRCLE('',#1704,4.);
#1704 = AXIS2_PLACEMENT_3D('',#1705,#1706,#1707);
#1705 = CARTESIAN_POINT('',(-24.,21.,0.));
#1706 = DIRECTION('',(-0.,-0.,-1.));
#1707 = DIRECTION('',(0.,-1.,0.));
#1708 = PCURVE('',#238,#1709);
#1709 = DEFINITIONAL_REPRESENTATION('',(#1710),#1718);
#1710 = ( BOUNDED_CURVE() B_SPLINE_CURVE(2,(#1711,#1712,#1713,#1714,
#1715,#1716,#1717),.UNSPECIFIED.,.T.,.F.) B_SPLINE_CURVE_WITH_KNOTS((1,2
    ,2,2,2,1),(-2.094395102393,0.,2.094395102393,4.188790204786,
6.28318530718,8.377580409573),.UNSPECIFIED.) CURVE() 
GEOMETRIC_REPRESENTATION_ITEM() RATIONAL_B_SPLINE_CURVE((1.,0.5,1.,0.5,
1.,0.5,1.)) REPRESENTATION_ITEM('') );
#1711 = CARTESIAN_POINT('',(4.,42.));
#1712 = CARTESIAN_POINT('',(-2.928203230276,42.));
#1713 = CARTESIAN_POINT('',(0.535898384862,48.));
#1714 = CARTESIAN_POINT('',(4.,54.));
#1715 = CARTESIAN_POINT('',(7.464101615138,48.));
#1716 = CARTESIAN_POINT('',(10.928203230276,42.));
#1717 = CARTESIAN_POINT('',(4.,42.));
#1718 = ( GEOMETRIC_REPRESENTATION_CONTEXT(2) 
PARAMETRIC_REPRESENTATION_CONTEXT() REPRESENTATION_CONTEXT('2D SPACE',''
  ) );
#1719 = PCURVE('',#471,#1720);
#1720 = DEFINITIONAL_REPRESENTATION('',(#1721),#1725);
#1721 = LINE('',#1722,#1723);
#1722 = CARTESIAN_POINT('',(1.570796326795,-0.));
#1723 = VECTOR('',#1724,1.);
#1724 = DIRECTION('',(-1.,0.));
#1725 = ( GEOMETRIC_REPRESENTATION_CONTEXT(2) 
PARAMETRIC_REPRESENTATION_CONTEXT() REPRESENTATION_CONTEXT('2D SPACE',''
  ) );
#1726 = ORIENTED_EDGE('',*,*,#1727,.F.);
#1727 = EDGE_CURVE('',#1728,#1700,#1730,.T.);
#1728 = VERTEX_POINT('',#1729);
#1729 = CARTESIAN_POINT('',(-28.,12.,0.));
#1730 = SURFACE_CURVE('',#1731,(#1735,#1742),.PCURVE_S1.);
#1731 = LINE('',#1732,#1733);
#1732 = CARTESIAN_POINT('',(-28.,-25.,0.));
#1733 = VECTOR('',#1734,1.);
#1734 = DIRECTION('',(0.,1.,0.));
#1735 = PCURVE('',#238,#1736);
#1736 = DEFINITIONAL_REPRESENTATION('',(#1737),#1741);
#1737 = LINE('',#1738,#1739);
#1738 = CARTESIAN_POINT('',(0.,0.));
#1739 = VECTOR('',#1740,1.);
#1740 = DIRECTION('',(0.,1.));
#1741 = ( GEOMETRIC_REPRESENTATION_CONTEXT(2) 
PARAMETRIC_REPRESENTATION_CONTEXT() REPRESENTATION_CONTEXT('2D SPACE',''
  ) );
#1742 = PCURVE('',#499,#1743);
#1743 = DEFINITIONAL_REPRESENTATION('',(#1744),#1748);
#1744 = LINE('',#1745,#1746);
#1745 = CARTESIAN_POINT('',(0.,0.));
#1746 = VECTOR('',#1747,1.);
#1747 = DIRECTION('',(0.,-1.));
#1748 = ( GEOMETRIC_REPRESENTATION_CONTEXT(2) 
PARAMETRIC_REPRESENTATION_CONTEXT() REPRESENTATION_CONTEXT('2D SPACE',''
  ) );
#1749 = ORIENTED_EDGE('',*,*,#1750,.F.);
#1750 = EDGE_CURVE('',#1751,#1728,#1753,.T.);
#1751 = VERTEX_POINT('',#1752);
#1752 = CARTESIAN_POINT('',(-36.,12.,0.));
#1753 = SURFACE_CURVE('',#1754,(#1758,#1765),.PCURVE_S1.);
#1754 = LINE('',#1755,#1756);
#1755 = CARTESIAN_POINT('',(-36.,12.,0.));
#1756 = VECTOR('',#1757,1.);
#1757 = DIRECTION('',(1.,0.,0.));
#1758 = PCURVE('',#238,#1759);
#1759 = DEFINITIONAL_REPRESENTATION('',(#1760),#1764);
#1760 = LINE('',#1761,#1762);
#1761 = CARTESIAN_POINT('',(-8.,37.));
#1762 = VECTOR('',#1763,1.);
#1763 = DIRECTION('',(1.,0.));
#1764 = ( GEOMETRIC_REPRESENTATION_CONTEXT(2) 
PARAMETRIC_REPRESENTATION_CONTEXT() REPRESENTATION_CONTEXT('2D SPACE',''
  ) );
#1765 = PCURVE('',#527,#1766);
#1766 = DEFINITIONAL_REPRESENTATION('',(#1767),#1771);
#1767 = LINE('',#1768,#1769);
#1768 = CARTESIAN_POINT('',(0.,0.));
#1769 = VECTOR('',#1770,1.);
#1770 = DIRECTION('',(0.,1.));
#1771 = ( GEOMETRIC_REPRESENTATION_CONTEXT(2) 
PARAMETRIC_REPRESENTATION_CONTEXT() REPRESENTATION_CONTEXT('2D SPACE',''
  ) );
#1772 = ORIENTED_EDGE('',*,*,#1773,.F.);
#1773 = EDGE_CURVE('',#1505,#1751,#1774,.T.);
#1774 = SURFACE_CURVE('',#1775,(#1779,#1786),.PCURVE_S1.);
#1775 = LINE('',#1776,#1777);
#1776 = CARTESIAN_POINT('',(-36.,-12.,0.));
#1777 = VECTOR('',#1778,1.);
#1778 = DIRECTION('',(0.,1.,0.));
#1779 = PCURVE('',#238,#1780);
#1780 = DEFINITIONAL_REPRESENTATION('',(#1781),#1785);
#1781 = LINE('',#1782,#1783);
#1782 = CARTESIAN_POINT('',(-8.,13.));
#1783 = VECTOR('',#1784,1.);
#1784 = DIRECTION('',(0.,1.));
#1785 = ( GEOMETRIC_REPRESENTATION_CONTEXT(2) 
PARAMETRIC_REPRESENTATION_CONTEXT() REPRESENTATION_CONTEXT('2D SPACE',''
  ) );
#1786 = PCURVE('',#555,#1787);
#1787 = DEFINITIONAL_REPRESENTATION('',(#1788),#1792);
#1788 = LINE('',#1789,#1790);
#1789 = CARTESIAN_POINT('',(0.,0.));
#1790 = VECTOR('',#1791,1.);
#1791 = DIRECTION('',(0.,-1.));
#1792 = ( GEOMETRIC_REPRESENTATION_CONTEXT(2) 
PARAMETRIC_REPRESENTATION_CONTEXT() REPRESENTATION_CONTEXT('2D SPACE',''
  ) );
#1793 = ORIENTED_EDGE('',*,*,#1504,.T.);
#1794 = FACE_BOUND('',#1795,.F.);
#1795 = EDGE_LOOP('',(#1796));
#1796 = ORIENTED_EDGE('',*,*,#1797,.T.);
#1797 = EDGE_CURVE('',#1798,#1798,#1800,.T.);
#1798 = VERTEX_POINT('',#1799);
#1799 = CARTESIAN_POINT('',(-22.65,-17.,0.));
#1800 = SURFACE_CURVE('',#1801,(#1806,#1817),.PCURVE_S1.);
#1801 = CIRCLE('',#1802,1.65);
#1802 = AXIS2_PLACEMENT_3D('',#1803,#1804,#1805);
#1803 = CARTESIAN_POINT('',(-21.,-17.,0.));
#1804 = DIRECTION('',(0.,0.,-1.));
#1805 = DIRECTION('',(-1.,0.,0.));
#1806 = PCURVE('',#238,#1807);
#1807 = DEFINITIONAL_REPRESENTATION('',(#1808),#1816);
#1808 = ( BOUNDED_CURVE() B_SPLINE_CURVE(2,(#1809,#1810,#1811,#1812,
#1813,#1814,#1815),.UNSPECIFIED.,.T.,.F.) B_SPLINE_CURVE_WITH_KNOTS((1,2
    ,2,2,2,1),(-2.094395102393,0.,2.094395102393,4.188790204786,
6.28318530718,8.377580409573),.UNSPECIFIED.) CURVE() 
GEOMETRIC_REPRESENTATION_ITEM() RATIONAL_B_SPLINE_CURVE((1.,0.5,1.,0.5,
1.,0.5,1.)) REPRESENTATION_ITEM('') );
#1809 = CARTESIAN_POINT('',(5.35,8.));
#1810 = CARTESIAN_POINT('',(5.35,10.857883832489));
#1811 = CARTESIAN_POINT('',(7.825,9.428941916244));
#1812 = CARTESIAN_POINT('',(10.3,8.));
#1813 = CARTESIAN_POINT('',(7.825,6.571058083756));
#1814 = CARTESIAN_POINT('',(5.35,5.142116167511));
#1815 = CARTESIAN_POINT('',(5.35,8.));
#1816 = ( GEOMETRIC_REPRESENTATION_CONTEXT(2) 
PARAMETRIC_REPRESENTATION_CONTEXT() REPRESENTATION_CONTEXT('2D SPACE',''
  ) );
#1817 = PCURVE('',#611,#1818);
#1818 = DEFINITIONAL_REPRESENTATION('',(#1819),#1823);
#1819 = LINE('',#1820,#1821);
#1820 = CARTESIAN_POINT('',(0.,9.5));
#1821 = VECTOR('',#1822,1.);
#1822 = DIRECTION('',(1.,0.));
#1823 = ( GEOMETRIC_REPRESENTATION_CONTEXT(2) 
PARAMETRIC_REPRESENTATION_CONTEXT() REPRESENTATION_CONTEXT('2D SPACE',''
  ) );
#1824 = FACE_BOUND('',#1825,.F.);
#1825 = EDGE_LOOP('',(#1826,#1854,#1880,#1906));
#1826 = ORIENTED_EDGE('',*,*,#1827,.T.);
#1827 = EDGE_CURVE('',#1828,#1830,#1832,.T.);
#1828 = VERTEX_POINT('',#1829);
#1829 = CARTESIAN_POINT('',(-24.875,-11.125,0.));
#1830 = VERTEX_POINT('',#1831);
#1831 = CARTESIAN_POINT('',(-35.125,-11.125,0.));
#1832 = SURFACE_CURVE('',#1833,(#1837,#1843),.PCURVE_S1.);
#1833 = LINE('',#1834,#1835);
#1834 = CARTESIAN_POINT('',(-31.5625,-11.125,0.));
#1835 = VECTOR('',#1836,1.);
#1836 = DIRECTION('',(-1.,0.,0.));
#1837 = PCURVE('',#238,#1838);
#1838 = DEFINITIONAL_REPRESENTATION('',(#1839),#1842);
#1839 = B_SPLINE_CURVE_WITH_KNOTS('',1,(#1840,#1841),.UNSPECIFIED.,.F.,
  .F.,(2,2),(-6.6875,3.5625),.PIECEWISE_BEZIER_KNOTS.);
#1840 = CARTESIAN_POINT('',(3.125,13.875));
#1841 = CARTESIAN_POINT('',(-7.125,13.875));
#1842 = ( GEOMETRIC_REPRESENTATION_CONTEXT(2) 
PARAMETRIC_REPRESENTATION_CONTEXT() REPRESENTATION_CONTEXT('2D SPACE',''
  ) );
#1843 = PCURVE('',#1844,#1849);
#1844 = PLANE('',#1845);
#1845 = AXIS2_PLACEMENT_3D('',#1846,#1847,#1848);
#1846 = CARTESIAN_POINT('',(-35.125,-11.125,-5.E-02));
#1847 = DIRECTION('',(0.,1.,0.));
#1848 = DIRECTION('',(0.,0.,1.));
#1849 = DEFINITIONAL_REPRESENTATION('',(#1850),#1853);
#1850 = B_SPLINE_CURVE_WITH_KNOTS('',1,(#1851,#1852),.UNSPECIFIED.,.F.,
  .F.,(2,2),(-6.6875,3.5625),.PIECEWISE_BEZIER_KNOTS.);
#1851 = CARTESIAN_POINT('',(5.E-02,10.25));
#1852 = CARTESIAN_POINT('',(5.E-02,0.));
#1853 = ( GEOMETRIC_REPRESENTATION_CONTEXT(2) 
PARAMETRIC_REPRESENTATION_CONTEXT() REPRESENTATION_CONTEXT('2D SPACE',''
  ) );
#1854 = ORIENTED_EDGE('',*,*,#1855,.T.);
#1855 = EDGE_CURVE('',#1830,#1856,#1858,.T.);
#1856 = VERTEX_POINT('',#1857);
#1857 = CARTESIAN_POINT('',(-35.125,11.125,0.));
#1858 = SURFACE_CURVE('',#1859,(#1863,#1869),.PCURVE_S1.);
#1859 = LINE('',#1860,#1861);
#1860 = CARTESIAN_POINT('',(-35.125,-18.0625,0.));
#1861 = VECTOR('',#1862,1.);
#1862 = DIRECTION('',(0.,1.,0.));
#1863 = PCURVE('',#238,#1864);
#1864 = DEFINITIONAL_REPRESENTATION('',(#1865),#1868);
#1865 = B_SPLINE_CURVE_WITH_KNOTS('',1,(#1866,#1867),.UNSPECIFIED.,.F.,
  .F.,(2,2),(6.9375,29.1875),.PIECEWISE_BEZIER_KNOTS.);
#1866 = CARTESIAN_POINT('',(-7.125,13.875));
#1867 = CARTESIAN_POINT('',(-7.125,36.125));
#1868 = ( GEOMETRIC_REPRESENTATION_CONTEXT(2) 
PARAMETRIC_REPRESENTATION_CONTEXT() REPRESENTATION_CONTEXT('2D SPACE',''
  ) );
#1869 = PCURVE('',#1870,#1875);
#1870 = PLANE('',#1871);
#1871 = AXIS2_PLACEMENT_3D('',#1872,#1873,#1874);
#1872 = CARTESIAN_POINT('',(-35.125,-11.125,-5.E-02));
#1873 = DIRECTION('',(1.,0.,0.));
#1874 = DIRECTION('',(0.,0.,1.));
#1875 = DEFINITIONAL_REPRESENTATION('',(#1876),#1879);
#1876 = B_SPLINE_CURVE_WITH_KNOTS('',1,(#1877,#1878),.UNSPECIFIED.,.F.,
  .F.,(2,2),(6.9375,29.1875),.PIECEWISE_BEZIER_KNOTS.);
#1877 = CARTESIAN_POINT('',(5.E-02,0.));
#1878 = CARTESIAN_POINT('',(5.E-02,-22.25));
#1879 = ( GEOMETRIC_REPRESENTATION_CONTEXT(2) 
PARAMETRIC_REPRESENTATION_CONTEXT() REPRESENTATION_CONTEXT('2D SPACE',''
  ) );
#1880 = ORIENTED_EDGE('',*,*,#1881,.F.);
#1881 = EDGE_CURVE('',#1882,#1856,#1884,.T.);
#1882 = VERTEX_POINT('',#1883);
#1883 = CARTESIAN_POINT('',(-24.875,11.125,0.));
#1884 = SURFACE_CURVE('',#1885,(#1889,#1895),.PCURVE_S1.);
#1885 = LINE('',#1886,#1887);
#1886 = CARTESIAN_POINT('',(-31.5625,11.125,0.));
#1887 = VECTOR('',#1888,1.);
#1888 = DIRECTION('',(-1.,0.,0.));
#1889 = PCURVE('',#238,#1890);
#1890 = DEFINITIONAL_REPRESENTATION('',(#1891),#1894);
#1891 = B_SPLINE_CURVE_WITH_KNOTS('',1,(#1892,#1893),.UNSPECIFIED.,.F.,
  .F.,(2,2),(-6.6875,3.5625),.PIECEWISE_BEZIER_KNOTS.);
#1892 = CARTESIAN_POINT('',(3.125,36.125));
#1893 = CARTESIAN_POINT('',(-7.125,36.125));
#1894 = ( GEOMETRIC_REPRESENTATION_CONTEXT(2) 
PARAMETRIC_REPRESENTATION_CONTEXT() REPRESENTATION_CONTEXT('2D SPACE',''
  ) );
#1895 = PCURVE('',#1896,#1901);
#1896 = PLANE('',#1897);
#1897 = AXIS2_PLACEMENT_3D('',#1898,#1899,#1900);
#1898 = CARTESIAN_POINT('',(-35.125,11.125,-5.E-02));
#1899 = DIRECTION('',(0.,1.,0.));
#1900 = DIRECTION('',(0.,0.,1.));
#1901 = DEFINITIONAL_REPRESENTATION('',(#1902),#1905);
#1902 = B_SPLINE_CURVE_WITH_KNOTS('',1,(#1903,#1904),.UNSPECIFIED.,.F.,
  .F.,(2,2),(-6.6875,3.5625),.PIECEWISE_BEZIER_KNOTS.);
#1903 = CARTESIAN_POINT('',(5.E-02,10.25));
#1904 = CARTESIAN_POINT('',(5.E-02,0.));
#1905 = ( GEOMETRIC_REPRESENTATION_CONTEXT(2) 
PARAMETRIC_REPRESENTATION_CONTEXT() REPRESENTATION_CONTEXT('2D SPACE',''
  ) );
#1906 = ORIENTED_EDGE('',*,*,#1907,.F.);
#1907 = EDGE_CURVE('',#1828,#1882,#1908,.T.);
#1908 = SURFACE_CURVE('',#1909,(#1913,#1919),.PCURVE_S1.);
#1909 = LINE('',#1910,#1911);
#1910 = CARTESIAN_POINT('',(-24.875,-18.0625,0.));
#1911 = VECTOR('',#1912,1.);
#1912 = DIRECTION('',(0.,1.,0.));
#1913 = PCURVE('',#238,#1914);
#1914 = DEFINITIONAL_REPRESENTATION('',(#1915),#1918);
#1915 = B_SPLINE_CURVE_WITH_KNOTS('',1,(#1916,#1917),.UNSPECIFIED.,.F.,
  .F.,(2,2),(6.9375,29.1875),.PIECEWISE_BEZIER_KNOTS.);
#1916 = CARTESIAN_POINT('',(3.125,13.875));
#1917 = CARTESIAN_POINT('',(3.125,36.125));
#1918 = ( GEOMETRIC_REPRESENTATION_CONTEXT(2) 
PARAMETRIC_REPRESENTATION_CONTEXT() REPRESENTATION_CONTEXT('2D SPACE',''
  ) );
#1919 = PCURVE('',#1920,#1925);
#1920 = PLANE('',#1921);
#1921 = AXIS2_PLACEMENT_3D('',#1922,#1923,#1924);
#1922 = CARTESIAN_POINT('',(-24.875,-11.125,-5.E-02));
#1923 = DIRECTION('',(1.,0.,0.));
#1924 = DIRECTION('',(0.,0.,1.));
#1925 = DEFINITIONAL_REPRESENTATION('',(#1926),#1929);
#1926 = B_SPLINE_CURVE_WITH_KNOTS('',1,(#1927,#1928),.UNSPECIFIED.,.F.,
  .F.,(2,2),(6.9375,29.1875),.PIECEWISE_BEZIER_KNOTS.);
#1927 = CARTESIAN_POINT('',(5.E-02,0.));
#1928 = CARTESIAN_POINT('',(5.E-02,-22.25));
#1929 = ( GEOMETRIC_REPRESENTATION_CONTEXT(2) 
PARAMETRIC_REPRESENTATION_CONTEXT() REPRESENTATION_CONTEXT('2D SPACE',''
  ) );
#1930 = FACE_BOUND('',#1931,.F.);
#1931 = EDGE_LOOP('',(#1932));
#1932 = ORIENTED_EDGE('',*,*,#1933,.F.);
#1933 = EDGE_CURVE('',#1934,#1934,#1936,.T.);
#1934 = VERTEX_POINT('',#1935);
#1935 = CARTESIAN_POINT('',(-17.00779220779,-7.328795390222E-16,0.));
#1936 = SURFACE_CURVE('',#1937,(#1942,#1949),.PCURVE_S1.);
#1937 = CIRCLE('',#1938,2.992207792208);
#1938 = AXIS2_PLACEMENT_3D('',#1939,#1940,#1941);
#1939 = CARTESIAN_POINT('',(-20.,0.,0.));
#1940 = DIRECTION('',(0.,0.,1.));
#1941 = DIRECTION('',(1.,0.,-0.));
#1942 = PCURVE('',#238,#1943);
#1943 = DEFINITIONAL_REPRESENTATION('',(#1944),#1948);
#1944 = CIRCLE('',#1945,2.992207792208);
#1945 = AXIS2_PLACEMENT_2D('',#1946,#1947);
#1946 = CARTESIAN_POINT('',(8.,25.));
#1947 = DIRECTION('',(1.,0.));
#1948 = ( GEOMETRIC_REPRESENTATION_CONTEXT(2) 
PARAMETRIC_REPRESENTATION_CONTEXT() REPRESENTATION_CONTEXT('2D SPACE',''
  ) );
#1949 = PCURVE('',#1950,#1955);
#1950 = CONICAL_SURFACE('',#1951,3.,0.154600545431);
#1951 = AXIS2_PLACEMENT_3D('',#1952,#1953,#1954);
#1952 = CARTESIAN_POINT('',(-20.,0.,-5.E-02));
#1953 = DIRECTION('',(-0.,-0.,-1.));
#1954 = DIRECTION('',(1.,0.,-0.));
#1955 = DEFINITIONAL_REPRESENTATION('',(#1956),#1960);
#1956 = LINE('',#1957,#1958);
#1957 = CARTESIAN_POINT('',(-0.,-5.E-02));
#1958 = VECTOR('',#1959,1.);
#1959 = DIRECTION('',(-1.,-0.));
#1960 = ( GEOMETRIC_REPRESENTATION_CONTEXT(2) 
PARAMETRIC_REPRESENTATION_CONTEXT() REPRESENTATION_CONTEXT('2D SPACE',''
  ) );
#1961 = FACE_BOUND('',#1962,.F.);
#1962 = EDGE_LOOP('',(#1963));
#1963 = ORIENTED_EDGE('',*,*,#1964,.F.);
#1964 = EDGE_CURVE('',#1965,#1965,#1967,.T.);
#1965 = VERTEX_POINT('',#1966);
#1966 = CARTESIAN_POINT('',(-10.4,-3.918869757272E-16,0.));
#1967 = SURFACE_CURVE('',#1968,(#1973,#1980),.PCURVE_S1.);
#1968 = CIRCLE('',#1969,1.6);
#1969 = AXIS2_PLACEMENT_3D('',#1970,#1971,#1972);
#1970 = CARTESIAN_POINT('',(-12.,0.,0.));
#1971 = DIRECTION('',(0.,0.,1.));
#1972 = DIRECTION('',(1.,0.,-0.));
#1973 = PCURVE('',#238,#1974);
#1974 = DEFINITIONAL_REPRESENTATION('',(#1975),#1979);
#1975 = CIRCLE('',#1976,1.6);
#1976 = AXIS2_PLACEMENT_2D('',#1977,#1978);
#1977 = CARTESIAN_POINT('',(16.,25.));
#1978 = DIRECTION('',(1.,0.));
#1979 = ( GEOMETRIC_REPRESENTATION_CONTEXT(2) 
PARAMETRIC_REPRESENTATION_CONTEXT() REPRESENTATION_CONTEXT('2D SPACE',''
  ) );
#1980 = PCURVE('',#1981,#1986);
#1981 = CYLINDRICAL_SURFACE('',#1982,1.6);
#1982 = AXIS2_PLACEMENT_3D('',#1983,#1984,#1985);
#1983 = CARTESIAN_POINT('',(-12.,0.,-0.1));
#1984 = DIRECTION('',(0.,0.,1.));
#1985 = DIRECTION('',(1.,0.,-0.));
#1986 = DEFINITIONAL_REPRESENTATION('',(#1987),#1991);
#1987 = LINE('',#1988,#1989);
#1988 = CARTESIAN_POINT('',(0.,0.1));
#1989 = VECTOR('',#1990,1.);
#1990 = DIRECTION('',(1.,0.));
#1991 = ( GEOMETRIC_REPRESENTATION_CONTEXT(2) 
PARAMETRIC_REPRESENTATION_CONTEXT() REPRESENTATION_CONTEXT('2D SPACE',''
  ) );
#1992 = FACE_BOUND('',#1993,.F.);
#1993 = EDGE_LOOP('',(#1994,#2024,#2052,#2080));
#1994 = ORIENTED_EDGE('',*,*,#1995,.T.);
#1995 = EDGE_CURVE('',#1996,#1998,#2000,.T.);
#1996 = VERTEX_POINT('',#1997);
#1997 = CARTESIAN_POINT('',(-6.3,-22.3,0.));
#1998 = VERTEX_POINT('',#1999);
#1999 = CARTESIAN_POINT('',(-6.3,-9.7,0.));
#2000 = SURFACE_CURVE('',#2001,(#2005,#2012),.PCURVE_S1.);
#2001 = LINE('',#2002,#2003);
#2002 = CARTESIAN_POINT('',(-6.3,-22.3,0.));
#2003 = VECTOR('',#2004,1.);
#2004 = DIRECTION('',(0.,1.,0.));
#2005 = PCURVE('',#238,#2006);
#2006 = DEFINITIONAL_REPRESENTATION('',(#2007),#2011);
#2007 = LINE('',#2008,#2009);
#2008 = CARTESIAN_POINT('',(21.7,2.7));
#2009 = VECTOR('',#2010,1.);
#2010 = DIRECTION('',(0.,1.));
#2011 = ( GEOMETRIC_REPRESENTATION_CONTEXT(2) 
PARAMETRIC_REPRESENTATION_CONTEXT() REPRESENTATION_CONTEXT('2D SPACE',''
  ) );
#2012 = PCURVE('',#2013,#2018);
#2013 = PLANE('',#2014);
#2014 = AXIS2_PLACEMENT_3D('',#2015,#2016,#2017);
#2015 = CARTESIAN_POINT('',(-6.3,-22.3,0.));
#2016 = DIRECTION('',(1.,0.,0.));
#2017 = DIRECTION('',(0.,0.,1.));
#2018 = DEFINITIONAL_REPRESENTATION('',(#2019),#2023);
#2019 = LINE('',#2020,#2021);
#2020 = CARTESIAN_POINT('',(0.,0.));
#2021 = VECTOR('',#2022,1.);
#2022 = DIRECTION('',(0.,-1.));
#2023 = ( GEOMETRIC_REPRESENTATION_CONTEXT(2) 
PARAMETRIC_REPRESENTATION_CONTEXT() REPRESENTATION_CONTEXT('2D SPACE',''
  ) );
#2024 = ORIENTED_EDGE('',*,*,#2025,.T.);
#2025 = EDGE_CURVE('',#1998,#2026,#2028,.T.);
#2026 = VERTEX_POINT('',#2027);
#2027 = CARTESIAN_POINT('',(6.3,-9.7,0.));
#2028 = SURFACE_CURVE('',#2029,(#2033,#2040),.PCURVE_S1.);
#2029 = LINE('',#2030,#2031);
#2030 = CARTESIAN_POINT('',(-6.3,-9.7,0.));
#2031 = VECTOR('',#2032,1.);
#2032 = DIRECTION('',(1.,0.,0.));
#2033 = PCURVE('',#238,#2034);
#2034 = DEFINITIONAL_REPRESENTATION('',(#2035),#2039);
#2035 = LINE('',#2036,#2037);
#2036 = CARTESIAN_POINT('',(21.7,15.3));
#2037 = VECTOR('',#2038,1.);
#2038 = DIRECTION('',(1.,0.));
#2039 = ( GEOMETRIC_REPRESENTATION_CONTEXT(2) 
PARAMETRIC_REPRESENTATION_CONTEXT() REPRESENTATION_CONTEXT('2D SPACE',''
  ) );
#2040 = PCURVE('',#2041,#2046);
#2041 = PLANE('',#2042);
#2042 = AXIS2_PLACEMENT_3D('',#2043,#2044,#2045);
#2043 = CARTESIAN_POINT('',(-6.3,-9.7,0.));
#2044 = DIRECTION('',(0.,1.,0.));
#2045 = DIRECTION('',(0.,0.,1.));
#2046 = DEFINITIONAL_REPRESENTATION('',(#2047),#2051);
#2047 = LINE('',#2048,#2049);
#2048 = CARTESIAN_POINT('',(0.,0.));
#2049 = VECTOR('',#2050,1.);
#2050 = DIRECTION('',(0.,1.));
#2051 = ( GEOMETRIC_REPRESENTATION_CONTEXT(2) 
PARAMETRIC_REPRESENTATION_CONTEXT() REPRESENTATION_CONTEXT('2D SPACE',''
  ) );
#2052 = ORIENTED_EDGE('',*,*,#2053,.F.);
#2053 = EDGE_CURVE('',#2054,#2026,#2056,.T.);
#2054 = VERTEX_POINT('',#2055);
#2055 = CARTESIAN_POINT('',(6.3,-22.3,0.));
#2056 = SURFACE_CURVE('',#2057,(#2061,#2068),.PCURVE_S1.);
#2057 = LINE('',#2058,#2059);
#2058 = CARTESIAN_POINT('',(6.3,-22.3,0.));
#2059 = VECTOR('',#2060,1.);
#2060 = DIRECTION('',(0.,1.,0.));
#2061 = PCURVE('',#238,#2062);
#2062 = DEFINITIONAL_REPRESENTATION('',(#2063),#2067);
#2063 = LINE('',#2064,#2065);
#2064 = CARTESIAN_POINT('',(34.3,2.7));
#2065 = VECTOR('',#2066,1.);
#2066 = DIRECTION('',(0.,1.));
#2067 = ( GEOMETRIC_REPRESENTATION_CONTEXT(2) 
PARAMETRIC_REPRESENTATION_CONTEXT() REPRESENTATION_CONTEXT('2D SPACE',''
  ) );
#2068 = PCURVE('',#2069,#2074);
#2069 = PLANE('',#2070);
#2070 = AXIS2_PLACEMENT_3D('',#2071,#2072,#2073);
#2071 = CARTESIAN_POINT('',(6.3,-22.3,0.));
#2072 = DIRECTION('',(1.,0.,0.));
#2073 = DIRECTION('',(0.,0.,1.));
#2074 = DEFINITIONAL_REPRESENTATION('',(#2075),#2079);
#2075 = LINE('',#2076,#2077);
#2076 = CARTESIAN_POINT('',(0.,0.));
#2077 = VECTOR('',#2078,1.);
#2078 = DIRECTION('',(0.,-1.));
#2079 = ( GEOMETRIC_REPRESENTATION_CONTEXT(2) 
PARAMETRIC_REPRESENTATION_CONTEXT() REPRESENTATION_CONTEXT('2D SPACE',''
  ) );
#2080 = ORIENTED_EDGE('',*,*,#2081,.F.);
#2081 = EDGE_CURVE('',#1996,#2054,#2082,.T.);
#2082 = SURFACE_CURVE('',#2083,(#2087,#2094),.PCURVE_S1.);
#2083 = LINE('',#2084,#2085);
#2084 = CARTESIAN_POINT('',(-6.3,-22.3,0.));
#2085 = VECTOR('',#2086,1.);
#2086 = DIRECTION('',(1.,0.,0.));
#2087 = PCURVE('',#238,#2088);
#2088 = DEFINITIONAL_REPRESENTATION('',(#2089),#2093);
#2089 = LINE('',#2090,#2091);
#2090 = CARTESIAN_POINT('',(21.7,2.7));
#2091 = VECTOR('',#2092,1.);
#2092 = DIRECTION('',(1.,0.));
#2093 = ( GEOMETRIC_REPRESENTATION_CONTEXT(2) 
PARAMETRIC_REPRESENTATION_CONTEXT() REPRESENTATION_CONTEXT('2D SPACE',''
  ) );
#2094 = PCURVE('',#2095,#2100);
#2095 = PLANE('',#2096);
#2096 = AXIS2_PLACEMENT_3D('',#2097,#2098,#2099);
#2097 = CARTESIAN_POINT('',(-6.3,-22.3,0.));
#2098 = DIRECTION('',(0.,1.,0.));
#2099 = DIRECTION('',(0.,0.,1.));
#2100 = DEFINITIONAL_REPRESENTATION('',(#2101),#2105);
#2101 = LINE('',#2102,#2103);
#2102 = CARTESIAN_POINT('',(0.,0.));
#2103 = VECTOR('',#2104,1.);
#2104 = DIRECTION('',(0.,1.));
#2105 = ( GEOMETRIC_REPRESENTATION_CONTEXT(2) 
PARAMETRIC_REPRESENTATION_CONTEXT() REPRESENTATION_CONTEXT('2D SPACE',''
  ) );
#2106 = FACE_BOUND('',#2107,.F.);
#2107 = EDGE_LOOP('',(#2108));
#2108 = ORIENTED_EDGE('',*,*,#2109,.T.);
#2109 = EDGE_CURVE('',#2110,#2110,#2112,.T.);
#2110 = VERTEX_POINT('',#2111);
#2111 = CARTESIAN_POINT('',(19.35,-17.,0.));
#2112 = SURFACE_CURVE('',#2113,(#2118,#2129),.PCURVE_S1.);
#2113 = CIRCLE('',#2114,1.65);
#2114 = AXIS2_PLACEMENT_3D('',#2115,#2116,#2117);
#2115 = CARTESIAN_POINT('',(21.,-17.,0.));
#2116 = DIRECTION('',(0.,0.,-1.));
#2117 = DIRECTION('',(-1.,0.,0.));
#2118 = PCURVE('',#238,#2119);
#2119 = DEFINITIONAL_REPRESENTATION('',(#2120),#2128);
#2120 = ( BOUNDED_CURVE() B_SPLINE_CURVE(2,(#2121,#2122,#2123,#2124,
#2125,#2126,#2127),.UNSPECIFIED.,.T.,.F.) B_SPLINE_CURVE_WITH_KNOTS((1,2
    ,2,2,2,1),(-2.094395102393,0.,2.094395102393,4.188790204786,
6.28318530718,8.377580409573),.UNSPECIFIED.) CURVE() 
GEOMETRIC_REPRESENTATION_ITEM() RATIONAL_B_SPLINE_CURVE((1.,0.5,1.,0.5,
1.,0.5,1.)) REPRESENTATION_ITEM('') );
#2121 = CARTESIAN_POINT('',(47.35,8.));
#2122 = CARTESIAN_POINT('',(47.35,10.857883832489));
#2123 = CARTESIAN_POINT('',(49.825,9.428941916244));
#2124 = CARTESIAN_POINT('',(52.3,8.));
#2125 = CARTESIAN_POINT('',(49.825,6.571058083756));
#2126 = CARTESIAN_POINT('',(47.35,5.142116167511));
#2127 = CARTESIAN_POINT('',(47.35,8.));
#2128 = ( GEOMETRIC_REPRESENTATION_CONTEXT(2) 
PARAMETRIC_REPRESENTATION_CONTEXT() REPRESENTATION_CONTEXT('2D SPACE',''
  ) );
#2129 = PCURVE('',#804,#2130);
#2130 = DEFINITIONAL_REPRESENTATION('',(#2131),#2135);
#2131 = LINE('',#2132,#2133);
#2132 = CARTESIAN_POINT('',(0.,9.5));
#2133 = VECTOR('',#2134,1.);
#2134 = DIRECTION('',(1.,0.));
#2135 = ( GEOMETRIC_REPRESENTATION_CONTEXT(2) 
PARAMETRIC_REPRESENTATION_CONTEXT() REPRESENTATION_CONTEXT('2D SPACE',''
  ) );
#2136 = FACE_BOUND('',#2137,.F.);
#2137 = EDGE_LOOP('',(#2138));
#2138 = ORIENTED_EDGE('',*,*,#2139,.T.);
#2139 = EDGE_CURVE('',#2140,#2140,#2142,.T.);
#2140 = VERTEX_POINT('',#2141);
#2141 = CARTESIAN_POINT('',(-4.,-9.797174393179E-16,0.));
#2142 = SURFACE_CURVE('',#2143,(#2148,#2159),.PCURVE_S1.);
#2143 = CIRCLE('',#2144,4.);
#2144 = AXIS2_PLACEMENT_3D('',#2145,#2146,#2147);
#2145 = CARTESIAN_POINT('',(0.,0.,0.));
#2146 = DIRECTION('',(0.,0.,-1.));
#2147 = DIRECTION('',(-1.,0.,0.));
#2148 = PCURVE('',#238,#2149);
#2149 = DEFINITIONAL_REPRESENTATION('',(#2150),#2158);
#2150 = ( BOUNDED_CURVE() B_SPLINE_CURVE(2,(#2151,#2152,#2153,#2154,
#2155,#2156,#2157),.UNSPECIFIED.,.T.,.F.) B_SPLINE_CURVE_WITH_KNOTS((1,2
    ,2,2,2,1),(-2.094395102393,0.,2.094395102393,4.188790204786,
6.28318530718,8.377580409573),.UNSPECIFIED.) CURVE() 
GEOMETRIC_REPRESENTATION_ITEM() RATIONAL_B_SPLINE_CURVE((1.,0.5,1.,0.5,
1.,0.5,1.)) REPRESENTATION_ITEM('') );
#2151 = CARTESIAN_POINT('',(24.,25.));
#2152 = CARTESIAN_POINT('',(24.,31.928203230276));
#2153 = CARTESIAN_POINT('',(30.,28.464101615138));
#2154 = CARTESIAN_POINT('',(36.,25.));
#2155 = CARTESIAN_POINT('',(30.,21.535898384862));
#2156 = CARTESIAN_POINT('',(24.,18.071796769724));
#2157 = CARTESIAN_POINT('',(24.,25.));
#2158 = ( GEOMETRIC_REPRESENTATION_CONTEXT(2) 
PARAMETRIC_REPRESENTATION_CONTEXT() REPRESENTATION_CONTEXT('2D SPACE',''
  ) );
#2159 = PCURVE('',#1138,#2160);
#2160 = DEFINITIONAL_REPRESENTATION('',(#2161),#2165);
#2161 = LINE('',#2162,#2163);
#2162 = CARTESIAN_POINT('',(0.,9.5));
#2163 = VECTOR('',#2164,1.);
#2164 = DIRECTION('',(1.,0.));
#2165 = ( GEOMETRIC_REPRESENTATION_CONTEXT(2) 
PARAMETRIC_REPRESENTATION_CONTEXT() REPRESENTATION_CONTEXT('2D SPACE',''
  ) );
#2166 = FACE_BOUND('',#2167,.F.);
#2167 = EDGE_LOOP('',(#2168));
#2168 = ORIENTED_EDGE('',*,*,#2169,.F.);
#2169 = EDGE_CURVE('',#2170,#2170,#2172,.T.);
#2170 = VERTEX_POINT('',#2171);
#2171 = CARTESIAN_POINT('',(13.6,-3.918869757272E-16,0.));
#2172 = SURFACE_CURVE('',#2173,(#2178,#2185),.PCURVE_S1.);
#2173 = CIRCLE('',#2174,1.6);
#2174 = AXIS2_PLACEMENT_3D('',#2175,#2176,#2177);
#2175 = CARTESIAN_POINT('',(12.,0.,0.));
#2176 = DIRECTION('',(0.,0.,1.));
#2177 = DIRECTION('',(1.,0.,-0.));
#2178 = PCURVE('',#238,#2179);
#2179 = DEFINITIONAL_REPRESENTATION('',(#2180),#2184);
#2180 = CIRCLE('',#2181,1.6);
#2181 = AXIS2_PLACEMENT_2D('',#2182,#2183);
#2182 = CARTESIAN_POINT('',(40.,25.));
#2183 = DIRECTION('',(1.,0.));
#2184 = ( GEOMETRIC_REPRESENTATION_CONTEXT(2) 
PARAMETRIC_REPRESENTATION_CONTEXT() REPRESENTATION_CONTEXT('2D SPACE',''
  ) );
#2185 = PCURVE('',#2186,#2191);
#2186 = CYLINDRICAL_SURFACE('',#2187,1.6);
#2187 = AXIS2_PLACEMENT_3D('',#2188,#2189,#2190);
#2188 = CARTESIAN_POINT('',(12.,0.,-0.1));
#2189 = DIRECTION('',(0.,0.,1.));
#2190 = DIRECTION('',(1.,0.,-0.));
#2191 = DEFINITIONAL_REPRESENTATION('',(#2192),#2196);
#2192 = LINE('',#2193,#2194);
#2193 = CARTESIAN_POINT('',(0.,0.1));
#2194 = VECTOR('',#2195,1.);
#2195 = DIRECTION('',(1.,0.));
#2196 = ( GEOMETRIC_REPRESENTATION_CONTEXT(2) 
PARAMETRIC_REPRESENTATION_CONTEXT() REPRESENTATION_CONTEXT('2D SPACE',''
  ) );
#2197 = FACE_BOUND('',#2198,.F.);
#2198 = EDGE_LOOP('',(#2199,#2230));
#2199 = ORIENTED_EDGE('',*,*,#2200,.F.);
#2200 = EDGE_CURVE('',#2201,#2203,#2205,.T.);
#2201 = VERTEX_POINT('',#2202);
#2202 = CARTESIAN_POINT('',(22.971667456454,-1.254552017826E-14,0.));
#2203 = VERTEX_POINT('',#2204);
#2204 = CARTESIAN_POINT('',(17.028332543546,-1.554312234475E-14,0.));
#2205 = SURFACE_CURVE('',#2206,(#2211,#2218),.PCURVE_S1.);
#2206 = CIRCLE('',#2207,2.992207792208);
#2207 = AXIS2_PLACEMENT_3D('',#2208,#2209,#2210);
#2208 = CARTESIAN_POINT('',(20.,0.35,0.));
#2209 = DIRECTION('',(0.,0.,1.));
#2210 = DIRECTION('',(0.993135391263,-0.116970486111,0.));
#2211 = PCURVE('',#238,#2212);
#2212 = DEFINITIONAL_REPRESENTATION('',(#2213),#2217);
#2213 = CIRCLE('',#2214,2.992207792208);
#2214 = AXIS2_PLACEMENT_2D('',#2215,#2216);
#2215 = CARTESIAN_POINT('',(48.,25.35));
#2216 = DIRECTION('',(0.993135391263,-0.116970486111));
#2217 = ( GEOMETRIC_REPRESENTATION_CONTEXT(2) 
PARAMETRIC_REPRESENTATION_CONTEXT() REPRESENTATION_CONTEXT('2D SPACE',''
  ) );
#2218 = PCURVE('',#2219,#2224);
#2219 = CONICAL_SURFACE('',#2220,3.,0.154600545431);
#2220 = AXIS2_PLACEMENT_3D('',#2221,#2222,#2223);
#2221 = CARTESIAN_POINT('',(20.,0.35,-5.E-02));
#2222 = DIRECTION('',(-0.,-0.,-1.));
#2223 = DIRECTION('',(1.,0.,-0.));
#2224 = DEFINITIONAL_REPRESENTATION('',(#2225),#2229);
#2225 = LINE('',#2226,#2227);
#2226 = CARTESIAN_POINT('',(-6.165946431762,-5.E-02));
#2227 = VECTOR('',#2228,1.);
#2228 = DIRECTION('',(-1.,-0.));
#2229 = ( GEOMETRIC_REPRESENTATION_CONTEXT(2) 
PARAMETRIC_REPRESENTATION_CONTEXT() REPRESENTATION_CONTEXT('2D SPACE',''
  ) );
#2230 = ORIENTED_EDGE('',*,*,#2231,.F.);
#2231 = EDGE_CURVE('',#2203,#2201,#2232,.T.);
#2232 = SURFACE_CURVE('',#2233,(#2238,#2245),.PCURVE_S1.);
#2233 = CIRCLE('',#2234,2.992207792208);
#2234 = AXIS2_PLACEMENT_3D('',#2235,#2236,#2237);
#2235 = CARTESIAN_POINT('',(20.,-0.35,0.));
#2236 = DIRECTION('',(0.,0.,1.));
#2237 = DIRECTION('',(-0.993135391263,0.116970486111,0.));
#2238 = PCURVE('',#238,#2239);
#2239 = DEFINITIONAL_REPRESENTATION('',(#2240),#2244);
#2240 = CIRCLE('',#2241,2.992207792208);
#2241 = AXIS2_PLACEMENT_2D('',#2242,#2243);
#2242 = CARTESIAN_POINT('',(48.,24.65));
#2243 = DIRECTION('',(-0.993135391263,0.116970486111));
#2244 = ( GEOMETRIC_REPRESENTATION_CONTEXT(2) 
PARAMETRIC_REPRESENTATION_CONTEXT() REPRESENTATION_CONTEXT('2D SPACE',''
  ) );
#2245 = PCURVE('',#2246,#2251);
#2246 = CONICAL_SURFACE('',#2247,3.,0.154600545431);
#2247 = AXIS2_PLACEMENT_3D('',#2248,#2249,#2250);
#2248 = CARTESIAN_POINT('',(20.,-0.35,-5.E-02));
#2249 = DIRECTION('',(-0.,-0.,-1.));
#2250 = DIRECTION('',(1.,0.,-0.));
#2251 = DEFINITIONAL_REPRESENTATION('',(#2252),#2256);
#2252 = LINE('',#2253,#2254);
#2253 = CARTESIAN_POINT('',(-3.024353778172,-5.E-02));
#2254 = VECTOR('',#2255,1.);
#2255 = DIRECTION('',(-1.,-0.));
#2256 = ( GEOMETRIC_REPRESENTATION_CONTEXT(2) 
PARAMETRIC_REPRESENTATION_CONTEXT() REPRESENTATION_CONTEXT('2D SPACE',''
  ) );
#2257 = FACE_BOUND('',#2258,.F.);
#2258 = EDGE_LOOP('',(#2259));
#2259 = ORIENTED_EDGE('',*,*,#2260,.T.);
#2260 = EDGE_CURVE('',#2261,#2261,#2263,.T.);
#2261 = VERTEX_POINT('',#2262);
#2262 = CARTESIAN_POINT('',(-22.65,17.,0.));
#2263 = SURFACE_CURVE('',#2264,(#2269,#2280),.PCURVE_S1.);
#2264 = CIRCLE('',#2265,1.65);
#2265 = AXIS2_PLACEMENT_3D('',#2266,#2267,#2268);
#2266 = CARTESIAN_POINT('',(-21.,17.,0.));
#2267 = DIRECTION('',(0.,0.,-1.));
#2268 = DIRECTION('',(-1.,0.,0.));
#2269 = PCURVE('',#238,#2270);
#2270 = DEFINITIONAL_REPRESENTATION('',(#2271),#2279);
#2271 = ( BOUNDED_CURVE() B_SPLINE_CURVE(2,(#2272,#2273,#2274,#2275,
#2276,#2277,#2278),.UNSPECIFIED.,.T.,.F.) B_SPLINE_CURVE_WITH_KNOTS((1,2
    ,2,2,2,1),(-2.094395102393,0.,2.094395102393,4.188790204786,
6.28318530718,8.377580409573),.UNSPECIFIED.) CURVE() 
GEOMETRIC_REPRESENTATION_ITEM() RATIONAL_B_SPLINE_CURVE((1.,0.5,1.,0.5,
1.,0.5,1.)) REPRESENTATION_ITEM('') );
#2272 = CARTESIAN_POINT('',(5.35,42.));
#2273 = CARTESIAN_POINT('',(5.35,44.857883832489));
#2274 = CARTESIAN_POINT('',(7.825,43.428941916244));
#2275 = CARTESIAN_POINT('',(10.3,42.));
#2276 = CARTESIAN_POINT('',(7.825,40.571058083756));
#2277 = CARTESIAN_POINT('',(5.35,39.142116167511));
#2278 = CARTESIAN_POINT('',(5.35,42.));
#2279 = ( GEOMETRIC_REPRESENTATION_CONTEXT(2) 
PARAMETRIC_REPRESENTATION_CONTEXT() REPRESENTATION_CONTEXT('2D SPACE',''
  ) );
#2280 = PCURVE('',#1103,#2281);
#2281 = DEFINITIONAL_REPRESENTATION('',(#2282),#2286);
#2282 = LINE('',#2283,#2284);
#2283 = CARTESIAN_POINT('',(0.,9.5));
#2284 = VECTOR('',#2285,1.);
#2285 = DIRECTION('',(1.,0.));
#2286 = ( GEOMETRIC_REPRESENTATION_CONTEXT(2) 
PARAMETRIC_REPRESENTATION_CONTEXT() REPRESENTATION_CONTEXT('2D SPACE',''
  ) );
#2287 = FACE_BOUND('',#2288,.F.);
#2288 = EDGE_LOOP('',(#2289,#2319,#2347,#2375));
#2289 = ORIENTED_EDGE('',*,*,#2290,.T.);
#2290 = EDGE_CURVE('',#2291,#2293,#2295,.T.);
#2291 = VERTEX_POINT('',#2292);
#2292 = CARTESIAN_POINT('',(-6.3,9.7,0.));
#2293 = VERTEX_POINT('',#2294);
#2294 = CARTESIAN_POINT('',(-6.3,22.3,0.));
#2295 = SURFACE_CURVE('',#2296,(#2300,#2307),.PCURVE_S1.);
#2296 = LINE('',#2297,#2298);
#2297 = CARTESIAN_POINT('',(-6.3,9.7,0.));
#2298 = VECTOR('',#2299,1.);
#2299 = DIRECTION('',(0.,1.,0.));
#2300 = PCURVE('',#238,#2301);
#2301 = DEFINITIONAL_REPRESENTATION('',(#2302),#2306);
#2302 = LINE('',#2303,#2304);
#2303 = CARTESIAN_POINT('',(21.7,34.7));
#2304 = VECTOR('',#2305,1.);
#2305 = DIRECTION('',(0.,1.));
#2306 = ( GEOMETRIC_REPRESENTATION_CONTEXT(2) 
PARAMETRIC_REPRESENTATION_CONTEXT() REPRESENTATION_CONTEXT('2D SPACE',''
  ) );
#2307 = PCURVE('',#2308,#2313);
#2308 = PLANE('',#2309);
#2309 = AXIS2_PLACEMENT_3D('',#2310,#2311,#2312);
#2310 = CARTESIAN_POINT('',(-6.3,9.7,0.));
#2311 = DIRECTION('',(1.,0.,0.));
#2312 = DIRECTION('',(0.,0.,1.));
#2313 = DEFINITIONAL_REPRESENTATION('',(#2314),#2318);
#2314 = LINE('',#2315,#2316);
#2315 = CARTESIAN_POINT('',(0.,0.));
#2316 = VECTOR('',#2317,1.);
#2317 = DIRECTION('',(0.,-1.));
#2318 = ( GEOMETRIC_REPRESENTATION_CONTEXT(2) 
PARAMETRIC_REPRESENTATION_CONTEXT() REPRESENTATION_CONTEXT('2D SPACE',''
  ) );
#2319 = ORIENTED_EDGE('',*,*,#2320,.T.);
#2320 = EDGE_CURVE('',#2293,#2321,#2323,.T.);
#2321 = VERTEX_POINT('',#2322);
#2322 = CARTESIAN_POINT('',(6.3,22.3,0.));
#2323 = SURFACE_CURVE('',#2324,(#2328,#2335),.PCURVE_S1.);
#2324 = LINE('',#2325,#2326);
#2325 = CARTESIAN_POINT('',(-6.3,22.3,0.));
#2326 = VECTOR('',#2327,1.);
#2327 = DIRECTION('',(1.,0.,0.));
#2328 = PCURVE('',#238,#2329);
#2329 = DEFINITIONAL_REPRESENTATION('',(#2330),#2334);
#2330 = LINE('',#2331,#2332);
#2331 = CARTESIAN_POINT('',(21.7,47.3));
#2332 = VECTOR('',#2333,1.);
#2333 = DIRECTION('',(1.,0.));
#2334 = ( GEOMETRIC_REPRESENTATION_CONTEXT(2) 
PARAMETRIC_REPRESENTATION_CONTEXT() REPRESENTATION_CONTEXT('2D SPACE',''
  ) );
#2335 = PCURVE('',#2336,#2341);
#2336 = PLANE('',#2337);
#2337 = AXIS2_PLACEMENT_3D('',#2338,#2339,#2340);
#2338 = CARTESIAN_POINT('',(-6.3,22.3,0.));
#2339 = DIRECTION('',(0.,1.,0.));
#2340 = DIRECTION('',(0.,0.,1.));
#2341 = DEFINITIONAL_REPRESENTATION('',(#2342),#2346);
#2342 = LINE('',#2343,#2344);
#2343 = CARTESIAN_POINT('',(0.,0.));
#2344 = VECTOR('',#2345,1.);
#2345 = DIRECTION('',(0.,1.));
#2346 = ( GEOMETRIC_REPRESENTATION_CONTEXT(2) 
PARAMETRIC_REPRESENTATION_CONTEXT() REPRESENTATION_CONTEXT('2D SPACE',''
  ) );
#2347 = ORIENTED_EDGE('',*,*,#2348,.F.);
#2348 = EDGE_CURVE('',#2349,#2321,#2351,.T.);
#2349 = VERTEX_POINT('',#2350);
#2350 = CARTESIAN_POINT('',(6.3,9.7,0.));
#2351 = SURFACE_CURVE('',#2352,(#2356,#2363),.PCURVE_S1.);
#2352 = LINE('',#2353,#2354);
#2353 = CARTESIAN_POINT('',(6.3,9.7,0.));
#2354 = VECTOR('',#2355,1.);
#2355 = DIRECTION('',(0.,1.,0.));
#2356 = PCURVE('',#238,#2357);
#2357 = DEFINITIONAL_REPRESENTATION('',(#2358),#2362);
#2358 = LINE('',#2359,#2360);
#2359 = CARTESIAN_POINT('',(34.3,34.7));
#2360 = VECTOR('',#2361,1.);
#2361 = DIRECTION('',(0.,1.));
#2362 = ( GEOMETRIC_REPRESENTATION_CONTEXT(2) 
PARAMETRIC_REPRESENTATION_CONTEXT() REPRESENTATION_CONTEXT('2D SPACE',''
  ) );
#2363 = PCURVE('',#2364,#2369);
#2364 = PLANE('',#2365);
#2365 = AXIS2_PLACEMENT_3D('',#2366,#2367,#2368);
#2366 = CARTESIAN_POINT('',(6.3,9.7,0.));
#2367 = DIRECTION('',(1.,0.,0.));
#2368 = DIRECTION('',(0.,0.,1.));
#2369 = DEFINITIONAL_REPRESENTATION('',(#2370),#2374);
#2370 = LINE('',#2371,#2372);
#2371 = CARTESIAN_POINT('',(0.,0.));
#2372 = VECTOR('',#2373,1.);
#2373 = DIRECTION('',(0.,-1.));
#2374 = ( GEOMETRIC_REPRESENTATION_CONTEXT(2) 
PARAMETRIC_REPRESENTATION_CONTEXT() REPRESENTATION_CONTEXT('2D SPACE',''
  ) );
#2375 = ORIENTED_EDGE('',*,*,#2376,.F.);
#2376 = EDGE_CURVE('',#2291,#2349,#2377,.T.);
#2377 = SURFACE_CURVE('',#2378,(#2382,#2389),.PCURVE_S1.);
#2378 = LINE('',#2379,#2380);
#2379 = CARTESIAN_POINT('',(-6.3,9.7,0.));
#2380 = VECTOR('',#2381,1.);
#2381 = DIRECTION('',(1.,0.,0.));
#2382 = PCURVE('',#238,#2383);
#2383 = DEFINITIONAL_REPRESENTATION('',(#2384),#2388);
#2384 = LINE('',#2385,#2386);
#2385 = CARTESIAN_POINT('',(21.7,34.7));
#2386 = VECTOR('',#2387,1.);
#2387 = DIRECTION('',(1.,0.));
#2388 = ( GEOMETRIC_REPRESENTATION_CONTEXT(2) 
PARAMETRIC_REPRESENTATION_CONTEXT() REPRESENTATION_CONTEXT('2D SPACE',''
  ) );
#2389 = PCURVE('',#2390,#2395);
#2390 = PLANE('',#2391);
#2391 = AXIS2_PLACEMENT_3D('',#2392,#2393,#2394);
#2392 = CARTESIAN_POINT('',(-6.3,9.7,0.));
#2393 = DIRECTION('',(0.,1.,0.));
#2394 = DIRECTION('',(0.,0.,1.));
#2395 = DEFINITIONAL_REPRESENTATION('',(#2396),#2400);
#2396 = LINE('',#2397,#2398);
#2397 = CARTESIAN_POINT('',(0.,0.));
#2398 = VECTOR('',#2399,1.);
#2399 = DIRECTION('',(0.,1.));
#2400 = ( GEOMETRIC_REPRESENTATION_CONTEXT(2) 
PARAMETRIC_REPRESENTATION_CONTEXT() REPRESENTATION_CONTEXT('2D SPACE',''
  ) );
#2401 = FACE_BOUND('',#2402,.F.);
#2402 = EDGE_LOOP('',(#2403));
#2403 = ORIENTED_EDGE('',*,*,#2404,.T.);
#2404 = EDGE_CURVE('',#2405,#2405,#2407,.T.);
#2405 = VERTEX_POINT('',#2406);
#2406 = CARTESIAN_POINT('',(19.35,17.,0.));
#2407 = SURFACE_CURVE('',#2408,(#2413,#2424),.PCURVE_S1.);
#2408 = CIRCLE('',#2409,1.65);
#2409 = AXIS2_PLACEMENT_3D('',#2410,#2411,#2412);
#2410 = CARTESIAN_POINT('',(21.,17.,0.));
#2411 = DIRECTION('',(0.,0.,-1.));
#2412 = DIRECTION('',(-1.,0.,0.));
#2413 = PCURVE('',#238,#2414);
#2414 = DEFINITIONAL_REPRESENTATION('',(#2415),#2423);
#2415 = ( BOUNDED_CURVE() B_SPLINE_CURVE(2,(#2416,#2417,#2418,#2419,
#2420,#2421,#2422),.UNSPECIFIED.,.T.,.F.) B_SPLINE_CURVE_WITH_KNOTS((1,2
    ,2,2,2,1),(-2.094395102393,0.,2.094395102393,4.188790204786,
6.28318530718,8.377580409573),.UNSPECIFIED.) CURVE() 
GEOMETRIC_REPRESENTATION_ITEM() RATIONAL_B_SPLINE_CURVE((1.,0.5,1.,0.5,
1.,0.5,1.)) REPRESENTATION_ITEM('') );
#2416 = CARTESIAN_POINT('',(47.35,42.));
#2417 = CARTESIAN_POINT('',(47.35,44.857883832489));
#2418 = CARTESIAN_POINT('',(49.825,43.428941916244));
#2419 = CARTESIAN_POINT('',(52.3,42.));
#2420 = CARTESIAN_POINT('',(49.825,40.571058083756));
#2421 = CARTESIAN_POINT('',(47.35,39.142116167511));
#2422 = CARTESIAN_POINT('',(47.35,42.));
#2423 = ( GEOMETRIC_REPRESENTATION_CONTEXT(2) 
PARAMETRIC_REPRESENTATION_CONTEXT() REPRESENTATION_CONTEXT('2D SPACE',''
  ) );
#2424 = PCURVE('',#1489,#2425);
#2425 = DEFINITIONAL_REPRESENTATION('',(#2426),#2430);
#2426 = LINE('',#2427,#2428);
#2427 = CARTESIAN_POINT('',(0.,9.5));
#2428 = VECTOR('',#2429,1.);
#2429 = DIRECTION('',(1.,0.));
#2430 = ( GEOMETRIC_REPRESENTATION_CONTEXT(2) 
PARAMETRIC_REPRESENTATION_CONTEXT() REPRESENTATION_CONTEXT('2D SPACE',''
  ) );
#2431 = ADVANCED_FACE('',(#2432),#210,.T.);
#2432 = FACE_BOUND('',#2433,.T.);
#2433 = EDGE_LOOP('',(#2434,#2435,#2456,#2457));
#2434 = ORIENTED_EDGE('',*,*,#1554,.T.);
#2435 = ORIENTED_EDGE('',*,*,#2436,.T.);
#2436 = EDGE_CURVE('',#1555,#281,#2437,.T.);
#2437 = SURFACE_CURVE('',#2438,(#2442,#2449),.PCURVE_S1.);
#2438 = LINE('',#2439,#2440);
#2439 = CARTESIAN_POINT('',(-24.,-25.,0.));
#2440 = VECTOR('',#2441,1.);
#2441 = DIRECTION('',(0.,0.,1.));
#2442 = PCURVE('',#210,#2443);
#2443 = DEFINITIONAL_REPRESENTATION('',(#2444),#2448);
#2444 = LINE('',#2445,#2446);
#2445 = CARTESIAN_POINT('',(1.570796326795,0.));
#2446 = VECTOR('',#2447,1.);
#2447 = DIRECTION('',(0.,1.));
#2448 = ( GEOMETRIC_REPRESENTATION_CONTEXT(2) 
PARAMETRIC_REPRESENTATION_CONTEXT() REPRESENTATION_CONTEXT('2D SPACE',''
  ) );
#2449 = PCURVE('',#320,#2450);
#2450 = DEFINITIONAL_REPRESENTATION('',(#2451),#2455);
#2451 = LINE('',#2452,#2453);
#2452 = CARTESIAN_POINT('',(0.,4.));
#2453 = VECTOR('',#2454,1.);
#2454 = DIRECTION('',(1.,0.));
#2455 = ( GEOMETRIC_REPRESENTATION_CONTEXT(2) 
PARAMETRIC_REPRESENTATION_CONTEXT() REPRESENTATION_CONTEXT('2D SPACE',''
  ) );
#2456 = ORIENTED_EDGE('',*,*,#280,.F.);
#2457 = ORIENTED_EDGE('',*,*,#194,.F.);
#2458 = ADVANCED_FACE('',(#2459),#320,.F.);
#2459 = FACE_BOUND('',#2460,.F.);
#2460 = EDGE_LOOP('',(#2461,#2462,#2463,#2464));
#2461 = ORIENTED_EDGE('',*,*,#1578,.F.);
#2462 = ORIENTED_EDGE('',*,*,#2436,.T.);
#2463 = ORIENTED_EDGE('',*,*,#304,.T.);
#2464 = ORIENTED_EDGE('',*,*,#2465,.F.);
#2465 = EDGE_CURVE('',#1579,#305,#2466,.T.);
#2466 = SURFACE_CURVE('',#2467,(#2471,#2478),.PCURVE_S1.);
#2467 = LINE('',#2468,#2469);
#2468 = CARTESIAN_POINT('',(24.,-25.,0.));
#2469 = VECTOR('',#2470,1.);
#2470 = DIRECTION('',(0.,0.,1.));
#2471 = PCURVE('',#320,#2472);
#2472 = DEFINITIONAL_REPRESENTATION('',(#2473),#2477);
#2473 = LINE('',#2474,#2475);
#2474 = CARTESIAN_POINT('',(0.,52.));
#2475 = VECTOR('',#2476,1.);
#2476 = DIRECTION('',(1.,0.));
#2477 = ( GEOMETRIC_REPRESENTATION_CONTEXT(2) 
PARAMETRIC_REPRESENTATION_CONTEXT() REPRESENTATION_CONTEXT('2D SPACE',''
  ) );
#2478 = PCURVE('',#353,#2479);
#2479 = DEFINITIONAL_REPRESENTATION('',(#2480),#2484);
#2480 = LINE('',#2481,#2482);
#2481 = CARTESIAN_POINT('',(-1.570796326795,0.));
#2482 = VECTOR('',#2483,1.);
#2483 = DIRECTION('',(-0.,1.));
#2484 = ( GEOMETRIC_REPRESENTATION_CONTEXT(2) 
PARAMETRIC_REPRESENTATION_CONTEXT() REPRESENTATION_CONTEXT('2D SPACE',''
  ) );
#2485 = ADVANCED_FACE('',(#2486),#555,.F.);
#2486 = FACE_BOUND('',#2487,.F.);
#2487 = EDGE_LOOP('',(#2488,#2489,#2490,#2511));
#2488 = ORIENTED_EDGE('',*,*,#1527,.F.);
#2489 = ORIENTED_EDGE('',*,*,#1773,.T.);
#2490 = ORIENTED_EDGE('',*,*,#2491,.T.);
#2491 = EDGE_CURVE('',#1751,#512,#2492,.T.);
#2492 = SURFACE_CURVE('',#2493,(#2497,#2504),.PCURVE_S1.);
#2493 = LINE('',#2494,#2495);
#2494 = CARTESIAN_POINT('',(-36.,12.,0.));
#2495 = VECTOR('',#2496,1.);
#2496 = DIRECTION('',(0.,0.,1.));
#2497 = PCURVE('',#555,#2498);
#2498 = DEFINITIONAL_REPRESENTATION('',(#2499),#2503);
#2499 = LINE('',#2500,#2501);
#2500 = CARTESIAN_POINT('',(0.,-24.));
#2501 = VECTOR('',#2502,1.);
#2502 = DIRECTION('',(1.,0.));
#2503 = ( GEOMETRIC_REPRESENTATION_CONTEXT(2) 
PARAMETRIC_REPRESENTATION_CONTEXT() REPRESENTATION_CONTEXT('2D SPACE',''
  ) );
#2504 = PCURVE('',#527,#2505);
#2505 = DEFINITIONAL_REPRESENTATION('',(#2506),#2510);
#2506 = LINE('',#2507,#2508);
#2507 = CARTESIAN_POINT('',(0.,0.));
#2508 = VECTOR('',#2509,1.);
#2509 = DIRECTION('',(1.,0.));
#2510 = ( GEOMETRIC_REPRESENTATION_CONTEXT(2) 
PARAMETRIC_REPRESENTATION_CONTEXT() REPRESENTATION_CONTEXT('2D SPACE',''
  ) );
#2511 = ORIENTED_EDGE('',*,*,#539,.F.);
#2512 = ADVANCED_FACE('',(#2513),#353,.T.);
#2513 = FACE_BOUND('',#2514,.F.);
#2514 = EDGE_LOOP('',(#2515,#2516,#2517,#2518));
#2515 = ORIENTED_EDGE('',*,*,#1601,.T.);
#2516 = ORIENTED_EDGE('',*,*,#2465,.T.);
#2517 = ORIENTED_EDGE('',*,*,#332,.F.);
#2518 = ORIENTED_EDGE('',*,*,#2519,.F.);
#2519 = EDGE_CURVE('',#1602,#333,#2520,.T.);
#2520 = SURFACE_CURVE('',#2521,(#2525,#2532),.PCURVE_S1.);
#2521 = LINE('',#2522,#2523);
#2522 = CARTESIAN_POINT('',(28.,-21.,0.));
#2523 = VECTOR('',#2524,1.);
#2524 = DIRECTION('',(0.,0.,1.));
#2525 = PCURVE('',#353,#2526);
#2526 = DEFINITIONAL_REPRESENTATION('',(#2527),#2531);
#2527 = LINE('',#2528,#2529);
#2528 = CARTESIAN_POINT('',(-0.,0.));
#2529 = VECTOR('',#2530,1.);
#2530 = DIRECTION('',(-0.,1.));
#2531 = ( GEOMETRIC_REPRESENTATION_CONTEXT(2) 
PARAMETRIC_REPRESENTATION_CONTEXT() REPRESENTATION_CONTEXT('2D SPACE',''
  ) );
#2532 = PCURVE('',#381,#2533);
#2533 = DEFINITIONAL_REPRESENTATION('',(#2534),#2538);
#2534 = LINE('',#2535,#2536);
#2535 = CARTESIAN_POINT('',(0.,-4.));
#2536 = VECTOR('',#2537,1.);
#2537 = DIRECTION('',(1.,0.));
#2538 = ( GEOMETRIC_REPRESENTATION_CONTEXT(2) 
PARAMETRIC_REPRESENTATION_CONTEXT() REPRESENTATION_CONTEXT('2D SPACE',''
  ) );
#2539 = ADVANCED_FACE('',(#2540),#527,.T.);
#2540 = FACE_BOUND('',#2541,.T.);
#2541 = EDGE_LOOP('',(#2542,#2543,#2544,#2545));
#2542 = ORIENTED_EDGE('',*,*,#1750,.F.);
#2543 = ORIENTED_EDGE('',*,*,#2491,.T.);
#2544 = ORIENTED_EDGE('',*,*,#511,.T.);
#2545 = ORIENTED_EDGE('',*,*,#2546,.F.);
#2546 = EDGE_CURVE('',#1728,#484,#2547,.T.);
#2547 = SURFACE_CURVE('',#2548,(#2552,#2559),.PCURVE_S1.);
#2548 = LINE('',#2549,#2550);
#2549 = CARTESIAN_POINT('',(-28.,12.,0.));
#2550 = VECTOR('',#2551,1.);
#2551 = DIRECTION('',(0.,0.,1.));
#2552 = PCURVE('',#527,#2553);
#2553 = DEFINITIONAL_REPRESENTATION('',(#2554),#2558);
#2554 = LINE('',#2555,#2556);
#2555 = CARTESIAN_POINT('',(0.,8.));
#2556 = VECTOR('',#2557,1.);
#2557 = DIRECTION('',(1.,0.));
#2558 = ( GEOMETRIC_REPRESENTATION_CONTEXT(2) 
PARAMETRIC_REPRESENTATION_CONTEXT() REPRESENTATION_CONTEXT('2D SPACE',''
  ) );
#2559 = PCURVE('',#499,#2560);
#2560 = DEFINITIONAL_REPRESENTATION('',(#2561),#2565);
#2561 = LINE('',#2562,#2563);
#2562 = CARTESIAN_POINT('',(0.,-37.));
#2563 = VECTOR('',#2564,1.);
#2564 = DIRECTION('',(1.,0.));
#2565 = ( GEOMETRIC_REPRESENTATION_CONTEXT(2) 
PARAMETRIC_REPRESENTATION_CONTEXT() REPRESENTATION_CONTEXT('2D SPACE',''
  ) );
#2566 = ADVANCED_FACE('',(#2567),#381,.T.);
#2567 = FACE_BOUND('',#2568,.T.);
#2568 = EDGE_LOOP('',(#2569,#2570,#2571,#2572));
#2569 = ORIENTED_EDGE('',*,*,#365,.F.);
#2570 = ORIENTED_EDGE('',*,*,#2519,.F.);
#2571 = ORIENTED_EDGE('',*,*,#1629,.T.);
#2572 = ORIENTED_EDGE('',*,*,#2573,.T.);
#2573 = EDGE_CURVE('',#1630,#366,#2574,.T.);
#2574 = SURFACE_CURVE('',#2575,(#2579,#2586),.PCURVE_S1.);
#2575 = LINE('',#2576,#2577);
#2576 = CARTESIAN_POINT('',(28.,21.,0.));
#2577 = VECTOR('',#2578,1.);
#2578 = DIRECTION('',(0.,0.,1.));
#2579 = PCURVE('',#381,#2580);
#2580 = DEFINITIONAL_REPRESENTATION('',(#2581),#2585);
#2581 = LINE('',#2582,#2583);
#2582 = CARTESIAN_POINT('',(0.,-46.));
#2583 = VECTOR('',#2584,1.);
#2584 = DIRECTION('',(1.,0.));
#2585 = ( GEOMETRIC_REPRESENTATION_CONTEXT(2) 
PARAMETRIC_REPRESENTATION_CONTEXT() REPRESENTATION_CONTEXT('2D SPACE',''
  ) );
#2586 = PCURVE('',#410,#2587);
#2587 = DEFINITIONAL_REPRESENTATION('',(#2588),#2592);
#2588 = LINE('',#2589,#2590);
#2589 = CARTESIAN_POINT('',(0.,0.));
#2590 = VECTOR('',#2591,1.);
#2591 = DIRECTION('',(0.,1.));
#2592 = ( GEOMETRIC_REPRESENTATION_CONTEXT(2) 
PARAMETRIC_REPRESENTATION_CONTEXT() REPRESENTATION_CONTEXT('2D SPACE',''
  ) );
#2593 = ADVANCED_FACE('',(#2594),#499,.F.);
#2594 = FACE_BOUND('',#2595,.F.);
#2595 = EDGE_LOOP('',(#2596,#2597,#2598,#2599));
#2596 = ORIENTED_EDGE('',*,*,#483,.F.);
#2597 = ORIENTED_EDGE('',*,*,#2546,.F.);
#2598 = ORIENTED_EDGE('',*,*,#1727,.T.);
#2599 = ORIENTED_EDGE('',*,*,#2600,.T.);
#2600 = EDGE_CURVE('',#1700,#451,#2601,.T.);
#2601 = SURFACE_CURVE('',#2602,(#2606,#2613),.PCURVE_S1.);
#2602 = LINE('',#2603,#2604);
#2603 = CARTESIAN_POINT('',(-28.,21.,0.));
#2604 = VECTOR('',#2605,1.);
#2605 = DIRECTION('',(0.,0.,1.));
#2606 = PCURVE('',#499,#2607);
#2607 = DEFINITIONAL_REPRESENTATION('',(#2608),#2612);
#2608 = LINE('',#2609,#2610);
#2609 = CARTESIAN_POINT('',(0.,-46.));
#2610 = VECTOR('',#2611,1.);
#2611 = DIRECTION('',(1.,0.));
#2612 = ( GEOMETRIC_REPRESENTATION_CONTEXT(2) 
PARAMETRIC_REPRESENTATION_CONTEXT() REPRESENTATION_CONTEXT('2D SPACE',''
  ) );
#2613 = PCURVE('',#471,#2614);
#2614 = DEFINITIONAL_REPRESENTATION('',(#2615),#2619);
#2615 = LINE('',#2616,#2617);
#2616 = CARTESIAN_POINT('',(-0.,0.));
#2617 = VECTOR('',#2618,1.);
#2618 = DIRECTION('',(-0.,1.));
#2619 = ( GEOMETRIC_REPRESENTATION_CONTEXT(2) 
PARAMETRIC_REPRESENTATION_CONTEXT() REPRESENTATION_CONTEXT('2D SPACE',''
  ) );
#2620 = ADVANCED_FACE('',(#2621),#410,.T.);
#2621 = FACE_BOUND('',#2622,.T.);
#2622 = EDGE_LOOP('',(#2623,#2624,#2645,#2646));
#2623 = ORIENTED_EDGE('',*,*,#1652,.T.);
#2624 = ORIENTED_EDGE('',*,*,#2625,.T.);
#2625 = EDGE_CURVE('',#1653,#394,#2626,.T.);
#2626 = SURFACE_CURVE('',#2627,(#2631,#2638),.PCURVE_S1.);
#2627 = LINE('',#2628,#2629);
#2628 = CARTESIAN_POINT('',(24.,25.,0.));
#2629 = VECTOR('',#2630,1.);
#2630 = DIRECTION('',(0.,0.,1.));
#2631 = PCURVE('',#410,#2632);
#2632 = DEFINITIONAL_REPRESENTATION('',(#2633),#2637);
#2633 = LINE('',#2634,#2635);
#2634 = CARTESIAN_POINT('',(1.570796326795,0.));
#2635 = VECTOR('',#2636,1.);
#2636 = DIRECTION('',(0.,1.));
#2637 = ( GEOMETRIC_REPRESENTATION_CONTEXT(2) 
PARAMETRIC_REPRESENTATION_CONTEXT() REPRESENTATION_CONTEXT('2D SPACE',''
  ) );
#2638 = PCURVE('',#438,#2639);
#2639 = DEFINITIONAL_REPRESENTATION('',(#2640),#2644);
#2640 = LINE('',#2641,#2642);
#2641 = CARTESIAN_POINT('',(0.,52.));
#2642 = VECTOR('',#2643,1.);
#2643 = DIRECTION('',(1.,0.));
#2644 = ( GEOMETRIC_REPRESENTATION_CONTEXT(2) 
PARAMETRIC_REPRESENTATION_CONTEXT() REPRESENTATION_CONTEXT('2D SPACE',''
  ) );
#2645 = ORIENTED_EDGE('',*,*,#393,.F.);
#2646 = ORIENTED_EDGE('',*,*,#2573,.F.);
#2647 = ADVANCED_FACE('',(#2648),#471,.T.);
#2648 = FACE_BOUND('',#2649,.F.);
#2649 = EDGE_LOOP('',(#2650,#2651,#2672,#2673));
#2650 = ORIENTED_EDGE('',*,*,#1699,.T.);
#2651 = ORIENTED_EDGE('',*,*,#2652,.T.);
#2652 = EDGE_CURVE('',#1677,#423,#2653,.T.);
#2653 = SURFACE_CURVE('',#2654,(#2658,#2665),.PCURVE_S1.);
#2654 = LINE('',#2655,#2656);
#2655 = CARTESIAN_POINT('',(-24.,25.,0.));
#2656 = VECTOR('',#2657,1.);
#2657 = DIRECTION('',(0.,0.,1.));
#2658 = PCURVE('',#471,#2659);
#2659 = DEFINITIONAL_REPRESENTATION('',(#2660),#2664);
#2660 = LINE('',#2661,#2662);
#2661 = CARTESIAN_POINT('',(-1.570796326795,0.));
#2662 = VECTOR('',#2663,1.);
#2663 = DIRECTION('',(-0.,1.));
#2664 = ( GEOMETRIC_REPRESENTATION_CONTEXT(2) 
PARAMETRIC_REPRESENTATION_CONTEXT() REPRESENTATION_CONTEXT('2D SPACE',''
  ) );
#2665 = PCURVE('',#438,#2666);
#2666 = DEFINITIONAL_REPRESENTATION('',(#2667),#2671);
#2667 = LINE('',#2668,#2669);
#2668 = CARTESIAN_POINT('',(0.,4.));
#2669 = VECTOR('',#2670,1.);
#2670 = DIRECTION('',(1.,0.));
#2671 = ( GEOMETRIC_REPRESENTATION_CONTEXT(2) 
PARAMETRIC_REPRESENTATION_CONTEXT() REPRESENTATION_CONTEXT('2D SPACE',''
  ) );
#2672 = ORIENTED_EDGE('',*,*,#450,.F.);
#2673 = ORIENTED_EDGE('',*,*,#2600,.F.);
#2674 = ADVANCED_FACE('',(#2675),#438,.T.);
#2675 = FACE_BOUND('',#2676,.T.);
#2676 = EDGE_LOOP('',(#2677,#2678,#2679,#2680));
#2677 = ORIENTED_EDGE('',*,*,#1676,.F.);
#2678 = ORIENTED_EDGE('',*,*,#2652,.T.);
#2679 = ORIENTED_EDGE('',*,*,#422,.T.);
#2680 = ORIENTED_EDGE('',*,*,#2625,.F.);
#2681 = ADVANCED_FACE('',(#2682),#611,.F.);
#2682 = FACE_BOUND('',#2683,.F.);
#2683 = EDGE_LOOP('',(#2684,#2685,#2706,#2707));
#2684 = ORIENTED_EDGE('',*,*,#1797,.F.);
#2685 = ORIENTED_EDGE('',*,*,#2686,.F.);
#2686 = EDGE_CURVE('',#591,#1798,#2687,.T.);
#2687 = SEAM_CURVE('',#2688,(#2692,#2699),.PCURVE_S1.);
#2688 = LINE('',#2689,#2690);
#2689 = CARTESIAN_POINT('',(-22.65,-17.,9.5));
#2690 = VECTOR('',#2691,1.);
#2691 = DIRECTION('',(0.,0.,-1.));
#2692 = PCURVE('',#611,#2693);
#2693 = DEFINITIONAL_REPRESENTATION('',(#2694),#2698);
#2694 = LINE('',#2695,#2696);
#2695 = CARTESIAN_POINT('',(6.28318530718,-0.));
#2696 = VECTOR('',#2697,1.);
#2697 = DIRECTION('',(0.,1.));
#2698 = ( GEOMETRIC_REPRESENTATION_CONTEXT(2) 
PARAMETRIC_REPRESENTATION_CONTEXT() REPRESENTATION_CONTEXT('2D SPACE',''
  ) );
#2699 = PCURVE('',#611,#2700);
#2700 = DEFINITIONAL_REPRESENTATION('',(#2701),#2705);
#2701 = LINE('',#2702,#2703);
#2702 = CARTESIAN_POINT('',(0.,-0.));
#2703 = VECTOR('',#2704,1.);
#2704 = DIRECTION('',(0.,1.));
#2705 = ( GEOMETRIC_REPRESENTATION_CONTEXT(2) 
PARAMETRIC_REPRESENTATION_CONTEXT() REPRESENTATION_CONTEXT('2D SPACE',''
  ) );
#2706 = ORIENTED_EDGE('',*,*,#590,.T.);
#2707 = ORIENTED_EDGE('',*,*,#2686,.T.);
#2708 = ADVANCED_FACE('',(#2709),#642,.T.);
#2709 = FACE_BOUND('',#2710,.T.);
#2710 = EDGE_LOOP('',(#2711,#2741,#2762,#2763));
#2711 = ORIENTED_EDGE('',*,*,#2712,.F.);
#2712 = EDGE_CURVE('',#2713,#2715,#2717,.T.);
#2713 = VERTEX_POINT('',#2714);
#2714 = CARTESIAN_POINT('',(2.396003617094,-11.85000000007,5.45));
#2715 = VERTEX_POINT('',#2716);
#2716 = CARTESIAN_POINT('',(-2.396003617094,-11.85000000007,5.45));
#2717 = SURFACE_CURVE('',#2718,(#2722,#2729),.PCURVE_S1.);
#2718 = LINE('',#2719,#2720);
#2719 = CARTESIAN_POINT('',(2.396003617094,-11.85000000007,5.45));
#2720 = VECTOR('',#2721,1.);
#2721 = DIRECTION('',(-1.,1.853458011005E-16,0.));
#2722 = PCURVE('',#642,#2723);
#2723 = DEFINITIONAL_REPRESENTATION('',(#2724),#2728);
#2724 = LINE('',#2725,#2726);
#2725 = CARTESIAN_POINT('',(0.,0.));
#2726 = VECTOR('',#2727,1.);
#2727 = DIRECTION('',(1.,0.));
#2728 = ( GEOMETRIC_REPRESENTATION_CONTEXT(2) 
PARAMETRIC_REPRESENTATION_CONTEXT() REPRESENTATION_CONTEXT('2D SPACE',''
  ) );
#2729 = PCURVE('',#2730,#2735);
#2730 = PLANE('',#2731);
#2731 = AXIS2_PLACEMENT_3D('',#2732,#2733,#2734);
#2732 = CARTESIAN_POINT('',(1.853458011005E-16,-16.,5.45));
#2733 = DIRECTION('',(0.,0.,1.));
#2734 = DIRECTION('',(1.,0.,-0.));
#2735 = DEFINITIONAL_REPRESENTATION('',(#2736),#2740);
#2736 = LINE('',#2737,#2738);
#2737 = CARTESIAN_POINT('',(2.396003617094,4.149999999925));
#2738 = VECTOR('',#2739,1.);
#2739 = DIRECTION('',(-1.,1.853458011005E-16));
#2740 = ( GEOMETRIC_REPRESENTATION_CONTEXT(2) 
PARAMETRIC_REPRESENTATION_CONTEXT() REPRESENTATION_CONTEXT('2D SPACE',''
  ) );
#2741 = ORIENTED_EDGE('',*,*,#2742,.T.);
#2742 = EDGE_CURVE('',#2713,#628,#2743,.T.);
#2743 = SURFACE_CURVE('',#2744,(#2748,#2755),.PCURVE_S1.);
#2744 = LINE('',#2745,#2746);
#2745 = CARTESIAN_POINT('',(2.396003617094,-11.85000000007,5.45));
#2746 = VECTOR('',#2747,1.);
#2747 = DIRECTION('',(0.,0.,1.));
#2748 = PCURVE('',#642,#2749);
#2749 = DEFINITIONAL_REPRESENTATION('',(#2750),#2754);
#2750 = LINE('',#2751,#2752);
#2751 = CARTESIAN_POINT('',(0.,0.));
#2752 = VECTOR('',#2753,1.);
#2753 = DIRECTION('',(0.,-1.));
#2754 = ( GEOMETRIC_REPRESENTATION_CONTEXT(2) 
PARAMETRIC_REPRESENTATION_CONTEXT() REPRESENTATION_CONTEXT('2D SPACE',''
  ) );
#2755 = PCURVE('',#668,#2756);
#2756 = DEFINITIONAL_REPRESENTATION('',(#2757),#2761);
#2757 = LINE('',#2758,#2759);
#2758 = CARTESIAN_POINT('',(4.792007234188,0.));
#2759 = VECTOR('',#2760,1.);
#2760 = DIRECTION('',(0.,-1.));
#2761 = ( GEOMETRIC_REPRESENTATION_CONTEXT(2) 
PARAMETRIC_REPRESENTATION_CONTEXT() REPRESENTATION_CONTEXT('2D SPACE',''
  ) );
#2762 = ORIENTED_EDGE('',*,*,#625,.F.);
#2763 = ORIENTED_EDGE('',*,*,#2764,.F.);
#2764 = EDGE_CURVE('',#2715,#626,#2765,.T.);
#2765 = SURFACE_CURVE('',#2766,(#2770,#2777),.PCURVE_S1.);
#2766 = LINE('',#2767,#2768);
#2767 = CARTESIAN_POINT('',(-2.396003617094,-11.85000000007,5.45));
#2768 = VECTOR('',#2769,1.);
#2769 = DIRECTION('',(0.,0.,1.));
#2770 = PCURVE('',#642,#2771);
#2771 = DEFINITIONAL_REPRESENTATION('',(#2772),#2776);
#2772 = LINE('',#2773,#2774);
#2773 = CARTESIAN_POINT('',(4.792007234188,0.));
#2774 = VECTOR('',#2775,1.);
#2775 = DIRECTION('',(0.,-1.));
#2776 = ( GEOMETRIC_REPRESENTATION_CONTEXT(2) 
PARAMETRIC_REPRESENTATION_CONTEXT() REPRESENTATION_CONTEXT('2D SPACE',''
  ) );
#2777 = PCURVE('',#770,#2778);
#2778 = DEFINITIONAL_REPRESENTATION('',(#2779),#2783);
#2779 = LINE('',#2780,#2781);
#2780 = CARTESIAN_POINT('',(0.,0.));
#2781 = VECTOR('',#2782,1.);
#2782 = DIRECTION('',(0.,-1.));
#2783 = ( GEOMETRIC_REPRESENTATION_CONTEXT(2) 
PARAMETRIC_REPRESENTATION_CONTEXT() REPRESENTATION_CONTEXT('2D SPACE',''
  ) );
#2784 = ADVANCED_FACE('',(#2785),#770,.T.);
#2785 = FACE_BOUND('',#2786,.T.);
#2786 = EDGE_LOOP('',(#2787,#2810,#2811,#2812));
#2787 = ORIENTED_EDGE('',*,*,#2788,.F.);
#2788 = EDGE_CURVE('',#2715,#2789,#2791,.T.);
#2789 = VERTEX_POINT('',#2790);
#2790 = CARTESIAN_POINT('',(-4.792007234188,-16.,5.45));
#2791 = SURFACE_CURVE('',#2792,(#2796,#2803),.PCURVE_S1.);
#2792 = LINE('',#2793,#2794);
#2793 = CARTESIAN_POINT('',(-2.396003617094,-11.85000000007,5.45));
#2794 = VECTOR('',#2795,1.);
#2795 = DIRECTION('',(-0.5,-0.866025403784,0.));
#2796 = PCURVE('',#770,#2797);
#2797 = DEFINITIONAL_REPRESENTATION('',(#2798),#2802);
#2798 = LINE('',#2799,#2800);
#2799 = CARTESIAN_POINT('',(0.,0.));
#2800 = VECTOR('',#2801,1.);
#2801 = DIRECTION('',(1.,0.));
#2802 = ( GEOMETRIC_REPRESENTATION_CONTEXT(2) 
PARAMETRIC_REPRESENTATION_CONTEXT() REPRESENTATION_CONTEXT('2D SPACE',''
  ) );
#2803 = PCURVE('',#2730,#2804);
#2804 = DEFINITIONAL_REPRESENTATION('',(#2805),#2809);
#2805 = LINE('',#2806,#2807);
#2806 = CARTESIAN_POINT('',(-2.396003617094,4.149999999925));
#2807 = VECTOR('',#2808,1.);
#2808 = DIRECTION('',(-0.5,-0.866025403784));
#2809 = ( GEOMETRIC_REPRESENTATION_CONTEXT(2) 
PARAMETRIC_REPRESENTATION_CONTEXT() REPRESENTATION_CONTEXT('2D SPACE',''
  ) );
#2810 = ORIENTED_EDGE('',*,*,#2764,.T.);
#2811 = ORIENTED_EDGE('',*,*,#757,.F.);
#2812 = ORIENTED_EDGE('',*,*,#2813,.F.);
#2813 = EDGE_CURVE('',#2789,#732,#2814,.T.);
#2814 = SURFACE_CURVE('',#2815,(#2819,#2826),.PCURVE_S1.);
#2815 = LINE('',#2816,#2817);
#2816 = CARTESIAN_POINT('',(-4.792007234188,-16.,5.45));
#2817 = VECTOR('',#2818,1.);
#2818 = DIRECTION('',(0.,0.,1.));
#2819 = PCURVE('',#770,#2820);
#2820 = DEFINITIONAL_REPRESENTATION('',(#2821),#2825);
#2821 = LINE('',#2822,#2823);
#2822 = CARTESIAN_POINT('',(4.792007234188,0.));
#2823 = VECTOR('',#2824,1.);
#2824 = DIRECTION('',(0.,-1.));
#2825 = ( GEOMETRIC_REPRESENTATION_CONTEXT(2) 
PARAMETRIC_REPRESENTATION_CONTEXT() REPRESENTATION_CONTEXT('2D SPACE',''
  ) );
#2826 = PCURVE('',#746,#2827);
#2827 = DEFINITIONAL_REPRESENTATION('',(#2828),#2832);
#2828 = LINE('',#2829,#2830);
#2829 = CARTESIAN_POINT('',(0.,0.));
#2830 = VECTOR('',#2831,1.);
#2831 = DIRECTION('',(0.,-1.));
#2832 = ( GEOMETRIC_REPRESENTATION_CONTEXT(2) 
PARAMETRIC_REPRESENTATION_CONTEXT() REPRESENTATION_CONTEXT('2D SPACE',''
  ) );
#2833 = ADVANCED_FACE('',(#2834),#668,.T.);
#2834 = FACE_BOUND('',#2835,.T.);
#2835 = EDGE_LOOP('',(#2836,#2859,#2880,#2881));
#2836 = ORIENTED_EDGE('',*,*,#2837,.F.);
#2837 = EDGE_CURVE('',#2838,#2713,#2840,.T.);
#2838 = VERTEX_POINT('',#2839);
#2839 = CARTESIAN_POINT('',(4.792007234188,-16.,5.45));
#2840 = SURFACE_CURVE('',#2841,(#2845,#2852),.PCURVE_S1.);
#2841 = LINE('',#2842,#2843);
#2842 = CARTESIAN_POINT('',(4.792007234188,-16.,5.45));
#2843 = VECTOR('',#2844,1.);
#2844 = DIRECTION('',(-0.5,0.866025403784,0.));
#2845 = PCURVE('',#668,#2846);
#2846 = DEFINITIONAL_REPRESENTATION('',(#2847),#2851);
#2847 = LINE('',#2848,#2849);
#2848 = CARTESIAN_POINT('',(0.,0.));
#2849 = VECTOR('',#2850,1.);
#2850 = DIRECTION('',(1.,0.));
#2851 = ( GEOMETRIC_REPRESENTATION_CONTEXT(2) 
PARAMETRIC_REPRESENTATION_CONTEXT() REPRESENTATION_CONTEXT('2D SPACE',''
  ) );
#2852 = PCURVE('',#2730,#2853);
#2853 = DEFINITIONAL_REPRESENTATION('',(#2854),#2858);
#2854 = LINE('',#2855,#2856);
#2855 = CARTESIAN_POINT('',(4.792007234188,0.));
#2856 = VECTOR('',#2857,1.);
#2857 = DIRECTION('',(-0.5,0.866025403784));
#2858 = ( GEOMETRIC_REPRESENTATION_CONTEXT(2) 
PARAMETRIC_REPRESENTATION_CONTEXT() REPRESENTATION_CONTEXT('2D SPACE',''
  ) );
#2859 = ORIENTED_EDGE('',*,*,#2860,.T.);
#2860 = EDGE_CURVE('',#2838,#654,#2861,.T.);
#2861 = SURFACE_CURVE('',#2862,(#2866,#2873),.PCURVE_S1.);
#2862 = LINE('',#2863,#2864);
#2863 = CARTESIAN_POINT('',(4.792007234188,-16.,5.45));
#2864 = VECTOR('',#2865,1.);
#2865 = DIRECTION('',(0.,0.,1.));
#2866 = PCURVE('',#668,#2867);
#2867 = DEFINITIONAL_REPRESENTATION('',(#2868),#2872);
#2868 = LINE('',#2869,#2870);
#2869 = CARTESIAN_POINT('',(0.,0.));
#2870 = VECTOR('',#2871,1.);
#2871 = DIRECTION('',(0.,-1.));
#2872 = ( GEOMETRIC_REPRESENTATION_CONTEXT(2) 
PARAMETRIC_REPRESENTATION_CONTEXT() REPRESENTATION_CONTEXT('2D SPACE',''
  ) );
#2873 = PCURVE('',#694,#2874);
#2874 = DEFINITIONAL_REPRESENTATION('',(#2875),#2879);
#2875 = LINE('',#2876,#2877);
#2876 = CARTESIAN_POINT('',(4.792007234188,0.));
#2877 = VECTOR('',#2878,1.);
#2878 = DIRECTION('',(0.,-1.));
#2879 = ( GEOMETRIC_REPRESENTATION_CONTEXT(2) 
PARAMETRIC_REPRESENTATION_CONTEXT() REPRESENTATION_CONTEXT('2D SPACE',''
  ) );
#2880 = ORIENTED_EDGE('',*,*,#653,.F.);
#2881 = ORIENTED_EDGE('',*,*,#2742,.F.);
#2882 = ADVANCED_FACE('',(#2883),#746,.T.);
#2883 = FACE_BOUND('',#2884,.T.);
#2884 = EDGE_LOOP('',(#2885,#2908,#2909,#2910));
#2885 = ORIENTED_EDGE('',*,*,#2886,.F.);
#2886 = EDGE_CURVE('',#2789,#2887,#2889,.T.);
#2887 = VERTEX_POINT('',#2888);
#2888 = CARTESIAN_POINT('',(-2.396003617094,-20.14999999992,5.45));
#2889 = SURFACE_CURVE('',#2890,(#2894,#2901),.PCURVE_S1.);
#2890 = LINE('',#2891,#2892);
#2891 = CARTESIAN_POINT('',(-4.792007234188,-16.,5.45));
#2892 = VECTOR('',#2893,1.);
#2893 = DIRECTION('',(0.5,-0.866025403784,0.));
#2894 = PCURVE('',#746,#2895);
#2895 = DEFINITIONAL_REPRESENTATION('',(#2896),#2900);
#2896 = LINE('',#2897,#2898);
#2897 = CARTESIAN_POINT('',(0.,0.));
#2898 = VECTOR('',#2899,1.);
#2899 = DIRECTION('',(1.,0.));
#2900 = ( GEOMETRIC_REPRESENTATION_CONTEXT(2) 
PARAMETRIC_REPRESENTATION_CONTEXT() REPRESENTATION_CONTEXT('2D SPACE',''
  ) );
#2901 = PCURVE('',#2730,#2902);
#2902 = DEFINITIONAL_REPRESENTATION('',(#2903),#2907);
#2903 = LINE('',#2904,#2905);
#2904 = CARTESIAN_POINT('',(-4.792007234188,0.));
#2905 = VECTOR('',#2906,1.);
#2906 = DIRECTION('',(0.5,-0.866025403784));
#2907 = ( GEOMETRIC_REPRESENTATION_CONTEXT(2) 
PARAMETRIC_REPRESENTATION_CONTEXT() REPRESENTATION_CONTEXT('2D SPACE',''
  ) );
#2908 = ORIENTED_EDGE('',*,*,#2813,.T.);
#2909 = ORIENTED_EDGE('',*,*,#731,.F.);
#2910 = ORIENTED_EDGE('',*,*,#2911,.F.);
#2911 = EDGE_CURVE('',#2887,#706,#2912,.T.);
#2912 = SURFACE_CURVE('',#2913,(#2917,#2924),.PCURVE_S1.);
#2913 = LINE('',#2914,#2915);
#2914 = CARTESIAN_POINT('',(-2.396003617094,-20.14999999992,5.45));
#2915 = VECTOR('',#2916,1.);
#2916 = DIRECTION('',(0.,0.,1.));
#2917 = PCURVE('',#746,#2918);
#2918 = DEFINITIONAL_REPRESENTATION('',(#2919),#2923);
#2919 = LINE('',#2920,#2921);
#2920 = CARTESIAN_POINT('',(4.792007234188,0.));
#2921 = VECTOR('',#2922,1.);
#2922 = DIRECTION('',(0.,-1.));
#2923 = ( GEOMETRIC_REPRESENTATION_CONTEXT(2) 
PARAMETRIC_REPRESENTATION_CONTEXT() REPRESENTATION_CONTEXT('2D SPACE',''
  ) );
#2924 = PCURVE('',#720,#2925);
#2925 = DEFINITIONAL_REPRESENTATION('',(#2926),#2930);
#2926 = LINE('',#2927,#2928);
#2927 = CARTESIAN_POINT('',(0.,0.));
#2928 = VECTOR('',#2929,1.);
#2929 = DIRECTION('',(0.,-1.));
#2930 = ( GEOMETRIC_REPRESENTATION_CONTEXT(2) 
PARAMETRIC_REPRESENTATION_CONTEXT() REPRESENTATION_CONTEXT('2D SPACE',''
  ) );
#2931 = ADVANCED_FACE('',(#2932),#694,.T.);
#2932 = FACE_BOUND('',#2933,.T.);
#2933 = EDGE_LOOP('',(#2934,#2957,#2978,#2979));
#2934 = ORIENTED_EDGE('',*,*,#2935,.F.);
#2935 = EDGE_CURVE('',#2936,#2838,#2938,.T.);
#2936 = VERTEX_POINT('',#2937);
#2937 = CARTESIAN_POINT('',(2.396003617094,-20.14999999992,5.45));
#2938 = SURFACE_CURVE('',#2939,(#2943,#2950),.PCURVE_S1.);
#2939 = LINE('',#2940,#2941);
#2940 = CARTESIAN_POINT('',(2.396003617094,-20.14999999992,5.45));
#2941 = VECTOR('',#2942,1.);
#2942 = DIRECTION('',(0.5,0.866025403784,0.));
#2943 = PCURVE('',#694,#2944);
#2944 = DEFINITIONAL_REPRESENTATION('',(#2945),#2949);
#2945 = LINE('',#2946,#2947);
#2946 = CARTESIAN_POINT('',(0.,0.));
#2947 = VECTOR('',#2948,1.);
#2948 = DIRECTION('',(1.,0.));
#2949 = ( GEOMETRIC_REPRESENTATION_CONTEXT(2) 
PARAMETRIC_REPRESENTATION_CONTEXT() REPRESENTATION_CONTEXT('2D SPACE',''
  ) );
#2950 = PCURVE('',#2730,#2951);
#2951 = DEFINITIONAL_REPRESENTATION('',(#2952),#2956);
#2952 = LINE('',#2953,#2954);
#2953 = CARTESIAN_POINT('',(2.396003617094,-4.149999999925));
#2954 = VECTOR('',#2955,1.);
#2955 = DIRECTION('',(0.5,0.866025403784));
#2956 = ( GEOMETRIC_REPRESENTATION_CONTEXT(2) 
PARAMETRIC_REPRESENTATION_CONTEXT() REPRESENTATION_CONTEXT('2D SPACE',''
  ) );
#2957 = ORIENTED_EDGE('',*,*,#2958,.T.);
#2958 = EDGE_CURVE('',#2936,#680,#2959,.T.);
#2959 = SURFACE_CURVE('',#2960,(#2964,#2971),.PCURVE_S1.);
#2960 = LINE('',#2961,#2962);
#2961 = CARTESIAN_POINT('',(2.396003617094,-20.14999999992,5.45));
#2962 = VECTOR('',#2963,1.);
#2963 = DIRECTION('',(0.,0.,1.));
#2964 = PCURVE('',#694,#2965);
#2965 = DEFINITIONAL_REPRESENTATION('',(#2966),#2970);
#2966 = LINE('',#2967,#2968);
#2967 = CARTESIAN_POINT('',(0.,0.));
#2968 = VECTOR('',#2969,1.);
#2969 = DIRECTION('',(0.,-1.));
#2970 = ( GEOMETRIC_REPRESENTATION_CONTEXT(2) 
PARAMETRIC_REPRESENTATION_CONTEXT() REPRESENTATION_CONTEXT('2D SPACE',''
  ) );
#2971 = PCURVE('',#720,#2972);
#2972 = DEFINITIONAL_REPRESENTATION('',(#2973),#2977);
#2973 = LINE('',#2974,#2975);
#2974 = CARTESIAN_POINT('',(4.792007234188,0.));
#2975 = VECTOR('',#2976,1.);
#2976 = DIRECTION('',(0.,-1.));
#2977 = ( GEOMETRIC_REPRESENTATION_CONTEXT(2) 
PARAMETRIC_REPRESENTATION_CONTEXT() REPRESENTATION_CONTEXT('2D SPACE',''
  ) );
#2978 = ORIENTED_EDGE('',*,*,#679,.F.);
#2979 = ORIENTED_EDGE('',*,*,#2860,.F.);
#2980 = ADVANCED_FACE('',(#2981),#720,.T.);
#2981 = FACE_BOUND('',#2982,.T.);
#2982 = EDGE_LOOP('',(#2983,#3004,#3005,#3006));
#2983 = ORIENTED_EDGE('',*,*,#2984,.F.);
#2984 = EDGE_CURVE('',#2887,#2936,#2985,.T.);
#2985 = SURFACE_CURVE('',#2986,(#2990,#2997),.PCURVE_S1.);
#2986 = LINE('',#2987,#2988);
#2987 = CARTESIAN_POINT('',(-2.396003617094,-20.14999999992,5.45));
#2988 = VECTOR('',#2989,1.);
#2989 = DIRECTION('',(1.,-7.413832044022E-16,0.));
#2990 = PCURVE('',#720,#2991);
#2991 = DEFINITIONAL_REPRESENTATION('',(#2992),#2996);
#2992 = LINE('',#2993,#2994);
#2993 = CARTESIAN_POINT('',(0.,0.));
#2994 = VECTOR('',#2995,1.);
#2995 = DIRECTION('',(1.,0.));
#2996 = ( GEOMETRIC_REPRESENTATION_CONTEXT(2) 
PARAMETRIC_REPRESENTATION_CONTEXT() REPRESENTATION_CONTEXT('2D SPACE',''
  ) );
#2997 = PCURVE('',#2730,#2998);
#2998 = DEFINITIONAL_REPRESENTATION('',(#2999),#3003);
#2999 = LINE('',#3000,#3001);
#3000 = CARTESIAN_POINT('',(-2.396003617094,-4.149999999925));
#3001 = VECTOR('',#3002,1.);
#3002 = DIRECTION('',(1.,-7.413832044022E-16));
#3003 = ( GEOMETRIC_REPRESENTATION_CONTEXT(2) 
PARAMETRIC_REPRESENTATION_CONTEXT() REPRESENTATION_CONTEXT('2D SPACE',''
  ) );
#3004 = ORIENTED_EDGE('',*,*,#2911,.T.);
#3005 = ORIENTED_EDGE('',*,*,#705,.F.);
#3006 = ORIENTED_EDGE('',*,*,#2958,.F.);
#3007 = ADVANCED_FACE('',(#3008),#804,.F.);
#3008 = FACE_BOUND('',#3009,.F.);
#3009 = EDGE_LOOP('',(#3010,#3011,#3032,#3033));
#3010 = ORIENTED_EDGE('',*,*,#2109,.F.);
#3011 = ORIENTED_EDGE('',*,*,#3012,.F.);
#3012 = EDGE_CURVE('',#784,#2110,#3013,.T.);
#3013 = SEAM_CURVE('',#3014,(#3018,#3025),.PCURVE_S1.);
#3014 = LINE('',#3015,#3016);
#3015 = CARTESIAN_POINT('',(19.35,-17.,9.5));
#3016 = VECTOR('',#3017,1.);
#3017 = DIRECTION('',(0.,0.,-1.));
#3018 = PCURVE('',#804,#3019);
#3019 = DEFINITIONAL_REPRESENTATION('',(#3020),#3024);
#3020 = LINE('',#3021,#3022);
#3021 = CARTESIAN_POINT('',(6.28318530718,-0.));
#3022 = VECTOR('',#3023,1.);
#3023 = DIRECTION('',(0.,1.));
#3024 = ( GEOMETRIC_REPRESENTATION_CONTEXT(2) 
PARAMETRIC_REPRESENTATION_CONTEXT() REPRESENTATION_CONTEXT('2D SPACE',''
  ) );
#3025 = PCURVE('',#804,#3026);
#3026 = DEFINITIONAL_REPRESENTATION('',(#3027),#3031);
#3027 = LINE('',#3028,#3029);
#3028 = CARTESIAN_POINT('',(0.,-0.));
#3029 = VECTOR('',#3030,1.);
#3030 = DIRECTION('',(0.,1.));
#3031 = ( GEOMETRIC_REPRESENTATION_CONTEXT(2) 
PARAMETRIC_REPRESENTATION_CONTEXT() REPRESENTATION_CONTEXT('2D SPACE',''
  ) );
#3032 = ORIENTED_EDGE('',*,*,#783,.T.);
#3033 = ORIENTED_EDGE('',*,*,#3012,.T.);
#3034 = ADVANCED_FACE('',(#3035),#835,.T.);
#3035 = FACE_BOUND('',#3036,.T.);
#3036 = EDGE_LOOP('',(#3037,#3060,#3088,#3109));
#3037 = ORIENTED_EDGE('',*,*,#3038,.F.);
#3038 = EDGE_CURVE('',#3039,#819,#3041,.T.);
#3039 = VERTEX_POINT('',#3040);
#3040 = CARTESIAN_POINT('',(-25.,-9.,1.));
#3041 = SURFACE_CURVE('',#3042,(#3046,#3053),.PCURVE_S1.);
#3042 = LINE('',#3043,#3044);
#3043 = CARTESIAN_POINT('',(-25.,-9.,1.));
#3044 = VECTOR('',#3045,1.);
#3045 = DIRECTION('',(0.,0.,1.));
#3046 = PCURVE('',#835,#3047);
#3047 = DEFINITIONAL_REPRESENTATION('',(#3048),#3052);
#3048 = LINE('',#3049,#3050);
#3049 = CARTESIAN_POINT('',(0.,3.));
#3050 = VECTOR('',#3051,1.);
#3051 = DIRECTION('',(1.,0.));
#3052 = ( GEOMETRIC_REPRESENTATION_CONTEXT(2) 
PARAMETRIC_REPRESENTATION_CONTEXT() REPRESENTATION_CONTEXT('2D SPACE',''
  ) );
#3053 = PCURVE('',#911,#3054);
#3054 = DEFINITIONAL_REPRESENTATION('',(#3055),#3059);
#3055 = LINE('',#3056,#3057);
#3056 = CARTESIAN_POINT('',(0.,0.));
#3057 = VECTOR('',#3058,1.);
#3058 = DIRECTION('',(1.,0.));
#3059 = ( GEOMETRIC_REPRESENTATION_CONTEXT(2) 
PARAMETRIC_REPRESENTATION_CONTEXT() REPRESENTATION_CONTEXT('2D SPACE',''
  ) );
#3060 = ORIENTED_EDGE('',*,*,#3061,.F.);
#3061 = EDGE_CURVE('',#3062,#3039,#3064,.T.);
#3062 = VERTEX_POINT('',#3063);
#3063 = CARTESIAN_POINT('',(-28.,-9.,1.));
#3064 = SURFACE_CURVE('',#3065,(#3069,#3076),.PCURVE_S1.);
#3065 = LINE('',#3066,#3067);
#3066 = CARTESIAN_POINT('',(-28.,-9.,1.));
#3067 = VECTOR('',#3068,1.);
#3068 = DIRECTION('',(1.,0.,0.));
#3069 = PCURVE('',#835,#3070);
#3070 = DEFINITIONAL_REPRESENTATION('',(#3071),#3075);
#3071 = LINE('',#3072,#3073);
#3072 = CARTESIAN_POINT('',(0.,0.));
#3073 = VECTOR('',#3074,1.);
#3074 = DIRECTION('',(0.,1.));
#3075 = ( GEOMETRIC_REPRESENTATION_CONTEXT(2) 
PARAMETRIC_REPRESENTATION_CONTEXT() REPRESENTATION_CONTEXT('2D SPACE',''
  ) );
#3076 = PCURVE('',#3077,#3082);
#3077 = PLANE('',#3078);
#3078 = AXIS2_PLACEMENT_3D('',#3079,#3080,#3081);
#3079 = CARTESIAN_POINT('',(-35.125,-11.125,1.));
#3080 = DIRECTION('',(0.,0.,1.));
#3081 = DIRECTION('',(1.,0.,0.));
#3082 = DEFINITIONAL_REPRESENTATION('',(#3083),#3087);
#3083 = LINE('',#3084,#3085);
#3084 = CARTESIAN_POINT('',(7.125,2.125));
#3085 = VECTOR('',#3086,1.);
#3086 = DIRECTION('',(1.,0.));
#3087 = ( GEOMETRIC_REPRESENTATION_CONTEXT(2) 
PARAMETRIC_REPRESENTATION_CONTEXT() REPRESENTATION_CONTEXT('2D SPACE',''
  ) );
#3088 = ORIENTED_EDGE('',*,*,#3089,.T.);
#3089 = EDGE_CURVE('',#3062,#821,#3090,.T.);
#3090 = SURFACE_CURVE('',#3091,(#3095,#3102),.PCURVE_S1.);
#3091 = LINE('',#3092,#3093);
#3092 = CARTESIAN_POINT('',(-28.,-9.,1.));
#3093 = VECTOR('',#3094,1.);
#3094 = DIRECTION('',(0.,0.,1.));
#3095 = PCURVE('',#835,#3096);
#3096 = DEFINITIONAL_REPRESENTATION('',(#3097),#3101);
#3097 = LINE('',#3098,#3099);
#3098 = CARTESIAN_POINT('',(0.,0.));
#3099 = VECTOR('',#3100,1.);
#3100 = DIRECTION('',(1.,0.));
#3101 = ( GEOMETRIC_REPRESENTATION_CONTEXT(2) 
PARAMETRIC_REPRESENTATION_CONTEXT() REPRESENTATION_CONTEXT('2D SPACE',''
  ) );
#3102 = PCURVE('',#861,#3103);
#3103 = DEFINITIONAL_REPRESENTATION('',(#3104),#3108);
#3104 = LINE('',#3105,#3106);
#3105 = CARTESIAN_POINT('',(0.,0.));
#3106 = VECTOR('',#3107,1.);
#3107 = DIRECTION('',(1.,0.));
#3108 = ( GEOMETRIC_REPRESENTATION_CONTEXT(2) 
PARAMETRIC_REPRESENTATION_CONTEXT() REPRESENTATION_CONTEXT('2D SPACE',''
  ) );
#3109 = ORIENTED_EDGE('',*,*,#818,.F.);
#3110 = ADVANCED_FACE('',(#3111),#911,.F.);
#3111 = FACE_BOUND('',#3112,.F.);
#3112 = EDGE_LOOP('',(#3113,#3114,#3137,#3158));
#3113 = ORIENTED_EDGE('',*,*,#3038,.F.);
#3114 = ORIENTED_EDGE('',*,*,#3115,.T.);
#3115 = EDGE_CURVE('',#3039,#3116,#3118,.T.);
#3116 = VERTEX_POINT('',#3117);
#3117 = CARTESIAN_POINT('',(-25.,9.,1.));
#3118 = SURFACE_CURVE('',#3119,(#3123,#3130),.PCURVE_S1.);
#3119 = LINE('',#3120,#3121);
#3120 = CARTESIAN_POINT('',(-25.,-9.,1.));
#3121 = VECTOR('',#3122,1.);
#3122 = DIRECTION('',(0.,1.,0.));
#3123 = PCURVE('',#911,#3124);
#3124 = DEFINITIONAL_REPRESENTATION('',(#3125),#3129);
#3125 = LINE('',#3126,#3127);
#3126 = CARTESIAN_POINT('',(0.,0.));
#3127 = VECTOR('',#3128,1.);
#3128 = DIRECTION('',(0.,-1.));
#3129 = ( GEOMETRIC_REPRESENTATION_CONTEXT(2) 
PARAMETRIC_REPRESENTATION_CONTEXT() REPRESENTATION_CONTEXT('2D SPACE',''
  ) );
#3130 = PCURVE('',#3077,#3131);
#3131 = DEFINITIONAL_REPRESENTATION('',(#3132),#3136);
#3132 = LINE('',#3133,#3134);
#3133 = CARTESIAN_POINT('',(10.125,2.125));
#3134 = VECTOR('',#3135,1.);
#3135 = DIRECTION('',(0.,1.));
#3136 = ( GEOMETRIC_REPRESENTATION_CONTEXT(2) 
PARAMETRIC_REPRESENTATION_CONTEXT() REPRESENTATION_CONTEXT('2D SPACE',''
  ) );
#3137 = ORIENTED_EDGE('',*,*,#3138,.T.);
#3138 = EDGE_CURVE('',#3116,#873,#3139,.T.);
#3139 = SURFACE_CURVE('',#3140,(#3144,#3151),.PCURVE_S1.);
#3140 = LINE('',#3141,#3142);
#3141 = CARTESIAN_POINT('',(-25.,9.,1.));
#3142 = VECTOR('',#3143,1.);
#3143 = DIRECTION('',(0.,0.,1.));
#3144 = PCURVE('',#911,#3145);
#3145 = DEFINITIONAL_REPRESENTATION('',(#3146),#3150);
#3146 = LINE('',#3147,#3148);
#3147 = CARTESIAN_POINT('',(0.,-18.));
#3148 = VECTOR('',#3149,1.);
#3149 = DIRECTION('',(1.,0.));
#3150 = ( GEOMETRIC_REPRESENTATION_CONTEXT(2) 
PARAMETRIC_REPRESENTATION_CONTEXT() REPRESENTATION_CONTEXT('2D SPACE',''
  ) );
#3151 = PCURVE('',#887,#3152);
#3152 = DEFINITIONAL_REPRESENTATION('',(#3153),#3157);
#3153 = LINE('',#3154,#3155);
#3154 = CARTESIAN_POINT('',(0.,3.));
#3155 = VECTOR('',#3156,1.);
#3156 = DIRECTION('',(1.,0.));
#3157 = ( GEOMETRIC_REPRESENTATION_CONTEXT(2) 
PARAMETRIC_REPRESENTATION_CONTEXT() REPRESENTATION_CONTEXT('2D SPACE',''
  ) );
#3158 = ORIENTED_EDGE('',*,*,#898,.F.);
#3159 = ADVANCED_FACE('',(#3160),#861,.T.);
#3160 = FACE_BOUND('',#3161,.T.);
#3161 = EDGE_LOOP('',(#3162,#3163,#3186,#3207));
#3162 = ORIENTED_EDGE('',*,*,#3089,.F.);
#3163 = ORIENTED_EDGE('',*,*,#3164,.T.);
#3164 = EDGE_CURVE('',#3062,#3165,#3167,.T.);
#3165 = VERTEX_POINT('',#3166);
#3166 = CARTESIAN_POINT('',(-28.,9.,1.));
#3167 = SURFACE_CURVE('',#3168,(#3172,#3179),.PCURVE_S1.);
#3168 = LINE('',#3169,#3170);
#3169 = CARTESIAN_POINT('',(-28.,-9.,1.));
#3170 = VECTOR('',#3171,1.);
#3171 = DIRECTION('',(0.,1.,0.));
#3172 = PCURVE('',#861,#3173);
#3173 = DEFINITIONAL_REPRESENTATION('',(#3174),#3178);
#3174 = LINE('',#3175,#3176);
#3175 = CARTESIAN_POINT('',(0.,0.));
#3176 = VECTOR('',#3177,1.);
#3177 = DIRECTION('',(0.,-1.));
#3178 = ( GEOMETRIC_REPRESENTATION_CONTEXT(2) 
PARAMETRIC_REPRESENTATION_CONTEXT() REPRESENTATION_CONTEXT('2D SPACE',''
  ) );
#3179 = PCURVE('',#3077,#3180);
#3180 = DEFINITIONAL_REPRESENTATION('',(#3181),#3185);
#3181 = LINE('',#3182,#3183);
#3182 = CARTESIAN_POINT('',(7.125,2.125));
#3183 = VECTOR('',#3184,1.);
#3184 = DIRECTION('',(0.,1.));
#3185 = ( GEOMETRIC_REPRESENTATION_CONTEXT(2) 
PARAMETRIC_REPRESENTATION_CONTEXT() REPRESENTATION_CONTEXT('2D SPACE',''
  ) );
#3186 = ORIENTED_EDGE('',*,*,#3187,.T.);
#3187 = EDGE_CURVE('',#3165,#847,#3188,.T.);
#3188 = SURFACE_CURVE('',#3189,(#3193,#3200),.PCURVE_S1.);
#3189 = LINE('',#3190,#3191);
#3190 = CARTESIAN_POINT('',(-28.,9.,1.));
#3191 = VECTOR('',#3192,1.);
#3192 = DIRECTION('',(0.,0.,1.));
#3193 = PCURVE('',#861,#3194);
#3194 = DEFINITIONAL_REPRESENTATION('',(#3195),#3199);
#3195 = LINE('',#3196,#3197);
#3196 = CARTESIAN_POINT('',(0.,-18.));
#3197 = VECTOR('',#3198,1.);
#3198 = DIRECTION('',(1.,0.));
#3199 = ( GEOMETRIC_REPRESENTATION_CONTEXT(2) 
PARAMETRIC_REPRESENTATION_CONTEXT() REPRESENTATION_CONTEXT('2D SPACE',''
  ) );
#3200 = PCURVE('',#887,#3201);
#3201 = DEFINITIONAL_REPRESENTATION('',(#3202),#3206);
#3202 = LINE('',#3203,#3204);
#3203 = CARTESIAN_POINT('',(0.,0.));
#3204 = VECTOR('',#3205,1.);
#3205 = DIRECTION('',(1.,0.));
#3206 = ( GEOMETRIC_REPRESENTATION_CONTEXT(2) 
PARAMETRIC_REPRESENTATION_CONTEXT() REPRESENTATION_CONTEXT('2D SPACE',''
  ) );
#3207 = ORIENTED_EDGE('',*,*,#846,.F.);
#3208 = ADVANCED_FACE('',(#3209),#887,.F.);
#3209 = FACE_BOUND('',#3210,.F.);
#3210 = EDGE_LOOP('',(#3211,#3212,#3233,#3234));
#3211 = ORIENTED_EDGE('',*,*,#3138,.F.);
#3212 = ORIENTED_EDGE('',*,*,#3213,.F.);
#3213 = EDGE_CURVE('',#3165,#3116,#3214,.T.);
#3214 = SURFACE_CURVE('',#3215,(#3219,#3226),.PCURVE_S1.);
#3215 = LINE('',#3216,#3217);
#3216 = CARTESIAN_POINT('',(-28.,9.,1.));
#3217 = VECTOR('',#3218,1.);
#3218 = DIRECTION('',(1.,0.,0.));
#3219 = PCURVE('',#887,#3220);
#3220 = DEFINITIONAL_REPRESENTATION('',(#3221),#3225);
#3221 = LINE('',#3222,#3223);
#3222 = CARTESIAN_POINT('',(0.,0.));
#3223 = VECTOR('',#3224,1.);
#3224 = DIRECTION('',(0.,1.));
#3225 = ( GEOMETRIC_REPRESENTATION_CONTEXT(2) 
PARAMETRIC_REPRESENTATION_CONTEXT() REPRESENTATION_CONTEXT('2D SPACE',''
  ) );
#3226 = PCURVE('',#3077,#3227);
#3227 = DEFINITIONAL_REPRESENTATION('',(#3228),#3232);
#3228 = LINE('',#3229,#3230);
#3229 = CARTESIAN_POINT('',(7.125,20.125));
#3230 = VECTOR('',#3231,1.);
#3231 = DIRECTION('',(1.,0.));
#3232 = ( GEOMETRIC_REPRESENTATION_CONTEXT(2) 
PARAMETRIC_REPRESENTATION_CONTEXT() REPRESENTATION_CONTEXT('2D SPACE',''
  ) );
#3233 = ORIENTED_EDGE('',*,*,#3187,.T.);
#3234 = ORIENTED_EDGE('',*,*,#872,.F.);
#3235 = ADVANCED_FACE('',(#3236),#941,.T.);
#3236 = FACE_BOUND('',#3237,.T.);
#3237 = EDGE_LOOP('',(#3238,#3268,#3289,#3290));
#3238 = ORIENTED_EDGE('',*,*,#3239,.F.);
#3239 = EDGE_CURVE('',#3240,#3242,#3244,.T.);
#3240 = VERTEX_POINT('',#3241);
#3241 = CARTESIAN_POINT('',(-10.35455173283,2.849999999949,1.5));
#3242 = VERTEX_POINT('',#3243);
#3243 = CARTESIAN_POINT('',(-13.64544826716,2.849999999949,1.5));
#3244 = SURFACE_CURVE('',#3245,(#3249,#3256),.PCURVE_S1.);
#3245 = LINE('',#3246,#3247);
#3246 = CARTESIAN_POINT('',(-10.35455173283,2.849999999949,1.5));
#3247 = VECTOR('',#3248,1.);
#3248 = DIRECTION('',(-1.,0.,0.));
#3249 = PCURVE('',#941,#3250);
#3250 = DEFINITIONAL_REPRESENTATION('',(#3251),#3255);
#3251 = LINE('',#3252,#3253);
#3252 = CARTESIAN_POINT('',(0.,-0.));
#3253 = VECTOR('',#3254,1.);
#3254 = DIRECTION('',(1.,0.));
#3255 = ( GEOMETRIC_REPRESENTATION_CONTEXT(2) 
PARAMETRIC_REPRESENTATION_CONTEXT() REPRESENTATION_CONTEXT('2D SPACE',''
  ) );
#3256 = PCURVE('',#3257,#3262);
#3257 = PLANE('',#3258);
#3258 = AXIS2_PLACEMENT_3D('',#3259,#3260,#3261);
#3259 = CARTESIAN_POINT('',(-12.,-4.498158330803E-17,1.5));
#3260 = DIRECTION('',(0.,0.,1.));
#3261 = DIRECTION('',(1.,0.,-0.));
#3262 = DEFINITIONAL_REPRESENTATION('',(#3263),#3267);
#3263 = LINE('',#3264,#3265);
#3264 = CARTESIAN_POINT('',(1.645448267161,2.849999999949));
#3265 = VECTOR('',#3266,1.);
#3266 = DIRECTION('',(-1.,0.));
#3267 = ( GEOMETRIC_REPRESENTATION_CONTEXT(2) 
PARAMETRIC_REPRESENTATION_CONTEXT() REPRESENTATION_CONTEXT('2D SPACE',''
  ) );
#3268 = ORIENTED_EDGE('',*,*,#3269,.T.);
#3269 = EDGE_CURVE('',#3240,#927,#3270,.T.);
#3270 = SURFACE_CURVE('',#3271,(#3275,#3282),.PCURVE_S1.);
#3271 = LINE('',#3272,#3273);
#3272 = CARTESIAN_POINT('',(-10.35455173283,2.849999999949,1.5));
#3273 = VECTOR('',#3274,1.);
#3274 = DIRECTION('',(0.,0.,1.));
#3275 = PCURVE('',#941,#3276);
#3276 = DEFINITIONAL_REPRESENTATION('',(#3277),#3281);
#3277 = LINE('',#3278,#3279);
#3278 = CARTESIAN_POINT('',(0.,-0.));
#3279 = VECTOR('',#3280,1.);
#3280 = DIRECTION('',(0.,-1.));
#3281 = ( GEOMETRIC_REPRESENTATION_CONTEXT(2) 
PARAMETRIC_REPRESENTATION_CONTEXT() REPRESENTATION_CONTEXT('2D SPACE',''
  ) );
#3282 = PCURVE('',#967,#3283);
#3283 = DEFINITIONAL_REPRESENTATION('',(#3284),#3288);
#3284 = LINE('',#3285,#3286);
#3285 = CARTESIAN_POINT('',(3.290896534322,0.));
#3286 = VECTOR('',#3287,1.);
#3287 = DIRECTION('',(0.,-1.));
#3288 = ( GEOMETRIC_REPRESENTATION_CONTEXT(2) 
PARAMETRIC_REPRESENTATION_CONTEXT() REPRESENTATION_CONTEXT('2D SPACE',''
  ) );
#3289 = ORIENTED_EDGE('',*,*,#924,.F.);
#3290 = ORIENTED_EDGE('',*,*,#3291,.F.);
#3291 = EDGE_CURVE('',#3242,#925,#3292,.T.);
#3292 = SURFACE_CURVE('',#3293,(#3297,#3304),.PCURVE_S1.);
#3293 = LINE('',#3294,#3295);
#3294 = CARTESIAN_POINT('',(-13.64544826716,2.849999999949,1.5));
#3295 = VECTOR('',#3296,1.);
#3296 = DIRECTION('',(0.,0.,1.));
#3297 = PCURVE('',#941,#3298);
#3298 = DEFINITIONAL_REPRESENTATION('',(#3299),#3303);
#3299 = LINE('',#3300,#3301);
#3300 = CARTESIAN_POINT('',(3.290896534322,0.));
#3301 = VECTOR('',#3302,1.);
#3302 = DIRECTION('',(0.,-1.));
#3303 = ( GEOMETRIC_REPRESENTATION_CONTEXT(2) 
PARAMETRIC_REPRESENTATION_CONTEXT() REPRESENTATION_CONTEXT('2D SPACE',''
  ) );
#3304 = PCURVE('',#1069,#3305);
#3305 = DEFINITIONAL_REPRESENTATION('',(#3306),#3310);
#3306 = LINE('',#3307,#3308);
#3307 = CARTESIAN_POINT('',(0.,0.));
#3308 = VECTOR('',#3309,1.);
#3309 = DIRECTION('',(0.,-1.));
#3310 = ( GEOMETRIC_REPRESENTATION_CONTEXT(2) 
PARAMETRIC_REPRESENTATION_CONTEXT() REPRESENTATION_CONTEXT('2D SPACE',''
  ) );
#3311 = ADVANCED_FACE('',(#3312),#1069,.T.);
#3312 = FACE_BOUND('',#3313,.T.);
#3313 = EDGE_LOOP('',(#3314,#3337,#3338,#3339));
#3314 = ORIENTED_EDGE('',*,*,#3315,.F.);
#3315 = EDGE_CURVE('',#3242,#3316,#3318,.T.);
#3316 = VERTEX_POINT('',#3317);
#3317 = CARTESIAN_POINT('',(-15.29089653432,4.030185907082E-16,1.5));
#3318 = SURFACE_CURVE('',#3319,(#3323,#3330),.PCURVE_S1.);
#3319 = LINE('',#3320,#3321);
#3320 = CARTESIAN_POINT('',(-13.64544826716,2.849999999949,1.5));
#3321 = VECTOR('',#3322,1.);
#3322 = DIRECTION('',(-0.5,-0.866025403784,0.));
#3323 = PCURVE('',#1069,#3324);
#3324 = DEFINITIONAL_REPRESENTATION('',(#3325),#3329);
#3325 = LINE('',#3326,#3327);
#3326 = CARTESIAN_POINT('',(0.,0.));
#3327 = VECTOR('',#3328,1.);
#3328 = DIRECTION('',(1.,0.));
#3329 = ( GEOMETRIC_REPRESENTATION_CONTEXT(2) 
PARAMETRIC_REPRESENTATION_CONTEXT() REPRESENTATION_CONTEXT('2D SPACE',''
  ) );
#3330 = PCURVE('',#3257,#3331);
#3331 = DEFINITIONAL_REPRESENTATION('',(#3332),#3336);
#3332 = LINE('',#3333,#3334);
#3333 = CARTESIAN_POINT('',(-1.645448267161,2.849999999949));
#3334 = VECTOR('',#3335,1.);
#3335 = DIRECTION('',(-0.5,-0.866025403784));
#3336 = ( GEOMETRIC_REPRESENTATION_CONTEXT(2) 
PARAMETRIC_REPRESENTATION_CONTEXT() REPRESENTATION_CONTEXT('2D SPACE',''
  ) );
#3337 = ORIENTED_EDGE('',*,*,#3291,.T.);
#3338 = ORIENTED_EDGE('',*,*,#1056,.F.);
#3339 = ORIENTED_EDGE('',*,*,#3340,.F.);
#3340 = EDGE_CURVE('',#3316,#1031,#3341,.T.);
#3341 = SURFACE_CURVE('',#3342,(#3346,#3353),.PCURVE_S1.);
#3342 = LINE('',#3343,#3344);
#3343 = CARTESIAN_POINT('',(-15.29089653432,4.030185907082E-16,1.5));
#3344 = VECTOR('',#3345,1.);
#3345 = DIRECTION('',(0.,0.,1.));
#3346 = PCURVE('',#1069,#3347);
#3347 = DEFINITIONAL_REPRESENTATION('',(#3348),#3352);
#3348 = LINE('',#3349,#3350);
#3349 = CARTESIAN_POINT('',(3.290896534322,0.));
#3350 = VECTOR('',#3351,1.);
#3351 = DIRECTION('',(0.,-1.));
#3352 = ( GEOMETRIC_REPRESENTATION_CONTEXT(2) 
PARAMETRIC_REPRESENTATION_CONTEXT() REPRESENTATION_CONTEXT('2D SPACE',''
  ) );
#3353 = PCURVE('',#1045,#3354);
#3354 = DEFINITIONAL_REPRESENTATION('',(#3355),#3359);
#3355 = LINE('',#3356,#3357);
#3356 = CARTESIAN_POINT('',(0.,0.));
#3357 = VECTOR('',#3358,1.);
#3358 = DIRECTION('',(0.,-1.));
#3359 = ( GEOMETRIC_REPRESENTATION_CONTEXT(2) 
PARAMETRIC_REPRESENTATION_CONTEXT() REPRESENTATION_CONTEXT('2D SPACE',''
  ) );
#3360 = ADVANCED_FACE('',(#3361),#967,.T.);
#3361 = FACE_BOUND('',#3362,.T.);
#3362 = EDGE_LOOP('',(#3363,#3386,#3407,#3408));
#3363 = ORIENTED_EDGE('',*,*,#3364,.F.);
#3364 = EDGE_CURVE('',#3365,#3240,#3367,.T.);
#3365 = VERTEX_POINT('',#3366);
#3366 = CARTESIAN_POINT('',(-8.709103465678,0.,1.5));
#3367 = SURFACE_CURVE('',#3368,(#3372,#3379),.PCURVE_S1.);
#3368 = LINE('',#3369,#3370);
#3369 = CARTESIAN_POINT('',(-8.709103465678,0.,1.5));
#3370 = VECTOR('',#3371,1.);
#3371 = DIRECTION('',(-0.5,0.866025403784,0.));
#3372 = PCURVE('',#967,#3373);
#3373 = DEFINITIONAL_REPRESENTATION('',(#3374),#3378);
#3374 = LINE('',#3375,#3376);
#3375 = CARTESIAN_POINT('',(0.,0.));
#3376 = VECTOR('',#3377,1.);
#3377 = DIRECTION('',(1.,0.));
#3378 = ( GEOMETRIC_REPRESENTATION_CONTEXT(2) 
PARAMETRIC_REPRESENTATION_CONTEXT() REPRESENTATION_CONTEXT('2D SPACE',''
  ) );
#3379 = PCURVE('',#3257,#3380);
#3380 = DEFINITIONAL_REPRESENTATION('',(#3381),#3385);
#3381 = LINE('',#3382,#3383);
#3382 = CARTESIAN_POINT('',(3.290896534322,4.498158330803E-17));
#3383 = VECTOR('',#3384,1.);
#3384 = DIRECTION('',(-0.5,0.866025403784));
#3385 = ( GEOMETRIC_REPRESENTATION_CONTEXT(2) 
PARAMETRIC_REPRESENTATION_CONTEXT() REPRESENTATION_CONTEXT('2D SPACE',''
  ) );
#3386 = ORIENTED_EDGE('',*,*,#3387,.T.);
#3387 = EDGE_CURVE('',#3365,#953,#3388,.T.);
#3388 = SURFACE_CURVE('',#3389,(#3393,#3400),.PCURVE_S1.);
#3389 = LINE('',#3390,#3391);
#3390 = CARTESIAN_POINT('',(-8.709103465678,0.,1.5));
#3391 = VECTOR('',#3392,1.);
#3392 = DIRECTION('',(0.,0.,1.));
#3393 = PCURVE('',#967,#3394);
#3394 = DEFINITIONAL_REPRESENTATION('',(#3395),#3399);
#3395 = LINE('',#3396,#3397);
#3396 = CARTESIAN_POINT('',(0.,0.));
#3397 = VECTOR('',#3398,1.);
#3398 = DIRECTION('',(0.,-1.));
#3399 = ( GEOMETRIC_REPRESENTATION_CONTEXT(2) 
PARAMETRIC_REPRESENTATION_CONTEXT() REPRESENTATION_CONTEXT('2D SPACE',''
  ) );
#3400 = PCURVE('',#993,#3401);
#3401 = DEFINITIONAL_REPRESENTATION('',(#3402),#3406);
#3402 = LINE('',#3403,#3404);
#3403 = CARTESIAN_POINT('',(3.290896534322,0.));
#3404 = VECTOR('',#3405,1.);
#3405 = DIRECTION('',(0.,-1.));
#3406 = ( GEOMETRIC_REPRESENTATION_CONTEXT(2) 
PARAMETRIC_REPRESENTATION_CONTEXT() REPRESENTATION_CONTEXT('2D SPACE',''
  ) );
#3407 = ORIENTED_EDGE('',*,*,#952,.F.);
#3408 = ORIENTED_EDGE('',*,*,#3269,.F.);
#3409 = ADVANCED_FACE('',(#3410),#1045,.T.);
#3410 = FACE_BOUND('',#3411,.T.);
#3411 = EDGE_LOOP('',(#3412,#3435,#3436,#3437));
#3412 = ORIENTED_EDGE('',*,*,#3413,.F.);
#3413 = EDGE_CURVE('',#3316,#3414,#3416,.T.);
#3414 = VERTEX_POINT('',#3415);
#3415 = CARTESIAN_POINT('',(-13.64544826716,-2.849999999949,1.5));
#3416 = SURFACE_CURVE('',#3417,(#3421,#3428),.PCURVE_S1.);
#3417 = LINE('',#3418,#3419);
#3418 = CARTESIAN_POINT('',(-15.29089653432,4.030185907082E-16,1.5));
#3419 = VECTOR('',#3420,1.);
#3420 = DIRECTION('',(0.5,-0.866025403784,0.));
#3421 = PCURVE('',#1045,#3422);
#3422 = DEFINITIONAL_REPRESENTATION('',(#3423),#3427);
#3423 = LINE('',#3424,#3425);
#3424 = CARTESIAN_POINT('',(0.,0.));
#3425 = VECTOR('',#3426,1.);
#3426 = DIRECTION('',(1.,0.));
#3427 = ( GEOMETRIC_REPRESENTATION_CONTEXT(2) 
PARAMETRIC_REPRESENTATION_CONTEXT() REPRESENTATION_CONTEXT('2D SPACE',''
  ) );
#3428 = PCURVE('',#3257,#3429);
#3429 = DEFINITIONAL_REPRESENTATION('',(#3430),#3434);
#3430 = LINE('',#3431,#3432);
#3431 = CARTESIAN_POINT('',(-3.290896534322,4.480001740162E-16));
#3432 = VECTOR('',#3433,1.);
#3433 = DIRECTION('',(0.5,-0.866025403784));
#3434 = ( GEOMETRIC_REPRESENTATION_CONTEXT(2) 
PARAMETRIC_REPRESENTATION_CONTEXT() REPRESENTATION_CONTEXT('2D SPACE',''
  ) );
#3435 = ORIENTED_EDGE('',*,*,#3340,.T.);
#3436 = ORIENTED_EDGE('',*,*,#1030,.F.);
#3437 = ORIENTED_EDGE('',*,*,#3438,.F.);
#3438 = EDGE_CURVE('',#3414,#1005,#3439,.T.);
#3439 = SURFACE_CURVE('',#3440,(#3444,#3451),.PCURVE_S1.);
#3440 = LINE('',#3441,#3442);
#3441 = CARTESIAN_POINT('',(-13.64544826716,-2.849999999949,1.5));
#3442 = VECTOR('',#3443,1.);
#3443 = DIRECTION('',(0.,0.,1.));
#3444 = PCURVE('',#1045,#3445);
#3445 = DEFINITIONAL_REPRESENTATION('',(#3446),#3450);
#3446 = LINE('',#3447,#3448);
#3447 = CARTESIAN_POINT('',(3.290896534322,0.));
#3448 = VECTOR('',#3449,1.);
#3449 = DIRECTION('',(0.,-1.));
#3450 = ( GEOMETRIC_REPRESENTATION_CONTEXT(2) 
PARAMETRIC_REPRESENTATION_CONTEXT() REPRESENTATION_CONTEXT('2D SPACE',''
  ) );
#3451 = PCURVE('',#1019,#3452);
#3452 = DEFINITIONAL_REPRESENTATION('',(#3453),#3457);
#3453 = LINE('',#3454,#3455);
#3454 = CARTESIAN_POINT('',(0.,0.));
#3455 = VECTOR('',#3456,1.);
#3456 = DIRECTION('',(0.,-1.));
#3457 = ( GEOMETRIC_REPRESENTATION_CONTEXT(2) 
PARAMETRIC_REPRESENTATION_CONTEXT() REPRESENTATION_CONTEXT('2D SPACE',''
  ) );
#3458 = ADVANCED_FACE('',(#3459),#993,.T.);
#3459 = FACE_BOUND('',#3460,.T.);
#3460 = EDGE_LOOP('',(#3461,#3484,#3505,#3506));
#3461 = ORIENTED_EDGE('',*,*,#3462,.F.);
#3462 = EDGE_CURVE('',#3463,#3365,#3465,.T.);
#3463 = VERTEX_POINT('',#3464);
#3464 = CARTESIAN_POINT('',(-10.35455173283,-2.849999999949,1.5));
#3465 = SURFACE_CURVE('',#3466,(#3470,#3477),.PCURVE_S1.);
#3466 = LINE('',#3467,#3468);
#3467 = CARTESIAN_POINT('',(-10.35455173283,-2.849999999949,1.5));
#3468 = VECTOR('',#3469,1.);
#3469 = DIRECTION('',(0.5,0.866025403784,0.));
#3470 = PCURVE('',#993,#3471);
#3471 = DEFINITIONAL_REPRESENTATION('',(#3472),#3476);
#3472 = LINE('',#3473,#3474);
#3473 = CARTESIAN_POINT('',(0.,0.));
#3474 = VECTOR('',#3475,1.);
#3475 = DIRECTION('',(1.,0.));
#3476 = ( GEOMETRIC_REPRESENTATION_CONTEXT(2) 
PARAMETRIC_REPRESENTATION_CONTEXT() REPRESENTATION_CONTEXT('2D SPACE',''
  ) );
#3477 = PCURVE('',#3257,#3478);
#3478 = DEFINITIONAL_REPRESENTATION('',(#3479),#3483);
#3479 = LINE('',#3480,#3481);
#3480 = CARTESIAN_POINT('',(1.645448267161,-2.849999999949));
#3481 = VECTOR('',#3482,1.);
#3482 = DIRECTION('',(0.5,0.866025403784));
#3483 = ( GEOMETRIC_REPRESENTATION_CONTEXT(2) 
PARAMETRIC_REPRESENTATION_CONTEXT() REPRESENTATION_CONTEXT('2D SPACE',''
  ) );
#3484 = ORIENTED_EDGE('',*,*,#3485,.T.);
#3485 = EDGE_CURVE('',#3463,#979,#3486,.T.);
#3486 = SURFACE_CURVE('',#3487,(#3491,#3498),.PCURVE_S1.);
#3487 = LINE('',#3488,#3489);
#3488 = CARTESIAN_POINT('',(-10.35455173283,-2.849999999949,1.5));
#3489 = VECTOR('',#3490,1.);
#3490 = DIRECTION('',(0.,0.,1.));
#3491 = PCURVE('',#993,#3492);
#3492 = DEFINITIONAL_REPRESENTATION('',(#3493),#3497);
#3493 = LINE('',#3494,#3495);
#3494 = CARTESIAN_POINT('',(0.,0.));
#3495 = VECTOR('',#3496,1.);
#3496 = DIRECTION('',(0.,-1.));
#3497 = ( GEOMETRIC_REPRESENTATION_CONTEXT(2) 
PARAMETRIC_REPRESENTATION_CONTEXT() REPRESENTATION_CONTEXT('2D SPACE',''
  ) );
#3498 = PCURVE('',#1019,#3499);
#3499 = DEFINITIONAL_REPRESENTATION('',(#3500),#3504);
#3500 = LINE('',#3501,#3502);
#3501 = CARTESIAN_POINT('',(3.290896534322,0.));
#3502 = VECTOR('',#3503,1.);
#3503 = DIRECTION('',(0.,-1.));
#3504 = ( GEOMETRIC_REPRESENTATION_CONTEXT(2) 
PARAMETRIC_REPRESENTATION_CONTEXT() REPRESENTATION_CONTEXT('2D SPACE',''
  ) );
#3505 = ORIENTED_EDGE('',*,*,#978,.F.);
#3506 = ORIENTED_EDGE('',*,*,#3387,.F.);
#3507 = ADVANCED_FACE('',(#3508),#1019,.T.);
#3508 = FACE_BOUND('',#3509,.T.);
#3509 = EDGE_LOOP('',(#3510,#3531,#3532,#3533));
#3510 = ORIENTED_EDGE('',*,*,#3511,.F.);
#3511 = EDGE_CURVE('',#3414,#3463,#3512,.T.);
#3512 = SURFACE_CURVE('',#3513,(#3517,#3524),.PCURVE_S1.);
#3513 = LINE('',#3514,#3515);
#3514 = CARTESIAN_POINT('',(-13.64544826716,-2.849999999949,1.5));
#3515 = VECTOR('',#3516,1.);
#3516 = DIRECTION('',(1.,-6.747237496204E-16,0.));
#3517 = PCURVE('',#1019,#3518);
#3518 = DEFINITIONAL_REPRESENTATION('',(#3519),#3523);
#3519 = LINE('',#3520,#3521);
#3520 = CARTESIAN_POINT('',(0.,0.));
#3521 = VECTOR('',#3522,1.);
#3522 = DIRECTION('',(1.,0.));
#3523 = ( GEOMETRIC_REPRESENTATION_CONTEXT(2) 
PARAMETRIC_REPRESENTATION_CONTEXT() REPRESENTATION_CONTEXT('2D SPACE',''
  ) );
#3524 = PCURVE('',#3257,#3525);
#3525 = DEFINITIONAL_REPRESENTATION('',(#3526),#3530);
#3526 = LINE('',#3527,#3528);
#3527 = CARTESIAN_POINT('',(-1.645448267161,-2.849999999949));
#3528 = VECTOR('',#3529,1.);
#3529 = DIRECTION('',(1.,-6.747237496204E-16));
#3530 = ( GEOMETRIC_REPRESENTATION_CONTEXT(2) 
PARAMETRIC_REPRESENTATION_CONTEXT() REPRESENTATION_CONTEXT('2D SPACE',''
  ) );
#3531 = ORIENTED_EDGE('',*,*,#3438,.T.);
#3532 = ORIENTED_EDGE('',*,*,#1004,.F.);
#3533 = ORIENTED_EDGE('',*,*,#3485,.F.);
#3534 = ADVANCED_FACE('',(#3535),#1103,.F.);
#3535 = FACE_BOUND('',#3536,.F.);
#3536 = EDGE_LOOP('',(#3537,#3538,#3559,#3560));
#3537 = ORIENTED_EDGE('',*,*,#2260,.F.);
#3538 = ORIENTED_EDGE('',*,*,#3539,.F.);
#3539 = EDGE_CURVE('',#1083,#2261,#3540,.T.);
#3540 = SEAM_CURVE('',#3541,(#3545,#3552),.PCURVE_S1.);
#3541 = LINE('',#3542,#3543);
#3542 = CARTESIAN_POINT('',(-22.65,17.,9.5));
#3543 = VECTOR('',#3544,1.);
#3544 = DIRECTION('',(0.,0.,-1.));
#3545 = PCURVE('',#1103,#3546);
#3546 = DEFINITIONAL_REPRESENTATION('',(#3547),#3551);
#3547 = LINE('',#3548,#3549);
#3548 = CARTESIAN_POINT('',(6.28318530718,-0.));
#3549 = VECTOR('',#3550,1.);
#3550 = DIRECTION('',(0.,1.));
#3551 = ( GEOMETRIC_REPRESENTATION_CONTEXT(2) 
PARAMETRIC_REPRESENTATION_CONTEXT() REPRESENTATION_CONTEXT('2D SPACE',''
  ) );
#3552 = PCURVE('',#1103,#3553);
#3553 = DEFINITIONAL_REPRESENTATION('',(#3554),#3558);
#3554 = LINE('',#3555,#3556);
#3555 = CARTESIAN_POINT('',(0.,-0.));
#3556 = VECTOR('',#3557,1.);
#3557 = DIRECTION('',(0.,1.));
#3558 = ( GEOMETRIC_REPRESENTATION_CONTEXT(2) 
PARAMETRIC_REPRESENTATION_CONTEXT() REPRESENTATION_CONTEXT('2D SPACE',''
  ) );
#3559 = ORIENTED_EDGE('',*,*,#1082,.T.);
#3560 = ORIENTED_EDGE('',*,*,#3539,.T.);
#3561 = ADVANCED_FACE('',(#3562),#1138,.F.);
#3562 = FACE_BOUND('',#3563,.F.);
#3563 = EDGE_LOOP('',(#3564,#3565,#3586,#3587));
#3564 = ORIENTED_EDGE('',*,*,#2139,.F.);
#3565 = ORIENTED_EDGE('',*,*,#3566,.F.);
#3566 = EDGE_CURVE('',#1118,#2140,#3567,.T.);
#3567 = SEAM_CURVE('',#3568,(#3572,#3579),.PCURVE_S1.);
#3568 = LINE('',#3569,#3570);
#3569 = CARTESIAN_POINT('',(-4.,-9.797174393179E-16,9.5));
#3570 = VECTOR('',#3571,1.);
#3571 = DIRECTION('',(0.,0.,-1.));
#3572 = PCURVE('',#1138,#3573);
#3573 = DEFINITIONAL_REPRESENTATION('',(#3574),#3578);
#3574 = LINE('',#3575,#3576);
#3575 = CARTESIAN_POINT('',(6.28318530718,-0.));
#3576 = VECTOR('',#3577,1.);
#3577 = DIRECTION('',(0.,1.));
#3578 = ( GEOMETRIC_REPRESENTATION_CONTEXT(2) 
PARAMETRIC_REPRESENTATION_CONTEXT() REPRESENTATION_CONTEXT('2D SPACE',''
  ) );
#3579 = PCURVE('',#1138,#3580);
#3580 = DEFINITIONAL_REPRESENTATION('',(#3581),#3585);
#3581 = LINE('',#3582,#3583);
#3582 = CARTESIAN_POINT('',(0.,-0.));
#3583 = VECTOR('',#3584,1.);
#3584 = DIRECTION('',(0.,1.));
#3585 = ( GEOMETRIC_REPRESENTATION_CONTEXT(2) 
PARAMETRIC_REPRESENTATION_CONTEXT() REPRESENTATION_CONTEXT('2D SPACE',''
  ) );
#3586 = ORIENTED_EDGE('',*,*,#1117,.T.);
#3587 = ORIENTED_EDGE('',*,*,#3566,.T.);
#3588 = ADVANCED_FACE('',(#3589),#1169,.T.);
#3589 = FACE_BOUND('',#3590,.T.);
#3590 = EDGE_LOOP('',(#3591,#3621,#3642,#3643));
#3591 = ORIENTED_EDGE('',*,*,#3592,.F.);
#3592 = EDGE_CURVE('',#3593,#3595,#3597,.T.);
#3593 = VERTEX_POINT('',#3594);
#3594 = CARTESIAN_POINT('',(13.645448267161,2.849999999949,1.5));
#3595 = VERTEX_POINT('',#3596);
#3596 = CARTESIAN_POINT('',(10.354551732839,2.849999999949,1.5));
#3597 = SURFACE_CURVE('',#3598,(#3602,#3609),.PCURVE_S1.);
#3598 = LINE('',#3599,#3600);
#3599 = CARTESIAN_POINT('',(13.645448267161,2.849999999949,1.5));
#3600 = VECTOR('',#3601,1.);
#3601 = DIRECTION('',(-1.,0.,0.));
#3602 = PCURVE('',#1169,#3603);
#3603 = DEFINITIONAL_REPRESENTATION('',(#3604),#3608);
#3604 = LINE('',#3605,#3606);
#3605 = CARTESIAN_POINT('',(0.,-0.));
#3606 = VECTOR('',#3607,1.);
#3607 = DIRECTION('',(1.,0.));
#3608 = ( GEOMETRIC_REPRESENTATION_CONTEXT(2) 
PARAMETRIC_REPRESENTATION_CONTEXT() REPRESENTATION_CONTEXT('2D SPACE',''
  ) );
#3609 = PCURVE('',#3610,#3615);
#3610 = PLANE('',#3611);
#3611 = AXIS2_PLACEMENT_3D('',#3612,#3613,#3614);
#3612 = CARTESIAN_POINT('',(12.,-4.498158330803E-17,1.5));
#3613 = DIRECTION('',(0.,0.,1.));
#3614 = DIRECTION('',(1.,0.,-0.));
#3615 = DEFINITIONAL_REPRESENTATION('',(#3616),#3620);
#3616 = LINE('',#3617,#3618);
#3617 = CARTESIAN_POINT('',(1.645448267161,2.849999999949));
#3618 = VECTOR('',#3619,1.);
#3619 = DIRECTION('',(-1.,0.));
#3620 = ( GEOMETRIC_REPRESENTATION_CONTEXT(2) 
PARAMETRIC_REPRESENTATION_CONTEXT() REPRESENTATION_CONTEXT('2D SPACE',''
  ) );
#3621 = ORIENTED_EDGE('',*,*,#3622,.T.);
#3622 = EDGE_CURVE('',#3593,#1155,#3623,.T.);
#3623 = SURFACE_CURVE('',#3624,(#3628,#3635),.PCURVE_S1.);
#3624 = LINE('',#3625,#3626);
#3625 = CARTESIAN_POINT('',(13.645448267161,2.849999999949,1.5));
#3626 = VECTOR('',#3627,1.);
#3627 = DIRECTION('',(0.,0.,1.));
#3628 = PCURVE('',#1169,#3629);
#3629 = DEFINITIONAL_REPRESENTATION('',(#3630),#3634);
#3630 = LINE('',#3631,#3632);
#3631 = CARTESIAN_POINT('',(0.,-0.));
#3632 = VECTOR('',#3633,1.);
#3633 = DIRECTION('',(0.,-1.));
#3634 = ( GEOMETRIC_REPRESENTATION_CONTEXT(2) 
PARAMETRIC_REPRESENTATION_CONTEXT() REPRESENTATION_CONTEXT('2D SPACE',''
  ) );
#3635 = PCURVE('',#1195,#3636);
#3636 = DEFINITIONAL_REPRESENTATION('',(#3637),#3641);
#3637 = LINE('',#3638,#3639);
#3638 = CARTESIAN_POINT('',(3.290896534322,0.));
#3639 = VECTOR('',#3640,1.);
#3640 = DIRECTION('',(0.,-1.));
#3641 = ( GEOMETRIC_REPRESENTATION_CONTEXT(2) 
PARAMETRIC_REPRESENTATION_CONTEXT() REPRESENTATION_CONTEXT('2D SPACE',''
  ) );
#3642 = ORIENTED_EDGE('',*,*,#1152,.F.);
#3643 = ORIENTED_EDGE('',*,*,#3644,.F.);
#3644 = EDGE_CURVE('',#3595,#1153,#3645,.T.);
#3645 = SURFACE_CURVE('',#3646,(#3650,#3657),.PCURVE_S1.);
#3646 = LINE('',#3647,#3648);
#3647 = CARTESIAN_POINT('',(10.354551732839,2.849999999949,1.5));
#3648 = VECTOR('',#3649,1.);
#3649 = DIRECTION('',(0.,0.,1.));
#3650 = PCURVE('',#1169,#3651);
#3651 = DEFINITIONAL_REPRESENTATION('',(#3652),#3656);
#3652 = LINE('',#3653,#3654);
#3653 = CARTESIAN_POINT('',(3.290896534322,0.));
#3654 = VECTOR('',#3655,1.);
#3655 = DIRECTION('',(0.,-1.));
#3656 = ( GEOMETRIC_REPRESENTATION_CONTEXT(2) 
PARAMETRIC_REPRESENTATION_CONTEXT() REPRESENTATION_CONTEXT('2D SPACE',''
  ) );
#3657 = PCURVE('',#1297,#3658);
#3658 = DEFINITIONAL_REPRESENTATION('',(#3659),#3663);
#3659 = LINE('',#3660,#3661);
#3660 = CARTESIAN_POINT('',(0.,0.));
#3661 = VECTOR('',#3662,1.);
#3662 = DIRECTION('',(0.,-1.));
#3663 = ( GEOMETRIC_REPRESENTATION_CONTEXT(2) 
PARAMETRIC_REPRESENTATION_CONTEXT() REPRESENTATION_CONTEXT('2D SPACE',''
  ) );
#3664 = ADVANCED_FACE('',(#3665),#1297,.T.);
#3665 = FACE_BOUND('',#3666,.T.);
#3666 = EDGE_LOOP('',(#3667,#3690,#3691,#3692));
#3667 = ORIENTED_EDGE('',*,*,#3668,.F.);
#3668 = EDGE_CURVE('',#3595,#3669,#3671,.T.);
#3669 = VERTEX_POINT('',#3670);
#3670 = CARTESIAN_POINT('',(8.709103465678,4.030185907082E-16,1.5));
#3671 = SURFACE_CURVE('',#3672,(#3676,#3683),.PCURVE_S1.);
#3672 = LINE('',#3673,#3674);
#3673 = CARTESIAN_POINT('',(10.354551732839,2.849999999949,1.5));
#3674 = VECTOR('',#3675,1.);
#3675 = DIRECTION('',(-0.5,-0.866025403784,0.));
#3676 = PCURVE('',#1297,#3677);
#3677 = DEFINITIONAL_REPRESENTATION('',(#3678),#3682);
#3678 = LINE('',#3679,#3680);
#3679 = CARTESIAN_POINT('',(0.,0.));
#3680 = VECTOR('',#3681,1.);
#3681 = DIRECTION('',(1.,0.));
#3682 = ( GEOMETRIC_REPRESENTATION_CONTEXT(2) 
PARAMETRIC_REPRESENTATION_CONTEXT() REPRESENTATION_CONTEXT('2D SPACE',''
  ) );
#3683 = PCURVE('',#3610,#3684);
#3684 = DEFINITIONAL_REPRESENTATION('',(#3685),#3689);
#3685 = LINE('',#3686,#3687);
#3686 = CARTESIAN_POINT('',(-1.645448267161,2.849999999949));
#3687 = VECTOR('',#3688,1.);
#3688 = DIRECTION('',(-0.5,-0.866025403784));
#3689 = ( GEOMETRIC_REPRESENTATION_CONTEXT(2) 
PARAMETRIC_REPRESENTATION_CONTEXT() REPRESENTATION_CONTEXT('2D SPACE',''
  ) );
#3690 = ORIENTED_EDGE('',*,*,#3644,.T.);
#3691 = ORIENTED_EDGE('',*,*,#1284,.F.);
#3692 = ORIENTED_EDGE('',*,*,#3693,.F.);
#3693 = EDGE_CURVE('',#3669,#1259,#3694,.T.);
#3694 = SURFACE_CURVE('',#3695,(#3699,#3706),.PCURVE_S1.);
#3695 = LINE('',#3696,#3697);
#3696 = CARTESIAN_POINT('',(8.709103465678,4.030185907082E-16,1.5));
#3697 = VECTOR('',#3698,1.);
#3698 = DIRECTION('',(0.,0.,1.));
#3699 = PCURVE('',#1297,#3700);
#3700 = DEFINITIONAL_REPRESENTATION('',(#3701),#3705);
#3701 = LINE('',#3702,#3703);
#3702 = CARTESIAN_POINT('',(3.290896534322,0.));
#3703 = VECTOR('',#3704,1.);
#3704 = DIRECTION('',(0.,-1.));
#3705 = ( GEOMETRIC_REPRESENTATION_CONTEXT(2) 
PARAMETRIC_REPRESENTATION_CONTEXT() REPRESENTATION_CONTEXT('2D SPACE',''
  ) );
#3706 = PCURVE('',#1273,#3707);
#3707 = DEFINITIONAL_REPRESENTATION('',(#3708),#3712);
#3708 = LINE('',#3709,#3710);
#3709 = CARTESIAN_POINT('',(0.,0.));
#3710 = VECTOR('',#3711,1.);
#3711 = DIRECTION('',(0.,-1.));
#3712 = ( GEOMETRIC_REPRESENTATION_CONTEXT(2) 
PARAMETRIC_REPRESENTATION_CONTEXT() REPRESENTATION_CONTEXT('2D SPACE',''
  ) );
#3713 = ADVANCED_FACE('',(#3714),#1195,.T.);
#3714 = FACE_BOUND('',#3715,.T.);
#3715 = EDGE_LOOP('',(#3716,#3739,#3760,#3761));
#3716 = ORIENTED_EDGE('',*,*,#3717,.F.);
#3717 = EDGE_CURVE('',#3718,#3593,#3720,.T.);
#3718 = VERTEX_POINT('',#3719);
#3719 = CARTESIAN_POINT('',(15.290896534322,0.,1.5));
#3720 = SURFACE_CURVE('',#3721,(#3725,#3732),.PCURVE_S1.);
#3721 = LINE('',#3722,#3723);
#3722 = CARTESIAN_POINT('',(15.290896534322,0.,1.5));
#3723 = VECTOR('',#3724,1.);
#3724 = DIRECTION('',(-0.5,0.866025403784,0.));
#3725 = PCURVE('',#1195,#3726);
#3726 = DEFINITIONAL_REPRESENTATION('',(#3727),#3731);
#3727 = LINE('',#3728,#3729);
#3728 = CARTESIAN_POINT('',(0.,0.));
#3729 = VECTOR('',#3730,1.);
#3730 = DIRECTION('',(1.,0.));
#3731 = ( GEOMETRIC_REPRESENTATION_CONTEXT(2) 
PARAMETRIC_REPRESENTATION_CONTEXT() REPRESENTATION_CONTEXT('2D SPACE',''
  ) );
#3732 = PCURVE('',#3610,#3733);
#3733 = DEFINITIONAL_REPRESENTATION('',(#3734),#3738);
#3734 = LINE('',#3735,#3736);
#3735 = CARTESIAN_POINT('',(3.290896534322,4.498158330803E-17));
#3736 = VECTOR('',#3737,1.);
#3737 = DIRECTION('',(-0.5,0.866025403784));
#3738 = ( GEOMETRIC_REPRESENTATION_CONTEXT(2) 
PARAMETRIC_REPRESENTATION_CONTEXT() REPRESENTATION_CONTEXT('2D SPACE',''
  ) );
#3739 = ORIENTED_EDGE('',*,*,#3740,.T.);
#3740 = EDGE_CURVE('',#3718,#1181,#3741,.T.);
#3741 = SURFACE_CURVE('',#3742,(#3746,#3753),.PCURVE_S1.);
#3742 = LINE('',#3743,#3744);
#3743 = CARTESIAN_POINT('',(15.290896534322,0.,1.5));
#3744 = VECTOR('',#3745,1.);
#3745 = DIRECTION('',(0.,0.,1.));
#3746 = PCURVE('',#1195,#3747);
#3747 = DEFINITIONAL_REPRESENTATION('',(#3748),#3752);
#3748 = LINE('',#3749,#3750);
#3749 = CARTESIAN_POINT('',(0.,0.));
#3750 = VECTOR('',#3751,1.);
#3751 = DIRECTION('',(0.,-1.));
#3752 = ( GEOMETRIC_REPRESENTATION_CONTEXT(2) 
PARAMETRIC_REPRESENTATION_CONTEXT() REPRESENTATION_CONTEXT('2D SPACE',''
  ) );
#3753 = PCURVE('',#1221,#3754);
#3754 = DEFINITIONAL_REPRESENTATION('',(#3755),#3759);
#3755 = LINE('',#3756,#3757);
#3756 = CARTESIAN_POINT('',(3.290896534322,0.));
#3757 = VECTOR('',#3758,1.);
#3758 = DIRECTION('',(0.,-1.));
#3759 = ( GEOMETRIC_REPRESENTATION_CONTEXT(2) 
PARAMETRIC_REPRESENTATION_CONTEXT() REPRESENTATION_CONTEXT('2D SPACE',''
  ) );
#3760 = ORIENTED_EDGE('',*,*,#1180,.F.);
#3761 = ORIENTED_EDGE('',*,*,#3622,.F.);
#3762 = ADVANCED_FACE('',(#3763),#1273,.T.);
#3763 = FACE_BOUND('',#3764,.T.);
#3764 = EDGE_LOOP('',(#3765,#3788,#3789,#3790));
#3765 = ORIENTED_EDGE('',*,*,#3766,.F.);
#3766 = EDGE_CURVE('',#3669,#3767,#3769,.T.);
#3767 = VERTEX_POINT('',#3768);
#3768 = CARTESIAN_POINT('',(10.354551732839,-2.849999999949,1.5));
#3769 = SURFACE_CURVE('',#3770,(#3774,#3781),.PCURVE_S1.);
#3770 = LINE('',#3771,#3772);
#3771 = CARTESIAN_POINT('',(8.709103465678,4.030185907082E-16,1.5));
#3772 = VECTOR('',#3773,1.);
#3773 = DIRECTION('',(0.5,-0.866025403784,0.));
#3774 = PCURVE('',#1273,#3775);
#3775 = DEFINITIONAL_REPRESENTATION('',(#3776),#3780);
#3776 = LINE('',#3777,#3778);
#3777 = CARTESIAN_POINT('',(0.,0.));
#3778 = VECTOR('',#3779,1.);
#3779 = DIRECTION('',(1.,0.));
#3780 = ( GEOMETRIC_REPRESENTATION_CONTEXT(2) 
PARAMETRIC_REPRESENTATION_CONTEXT() REPRESENTATION_CONTEXT('2D SPACE',''
  ) );
#3781 = PCURVE('',#3610,#3782);
#3782 = DEFINITIONAL_REPRESENTATION('',(#3783),#3787);
#3783 = LINE('',#3784,#3785);
#3784 = CARTESIAN_POINT('',(-3.290896534322,4.480001740162E-16));
#3785 = VECTOR('',#3786,1.);
#3786 = DIRECTION('',(0.5,-0.866025403784));
#3787 = ( GEOMETRIC_REPRESENTATION_CONTEXT(2) 
PARAMETRIC_REPRESENTATION_CONTEXT() REPRESENTATION_CONTEXT('2D SPACE',''
  ) );
#3788 = ORIENTED_EDGE('',*,*,#3693,.T.);
#3789 = ORIENTED_EDGE('',*,*,#1258,.F.);
#3790 = ORIENTED_EDGE('',*,*,#3791,.F.);
#3791 = EDGE_CURVE('',#3767,#1233,#3792,.T.);
#3792 = SURFACE_CURVE('',#3793,(#3797,#3804),.PCURVE_S1.);
#3793 = LINE('',#3794,#3795);
#3794 = CARTESIAN_POINT('',(10.354551732839,-2.849999999949,1.5));
#3795 = VECTOR('',#3796,1.);
#3796 = DIRECTION('',(0.,0.,1.));
#3797 = PCURVE('',#1273,#3798);
#3798 = DEFINITIONAL_REPRESENTATION('',(#3799),#3803);
#3799 = LINE('',#3800,#3801);
#3800 = CARTESIAN_POINT('',(3.290896534322,0.));
#3801 = VECTOR('',#3802,1.);
#3802 = DIRECTION('',(0.,-1.));
#3803 = ( GEOMETRIC_REPRESENTATION_CONTEXT(2) 
PARAMETRIC_REPRESENTATION_CONTEXT() REPRESENTATION_CONTEXT('2D SPACE',''
  ) );
#3804 = PCURVE('',#1247,#3805);
#3805 = DEFINITIONAL_REPRESENTATION('',(#3806),#3810);
#3806 = LINE('',#3807,#3808);
#3807 = CARTESIAN_POINT('',(0.,0.));
#3808 = VECTOR('',#3809,1.);
#3809 = DIRECTION('',(0.,-1.));
#3810 = ( GEOMETRIC_REPRESENTATION_CONTEXT(2) 
PARAMETRIC_REPRESENTATION_CONTEXT() REPRESENTATION_CONTEXT('2D SPACE',''
  ) );
#3811 = ADVANCED_FACE('',(#3812),#1221,.T.);
#3812 = FACE_BOUND('',#3813,.T.);
#3813 = EDGE_LOOP('',(#3814,#3837,#3858,#3859));
#3814 = ORIENTED_EDGE('',*,*,#3815,.F.);
#3815 = EDGE_CURVE('',#3816,#3718,#3818,.T.);
#3816 = VERTEX_POINT('',#3817);
#3817 = CARTESIAN_POINT('',(13.645448267161,-2.849999999949,1.5));
#3818 = SURFACE_CURVE('',#3819,(#3823,#3830),.PCURVE_S1.);
#3819 = LINE('',#3820,#3821);
#3820 = CARTESIAN_POINT('',(13.645448267161,-2.849999999949,1.5));
#3821 = VECTOR('',#3822,1.);
#3822 = DIRECTION('',(0.5,0.866025403784,0.));
#3823 = PCURVE('',#1221,#3824);
#3824 = DEFINITIONAL_REPRESENTATION('',(#3825),#3829);
#3825 = LINE('',#3826,#3827);
#3826 = CARTESIAN_POINT('',(0.,0.));
#3827 = VECTOR('',#3828,1.);
#3828 = DIRECTION('',(1.,0.));
#3829 = ( GEOMETRIC_REPRESENTATION_CONTEXT(2) 
PARAMETRIC_REPRESENTATION_CONTEXT() REPRESENTATION_CONTEXT('2D SPACE',''
  ) );
#3830 = PCURVE('',#3610,#3831);
#3831 = DEFINITIONAL_REPRESENTATION('',(#3832),#3836);
#3832 = LINE('',#3833,#3834);
#3833 = CARTESIAN_POINT('',(1.645448267161,-2.849999999949));
#3834 = VECTOR('',#3835,1.);
#3835 = DIRECTION('',(0.5,0.866025403784));
#3836 = ( GEOMETRIC_REPRESENTATION_CONTEXT(2) 
PARAMETRIC_REPRESENTATION_CONTEXT() REPRESENTATION_CONTEXT('2D SPACE',''
  ) );
#3837 = ORIENTED_EDGE('',*,*,#3838,.T.);
#3838 = EDGE_CURVE('',#3816,#1207,#3839,.T.);
#3839 = SURFACE_CURVE('',#3840,(#3844,#3851),.PCURVE_S1.);
#3840 = LINE('',#3841,#3842);
#3841 = CARTESIAN_POINT('',(13.645448267161,-2.849999999949,1.5));
#3842 = VECTOR('',#3843,1.);
#3843 = DIRECTION('',(0.,0.,1.));
#3844 = PCURVE('',#1221,#3845);
#3845 = DEFINITIONAL_REPRESENTATION('',(#3846),#3850);
#3846 = LINE('',#3847,#3848);
#3847 = CARTESIAN_POINT('',(0.,0.));
#3848 = VECTOR('',#3849,1.);
#3849 = DIRECTION('',(0.,-1.));
#3850 = ( GEOMETRIC_REPRESENTATION_CONTEXT(2) 
PARAMETRIC_REPRESENTATION_CONTEXT() REPRESENTATION_CONTEXT('2D SPACE',''
  ) );
#3851 = PCURVE('',#1247,#3852);
#3852 = DEFINITIONAL_REPRESENTATION('',(#3853),#3857);
#3853 = LINE('',#3854,#3855);
#3854 = CARTESIAN_POINT('',(3.290896534322,0.));
#3855 = VECTOR('',#3856,1.);
#3856 = DIRECTION('',(0.,-1.));
#3857 = ( GEOMETRIC_REPRESENTATION_CONTEXT(2) 
PARAMETRIC_REPRESENTATION_CONTEXT() REPRESENTATION_CONTEXT('2D SPACE',''
  ) );
#3858 = ORIENTED_EDGE('',*,*,#1206,.F.);
#3859 = ORIENTED_EDGE('',*,*,#3740,.F.);
#3860 = ADVANCED_FACE('',(#3861),#1247,.T.);
#3861 = FACE_BOUND('',#3862,.T.);
#3862 = EDGE_LOOP('',(#3863,#3884,#3885,#3886));
#3863 = ORIENTED_EDGE('',*,*,#3864,.F.);
#3864 = EDGE_CURVE('',#3767,#3816,#3865,.T.);
#3865 = SURFACE_CURVE('',#3866,(#3870,#3877),.PCURVE_S1.);
#3866 = LINE('',#3867,#3868);
#3867 = CARTESIAN_POINT('',(10.354551732839,-2.849999999949,1.5));
#3868 = VECTOR('',#3869,1.);
#3869 = DIRECTION('',(1.,-6.747237496204E-16,0.));
#3870 = PCURVE('',#1247,#3871);
#3871 = DEFINITIONAL_REPRESENTATION('',(#3872),#3876);
#3872 = LINE('',#3873,#3874);
#3873 = CARTESIAN_POINT('',(0.,0.));
#3874 = VECTOR('',#3875,1.);
#3875 = DIRECTION('',(1.,0.));
#3876 = ( GEOMETRIC_REPRESENTATION_CONTEXT(2) 
PARAMETRIC_REPRESENTATION_CONTEXT() REPRESENTATION_CONTEXT('2D SPACE',''
  ) );
#3877 = PCURVE('',#3610,#3878);
#3878 = DEFINITIONAL_REPRESENTATION('',(#3879),#3883);
#3879 = LINE('',#3880,#3881);
#3880 = CARTESIAN_POINT('',(-1.645448267161,-2.849999999949));
#3881 = VECTOR('',#3882,1.);
#3882 = DIRECTION('',(1.,-6.747237496204E-16));
#3883 = ( GEOMETRIC_REPRESENTATION_CONTEXT(2) 
PARAMETRIC_REPRESENTATION_CONTEXT() REPRESENTATION_CONTEXT('2D SPACE',''
  ) );
#3884 = ORIENTED_EDGE('',*,*,#3791,.T.);
#3885 = ORIENTED_EDGE('',*,*,#1232,.F.);
#3886 = ORIENTED_EDGE('',*,*,#3838,.F.);
#3887 = ADVANCED_FACE('',(#3888),#1327,.T.);
#3888 = FACE_BOUND('',#3889,.T.);
#3889 = EDGE_LOOP('',(#3890,#3920,#3941,#3942));
#3890 = ORIENTED_EDGE('',*,*,#3891,.F.);
#3891 = EDGE_CURVE('',#3892,#3894,#3896,.T.);
#3892 = VERTEX_POINT('',#3893);
#3893 = CARTESIAN_POINT('',(2.396003617094,20.149999999925,5.45));
#3894 = VERTEX_POINT('',#3895);
#3895 = CARTESIAN_POINT('',(-2.396003617094,20.149999999925,5.45));
#3896 = SURFACE_CURVE('',#3897,(#3901,#3908),.PCURVE_S1.);
#3897 = LINE('',#3898,#3899);
#3898 = CARTESIAN_POINT('',(2.396003617094,20.149999999925,5.45));
#3899 = VECTOR('',#3900,1.);
#3900 = DIRECTION('',(-1.,1.853458011005E-16,0.));
#3901 = PCURVE('',#1327,#3902);
#3902 = DEFINITIONAL_REPRESENTATION('',(#3903),#3907);
#3903 = LINE('',#3904,#3905);
#3904 = CARTESIAN_POINT('',(0.,0.));
#3905 = VECTOR('',#3906,1.);
#3906 = DIRECTION('',(1.,0.));
#3907 = ( GEOMETRIC_REPRESENTATION_CONTEXT(2) 
PARAMETRIC_REPRESENTATION_CONTEXT() REPRESENTATION_CONTEXT('2D SPACE',''
  ) );
#3908 = PCURVE('',#3909,#3914);
#3909 = PLANE('',#3910);
#3910 = AXIS2_PLACEMENT_3D('',#3911,#3912,#3913);
#3911 = CARTESIAN_POINT('',(1.853458011005E-16,16.,5.45));
#3912 = DIRECTION('',(0.,0.,1.));
#3913 = DIRECTION('',(1.,0.,-0.));
#3914 = DEFINITIONAL_REPRESENTATION('',(#3915),#3919);
#3915 = LINE('',#3916,#3917);
#3916 = CARTESIAN_POINT('',(2.396003617094,4.149999999925));
#3917 = VECTOR('',#3918,1.);
#3918 = DIRECTION('',(-1.,1.853458011005E-16));
#3919 = ( GEOMETRIC_REPRESENTATION_CONTEXT(2) 
PARAMETRIC_REPRESENTATION_CONTEXT() REPRESENTATION_CONTEXT('2D SPACE',''
  ) );
#3920 = ORIENTED_EDGE('',*,*,#3921,.T.);
#3921 = EDGE_CURVE('',#3892,#1313,#3922,.T.);
#3922 = SURFACE_CURVE('',#3923,(#3927,#3934),.PCURVE_S1.);
#3923 = LINE('',#3924,#3925);
#3924 = CARTESIAN_POINT('',(2.396003617094,20.149999999925,5.45));
#3925 = VECTOR('',#3926,1.);
#3926 = DIRECTION('',(0.,0.,1.));
#3927 = PCURVE('',#1327,#3928);
#3928 = DEFINITIONAL_REPRESENTATION('',(#3929),#3933);
#3929 = LINE('',#3930,#3931);
#3930 = CARTESIAN_POINT('',(0.,0.));
#3931 = VECTOR('',#3932,1.);
#3932 = DIRECTION('',(0.,-1.));
#3933 = ( GEOMETRIC_REPRESENTATION_CONTEXT(2) 
PARAMETRIC_REPRESENTATION_CONTEXT() REPRESENTATION_CONTEXT('2D SPACE',''
  ) );
#3934 = PCURVE('',#1353,#3935);
#3935 = DEFINITIONAL_REPRESENTATION('',(#3936),#3940);
#3936 = LINE('',#3937,#3938);
#3937 = CARTESIAN_POINT('',(4.792007234188,0.));
#3938 = VECTOR('',#3939,1.);
#3939 = DIRECTION('',(0.,-1.));
#3940 = ( GEOMETRIC_REPRESENTATION_CONTEXT(2) 
PARAMETRIC_REPRESENTATION_CONTEXT() REPRESENTATION_CONTEXT('2D SPACE',''
  ) );
#3941 = ORIENTED_EDGE('',*,*,#1310,.F.);
#3942 = ORIENTED_EDGE('',*,*,#3943,.F.);
#3943 = EDGE_CURVE('',#3894,#1311,#3944,.T.);
#3944 = SURFACE_CURVE('',#3945,(#3949,#3956),.PCURVE_S1.);
#3945 = LINE('',#3946,#3947);
#3946 = CARTESIAN_POINT('',(-2.396003617094,20.149999999925,5.45));
#3947 = VECTOR('',#3948,1.);
#3948 = DIRECTION('',(0.,0.,1.));
#3949 = PCURVE('',#1327,#3950);
#3950 = DEFINITIONAL_REPRESENTATION('',(#3951),#3955);
#3951 = LINE('',#3952,#3953);
#3952 = CARTESIAN_POINT('',(4.792007234188,0.));
#3953 = VECTOR('',#3954,1.);
#3954 = DIRECTION('',(0.,-1.));
#3955 = ( GEOMETRIC_REPRESENTATION_CONTEXT(2) 
PARAMETRIC_REPRESENTATION_CONTEXT() REPRESENTATION_CONTEXT('2D SPACE',''
  ) );
#3956 = PCURVE('',#1455,#3957);
#3957 = DEFINITIONAL_REPRESENTATION('',(#3958),#3962);
#3958 = LINE('',#3959,#3960);
#3959 = CARTESIAN_POINT('',(0.,0.));
#3960 = VECTOR('',#3961,1.);
#3961 = DIRECTION('',(0.,-1.));
#3962 = ( GEOMETRIC_REPRESENTATION_CONTEXT(2) 
PARAMETRIC_REPRESENTATION_CONTEXT() REPRESENTATION_CONTEXT('2D SPACE',''
  ) );
#3963 = ADVANCED_FACE('',(#3964),#1455,.T.);
#3964 = FACE_BOUND('',#3965,.T.);
#3965 = EDGE_LOOP('',(#3966,#3989,#3990,#3991));
#3966 = ORIENTED_EDGE('',*,*,#3967,.F.);
#3967 = EDGE_CURVE('',#3894,#3968,#3970,.T.);
#3968 = VERTEX_POINT('',#3969);
#3969 = CARTESIAN_POINT('',(-4.792007234188,16.,5.45));
#3970 = SURFACE_CURVE('',#3971,(#3975,#3982),.PCURVE_S1.);
#3971 = LINE('',#3972,#3973);
#3972 = CARTESIAN_POINT('',(-2.396003617094,20.149999999925,5.45));
#3973 = VECTOR('',#3974,1.);
#3974 = DIRECTION('',(-0.5,-0.866025403784,0.));
#3975 = PCURVE('',#1455,#3976);
#3976 = DEFINITIONAL_REPRESENTATION('',(#3977),#3981);
#3977 = LINE('',#3978,#3979);
#3978 = CARTESIAN_POINT('',(0.,0.));
#3979 = VECTOR('',#3980,1.);
#3980 = DIRECTION('',(1.,0.));
#3981 = ( GEOMETRIC_REPRESENTATION_CONTEXT(2) 
PARAMETRIC_REPRESENTATION_CONTEXT() REPRESENTATION_CONTEXT('2D SPACE',''
  ) );
#3982 = PCURVE('',#3909,#3983);
#3983 = DEFINITIONAL_REPRESENTATION('',(#3984),#3988);
#3984 = LINE('',#3985,#3986);
#3985 = CARTESIAN_POINT('',(-2.396003617094,4.149999999925));
#3986 = VECTOR('',#3987,1.);
#3987 = DIRECTION('',(-0.5,-0.866025403784));
#3988 = ( GEOMETRIC_REPRESENTATION_CONTEXT(2) 
PARAMETRIC_REPRESENTATION_CONTEXT() REPRESENTATION_CONTEXT('2D SPACE',''
  ) );
#3989 = ORIENTED_EDGE('',*,*,#3943,.T.);
#3990 = ORIENTED_EDGE('',*,*,#1442,.F.);
#3991 = ORIENTED_EDGE('',*,*,#3992,.F.);
#3992 = EDGE_CURVE('',#3968,#1417,#3993,.T.);
#3993 = SURFACE_CURVE('',#3994,(#3998,#4005),.PCURVE_S1.);
#3994 = LINE('',#3995,#3996);
#3995 = CARTESIAN_POINT('',(-4.792007234188,16.,5.45));
#3996 = VECTOR('',#3997,1.);
#3997 = DIRECTION('',(0.,0.,1.));
#3998 = PCURVE('',#1455,#3999);
#3999 = DEFINITIONAL_REPRESENTATION('',(#4000),#4004);
#4000 = LINE('',#4001,#4002);
#4001 = CARTESIAN_POINT('',(4.792007234188,0.));
#4002 = VECTOR('',#4003,1.);
#4003 = DIRECTION('',(0.,-1.));
#4004 = ( GEOMETRIC_REPRESENTATION_CONTEXT(2) 
PARAMETRIC_REPRESENTATION_CONTEXT() REPRESENTATION_CONTEXT('2D SPACE',''
  ) );
#4005 = PCURVE('',#1431,#4006);
#4006 = DEFINITIONAL_REPRESENTATION('',(#4007),#4011);
#4007 = LINE('',#4008,#4009);
#4008 = CARTESIAN_POINT('',(0.,0.));
#4009 = VECTOR('',#4010,1.);
#4010 = DIRECTION('',(0.,-1.));
#4011 = ( GEOMETRIC_REPRESENTATION_CONTEXT(2) 
PARAMETRIC_REPRESENTATION_CONTEXT() REPRESENTATION_CONTEXT('2D SPACE',''
  ) );
#4012 = ADVANCED_FACE('',(#4013),#1353,.T.);
#4013 = FACE_BOUND('',#4014,.T.);
#4014 = EDGE_LOOP('',(#4015,#4038,#4059,#4060));
#4015 = ORIENTED_EDGE('',*,*,#4016,.F.);
#4016 = EDGE_CURVE('',#4017,#3892,#4019,.T.);
#4017 = VERTEX_POINT('',#4018);
#4018 = CARTESIAN_POINT('',(4.792007234188,16.,5.45));
#4019 = SURFACE_CURVE('',#4020,(#4024,#4031),.PCURVE_S1.);
#4020 = LINE('',#4021,#4022);
#4021 = CARTESIAN_POINT('',(4.792007234188,16.,5.45));
#4022 = VECTOR('',#4023,1.);
#4023 = DIRECTION('',(-0.5,0.866025403784,0.));
#4024 = PCURVE('',#1353,#4025);
#4025 = DEFINITIONAL_REPRESENTATION('',(#4026),#4030);
#4026 = LINE('',#4027,#4028);
#4027 = CARTESIAN_POINT('',(0.,0.));
#4028 = VECTOR('',#4029,1.);
#4029 = DIRECTION('',(1.,0.));
#4030 = ( GEOMETRIC_REPRESENTATION_CONTEXT(2) 
PARAMETRIC_REPRESENTATION_CONTEXT() REPRESENTATION_CONTEXT('2D SPACE',''
  ) );
#4031 = PCURVE('',#3909,#4032);
#4032 = DEFINITIONAL_REPRESENTATION('',(#4033),#4037);
#4033 = LINE('',#4034,#4035);
#4034 = CARTESIAN_POINT('',(4.792007234188,0.));
#4035 = VECTOR('',#4036,1.);
#4036 = DIRECTION('',(-0.5,0.866025403784));
#4037 = ( GEOMETRIC_REPRESENTATION_CONTEXT(2) 
PARAMETRIC_REPRESENTATION_CONTEXT() REPRESENTATION_CONTEXT('2D SPACE',''
  ) );
#4038 = ORIENTED_EDGE('',*,*,#4039,.T.);
#4039 = EDGE_CURVE('',#4017,#1339,#4040,.T.);
#4040 = SURFACE_CURVE('',#4041,(#4045,#4052),.PCURVE_S1.);
#4041 = LINE('',#4042,#4043);
#4042 = CARTESIAN_POINT('',(4.792007234188,16.,5.45));
#4043 = VECTOR('',#4044,1.);
#4044 = DIRECTION('',(0.,0.,1.));
#4045 = PCURVE('',#1353,#4046);
#4046 = DEFINITIONAL_REPRESENTATION('',(#4047),#4051);
#4047 = LINE('',#4048,#4049);
#4048 = CARTESIAN_POINT('',(0.,0.));
#4049 = VECTOR('',#4050,1.);
#4050 = DIRECTION('',(0.,-1.));
#4051 = ( GEOMETRIC_REPRESENTATION_CONTEXT(2) 
PARAMETRIC_REPRESENTATION_CONTEXT() REPRESENTATION_CONTEXT('2D SPACE',''
  ) );
#4052 = PCURVE('',#1379,#4053);
#4053 = DEFINITIONAL_REPRESENTATION('',(#4054),#4058);
#4054 = LINE('',#4055,#4056);
#4055 = CARTESIAN_POINT('',(4.792007234188,0.));
#4056 = VECTOR('',#4057,1.);
#4057 = DIRECTION('',(0.,-1.));
#4058 = ( GEOMETRIC_REPRESENTATION_CONTEXT(2) 
PARAMETRIC_REPRESENTATION_CONTEXT() REPRESENTATION_CONTEXT('2D SPACE',''
  ) );
#4059 = ORIENTED_EDGE('',*,*,#1338,.F.);
#4060 = ORIENTED_EDGE('',*,*,#3921,.F.);
#4061 = ADVANCED_FACE('',(#4062),#1431,.T.);
#4062 = FACE_BOUND('',#4063,.T.);
#4063 = EDGE_LOOP('',(#4064,#4087,#4088,#4089));
#4064 = ORIENTED_EDGE('',*,*,#4065,.F.);
#4065 = EDGE_CURVE('',#3968,#4066,#4068,.T.);
#4066 = VERTEX_POINT('',#4067);
#4067 = CARTESIAN_POINT('',(-2.396003617094,11.850000000075,5.45));
#4068 = SURFACE_CURVE('',#4069,(#4073,#4080),.PCURVE_S1.);
#4069 = LINE('',#4070,#4071);
#4070 = CARTESIAN_POINT('',(-4.792007234188,16.,5.45));
#4071 = VECTOR('',#4072,1.);
#4072 = DIRECTION('',(0.5,-0.866025403784,0.));
#4073 = PCURVE('',#1431,#4074);
#4074 = DEFINITIONAL_REPRESENTATION('',(#4075),#4079);
#4075 = LINE('',#4076,#4077);
#4076 = CARTESIAN_POINT('',(0.,0.));
#4077 = VECTOR('',#4078,1.);
#4078 = DIRECTION('',(1.,0.));
#4079 = ( GEOMETRIC_REPRESENTATION_CONTEXT(2) 
PARAMETRIC_REPRESENTATION_CONTEXT() REPRESENTATION_CONTEXT('2D SPACE',''
  ) );
#4080 = PCURVE('',#3909,#4081);
#4081 = DEFINITIONAL_REPRESENTATION('',(#4082),#4086);
#4082 = LINE('',#4083,#4084);
#4083 = CARTESIAN_POINT('',(-4.792007234188,0.));
#4084 = VECTOR('',#4085,1.);
#4085 = DIRECTION('',(0.5,-0.866025403784));
#4086 = ( GEOMETRIC_REPRESENTATION_CONTEXT(2) 
PARAMETRIC_REPRESENTATION_CONTEXT() REPRESENTATION_CONTEXT('2D SPACE',''
  ) );
#4087 = ORIENTED_EDGE('',*,*,#3992,.T.);
#4088 = ORIENTED_EDGE('',*,*,#1416,.F.);
#4089 = ORIENTED_EDGE('',*,*,#4090,.F.);
#4090 = EDGE_CURVE('',#4066,#1391,#4091,.T.);
#4091 = SURFACE_CURVE('',#4092,(#4096,#4103),.PCURVE_S1.);
#4092 = LINE('',#4093,#4094);
#4093 = CARTESIAN_POINT('',(-2.396003617094,11.850000000075,5.45));
#4094 = VECTOR('',#4095,1.);
#4095 = DIRECTION('',(0.,0.,1.));
#4096 = PCURVE('',#1431,#4097);
#4097 = DEFINITIONAL_REPRESENTATION('',(#4098),#4102);
#4098 = LINE('',#4099,#4100);
#4099 = CARTESIAN_POINT('',(4.792007234188,0.));
#4100 = VECTOR('',#4101,1.);
#4101 = DIRECTION('',(0.,-1.));
#4102 = ( GEOMETRIC_REPRESENTATION_CONTEXT(2) 
PARAMETRIC_REPRESENTATION_CONTEXT() REPRESENTATION_CONTEXT('2D SPACE',''
  ) );
#4103 = PCURVE('',#1405,#4104);
#4104 = DEFINITIONAL_REPRESENTATION('',(#4105),#4109);
#4105 = LINE('',#4106,#4107);
#4106 = CARTESIAN_POINT('',(0.,0.));
#4107 = VECTOR('',#4108,1.);
#4108 = DIRECTION('',(0.,-1.));
#4109 = ( GEOMETRIC_REPRESENTATION_CONTEXT(2) 
PARAMETRIC_REPRESENTATION_CONTEXT() REPRESENTATION_CONTEXT('2D SPACE',''
  ) );
#4110 = ADVANCED_FACE('',(#4111),#1379,.T.);
#4111 = FACE_BOUND('',#4112,.T.);
#4112 = EDGE_LOOP('',(#4113,#4136,#4157,#4158));
#4113 = ORIENTED_EDGE('',*,*,#4114,.F.);
#4114 = EDGE_CURVE('',#4115,#4017,#4117,.T.);
#4115 = VERTEX_POINT('',#4116);
#4116 = CARTESIAN_POINT('',(2.396003617094,11.850000000075,5.45));
#4117 = SURFACE_CURVE('',#4118,(#4122,#4129),.PCURVE_S1.);
#4118 = LINE('',#4119,#4120);
#4119 = CARTESIAN_POINT('',(2.396003617094,11.850000000075,5.45));
#4120 = VECTOR('',#4121,1.);
#4121 = DIRECTION('',(0.5,0.866025403784,0.));
#4122 = PCURVE('',#1379,#4123);
#4123 = DEFINITIONAL_REPRESENTATION('',(#4124),#4128);
#4124 = LINE('',#4125,#4126);
#4125 = CARTESIAN_POINT('',(0.,0.));
#4126 = VECTOR('',#4127,1.);
#4127 = DIRECTION('',(1.,0.));
#4128 = ( GEOMETRIC_REPRESENTATION_CONTEXT(2) 
PARAMETRIC_REPRESENTATION_CONTEXT() REPRESENTATION_CONTEXT('2D SPACE',''
  ) );
#4129 = PCURVE('',#3909,#4130);
#4130 = DEFINITIONAL_REPRESENTATION('',(#4131),#4135);
#4131 = LINE('',#4132,#4133);
#4132 = CARTESIAN_POINT('',(2.396003617094,-4.149999999925));
#4133 = VECTOR('',#4134,1.);
#4134 = DIRECTION('',(0.5,0.866025403784));
#4135 = ( GEOMETRIC_REPRESENTATION_CONTEXT(2) 
PARAMETRIC_REPRESENTATION_CONTEXT() REPRESENTATION_CONTEXT('2D SPACE',''
  ) );
#4136 = ORIENTED_EDGE('',*,*,#4137,.T.);
#4137 = EDGE_CURVE('',#4115,#1365,#4138,.T.);
#4138 = SURFACE_CURVE('',#4139,(#4143,#4150),.PCURVE_S1.);
#4139 = LINE('',#4140,#4141);
#4140 = CARTESIAN_POINT('',(2.396003617094,11.850000000075,5.45));
#4141 = VECTOR('',#4142,1.);
#4142 = DIRECTION('',(0.,0.,1.));
#4143 = PCURVE('',#1379,#4144);
#4144 = DEFINITIONAL_REPRESENTATION('',(#4145),#4149);
#4145 = LINE('',#4146,#4147);
#4146 = CARTESIAN_POINT('',(0.,0.));
#4147 = VECTOR('',#4148,1.);
#4148 = DIRECTION('',(0.,-1.));
#4149 = ( GEOMETRIC_REPRESENTATION_CONTEXT(2) 
PARAMETRIC_REPRESENTATION_CONTEXT() REPRESENTATION_CONTEXT('2D SPACE',''
  ) );
#4150 = PCURVE('',#1405,#4151);
#4151 = DEFINITIONAL_REPRESENTATION('',(#4152),#4156);
#4152 = LINE('',#4153,#4154);
#4153 = CARTESIAN_POINT('',(4.792007234188,0.));
#4154 = VECTOR('',#4155,1.);
#4155 = DIRECTION('',(0.,-1.));
#4156 = ( GEOMETRIC_REPRESENTATION_CONTEXT(2) 
PARAMETRIC_REPRESENTATION_CONTEXT() REPRESENTATION_CONTEXT('2D SPACE',''
  ) );
#4157 = ORIENTED_EDGE('',*,*,#1364,.F.);
#4158 = ORIENTED_EDGE('',*,*,#4039,.F.);
#4159 = ADVANCED_FACE('',(#4160),#1405,.T.);
#4160 = FACE_BOUND('',#4161,.T.);
#4161 = EDGE_LOOP('',(#4162,#4183,#4184,#4185));
#4162 = ORIENTED_EDGE('',*,*,#4163,.F.);
#4163 = EDGE_CURVE('',#4066,#4115,#4164,.T.);
#4164 = SURFACE_CURVE('',#4165,(#4169,#4176),.PCURVE_S1.);
#4165 = LINE('',#4166,#4167);
#4166 = CARTESIAN_POINT('',(-2.396003617094,11.850000000075,5.45));
#4167 = VECTOR('',#4168,1.);
#4168 = DIRECTION('',(1.,-7.413832044022E-16,0.));
#4169 = PCURVE('',#1405,#4170);
#4170 = DEFINITIONAL_REPRESENTATION('',(#4171),#4175);
#4171 = LINE('',#4172,#4173);
#4172 = CARTESIAN_POINT('',(0.,0.));
#4173 = VECTOR('',#4174,1.);
#4174 = DIRECTION('',(1.,0.));
#4175 = ( GEOMETRIC_REPRESENTATION_CONTEXT(2) 
PARAMETRIC_REPRESENTATION_CONTEXT() REPRESENTATION_CONTEXT('2D SPACE',''
  ) );
#4176 = PCURVE('',#3909,#4177);
#4177 = DEFINITIONAL_REPRESENTATION('',(#4178),#4182);
#4178 = LINE('',#4179,#4180);
#4179 = CARTESIAN_POINT('',(-2.396003617094,-4.149999999925));
#4180 = VECTOR('',#4181,1.);
#4181 = DIRECTION('',(1.,-7.413832044022E-16));
#4182 = ( GEOMETRIC_REPRESENTATION_CONTEXT(2) 
PARAMETRIC_REPRESENTATION_CONTEXT() REPRESENTATION_CONTEXT('2D SPACE',''
  ) );
#4183 = ORIENTED_EDGE('',*,*,#4090,.T.);
#4184 = ORIENTED_EDGE('',*,*,#1390,.F.);
#4185 = ORIENTED_EDGE('',*,*,#4137,.F.);
#4186 = ADVANCED_FACE('',(#4187),#1489,.F.);
#4187 = FACE_BOUND('',#4188,.F.);
#4188 = EDGE_LOOP('',(#4189,#4190,#4211,#4212));
#4189 = ORIENTED_EDGE('',*,*,#2404,.F.);
#4190 = ORIENTED_EDGE('',*,*,#4191,.F.);
#4191 = EDGE_CURVE('',#1469,#2405,#4192,.T.);
#4192 = SEAM_CURVE('',#4193,(#4197,#4204),.PCURVE_S1.);
#4193 = LINE('',#4194,#4195);
#4194 = CARTESIAN_POINT('',(19.35,17.,9.5));
#4195 = VECTOR('',#4196,1.);
#4196 = DIRECTION('',(0.,0.,-1.));
#4197 = PCURVE('',#1489,#4198);
#4198 = DEFINITIONAL_REPRESENTATION('',(#4199),#4203);
#4199 = LINE('',#4200,#4201);
#4200 = CARTESIAN_POINT('',(6.28318530718,-0.));
#4201 = VECTOR('',#4202,1.);
#4202 = DIRECTION('',(0.,1.));
#4203 = ( GEOMETRIC_REPRESENTATION_CONTEXT(2) 
PARAMETRIC_REPRESENTATION_CONTEXT() REPRESENTATION_CONTEXT('2D SPACE',''
  ) );
#4204 = PCURVE('',#1489,#4205);
#4205 = DEFINITIONAL_REPRESENTATION('',(#4206),#4210);
#4206 = LINE('',#4207,#4208);
#4207 = CARTESIAN_POINT('',(0.,-0.));
#4208 = VECTOR('',#4209,1.);
#4209 = DIRECTION('',(0.,1.));
#4210 = ( GEOMETRIC_REPRESENTATION_CONTEXT(2) 
PARAMETRIC_REPRESENTATION_CONTEXT() REPRESENTATION_CONTEXT('2D SPACE',''
  ) );
#4211 = ORIENTED_EDGE('',*,*,#1468,.T.);
#4212 = ORIENTED_EDGE('',*,*,#4191,.T.);
#4213 = ADVANCED_FACE('',(#4214),#1844,.T.);
#4214 = FACE_BOUND('',#4215,.T.);
#4215 = EDGE_LOOP('',(#4216,#4239,#4240,#4263));
#4216 = ORIENTED_EDGE('',*,*,#4217,.F.);
#4217 = EDGE_CURVE('',#1828,#4218,#4220,.T.);
#4218 = VERTEX_POINT('',#4219);
#4219 = CARTESIAN_POINT('',(-24.875,-11.125,1.));
#4220 = SURFACE_CURVE('',#4221,(#4225,#4232),.PCURVE_S1.);
#4221 = LINE('',#4222,#4223);
#4222 = CARTESIAN_POINT('',(-24.875,-11.125,-5.E-02));
#4223 = VECTOR('',#4224,1.);
#4224 = DIRECTION('',(0.,0.,1.));
#4225 = PCURVE('',#1844,#4226);
#4226 = DEFINITIONAL_REPRESENTATION('',(#4227),#4231);
#4227 = LINE('',#4228,#4229);
#4228 = CARTESIAN_POINT('',(0.,10.25));
#4229 = VECTOR('',#4230,1.);
#4230 = DIRECTION('',(1.,0.));
#4231 = ( GEOMETRIC_REPRESENTATION_CONTEXT(2) 
PARAMETRIC_REPRESENTATION_CONTEXT() REPRESENTATION_CONTEXT('2D SPACE',''
  ) );
#4232 = PCURVE('',#1920,#4233);
#4233 = DEFINITIONAL_REPRESENTATION('',(#4234),#4238);
#4234 = LINE('',#4235,#4236);
#4235 = CARTESIAN_POINT('',(0.,0.));
#4236 = VECTOR('',#4237,1.);
#4237 = DIRECTION('',(1.,0.));
#4238 = ( GEOMETRIC_REPRESENTATION_CONTEXT(2) 
PARAMETRIC_REPRESENTATION_CONTEXT() REPRESENTATION_CONTEXT('2D SPACE',''
  ) );
#4239 = ORIENTED_EDGE('',*,*,#1827,.T.);
#4240 = ORIENTED_EDGE('',*,*,#4241,.T.);
#4241 = EDGE_CURVE('',#1830,#4242,#4244,.T.);
#4242 = VERTEX_POINT('',#4243);
#4243 = CARTESIAN_POINT('',(-35.125,-11.125,1.));
#4244 = SURFACE_CURVE('',#4245,(#4249,#4256),.PCURVE_S1.);
#4245 = LINE('',#4246,#4247);
#4246 = CARTESIAN_POINT('',(-35.125,-11.125,-5.E-02));
#4247 = VECTOR('',#4248,1.);
#4248 = DIRECTION('',(0.,0.,1.));
#4249 = PCURVE('',#1844,#4250);
#4250 = DEFINITIONAL_REPRESENTATION('',(#4251),#4255);
#4251 = LINE('',#4252,#4253);
#4252 = CARTESIAN_POINT('',(0.,0.));
#4253 = VECTOR('',#4254,1.);
#4254 = DIRECTION('',(1.,0.));
#4255 = ( GEOMETRIC_REPRESENTATION_CONTEXT(2) 
PARAMETRIC_REPRESENTATION_CONTEXT() REPRESENTATION_CONTEXT('2D SPACE',''
  ) );
#4256 = PCURVE('',#1870,#4257);
#4257 = DEFINITIONAL_REPRESENTATION('',(#4258),#4262);
#4258 = LINE('',#4259,#4260);
#4259 = CARTESIAN_POINT('',(0.,0.));
#4260 = VECTOR('',#4261,1.);
#4261 = DIRECTION('',(1.,0.));
#4262 = ( GEOMETRIC_REPRESENTATION_CONTEXT(2) 
PARAMETRIC_REPRESENTATION_CONTEXT() REPRESENTATION_CONTEXT('2D SPACE',''
  ) );
#4263 = ORIENTED_EDGE('',*,*,#4264,.T.);
#4264 = EDGE_CURVE('',#4242,#4218,#4265,.T.);
#4265 = SURFACE_CURVE('',#4266,(#4270,#4277),.PCURVE_S1.);
#4266 = LINE('',#4267,#4268);
#4267 = CARTESIAN_POINT('',(-35.125,-11.125,1.));
#4268 = VECTOR('',#4269,1.);
#4269 = DIRECTION('',(1.,0.,0.));
#4270 = PCURVE('',#1844,#4271);
#4271 = DEFINITIONAL_REPRESENTATION('',(#4272),#4276);
#4272 = LINE('',#4273,#4274);
#4273 = CARTESIAN_POINT('',(1.05,0.));
#4274 = VECTOR('',#4275,1.);
#4275 = DIRECTION('',(0.,1.));
#4276 = ( GEOMETRIC_REPRESENTATION_CONTEXT(2) 
PARAMETRIC_REPRESENTATION_CONTEXT() REPRESENTATION_CONTEXT('2D SPACE',''
  ) );
#4277 = PCURVE('',#3077,#4278);
#4278 = DEFINITIONAL_REPRESENTATION('',(#4279),#4283);
#4279 = LINE('',#4280,#4281);
#4280 = CARTESIAN_POINT('',(0.,0.));
#4281 = VECTOR('',#4282,1.);
#4282 = DIRECTION('',(1.,0.));
#4283 = ( GEOMETRIC_REPRESENTATION_CONTEXT(2) 
PARAMETRIC_REPRESENTATION_CONTEXT() REPRESENTATION_CONTEXT('2D SPACE',''
  ) );
#4284 = ADVANCED_FACE('',(#4285),#1920,.F.);
#4285 = FACE_BOUND('',#4286,.F.);
#4286 = EDGE_LOOP('',(#4287,#4288,#4289,#4312));
#4287 = ORIENTED_EDGE('',*,*,#4217,.F.);
#4288 = ORIENTED_EDGE('',*,*,#1907,.T.);
#4289 = ORIENTED_EDGE('',*,*,#4290,.T.);
#4290 = EDGE_CURVE('',#1882,#4291,#4293,.T.);
#4291 = VERTEX_POINT('',#4292);
#4292 = CARTESIAN_POINT('',(-24.875,11.125,1.));
#4293 = SURFACE_CURVE('',#4294,(#4298,#4305),.PCURVE_S1.);
#4294 = LINE('',#4295,#4296);
#4295 = CARTESIAN_POINT('',(-24.875,11.125,-5.E-02));
#4296 = VECTOR('',#4297,1.);
#4297 = DIRECTION('',(0.,0.,1.));
#4298 = PCURVE('',#1920,#4299);
#4299 = DEFINITIONAL_REPRESENTATION('',(#4300),#4304);
#4300 = LINE('',#4301,#4302);
#4301 = CARTESIAN_POINT('',(0.,-22.25));
#4302 = VECTOR('',#4303,1.);
#4303 = DIRECTION('',(1.,0.));
#4304 = ( GEOMETRIC_REPRESENTATION_CONTEXT(2) 
PARAMETRIC_REPRESENTATION_CONTEXT() REPRESENTATION_CONTEXT('2D SPACE',''
  ) );
#4305 = PCURVE('',#1896,#4306);
#4306 = DEFINITIONAL_REPRESENTATION('',(#4307),#4311);
#4307 = LINE('',#4308,#4309);
#4308 = CARTESIAN_POINT('',(0.,10.25));
#4309 = VECTOR('',#4310,1.);
#4310 = DIRECTION('',(1.,0.));
#4311 = ( GEOMETRIC_REPRESENTATION_CONTEXT(2) 
PARAMETRIC_REPRESENTATION_CONTEXT() REPRESENTATION_CONTEXT('2D SPACE',''
  ) );
#4312 = ORIENTED_EDGE('',*,*,#4313,.F.);
#4313 = EDGE_CURVE('',#4218,#4291,#4314,.T.);
#4314 = SURFACE_CURVE('',#4315,(#4319,#4326),.PCURVE_S1.);
#4315 = LINE('',#4316,#4317);
#4316 = CARTESIAN_POINT('',(-24.875,-11.125,1.));
#4317 = VECTOR('',#4318,1.);
#4318 = DIRECTION('',(0.,1.,0.));
#4319 = PCURVE('',#1920,#4320);
#4320 = DEFINITIONAL_REPRESENTATION('',(#4321),#4325);
#4321 = LINE('',#4322,#4323);
#4322 = CARTESIAN_POINT('',(1.05,0.));
#4323 = VECTOR('',#4324,1.);
#4324 = DIRECTION('',(0.,-1.));
#4325 = ( GEOMETRIC_REPRESENTATION_CONTEXT(2) 
PARAMETRIC_REPRESENTATION_CONTEXT() REPRESENTATION_CONTEXT('2D SPACE',''
  ) );
#4326 = PCURVE('',#3077,#4327);
#4327 = DEFINITIONAL_REPRESENTATION('',(#4328),#4332);
#4328 = LINE('',#4329,#4330);
#4329 = CARTESIAN_POINT('',(10.25,0.));
#4330 = VECTOR('',#4331,1.);
#4331 = DIRECTION('',(0.,1.));
#4332 = ( GEOMETRIC_REPRESENTATION_CONTEXT(2) 
PARAMETRIC_REPRESENTATION_CONTEXT() REPRESENTATION_CONTEXT('2D SPACE',''
  ) );
#4333 = ADVANCED_FACE('',(#4334),#1870,.T.);
#4334 = FACE_BOUND('',#4335,.T.);
#4335 = EDGE_LOOP('',(#4336,#4337,#4338,#4361));
#4336 = ORIENTED_EDGE('',*,*,#4241,.F.);
#4337 = ORIENTED_EDGE('',*,*,#1855,.T.);
#4338 = ORIENTED_EDGE('',*,*,#4339,.T.);
#4339 = EDGE_CURVE('',#1856,#4340,#4342,.T.);
#4340 = VERTEX_POINT('',#4341);
#4341 = CARTESIAN_POINT('',(-35.125,11.125,1.));
#4342 = SURFACE_CURVE('',#4343,(#4347,#4354),.PCURVE_S1.);
#4343 = LINE('',#4344,#4345);
#4344 = CARTESIAN_POINT('',(-35.125,11.125,-5.E-02));
#4345 = VECTOR('',#4346,1.);
#4346 = DIRECTION('',(0.,0.,1.));
#4347 = PCURVE('',#1870,#4348);
#4348 = DEFINITIONAL_REPRESENTATION('',(#4349),#4353);
#4349 = LINE('',#4350,#4351);
#4350 = CARTESIAN_POINT('',(0.,-22.25));
#4351 = VECTOR('',#4352,1.);
#4352 = DIRECTION('',(1.,0.));
#4353 = ( GEOMETRIC_REPRESENTATION_CONTEXT(2) 
PARAMETRIC_REPRESENTATION_CONTEXT() REPRESENTATION_CONTEXT('2D SPACE',''
  ) );
#4354 = PCURVE('',#1896,#4355);
#4355 = DEFINITIONAL_REPRESENTATION('',(#4356),#4360);
#4356 = LINE('',#4357,#4358);
#4357 = CARTESIAN_POINT('',(0.,0.));
#4358 = VECTOR('',#4359,1.);
#4359 = DIRECTION('',(1.,0.));
#4360 = ( GEOMETRIC_REPRESENTATION_CONTEXT(2) 
PARAMETRIC_REPRESENTATION_CONTEXT() REPRESENTATION_CONTEXT('2D SPACE',''
  ) );
#4361 = ORIENTED_EDGE('',*,*,#4362,.F.);
#4362 = EDGE_CURVE('',#4242,#4340,#4363,.T.);
#4363 = SURFACE_CURVE('',#4364,(#4368,#4375),.PCURVE_S1.);
#4364 = LINE('',#4365,#4366);
#4365 = CARTESIAN_POINT('',(-35.125,-11.125,1.));
#4366 = VECTOR('',#4367,1.);
#4367 = DIRECTION('',(0.,1.,0.));
#4368 = PCURVE('',#1870,#4369);
#4369 = DEFINITIONAL_REPRESENTATION('',(#4370),#4374);
#4370 = LINE('',#4371,#4372);
#4371 = CARTESIAN_POINT('',(1.05,0.));
#4372 = VECTOR('',#4373,1.);
#4373 = DIRECTION('',(0.,-1.));
#4374 = ( GEOMETRIC_REPRESENTATION_CONTEXT(2) 
PARAMETRIC_REPRESENTATION_CONTEXT() REPRESENTATION_CONTEXT('2D SPACE',''
  ) );
#4375 = PCURVE('',#3077,#4376);
#4376 = DEFINITIONAL_REPRESENTATION('',(#4377),#4381);
#4377 = LINE('',#4378,#4379);
#4378 = CARTESIAN_POINT('',(0.,0.));
#4379 = VECTOR('',#4380,1.);
#4380 = DIRECTION('',(0.,1.));
#4381 = ( GEOMETRIC_REPRESENTATION_CONTEXT(2) 
PARAMETRIC_REPRESENTATION_CONTEXT() REPRESENTATION_CONTEXT('2D SPACE',''
  ) );
#4382 = ADVANCED_FACE('',(#4383),#1896,.F.);
#4383 = FACE_BOUND('',#4384,.F.);
#4384 = EDGE_LOOP('',(#4385,#4386,#4387,#4388));
#4385 = ORIENTED_EDGE('',*,*,#4290,.F.);
#4386 = ORIENTED_EDGE('',*,*,#1881,.T.);
#4387 = ORIENTED_EDGE('',*,*,#4339,.T.);
#4388 = ORIENTED_EDGE('',*,*,#4389,.T.);
#4389 = EDGE_CURVE('',#4340,#4291,#4390,.T.);
#4390 = SURFACE_CURVE('',#4391,(#4395,#4402),.PCURVE_S1.);
#4391 = LINE('',#4392,#4393);
#4392 = CARTESIAN_POINT('',(-35.125,11.125,1.));
#4393 = VECTOR('',#4394,1.);
#4394 = DIRECTION('',(1.,0.,0.));
#4395 = PCURVE('',#1896,#4396);
#4396 = DEFINITIONAL_REPRESENTATION('',(#4397),#4401);
#4397 = LINE('',#4398,#4399);
#4398 = CARTESIAN_POINT('',(1.05,0.));
#4399 = VECTOR('',#4400,1.);
#4400 = DIRECTION('',(0.,1.));
#4401 = ( GEOMETRIC_REPRESENTATION_CONTEXT(2) 
PARAMETRIC_REPRESENTATION_CONTEXT() REPRESENTATION_CONTEXT('2D SPACE',''
  ) );
#4402 = PCURVE('',#3077,#4403);
#4403 = DEFINITIONAL_REPRESENTATION('',(#4404),#4408);
#4404 = LINE('',#4405,#4406);
#4405 = CARTESIAN_POINT('',(0.,22.25));
#4406 = VECTOR('',#4407,1.);
#4407 = DIRECTION('',(1.,0.));
#4408 = ( GEOMETRIC_REPRESENTATION_CONTEXT(2) 
PARAMETRIC_REPRESENTATION_CONTEXT() REPRESENTATION_CONTEXT('2D SPACE',''
  ) );
#4409 = ADVANCED_FACE('',(#4410),#1950,.F.);
#4410 = FACE_BOUND('',#4411,.F.);
#4411 = EDGE_LOOP('',(#4412,#4435,#4462,#4463));
#4412 = ORIENTED_EDGE('',*,*,#4413,.T.);
#4413 = EDGE_CURVE('',#1934,#4414,#4416,.T.);
#4414 = VERTEX_POINT('',#4415);
#4415 = CARTESIAN_POINT('',(-17.6,-5.878304635907E-16,3.8));
#4416 = SEAM_CURVE('',#4417,(#4421,#4428),.PCURVE_S1.);
#4417 = LINE('',#4418,#4419);
#4418 = CARTESIAN_POINT('',(-17.,-7.347880794884E-16,-5.E-02));
#4419 = VECTOR('',#4420,1.);
#4420 = DIRECTION('',(-0.153985421265,3.771555065348E-17,0.988073119783)
  );
#4421 = PCURVE('',#1950,#4422);
#4422 = DEFINITIONAL_REPRESENTATION('',(#4423),#4427);
#4423 = LINE('',#4424,#4425);
#4424 = CARTESIAN_POINT('',(-6.28318530718,0.));
#4425 = VECTOR('',#4426,1.);
#4426 = DIRECTION('',(-0.,-1.));
#4427 = ( GEOMETRIC_REPRESENTATION_CONTEXT(2) 
PARAMETRIC_REPRESENTATION_CONTEXT() REPRESENTATION_CONTEXT('2D SPACE',''
  ) );
#4428 = PCURVE('',#1950,#4429);
#4429 = DEFINITIONAL_REPRESENTATION('',(#4430),#4434);
#4430 = LINE('',#4431,#4432);
#4431 = CARTESIAN_POINT('',(0.,-0.));
#4432 = VECTOR('',#4433,1.);
#4433 = DIRECTION('',(-0.,-1.));
#4434 = ( GEOMETRIC_REPRESENTATION_CONTEXT(2) 
PARAMETRIC_REPRESENTATION_CONTEXT() REPRESENTATION_CONTEXT('2D SPACE',''
  ) );
#4435 = ORIENTED_EDGE('',*,*,#4436,.F.);
#4436 = EDGE_CURVE('',#4414,#4414,#4437,.T.);
#4437 = SURFACE_CURVE('',#4438,(#4443,#4450),.PCURVE_S1.);
#4438 = CIRCLE('',#4439,2.4);
#4439 = AXIS2_PLACEMENT_3D('',#4440,#4441,#4442);
#4440 = CARTESIAN_POINT('',(-20.,0.,3.8));
#4441 = DIRECTION('',(0.,0.,1.));
#4442 = DIRECTION('',(1.,0.,-0.));
#4443 = PCURVE('',#1950,#4444);
#4444 = DEFINITIONAL_REPRESENTATION('',(#4445),#4449);
#4445 = LINE('',#4446,#4447);
#4446 = CARTESIAN_POINT('',(-0.,-3.85));
#4447 = VECTOR('',#4448,1.);
#4448 = DIRECTION('',(-1.,-0.));
#4449 = ( GEOMETRIC_REPRESENTATION_CONTEXT(2) 
PARAMETRIC_REPRESENTATION_CONTEXT() REPRESENTATION_CONTEXT('2D SPACE',''
  ) );
#4450 = PCURVE('',#4451,#4456);
#4451 = PLANE('',#4452);
#4452 = AXIS2_PLACEMENT_3D('',#4453,#4454,#4455);
#4453 = CARTESIAN_POINT('',(-20.,0.,3.8));
#4454 = DIRECTION('',(0.,0.,1.));
#4455 = DIRECTION('',(1.,0.,-0.));
#4456 = DEFINITIONAL_REPRESENTATION('',(#4457),#4461);
#4457 = CIRCLE('',#4458,2.4);
#4458 = AXIS2_PLACEMENT_2D('',#4459,#4460);
#4459 = CARTESIAN_POINT('',(0.,0.));
#4460 = DIRECTION('',(1.,0.));
#4461 = ( GEOMETRIC_REPRESENTATION_CONTEXT(2) 
PARAMETRIC_REPRESENTATION_CONTEXT() REPRESENTATION_CONTEXT('2D SPACE',''
  ) );
#4462 = ORIENTED_EDGE('',*,*,#4413,.F.);
#4463 = ORIENTED_EDGE('',*,*,#1933,.T.);
#4464 = ADVANCED_FACE('',(#4465),#1981,.F.);
#4465 = FACE_BOUND('',#4466,.F.);
#4466 = EDGE_LOOP('',(#4467,#4491,#4512,#4513));
#4467 = ORIENTED_EDGE('',*,*,#4468,.F.);
#4468 = EDGE_CURVE('',#4469,#4469,#4471,.T.);
#4469 = VERTEX_POINT('',#4470);
#4470 = CARTESIAN_POINT('',(-10.4,-3.918869757272E-16,1.5));
#4471 = SURFACE_CURVE('',#4472,(#4477,#4484),.PCURVE_S1.);
#4472 = CIRCLE('',#4473,1.6);
#4473 = AXIS2_PLACEMENT_3D('',#4474,#4475,#4476);
#4474 = CARTESIAN_POINT('',(-12.,0.,1.5));
#4475 = DIRECTION('',(0.,0.,1.));
#4476 = DIRECTION('',(1.,0.,-0.));
#4477 = PCURVE('',#1981,#4478);
#4478 = DEFINITIONAL_REPRESENTATION('',(#4479),#4483);
#4479 = LINE('',#4480,#4481);
#4480 = CARTESIAN_POINT('',(0.,1.6));
#4481 = VECTOR('',#4482,1.);
#4482 = DIRECTION('',(1.,0.));
#4483 = ( GEOMETRIC_REPRESENTATION_CONTEXT(2) 
PARAMETRIC_REPRESENTATION_CONTEXT() REPRESENTATION_CONTEXT('2D SPACE',''
  ) );
#4484 = PCURVE('',#3257,#4485);
#4485 = DEFINITIONAL_REPRESENTATION('',(#4486),#4490);
#4486 = CIRCLE('',#4487,1.6);
#4487 = AXIS2_PLACEMENT_2D('',#4488,#4489);
#4488 = CARTESIAN_POINT('',(0.,4.498158330803E-17));
#4489 = DIRECTION('',(1.,0.));
#4490 = ( GEOMETRIC_REPRESENTATION_CONTEXT(2) 
PARAMETRIC_REPRESENTATION_CONTEXT() REPRESENTATION_CONTEXT('2D SPACE',''
  ) );
#4491 = ORIENTED_EDGE('',*,*,#4492,.F.);
#4492 = EDGE_CURVE('',#1965,#4469,#4493,.T.);
#4493 = SEAM_CURVE('',#4494,(#4498,#4505),.PCURVE_S1.);
#4494 = LINE('',#4495,#4496);
#4495 = CARTESIAN_POINT('',(-10.4,-3.918869757272E-16,-0.1));
#4496 = VECTOR('',#4497,1.);
#4497 = DIRECTION('',(0.,0.,1.));
#4498 = PCURVE('',#1981,#4499);
#4499 = DEFINITIONAL_REPRESENTATION('',(#4500),#4504);
#4500 = LINE('',#4501,#4502);
#4501 = CARTESIAN_POINT('',(6.28318530718,-0.));
#4502 = VECTOR('',#4503,1.);
#4503 = DIRECTION('',(0.,1.));
#4504 = ( GEOMETRIC_REPRESENTATION_CONTEXT(2) 
PARAMETRIC_REPRESENTATION_CONTEXT() REPRESENTATION_CONTEXT('2D SPACE',''
  ) );
#4505 = PCURVE('',#1981,#4506);
#4506 = DEFINITIONAL_REPRESENTATION('',(#4507),#4511);
#4507 = LINE('',#4508,#4509);
#4508 = CARTESIAN_POINT('',(0.,-0.));
#4509 = VECTOR('',#4510,1.);
#4510 = DIRECTION('',(0.,1.));
#4511 = ( GEOMETRIC_REPRESENTATION_CONTEXT(2) 
PARAMETRIC_REPRESENTATION_CONTEXT() REPRESENTATION_CONTEXT('2D SPACE',''
  ) );
#4512 = ORIENTED_EDGE('',*,*,#1964,.T.);
#4513 = ORIENTED_EDGE('',*,*,#4492,.T.);
#4514 = ADVANCED_FACE('',(#4515),#2013,.T.);
#4515 = FACE_BOUND('',#4516,.T.);
#4516 = EDGE_LOOP('',(#4517,#4540,#4541,#4564));
#4517 = ORIENTED_EDGE('',*,*,#4518,.F.);
#4518 = EDGE_CURVE('',#1996,#4519,#4521,.T.);
#4519 = VERTEX_POINT('',#4520);
#4520 = CARTESIAN_POINT('',(-6.3,-22.3,3.05));
#4521 = SURFACE_CURVE('',#4522,(#4526,#4533),.PCURVE_S1.);
#4522 = LINE('',#4523,#4524);
#4523 = CARTESIAN_POINT('',(-6.3,-22.3,0.));
#4524 = VECTOR('',#4525,1.);
#4525 = DIRECTION('',(0.,0.,1.));
#4526 = PCURVE('',#2013,#4527);
#4527 = DEFINITIONAL_REPRESENTATION('',(#4528),#4532);
#4528 = LINE('',#4529,#4530);
#4529 = CARTESIAN_POINT('',(0.,0.));
#4530 = VECTOR('',#4531,1.);
#4531 = DIRECTION('',(1.,0.));
#4532 = ( GEOMETRIC_REPRESENTATION_CONTEXT(2) 
PARAMETRIC_REPRESENTATION_CONTEXT() REPRESENTATION_CONTEXT('2D SPACE',''
  ) );
#4533 = PCURVE('',#2095,#4534);
#4534 = DEFINITIONAL_REPRESENTATION('',(#4535),#4539);
#4535 = LINE('',#4536,#4537);
#4536 = CARTESIAN_POINT('',(0.,0.));
#4537 = VECTOR('',#4538,1.);
#4538 = DIRECTION('',(1.,0.));
#4539 = ( GEOMETRIC_REPRESENTATION_CONTEXT(2) 
PARAMETRIC_REPRESENTATION_CONTEXT() REPRESENTATION_CONTEXT('2D SPACE',''
  ) );
#4540 = ORIENTED_EDGE('',*,*,#1995,.T.);
#4541 = ORIENTED_EDGE('',*,*,#4542,.T.);
#4542 = EDGE_CURVE('',#1998,#4543,#4545,.T.);
#4543 = VERTEX_POINT('',#4544);
#4544 = CARTESIAN_POINT('',(-6.3,-9.7,3.05));
#4545 = SURFACE_CURVE('',#4546,(#4550,#4557),.PCURVE_S1.);
#4546 = LINE('',#4547,#4548);
#4547 = CARTESIAN_POINT('',(-6.3,-9.7,0.));
#4548 = VECTOR('',#4549,1.);
#4549 = DIRECTION('',(0.,0.,1.));
#4550 = PCURVE('',#2013,#4551);
#4551 = DEFINITIONAL_REPRESENTATION('',(#4552),#4556);
#4552 = LINE('',#4553,#4554);
#4553 = CARTESIAN_POINT('',(0.,-12.6));
#4554 = VECTOR('',#4555,1.);
#4555 = DIRECTION('',(1.,0.));
#4556 = ( GEOMETRIC_REPRESENTATION_CONTEXT(2) 
PARAMETRIC_REPRESENTATION_CONTEXT() REPRESENTATION_CONTEXT('2D SPACE',''
  ) );
#4557 = PCURVE('',#2041,#4558);
#4558 = DEFINITIONAL_REPRESENTATION('',(#4559),#4563);
#4559 = LINE('',#4560,#4561);
#4560 = CARTESIAN_POINT('',(0.,0.));
#4561 = VECTOR('',#4562,1.);
#4562 = DIRECTION('',(1.,0.));
#4563 = ( GEOMETRIC_REPRESENTATION_CONTEXT(2) 
PARAMETRIC_REPRESENTATION_CONTEXT() REPRESENTATION_CONTEXT('2D SPACE',''
  ) );
#4564 = ORIENTED_EDGE('',*,*,#4565,.F.);
#4565 = EDGE_CURVE('',#4519,#4543,#4566,.T.);
#4566 = SURFACE_CURVE('',#4567,(#4571,#4578),.PCURVE_S1.);
#4567 = LINE('',#4568,#4569);
#4568 = CARTESIAN_POINT('',(-6.3,-22.3,3.05));
#4569 = VECTOR('',#4570,1.);
#4570 = DIRECTION('',(0.,1.,0.));
#4571 = PCURVE('',#2013,#4572);
#4572 = DEFINITIONAL_REPRESENTATION('',(#4573),#4577);
#4573 = LINE('',#4574,#4575);
#4574 = CARTESIAN_POINT('',(3.05,0.));
#4575 = VECTOR('',#4576,1.);
#4576 = DIRECTION('',(0.,-1.));
#4577 = ( GEOMETRIC_REPRESENTATION_CONTEXT(2) 
PARAMETRIC_REPRESENTATION_CONTEXT() REPRESENTATION_CONTEXT('2D SPACE',''
  ) );
#4578 = PCURVE('',#4579,#4584);
#4579 = PLANE('',#4580);
#4580 = AXIS2_PLACEMENT_3D('',#4581,#4582,#4583);
#4581 = CARTESIAN_POINT('',(-6.3,-22.3,3.05));
#4582 = DIRECTION('',(0.,0.,1.));
#4583 = DIRECTION('',(1.,0.,0.));
#4584 = DEFINITIONAL_REPRESENTATION('',(#4585),#4589);
#4585 = LINE('',#4586,#4587);
#4586 = CARTESIAN_POINT('',(0.,0.));
#4587 = VECTOR('',#4588,1.);
#4588 = DIRECTION('',(0.,1.));
#4589 = ( GEOMETRIC_REPRESENTATION_CONTEXT(2) 
PARAMETRIC_REPRESENTATION_CONTEXT() REPRESENTATION_CONTEXT('2D SPACE',''
  ) );
#4590 = ADVANCED_FACE('',(#4591),#2041,.F.);
#4591 = FACE_BOUND('',#4592,.F.);
#4592 = EDGE_LOOP('',(#4593,#4594,#4595,#4618));
#4593 = ORIENTED_EDGE('',*,*,#2025,.F.);
#4594 = ORIENTED_EDGE('',*,*,#4542,.T.);
#4595 = ORIENTED_EDGE('',*,*,#4596,.T.);
#4596 = EDGE_CURVE('',#4543,#4597,#4599,.T.);
#4597 = VERTEX_POINT('',#4598);
#4598 = CARTESIAN_POINT('',(6.3,-9.7,3.05));
#4599 = SURFACE_CURVE('',#4600,(#4604,#4611),.PCURVE_S1.);
#4600 = LINE('',#4601,#4602);
#4601 = CARTESIAN_POINT('',(-6.3,-9.7,3.05));
#4602 = VECTOR('',#4603,1.);
#4603 = DIRECTION('',(1.,0.,0.));
#4604 = PCURVE('',#2041,#4605);
#4605 = DEFINITIONAL_REPRESENTATION('',(#4606),#4610);
#4606 = LINE('',#4607,#4608);
#4607 = CARTESIAN_POINT('',(3.05,0.));
#4608 = VECTOR('',#4609,1.);
#4609 = DIRECTION('',(0.,1.));
#4610 = ( GEOMETRIC_REPRESENTATION_CONTEXT(2) 
PARAMETRIC_REPRESENTATION_CONTEXT() REPRESENTATION_CONTEXT('2D SPACE',''
  ) );
#4611 = PCURVE('',#4579,#4612);
#4612 = DEFINITIONAL_REPRESENTATION('',(#4613),#4617);
#4613 = LINE('',#4614,#4615);
#4614 = CARTESIAN_POINT('',(0.,12.6));
#4615 = VECTOR('',#4616,1.);
#4616 = DIRECTION('',(1.,0.));
#4617 = ( GEOMETRIC_REPRESENTATION_CONTEXT(2) 
PARAMETRIC_REPRESENTATION_CONTEXT() REPRESENTATION_CONTEXT('2D SPACE',''
  ) );
#4618 = ORIENTED_EDGE('',*,*,#4619,.F.);
#4619 = EDGE_CURVE('',#2026,#4597,#4620,.T.);
#4620 = SURFACE_CURVE('',#4621,(#4625,#4632),.PCURVE_S1.);
#4621 = LINE('',#4622,#4623);
#4622 = CARTESIAN_POINT('',(6.3,-9.7,0.));
#4623 = VECTOR('',#4624,1.);
#4624 = DIRECTION('',(0.,0.,1.));
#4625 = PCURVE('',#2041,#4626);
#4626 = DEFINITIONAL_REPRESENTATION('',(#4627),#4631);
#4627 = LINE('',#4628,#4629);
#4628 = CARTESIAN_POINT('',(0.,12.6));
#4629 = VECTOR('',#4630,1.);
#4630 = DIRECTION('',(1.,0.));
#4631 = ( GEOMETRIC_REPRESENTATION_CONTEXT(2) 
PARAMETRIC_REPRESENTATION_CONTEXT() REPRESENTATION_CONTEXT('2D SPACE',''
  ) );
#4632 = PCURVE('',#2069,#4633);
#4633 = DEFINITIONAL_REPRESENTATION('',(#4634),#4638);
#4634 = LINE('',#4635,#4636);
#4635 = CARTESIAN_POINT('',(0.,-12.6));
#4636 = VECTOR('',#4637,1.);
#4637 = DIRECTION('',(1.,0.));
#4638 = ( GEOMETRIC_REPRESENTATION_CONTEXT(2) 
PARAMETRIC_REPRESENTATION_CONTEXT() REPRESENTATION_CONTEXT('2D SPACE',''
  ) );
#4639 = ADVANCED_FACE('',(#4640),#2095,.T.);
#4640 = FACE_BOUND('',#4641,.T.);
#4641 = EDGE_LOOP('',(#4642,#4643,#4644,#4667));
#4642 = ORIENTED_EDGE('',*,*,#2081,.F.);
#4643 = ORIENTED_EDGE('',*,*,#4518,.T.);
#4644 = ORIENTED_EDGE('',*,*,#4645,.T.);
#4645 = EDGE_CURVE('',#4519,#4646,#4648,.T.);
#4646 = VERTEX_POINT('',#4647);
#4647 = CARTESIAN_POINT('',(6.3,-22.3,3.05));
#4648 = SURFACE_CURVE('',#4649,(#4653,#4660),.PCURVE_S1.);
#4649 = LINE('',#4650,#4651);
#4650 = CARTESIAN_POINT('',(-6.3,-22.3,3.05));
#4651 = VECTOR('',#4652,1.);
#4652 = DIRECTION('',(1.,0.,0.));
#4653 = PCURVE('',#2095,#4654);
#4654 = DEFINITIONAL_REPRESENTATION('',(#4655),#4659);
#4655 = LINE('',#4656,#4657);
#4656 = CARTESIAN_POINT('',(3.05,0.));
#4657 = VECTOR('',#4658,1.);
#4658 = DIRECTION('',(0.,1.));
#4659 = ( GEOMETRIC_REPRESENTATION_CONTEXT(2) 
PARAMETRIC_REPRESENTATION_CONTEXT() REPRESENTATION_CONTEXT('2D SPACE',''
  ) );
#4660 = PCURVE('',#4579,#4661);
#4661 = DEFINITIONAL_REPRESENTATION('',(#4662),#4666);
#4662 = LINE('',#4663,#4664);
#4663 = CARTESIAN_POINT('',(0.,0.));
#4664 = VECTOR('',#4665,1.);
#4665 = DIRECTION('',(1.,0.));
#4666 = ( GEOMETRIC_REPRESENTATION_CONTEXT(2) 
PARAMETRIC_REPRESENTATION_CONTEXT() REPRESENTATION_CONTEXT('2D SPACE',''
  ) );
#4667 = ORIENTED_EDGE('',*,*,#4668,.F.);
#4668 = EDGE_CURVE('',#2054,#4646,#4669,.T.);
#4669 = SURFACE_CURVE('',#4670,(#4674,#4681),.PCURVE_S1.);
#4670 = LINE('',#4671,#4672);
#4671 = CARTESIAN_POINT('',(6.3,-22.3,0.));
#4672 = VECTOR('',#4673,1.);
#4673 = DIRECTION('',(0.,0.,1.));
#4674 = PCURVE('',#2095,#4675);
#4675 = DEFINITIONAL_REPRESENTATION('',(#4676),#4680);
#4676 = LINE('',#4677,#4678);
#4677 = CARTESIAN_POINT('',(0.,12.6));
#4678 = VECTOR('',#4679,1.);
#4679 = DIRECTION('',(1.,0.));
#4680 = ( GEOMETRIC_REPRESENTATION_CONTEXT(2) 
PARAMETRIC_REPRESENTATION_CONTEXT() REPRESENTATION_CONTEXT('2D SPACE',''
  ) );
#4681 = PCURVE('',#2069,#4682);
#4682 = DEFINITIONAL_REPRESENTATION('',(#4683),#4687);
#4683 = LINE('',#4684,#4685);
#4684 = CARTESIAN_POINT('',(0.,0.));
#4685 = VECTOR('',#4686,1.);
#4686 = DIRECTION('',(1.,0.));
#4687 = ( GEOMETRIC_REPRESENTATION_CONTEXT(2) 
PARAMETRIC_REPRESENTATION_CONTEXT() REPRESENTATION_CONTEXT('2D SPACE',''
  ) );
#4688 = ADVANCED_FACE('',(#4689),#2069,.F.);
#4689 = FACE_BOUND('',#4690,.F.);
#4690 = EDGE_LOOP('',(#4691,#4692,#4693,#4694));
#4691 = ORIENTED_EDGE('',*,*,#4668,.F.);
#4692 = ORIENTED_EDGE('',*,*,#2053,.T.);
#4693 = ORIENTED_EDGE('',*,*,#4619,.T.);
#4694 = ORIENTED_EDGE('',*,*,#4695,.F.);
#4695 = EDGE_CURVE('',#4646,#4597,#4696,.T.);
#4696 = SURFACE_CURVE('',#4697,(#4701,#4708),.PCURVE_S1.);
#4697 = LINE('',#4698,#4699);
#4698 = CARTESIAN_POINT('',(6.3,-22.3,3.05));
#4699 = VECTOR('',#4700,1.);
#4700 = DIRECTION('',(0.,1.,0.));
#4701 = PCURVE('',#2069,#4702);
#4702 = DEFINITIONAL_REPRESENTATION('',(#4703),#4707);
#4703 = LINE('',#4704,#4705);
#4704 = CARTESIAN_POINT('',(3.05,0.));
#4705 = VECTOR('',#4706,1.);
#4706 = DIRECTION('',(0.,-1.));
#4707 = ( GEOMETRIC_REPRESENTATION_CONTEXT(2) 
PARAMETRIC_REPRESENTATION_CONTEXT() REPRESENTATION_CONTEXT('2D SPACE',''
  ) );
#4708 = PCURVE('',#4579,#4709);
#4709 = DEFINITIONAL_REPRESENTATION('',(#4710),#4714);
#4710 = LINE('',#4711,#4712);
#4711 = CARTESIAN_POINT('',(12.6,0.));
#4712 = VECTOR('',#4713,1.);
#4713 = DIRECTION('',(0.,1.));
#4714 = ( GEOMETRIC_REPRESENTATION_CONTEXT(2) 
PARAMETRIC_REPRESENTATION_CONTEXT() REPRESENTATION_CONTEXT('2D SPACE',''
  ) );
#4715 = ADVANCED_FACE('',(#4716),#2186,.F.);
#4716 = FACE_BOUND('',#4717,.F.);
#4717 = EDGE_LOOP('',(#4718,#4742,#4763,#4764));
#4718 = ORIENTED_EDGE('',*,*,#4719,.F.);
#4719 = EDGE_CURVE('',#4720,#4720,#4722,.T.);
#4720 = VERTEX_POINT('',#4721);
#4721 = CARTESIAN_POINT('',(13.6,-3.918869757272E-16,1.5));
#4722 = SURFACE_CURVE('',#4723,(#4728,#4735),.PCURVE_S1.);
#4723 = CIRCLE('',#4724,1.6);
#4724 = AXIS2_PLACEMENT_3D('',#4725,#4726,#4727);
#4725 = CARTESIAN_POINT('',(12.,0.,1.5));
#4726 = DIRECTION('',(0.,0.,1.));
#4727 = DIRECTION('',(1.,0.,-0.));
#4728 = PCURVE('',#2186,#4729);
#4729 = DEFINITIONAL_REPRESENTATION('',(#4730),#4734);
#4730 = LINE('',#4731,#4732);
#4731 = CARTESIAN_POINT('',(0.,1.6));
#4732 = VECTOR('',#4733,1.);
#4733 = DIRECTION('',(1.,0.));
#4734 = ( GEOMETRIC_REPRESENTATION_CONTEXT(2) 
PARAMETRIC_REPRESENTATION_CONTEXT() REPRESENTATION_CONTEXT('2D SPACE',''
  ) );
#4735 = PCURVE('',#3610,#4736);
#4736 = DEFINITIONAL_REPRESENTATION('',(#4737),#4741);
#4737 = CIRCLE('',#4738,1.6);
#4738 = AXIS2_PLACEMENT_2D('',#4739,#4740);
#4739 = CARTESIAN_POINT('',(0.,4.498158330803E-17));
#4740 = DIRECTION('',(1.,0.));
#4741 = ( GEOMETRIC_REPRESENTATION_CONTEXT(2) 
PARAMETRIC_REPRESENTATION_CONTEXT() REPRESENTATION_CONTEXT('2D SPACE',''
  ) );
#4742 = ORIENTED_EDGE('',*,*,#4743,.F.);
#4743 = EDGE_CURVE('',#2170,#4720,#4744,.T.);
#4744 = SEAM_CURVE('',#4745,(#4749,#4756),.PCURVE_S1.);
#4745 = LINE('',#4746,#4747);
#4746 = CARTESIAN_POINT('',(13.6,-3.918869757272E-16,-0.1));
#4747 = VECTOR('',#4748,1.);
#4748 = DIRECTION('',(0.,0.,1.));
#4749 = PCURVE('',#2186,#4750);
#4750 = DEFINITIONAL_REPRESENTATION('',(#4751),#4755);
#4751 = LINE('',#4752,#4753);
#4752 = CARTESIAN_POINT('',(6.28318530718,-0.));
#4753 = VECTOR('',#4754,1.);
#4754 = DIRECTION('',(0.,1.));
#4755 = ( GEOMETRIC_REPRESENTATION_CONTEXT(2) 
PARAMETRIC_REPRESENTATION_CONTEXT() REPRESENTATION_CONTEXT('2D SPACE',''
  ) );
#4756 = PCURVE('',#2186,#4757);
#4757 = DEFINITIONAL_REPRESENTATION('',(#4758),#4762);
#4758 = LINE('',#4759,#4760);
#4759 = CARTESIAN_POINT('',(0.,-0.));
#4760 = VECTOR('',#4761,1.);
#4761 = DIRECTION('',(0.,1.));
#4762 = ( GEOMETRIC_REPRESENTATION_CONTEXT(2) 
PARAMETRIC_REPRESENTATION_CONTEXT() REPRESENTATION_CONTEXT('2D SPACE',''
  ) );
#4763 = ORIENTED_EDGE('',*,*,#2169,.T.);
#4764 = ORIENTED_EDGE('',*,*,#4743,.T.);
#4765 = ADVANCED_FACE('',(#4766),#2219,.F.);
#4766 = FACE_BOUND('',#4767,.F.);
#4767 = EDGE_LOOP('',(#4768,#4769,#4799,#4828));
#4768 = ORIENTED_EDGE('',*,*,#2200,.T.);
#4769 = ORIENTED_EDGE('',*,*,#4770,.T.);
#4770 = EDGE_CURVE('',#2203,#4771,#4773,.T.);
#4771 = VERTEX_POINT('',#4772);
#4772 = CARTESIAN_POINT('',(17.625657985883,9.042766535572E-14,3.8));
#4773 = SURFACE_CURVE('',#4774,(#4779,#4789),.PCURVE_S1.);
#4774 = HYPERBOLA('',#4775,2.245833333333,0.35);
#4775 = AXIS2_PLACEMENT_3D('',#4776,#4777,#4778);
#4776 = CARTESIAN_POINT('',(20.,0.,19.2));
#4777 = DIRECTION('',(0.,-1.,-0.));
#4778 = DIRECTION('',(0.,0.,-1.));
#4779 = PCURVE('',#2219,#4780);
#4780 = DEFINITIONAL_REPRESENTATION('',(#4781),#4788);
#4781 = B_SPLINE_CURVE_WITH_KNOTS('',5,(#4782,#4783,#4784,#4785,#4786,
    #4787),.UNSPECIFIED.,.F.,.F.,(6,6),(-2.835542603788,-2.613078290846)
  ,.PIECEWISE_BEZIER_KNOTS.);
#4782 = CARTESIAN_POINT('',(-9.542016836187,-4.999999999998E-02));
#4783 = CARTESIAN_POINT('',(-9.547221187953,-0.898398780709));
#4784 = CARTESIAN_POINT('',(-9.552712998408,-1.699286869903));
#4785 = CARTESIAN_POINT('',(-9.558513144116,-2.456162807502));
#4786 = CARTESIAN_POINT('',(-9.564644677253,-3.172135165094));
#4787 = CARTESIAN_POINT('',(-9.571133219714,-3.85));
#4788 = ( GEOMETRIC_REPRESENTATION_CONTEXT(2) 
PARAMETRIC_REPRESENTATION_CONTEXT() REPRESENTATION_CONTEXT('2D SPACE',''
  ) );
#4789 = PCURVE('',#2246,#4790);
#4790 = DEFINITIONAL_REPRESENTATION('',(#4791),#4798);
#4791 = B_SPLINE_CURVE_WITH_KNOTS('',5,(#4792,#4793,#4794,#4795,#4796,
    #4797),.UNSPECIFIED.,.F.,.F.,(6,6),(-2.835542603788,-2.613078290846)
  ,.PIECEWISE_BEZIER_KNOTS.);
#4792 = CARTESIAN_POINT('',(-3.024353778172,-4.999999999998E-02));
#4793 = CARTESIAN_POINT('',(-3.019149426406,-0.898398780709));
#4794 = CARTESIAN_POINT('',(-3.013657615951,-1.699286869903));
#4795 = CARTESIAN_POINT('',(-3.007857470243,-2.456162807502));
#4796 = CARTESIAN_POINT('',(-3.001725937106,-3.172135165094));
#4797 = CARTESIAN_POINT('',(-2.995237394645,-3.85));
#4798 = ( GEOMETRIC_REPRESENTATION_CONTEXT(2) 
PARAMETRIC_REPRESENTATION_CONTEXT() REPRESENTATION_CONTEXT('2D SPACE',''
  ) );
#4799 = ORIENTED_EDGE('',*,*,#4800,.F.);
#4800 = EDGE_CURVE('',#4801,#4771,#4803,.T.);
#4801 = VERTEX_POINT('',#4802);
#4802 = CARTESIAN_POINT('',(22.374342014117,8.762435221854E-14,3.8));
#4803 = SURFACE_CURVE('',#4804,(#4809,#4816),.PCURVE_S1.);
#4804 = CIRCLE('',#4805,2.4);
#4805 = AXIS2_PLACEMENT_3D('',#4806,#4807,#4808);
#4806 = CARTESIAN_POINT('',(20.,0.35,3.8));
#4807 = DIRECTION('',(0.,0.,1.));
#4808 = DIRECTION('',(0.989309172549,-0.145833333333,0.));
#4809 = PCURVE('',#2219,#4810);
#4810 = DEFINITIONAL_REPRESENTATION('',(#4811),#4815);
#4811 = LINE('',#4812,#4813);
#4812 = CARTESIAN_POINT('',(-6.136830048235,-3.85));
#4813 = VECTOR('',#4814,1.);
#4814 = DIRECTION('',(-1.,-0.));
#4815 = ( GEOMETRIC_REPRESENTATION_CONTEXT(2) 
PARAMETRIC_REPRESENTATION_CONTEXT() REPRESENTATION_CONTEXT('2D SPACE',''
  ) );
#4816 = PCURVE('',#4817,#4822);
#4817 = PLANE('',#4818);
#4818 = AXIS2_PLACEMENT_3D('',#4819,#4820,#4821);
#4819 = CARTESIAN_POINT('',(20.,-0.35,3.8));
#4820 = DIRECTION('',(0.,0.,1.));
#4821 = DIRECTION('',(1.,0.,-0.));
#4822 = DEFINITIONAL_REPRESENTATION('',(#4823),#4827);
#4823 = CIRCLE('',#4824,2.4);
#4824 = AXIS2_PLACEMENT_2D('',#4825,#4826);
#4825 = CARTESIAN_POINT('',(0.,0.7));
#4826 = DIRECTION('',(0.989309172549,-0.145833333333));
#4827 = ( GEOMETRIC_REPRESENTATION_CONTEXT(2) 
PARAMETRIC_REPRESENTATION_CONTEXT() REPRESENTATION_CONTEXT('2D SPACE',''
  ) );
#4828 = ORIENTED_EDGE('',*,*,#4829,.T.);
#4829 = EDGE_CURVE('',#4801,#2201,#4830,.T.);
#4830 = SURFACE_CURVE('',#4831,(#4836,#4846),.PCURVE_S1.);
#4831 = HYPERBOLA('',#4832,2.245833333333,0.35);
#4832 = AXIS2_PLACEMENT_3D('',#4833,#4834,#4835);
#4833 = CARTESIAN_POINT('',(20.,0.,19.2));
#4834 = DIRECTION('',(0.,-1.,-0.));
#4835 = DIRECTION('',(0.,0.,-1.));
#4836 = PCURVE('',#2219,#4837);
#4837 = DEFINITIONAL_REPRESENTATION('',(#4838),#4845);
#4838 = B_SPLINE_CURVE_WITH_KNOTS('',5,(#4839,#4840,#4841,#4842,#4843,
    #4844),.UNSPECIFIED.,.F.,.F.,(6,6),(2.613078290846,2.835542603788),
  .PIECEWISE_BEZIER_KNOTS.);
#4839 = CARTESIAN_POINT('',(-6.136830048235,-3.85));
#4840 = CARTESIAN_POINT('',(-6.143318590696,-3.172135165094));
#4841 = CARTESIAN_POINT('',(-6.149450123833,-2.456162807502));
#4842 = CARTESIAN_POINT('',(-6.155250269541,-1.699286869903));
#4843 = CARTESIAN_POINT('',(-6.160742079996,-0.898398780709));
#4844 = CARTESIAN_POINT('',(-6.165946431762,-4.999999999998E-02));
#4845 = ( GEOMETRIC_REPRESENTATION_CONTEXT(2) 
PARAMETRIC_REPRESENTATION_CONTEXT() REPRESENTATION_CONTEXT('2D SPACE',''
  ) );
#4846 = PCURVE('',#2246,#4847);
#4847 = DEFINITIONAL_REPRESENTATION('',(#4848),#4855);
#4848 = B_SPLINE_CURVE_WITH_KNOTS('',5,(#4849,#4850,#4851,#4852,#4853,
    #4854),.UNSPECIFIED.,.F.,.F.,(6,6),(2.613078290846,2.835542603788),
  .PIECEWISE_BEZIER_KNOTS.);
#4849 = CARTESIAN_POINT('',(-6.429540566124,-3.85));
#4850 = CARTESIAN_POINT('',(-6.423052023664,-3.172135165094));
#4851 = CARTESIAN_POINT('',(-6.416920490526,-2.456162807502));
#4852 = CARTESIAN_POINT('',(-6.411120344818,-1.699286869903));
#4853 = CARTESIAN_POINT('',(-6.405628534363,-0.898398780709));
#4854 = CARTESIAN_POINT('',(-6.400424182598,-4.999999999998E-02));
#4855 = ( GEOMETRIC_REPRESENTATION_CONTEXT(2) 
PARAMETRIC_REPRESENTATION_CONTEXT() REPRESENTATION_CONTEXT('2D SPACE',''
  ) );
#4856 = ADVANCED_FACE('',(#4857),#2246,.F.);
#4857 = FACE_BOUND('',#4858,.F.);
#4858 = EDGE_LOOP('',(#4859,#4881,#4882,#4883));
#4859 = ORIENTED_EDGE('',*,*,#4860,.F.);
#4860 = EDGE_CURVE('',#4771,#4801,#4861,.T.);
#4861 = SURFACE_CURVE('',#4862,(#4867,#4874),.PCURVE_S1.);
#4862 = CIRCLE('',#4863,2.4);
#4863 = AXIS2_PLACEMENT_3D('',#4864,#4865,#4866);
#4864 = CARTESIAN_POINT('',(20.,-0.35,3.8));
#4865 = DIRECTION('',(0.,0.,1.));
#4866 = DIRECTION('',(-0.989309172549,0.145833333333,0.));
#4867 = PCURVE('',#2246,#4868);
#4868 = DEFINITIONAL_REPRESENTATION('',(#4869),#4873);
#4869 = LINE('',#4870,#4871);
#4870 = CARTESIAN_POINT('',(-2.995237394645,-3.85));
#4871 = VECTOR('',#4872,1.);
#4872 = DIRECTION('',(-1.,-0.));
#4873 = ( GEOMETRIC_REPRESENTATION_CONTEXT(2) 
PARAMETRIC_REPRESENTATION_CONTEXT() REPRESENTATION_CONTEXT('2D SPACE',''
  ) );
#4874 = PCURVE('',#4817,#4875);
#4875 = DEFINITIONAL_REPRESENTATION('',(#4876),#4880);
#4876 = CIRCLE('',#4877,2.4);
#4877 = AXIS2_PLACEMENT_2D('',#4878,#4879);
#4878 = CARTESIAN_POINT('',(0.,0.));
#4879 = DIRECTION('',(-0.989309172549,0.145833333333));
#4880 = ( GEOMETRIC_REPRESENTATION_CONTEXT(2) 
PARAMETRIC_REPRESENTATION_CONTEXT() REPRESENTATION_CONTEXT('2D SPACE',''
  ) );
#4881 = ORIENTED_EDGE('',*,*,#4770,.F.);
#4882 = ORIENTED_EDGE('',*,*,#2231,.T.);
#4883 = ORIENTED_EDGE('',*,*,#4829,.F.);
#4884 = ADVANCED_FACE('',(#4885),#2308,.T.);
#4885 = FACE_BOUND('',#4886,.T.);
#4886 = EDGE_LOOP('',(#4887,#4910,#4911,#4934));
#4887 = ORIENTED_EDGE('',*,*,#4888,.F.);
#4888 = EDGE_CURVE('',#2291,#4889,#4891,.T.);
#4889 = VERTEX_POINT('',#4890);
#4890 = CARTESIAN_POINT('',(-6.3,9.7,3.05));
#4891 = SURFACE_CURVE('',#4892,(#4896,#4903),.PCURVE_S1.);
#4892 = LINE('',#4893,#4894);
#4893 = CARTESIAN_POINT('',(-6.3,9.7,0.));
#4894 = VECTOR('',#4895,1.);
#4895 = DIRECTION('',(0.,0.,1.));
#4896 = PCURVE('',#2308,#4897);
#4897 = DEFINITIONAL_REPRESENTATION('',(#4898),#4902);
#4898 = LINE('',#4899,#4900);
#4899 = CARTESIAN_POINT('',(0.,0.));
#4900 = VECTOR('',#4901,1.);
#4901 = DIRECTION('',(1.,0.));
#4902 = ( GEOMETRIC_REPRESENTATION_CONTEXT(2) 
PARAMETRIC_REPRESENTATION_CONTEXT() REPRESENTATION_CONTEXT('2D SPACE',''
  ) );
#4903 = PCURVE('',#2390,#4904);
#4904 = DEFINITIONAL_REPRESENTATION('',(#4905),#4909);
#4905 = LINE('',#4906,#4907);
#4906 = CARTESIAN_POINT('',(0.,0.));
#4907 = VECTOR('',#4908,1.);
#4908 = DIRECTION('',(1.,0.));
#4909 = ( GEOMETRIC_REPRESENTATION_CONTEXT(2) 
PARAMETRIC_REPRESENTATION_CONTEXT() REPRESENTATION_CONTEXT('2D SPACE',''
  ) );
#4910 = ORIENTED_EDGE('',*,*,#2290,.T.);
#4911 = ORIENTED_EDGE('',*,*,#4912,.T.);
#4912 = EDGE_CURVE('',#2293,#4913,#4915,.T.);
#4913 = VERTEX_POINT('',#4914);
#4914 = CARTESIAN_POINT('',(-6.3,22.3,3.05));
#4915 = SURFACE_CURVE('',#4916,(#4920,#4927),.PCURVE_S1.);
#4916 = LINE('',#4917,#4918);
#4917 = CARTESIAN_POINT('',(-6.3,22.3,0.));
#4918 = VECTOR('',#4919,1.);
#4919 = DIRECTION('',(0.,0.,1.));
#4920 = PCURVE('',#2308,#4921);
#4921 = DEFINITIONAL_REPRESENTATION('',(#4922),#4926);
#4922 = LINE('',#4923,#4924);
#4923 = CARTESIAN_POINT('',(0.,-12.6));
#4924 = VECTOR('',#4925,1.);
#4925 = DIRECTION('',(1.,0.));
#4926 = ( GEOMETRIC_REPRESENTATION_CONTEXT(2) 
PARAMETRIC_REPRESENTATION_CONTEXT() REPRESENTATION_CONTEXT('2D SPACE',''
  ) );
#4927 = PCURVE('',#2336,#4928);
#4928 = DEFINITIONAL_REPRESENTATION('',(#4929),#4933);
#4929 = LINE('',#4930,#4931);
#4930 = CARTESIAN_POINT('',(0.,0.));
#4931 = VECTOR('',#4932,1.);
#4932 = DIRECTION('',(1.,0.));
#4933 = ( GEOMETRIC_REPRESENTATION_CONTEXT(2) 
PARAMETRIC_REPRESENTATION_CONTEXT() REPRESENTATION_CONTEXT('2D SPACE',''
  ) );
#4934 = ORIENTED_EDGE('',*,*,#4935,.F.);
#4935 = EDGE_CURVE('',#4889,#4913,#4936,.T.);
#4936 = SURFACE_CURVE('',#4937,(#4941,#4948),.PCURVE_S1.);
#4937 = LINE('',#4938,#4939);
#4938 = CARTESIAN_POINT('',(-6.3,9.7,3.05));
#4939 = VECTOR('',#4940,1.);
#4940 = DIRECTION('',(0.,1.,0.));
#4941 = PCURVE('',#2308,#4942);
#4942 = DEFINITIONAL_REPRESENTATION('',(#4943),#4947);
#4943 = LINE('',#4944,#4945);
#4944 = CARTESIAN_POINT('',(3.05,0.));
#4945 = VECTOR('',#4946,1.);
#4946 = DIRECTION('',(0.,-1.));
#4947 = ( GEOMETRIC_REPRESENTATION_CONTEXT(2) 
PARAMETRIC_REPRESENTATION_CONTEXT() REPRESENTATION_CONTEXT('2D SPACE',''
  ) );
#4948 = PCURVE('',#4949,#4954);
#4949 = PLANE('',#4950);
#4950 = AXIS2_PLACEMENT_3D('',#4951,#4952,#4953);
#4951 = CARTESIAN_POINT('',(-6.3,9.7,3.05));
#4952 = DIRECTION('',(0.,0.,1.));
#4953 = DIRECTION('',(1.,0.,0.));
#4954 = DEFINITIONAL_REPRESENTATION('',(#4955),#4959);
#4955 = LINE('',#4956,#4957);
#4956 = CARTESIAN_POINT('',(0.,0.));
#4957 = VECTOR('',#4958,1.);
#4958 = DIRECTION('',(0.,1.));
#4959 = ( GEOMETRIC_REPRESENTATION_CONTEXT(2) 
PARAMETRIC_REPRESENTATION_CONTEXT() REPRESENTATION_CONTEXT('2D SPACE',''
  ) );
#4960 = ADVANCED_FACE('',(#4961),#2336,.F.);
#4961 = FACE_BOUND('',#4962,.F.);
#4962 = EDGE_LOOP('',(#4963,#4964,#4965,#4988));
#4963 = ORIENTED_EDGE('',*,*,#2320,.F.);
#4964 = ORIENTED_EDGE('',*,*,#4912,.T.);
#4965 = ORIENTED_EDGE('',*,*,#4966,.T.);
#4966 = EDGE_CURVE('',#4913,#4967,#4969,.T.);
#4967 = VERTEX_POINT('',#4968);
#4968 = CARTESIAN_POINT('',(6.3,22.3,3.05));
#4969 = SURFACE_CURVE('',#4970,(#4974,#4981),.PCURVE_S1.);
#4970 = LINE('',#4971,#4972);
#4971 = CARTESIAN_POINT('',(-6.3,22.3,3.05));
#4972 = VECTOR('',#4973,1.);
#4973 = DIRECTION('',(1.,0.,0.));
#4974 = PCURVE('',#2336,#4975);
#4975 = DEFINITIONAL_REPRESENTATION('',(#4976),#4980);
#4976 = LINE('',#4977,#4978);
#4977 = CARTESIAN_POINT('',(3.05,0.));
#4978 = VECTOR('',#4979,1.);
#4979 = DIRECTION('',(0.,1.));
#4980 = ( GEOMETRIC_REPRESENTATION_CONTEXT(2) 
PARAMETRIC_REPRESENTATION_CONTEXT() REPRESENTATION_CONTEXT('2D SPACE',''
  ) );
#4981 = PCURVE('',#4949,#4982);
#4982 = DEFINITIONAL_REPRESENTATION('',(#4983),#4987);
#4983 = LINE('',#4984,#4985);
#4984 = CARTESIAN_POINT('',(0.,12.6));
#4985 = VECTOR('',#4986,1.);
#4986 = DIRECTION('',(1.,0.));
#4987 = ( GEOMETRIC_REPRESENTATION_CONTEXT(2) 
PARAMETRIC_REPRESENTATION_CONTEXT() REPRESENTATION_CONTEXT('2D SPACE',''
  ) );
#4988 = ORIENTED_EDGE('',*,*,#4989,.F.);
#4989 = EDGE_CURVE('',#2321,#4967,#4990,.T.);
#4990 = SURFACE_CURVE('',#4991,(#4995,#5002),.PCURVE_S1.);
#4991 = LINE('',#4992,#4993);
#4992 = CARTESIAN_POINT('',(6.3,22.3,0.));
#4993 = VECTOR('',#4994,1.);
#4994 = DIRECTION('',(0.,0.,1.));
#4995 = PCURVE('',#2336,#4996);
#4996 = DEFINITIONAL_REPRESENTATION('',(#4997),#5001);
#4997 = LINE('',#4998,#4999);
#4998 = CARTESIAN_POINT('',(0.,12.6));
#4999 = VECTOR('',#5000,1.);
#5000 = DIRECTION('',(1.,0.));
#5001 = ( GEOMETRIC_REPRESENTATION_CONTEXT(2) 
PARAMETRIC_REPRESENTATION_CONTEXT() REPRESENTATION_CONTEXT('2D SPACE',''
  ) );
#5002 = PCURVE('',#2364,#5003);
#5003 = DEFINITIONAL_REPRESENTATION('',(#5004),#5008);
#5004 = LINE('',#5005,#5006);
#5005 = CARTESIAN_POINT('',(0.,-12.6));
#5006 = VECTOR('',#5007,1.);
#5007 = DIRECTION('',(1.,0.));
#5008 = ( GEOMETRIC_REPRESENTATION_CONTEXT(2) 
PARAMETRIC_REPRESENTATION_CONTEXT() REPRESENTATION_CONTEXT('2D SPACE',''
  ) );
#5009 = ADVANCED_FACE('',(#5010),#2390,.T.);
#5010 = FACE_BOUND('',#5011,.T.);
#5011 = EDGE_LOOP('',(#5012,#5013,#5014,#5037));
#5012 = ORIENTED_EDGE('',*,*,#2376,.F.);
#5013 = ORIENTED_EDGE('',*,*,#4888,.T.);
#5014 = ORIENTED_EDGE('',*,*,#5015,.T.);
#5015 = EDGE_CURVE('',#4889,#5016,#5018,.T.);
#5016 = VERTEX_POINT('',#5017);
#5017 = CARTESIAN_POINT('',(6.3,9.7,3.05));
#5018 = SURFACE_CURVE('',#5019,(#5023,#5030),.PCURVE_S1.);
#5019 = LINE('',#5020,#5021);
#5020 = CARTESIAN_POINT('',(-6.3,9.7,3.05));
#5021 = VECTOR('',#5022,1.);
#5022 = DIRECTION('',(1.,0.,0.));
#5023 = PCURVE('',#2390,#5024);
#5024 = DEFINITIONAL_REPRESENTATION('',(#5025),#5029);
#5025 = LINE('',#5026,#5027);
#5026 = CARTESIAN_POINT('',(3.05,0.));
#5027 = VECTOR('',#5028,1.);
#5028 = DIRECTION('',(0.,1.));
#5029 = ( GEOMETRIC_REPRESENTATION_CONTEXT(2) 
PARAMETRIC_REPRESENTATION_CONTEXT() REPRESENTATION_CONTEXT('2D SPACE',''
  ) );
#5030 = PCURVE('',#4949,#5031);
#5031 = DEFINITIONAL_REPRESENTATION('',(#5032),#5036);
#5032 = LINE('',#5033,#5034);
#5033 = CARTESIAN_POINT('',(0.,0.));
#5034 = VECTOR('',#5035,1.);
#5035 = DIRECTION('',(1.,0.));
#5036 = ( GEOMETRIC_REPRESENTATION_CONTEXT(2) 
PARAMETRIC_REPRESENTATION_CONTEXT() REPRESENTATION_CONTEXT('2D SPACE',''
  ) );
#5037 = ORIENTED_EDGE('',*,*,#5038,.F.);
#5038 = EDGE_CURVE('',#2349,#5016,#5039,.T.);
#5039 = SURFACE_CURVE('',#5040,(#5044,#5051),.PCURVE_S1.);
#5040 = LINE('',#5041,#5042);
#5041 = CARTESIAN_POINT('',(6.3,9.7,0.));
#5042 = VECTOR('',#5043,1.);
#5043 = DIRECTION('',(0.,0.,1.));
#5044 = PCURVE('',#2390,#5045);
#5045 = DEFINITIONAL_REPRESENTATION('',(#5046),#5050);
#5046 = LINE('',#5047,#5048);
#5047 = CARTESIAN_POINT('',(0.,12.6));
#5048 = VECTOR('',#5049,1.);
#5049 = DIRECTION('',(1.,0.));
#5050 = ( GEOMETRIC_REPRESENTATION_CONTEXT(2) 
PARAMETRIC_REPRESENTATION_CONTEXT() REPRESENTATION_CONTEXT('2D SPACE',''
  ) );
#5051 = PCURVE('',#2364,#5052);
#5052 = DEFINITIONAL_REPRESENTATION('',(#5053),#5057);
#5053 = LINE('',#5054,#5055);
#5054 = CARTESIAN_POINT('',(0.,0.));
#5055 = VECTOR('',#5056,1.);
#5056 = DIRECTION('',(1.,0.));
#5057 = ( GEOMETRIC_REPRESENTATION_CONTEXT(2) 
PARAMETRIC_REPRESENTATION_CONTEXT() REPRESENTATION_CONTEXT('2D SPACE',''
  ) );
#5058 = ADVANCED_FACE('',(#5059),#2364,.F.);
#5059 = FACE_BOUND('',#5060,.F.);
#5060 = EDGE_LOOP('',(#5061,#5062,#5063,#5064));
#5061 = ORIENTED_EDGE('',*,*,#5038,.F.);
#5062 = ORIENTED_EDGE('',*,*,#2348,.T.);
#5063 = ORIENTED_EDGE('',*,*,#4989,.T.);
#5064 = ORIENTED_EDGE('',*,*,#5065,.F.);
#5065 = EDGE_CURVE('',#5016,#4967,#5066,.T.);
#5066 = SURFACE_CURVE('',#5067,(#5071,#5078),.PCURVE_S1.);
#5067 = LINE('',#5068,#5069);
#5068 = CARTESIAN_POINT('',(6.3,9.7,3.05));
#5069 = VECTOR('',#5070,1.);
#5070 = DIRECTION('',(0.,1.,0.));
#5071 = PCURVE('',#2364,#5072);
#5072 = DEFINITIONAL_REPRESENTATION('',(#5073),#5077);
#5073 = LINE('',#5074,#5075);
#5074 = CARTESIAN_POINT('',(3.05,0.));
#5075 = VECTOR('',#5076,1.);
#5076 = DIRECTION('',(0.,-1.));
#5077 = ( GEOMETRIC_REPRESENTATION_CONTEXT(2) 
PARAMETRIC_REPRESENTATION_CONTEXT() REPRESENTATION_CONTEXT('2D SPACE',''
  ) );
#5078 = PCURVE('',#4949,#5079);
#5079 = DEFINITIONAL_REPRESENTATION('',(#5080),#5084);
#5080 = LINE('',#5081,#5082);
#5081 = CARTESIAN_POINT('',(12.6,0.));
#5082 = VECTOR('',#5083,1.);
#5083 = DIRECTION('',(0.,1.));
#5084 = ( GEOMETRIC_REPRESENTATION_CONTEXT(2) 
PARAMETRIC_REPRESENTATION_CONTEXT() REPRESENTATION_CONTEXT('2D SPACE',''
  ) );
#5085 = ADVANCED_FACE('',(#5086,#5094),#2730,.T.);
#5086 = FACE_BOUND('',#5087,.T.);
#5087 = EDGE_LOOP('',(#5088,#5089,#5090,#5091,#5092,#5093));
#5088 = ORIENTED_EDGE('',*,*,#2837,.T.);
#5089 = ORIENTED_EDGE('',*,*,#2712,.T.);
#5090 = ORIENTED_EDGE('',*,*,#2788,.T.);
#5091 = ORIENTED_EDGE('',*,*,#2886,.T.);
#5092 = ORIENTED_EDGE('',*,*,#2984,.T.);
#5093 = ORIENTED_EDGE('',*,*,#2935,.T.);
#5094 = FACE_BOUND('',#5095,.T.);
#5095 = EDGE_LOOP('',(#5096));
#5096 = ORIENTED_EDGE('',*,*,#5097,.F.);
#5097 = EDGE_CURVE('',#5098,#5098,#5100,.T.);
#5098 = VERTEX_POINT('',#5099);
#5099 = CARTESIAN_POINT('',(2.9,-16.,5.45));
#5100 = SURFACE_CURVE('',#5101,(#5106,#5113),.PCURVE_S1.);
#5101 = CIRCLE('',#5102,2.9);
#5102 = AXIS2_PLACEMENT_3D('',#5103,#5104,#5105);
#5103 = CARTESIAN_POINT('',(0.,-16.,5.45));
#5104 = DIRECTION('',(0.,0.,1.));
#5105 = DIRECTION('',(1.,0.,-0.));
#5106 = PCURVE('',#2730,#5107);
#5107 = DEFINITIONAL_REPRESENTATION('',(#5108),#5112);
#5108 = CIRCLE('',#5109,2.9);
#5109 = AXIS2_PLACEMENT_2D('',#5110,#5111);
#5110 = CARTESIAN_POINT('',(-1.853458011005E-16,0.));
#5111 = DIRECTION('',(1.,0.));
#5112 = ( GEOMETRIC_REPRESENTATION_CONTEXT(2) 
PARAMETRIC_REPRESENTATION_CONTEXT() REPRESENTATION_CONTEXT('2D SPACE',''
  ) );
#5113 = PCURVE('',#5114,#5119);
#5114 = CYLINDRICAL_SURFACE('',#5115,2.9);
#5115 = AXIS2_PLACEMENT_3D('',#5116,#5117,#5118);
#5116 = CARTESIAN_POINT('',(0.,-16.,-0.1));
#5117 = DIRECTION('',(0.,0.,1.));
#5118 = DIRECTION('',(1.,0.,-0.));
#5119 = DEFINITIONAL_REPRESENTATION('',(#5120),#5124);
#5120 = LINE('',#5121,#5122);
#5121 = CARTESIAN_POINT('',(0.,5.55));
#5122 = VECTOR('',#5123,1.);
#5123 = DIRECTION('',(1.,0.));
#5124 = ( GEOMETRIC_REPRESENTATION_CONTEXT(2) 
PARAMETRIC_REPRESENTATION_CONTEXT() REPRESENTATION_CONTEXT('2D SPACE',''
  ) );
#5125 = ADVANCED_FACE('',(#5126,#5132),#3077,.F.);
#5126 = FACE_BOUND('',#5127,.F.);
#5127 = EDGE_LOOP('',(#5128,#5129,#5130,#5131));
#5128 = ORIENTED_EDGE('',*,*,#4362,.F.);
#5129 = ORIENTED_EDGE('',*,*,#4264,.T.);
#5130 = ORIENTED_EDGE('',*,*,#4313,.T.);
#5131 = ORIENTED_EDGE('',*,*,#4389,.F.);
#5132 = FACE_BOUND('',#5133,.F.);
#5133 = EDGE_LOOP('',(#5134,#5135,#5136,#5137));
#5134 = ORIENTED_EDGE('',*,*,#3164,.T.);
#5135 = ORIENTED_EDGE('',*,*,#3213,.T.);
#5136 = ORIENTED_EDGE('',*,*,#3115,.F.);
#5137 = ORIENTED_EDGE('',*,*,#3061,.F.);
#5138 = ADVANCED_FACE('',(#5139,#5147),#3257,.T.);
#5139 = FACE_BOUND('',#5140,.T.);
#5140 = EDGE_LOOP('',(#5141,#5142,#5143,#5144,#5145,#5146));
#5141 = ORIENTED_EDGE('',*,*,#3364,.T.);
#5142 = ORIENTED_EDGE('',*,*,#3239,.T.);
#5143 = ORIENTED_EDGE('',*,*,#3315,.T.);
#5144 = ORIENTED_EDGE('',*,*,#3413,.T.);
#5145 = ORIENTED_EDGE('',*,*,#3511,.T.);
#5146 = ORIENTED_EDGE('',*,*,#3462,.T.);
#5147 = FACE_BOUND('',#5148,.T.);
#5148 = EDGE_LOOP('',(#5149));
#5149 = ORIENTED_EDGE('',*,*,#4468,.F.);
#5150 = ADVANCED_FACE('',(#5151,#5159),#3610,.T.);
#5151 = FACE_BOUND('',#5152,.T.);
#5152 = EDGE_LOOP('',(#5153,#5154,#5155,#5156,#5157,#5158));
#5153 = ORIENTED_EDGE('',*,*,#3717,.T.);
#5154 = ORIENTED_EDGE('',*,*,#3592,.T.);
#5155 = ORIENTED_EDGE('',*,*,#3668,.T.);
#5156 = ORIENTED_EDGE('',*,*,#3766,.T.);
#5157 = ORIENTED_EDGE('',*,*,#3864,.T.);
#5158 = ORIENTED_EDGE('',*,*,#3815,.T.);
#5159 = FACE_BOUND('',#5160,.T.);
#5160 = EDGE_LOOP('',(#5161));
#5161 = ORIENTED_EDGE('',*,*,#4719,.F.);
#5162 = ADVANCED_FACE('',(#5163,#5171),#3909,.T.);
#5163 = FACE_BOUND('',#5164,.T.);
#5164 = EDGE_LOOP('',(#5165,#5166,#5167,#5168,#5169,#5170));
#5165 = ORIENTED_EDGE('',*,*,#4016,.T.);
#5166 = ORIENTED_EDGE('',*,*,#3891,.T.);
#5167 = ORIENTED_EDGE('',*,*,#3967,.T.);
#5168 = ORIENTED_EDGE('',*,*,#4065,.T.);
#5169 = ORIENTED_EDGE('',*,*,#4163,.T.);
#5170 = ORIENTED_EDGE('',*,*,#4114,.T.);
#5171 = FACE_BOUND('',#5172,.T.);
#5172 = EDGE_LOOP('',(#5173));
#5173 = ORIENTED_EDGE('',*,*,#5174,.F.);
#5174 = EDGE_CURVE('',#5175,#5175,#5177,.T.);
#5175 = VERTEX_POINT('',#5176);
#5176 = CARTESIAN_POINT('',(2.9,16.,5.45));
#5177 = SURFACE_CURVE('',#5178,(#5183,#5190),.PCURVE_S1.);
#5178 = CIRCLE('',#5179,2.9);
#5179 = AXIS2_PLACEMENT_3D('',#5180,#5181,#5182);
#5180 = CARTESIAN_POINT('',(0.,16.,5.45));
#5181 = DIRECTION('',(0.,0.,1.));
#5182 = DIRECTION('',(1.,0.,-0.));
#5183 = PCURVE('',#3909,#5184);
#5184 = DEFINITIONAL_REPRESENTATION('',(#5185),#5189);
#5185 = CIRCLE('',#5186,2.9);
#5186 = AXIS2_PLACEMENT_2D('',#5187,#5188);
#5187 = CARTESIAN_POINT('',(-1.853458011005E-16,0.));
#5188 = DIRECTION('',(1.,0.));
#5189 = ( GEOMETRIC_REPRESENTATION_CONTEXT(2) 
PARAMETRIC_REPRESENTATION_CONTEXT() REPRESENTATION_CONTEXT('2D SPACE',''
  ) );
#5190 = PCURVE('',#5191,#5196);
#5191 = CYLINDRICAL_SURFACE('',#5192,2.9);
#5192 = AXIS2_PLACEMENT_3D('',#5193,#5194,#5195);
#5193 = CARTESIAN_POINT('',(0.,16.,-0.1));
#5194 = DIRECTION('',(0.,0.,1.));
#5195 = DIRECTION('',(1.,0.,-0.));
#5196 = DEFINITIONAL_REPRESENTATION('',(#5197),#5201);
#5197 = LINE('',#5198,#5199);
#5198 = CARTESIAN_POINT('',(0.,5.55));
#5199 = VECTOR('',#5200,1.);
#5200 = DIRECTION('',(1.,0.));
#5201 = ( GEOMETRIC_REPRESENTATION_CONTEXT(2) 
PARAMETRIC_REPRESENTATION_CONTEXT() REPRESENTATION_CONTEXT('2D SPACE',''
  ) );
#5202 = ADVANCED_FACE('',(#5203),#4451,.F.);
#5203 = FACE_BOUND('',#5204,.F.);
#5204 = EDGE_LOOP('',(#5205));
#5205 = ORIENTED_EDGE('',*,*,#4436,.T.);
#5206 = ADVANCED_FACE('',(#5207,#5213),#4579,.F.);
#5207 = FACE_BOUND('',#5208,.F.);
#5208 = EDGE_LOOP('',(#5209,#5210,#5211,#5212));
#5209 = ORIENTED_EDGE('',*,*,#4565,.F.);
#5210 = ORIENTED_EDGE('',*,*,#4645,.T.);
#5211 = ORIENTED_EDGE('',*,*,#4695,.T.);
#5212 = ORIENTED_EDGE('',*,*,#4596,.F.);
#5213 = FACE_BOUND('',#5214,.F.);
#5214 = EDGE_LOOP('',(#5215));
#5215 = ORIENTED_EDGE('',*,*,#5216,.F.);
#5216 = EDGE_CURVE('',#5217,#5217,#5219,.T.);
#5217 = VERTEX_POINT('',#5218);
#5218 = CARTESIAN_POINT('',(2.9,-16.,3.05));
#5219 = SURFACE_CURVE('',#5220,(#5225,#5232),.PCURVE_S1.);
#5220 = CIRCLE('',#5221,2.9);
#5221 = AXIS2_PLACEMENT_3D('',#5222,#5223,#5224);
#5222 = CARTESIAN_POINT('',(0.,-16.,3.05));
#5223 = DIRECTION('',(0.,0.,1.));
#5224 = DIRECTION('',(1.,0.,-0.));
#5225 = PCURVE('',#4579,#5226);
#5226 = DEFINITIONAL_REPRESENTATION('',(#5227),#5231);
#5227 = CIRCLE('',#5228,2.9);
#5228 = AXIS2_PLACEMENT_2D('',#5229,#5230);
#5229 = CARTESIAN_POINT('',(6.3,6.3));
#5230 = DIRECTION('',(1.,0.));
#5231 = ( GEOMETRIC_REPRESENTATION_CONTEXT(2) 
PARAMETRIC_REPRESENTATION_CONTEXT() REPRESENTATION_CONTEXT('2D SPACE',''
  ) );
#5232 = PCURVE('',#5114,#5233);
#5233 = DEFINITIONAL_REPRESENTATION('',(#5234),#5238);
#5234 = LINE('',#5235,#5236);
#5235 = CARTESIAN_POINT('',(0.,3.15));
#5236 = VECTOR('',#5237,1.);
#5237 = DIRECTION('',(1.,0.));
#5238 = ( GEOMETRIC_REPRESENTATION_CONTEXT(2) 
PARAMETRIC_REPRESENTATION_CONTEXT() REPRESENTATION_CONTEXT('2D SPACE',''
  ) );
#5239 = ADVANCED_FACE('',(#5240),#4817,.F.);
#5240 = FACE_BOUND('',#5241,.F.);
#5241 = EDGE_LOOP('',(#5242,#5243));
#5242 = ORIENTED_EDGE('',*,*,#4860,.T.);
#5243 = ORIENTED_EDGE('',*,*,#4800,.T.);
#5244 = ADVANCED_FACE('',(#5245,#5251),#4949,.F.);
#5245 = FACE_BOUND('',#5246,.F.);
#5246 = EDGE_LOOP('',(#5247,#5248,#5249,#5250));
#5247 = ORIENTED_EDGE('',*,*,#4935,.F.);
#5248 = ORIENTED_EDGE('',*,*,#5015,.T.);
#5249 = ORIENTED_EDGE('',*,*,#5065,.T.);
#5250 = ORIENTED_EDGE('',*,*,#4966,.F.);
#5251 = FACE_BOUND('',#5252,.F.);
#5252 = EDGE_LOOP('',(#5253));
#5253 = ORIENTED_EDGE('',*,*,#5254,.F.);
#5254 = EDGE_CURVE('',#5255,#5255,#5257,.T.);
#5255 = VERTEX_POINT('',#5256);
#5256 = CARTESIAN_POINT('',(2.9,16.,3.05));
#5257 = SURFACE_CURVE('',#5258,(#5263,#5270),.PCURVE_S1.);
#5258 = CIRCLE('',#5259,2.9);
#5259 = AXIS2_PLACEMENT_3D('',#5260,#5261,#5262);
#5260 = CARTESIAN_POINT('',(0.,16.,3.05));
#5261 = DIRECTION('',(0.,0.,1.));
#5262 = DIRECTION('',(1.,0.,-0.));
#5263 = PCURVE('',#4949,#5264);
#5264 = DEFINITIONAL_REPRESENTATION('',(#5265),#5269);
#5265 = CIRCLE('',#5266,2.9);
#5266 = AXIS2_PLACEMENT_2D('',#5267,#5268);
#5267 = CARTESIAN_POINT('',(6.3,6.3));
#5268 = DIRECTION('',(1.,0.));
#5269 = ( GEOMETRIC_REPRESENTATION_CONTEXT(2) 
PARAMETRIC_REPRESENTATION_CONTEXT() REPRESENTATION_CONTEXT('2D SPACE',''
  ) );
#5270 = PCURVE('',#5191,#5271);
#5271 = DEFINITIONAL_REPRESENTATION('',(#5272),#5276);
#5272 = LINE('',#5273,#5274);
#5273 = CARTESIAN_POINT('',(0.,3.15));
#5274 = VECTOR('',#5275,1.);
#5275 = DIRECTION('',(1.,0.));
#5276 = ( GEOMETRIC_REPRESENTATION_CONTEXT(2) 
PARAMETRIC_REPRESENTATION_CONTEXT() REPRESENTATION_CONTEXT('2D SPACE',''
  ) );
#5277 = ADVANCED_FACE('',(#5278),#5114,.F.);
#5278 = FACE_BOUND('',#5279,.F.);
#5279 = EDGE_LOOP('',(#5280,#5281,#5302,#5303));
#5280 = ORIENTED_EDGE('',*,*,#5097,.F.);
#5281 = ORIENTED_EDGE('',*,*,#5282,.F.);
#5282 = EDGE_CURVE('',#5217,#5098,#5283,.T.);
#5283 = SEAM_CURVE('',#5284,(#5288,#5295),.PCURVE_S1.);
#5284 = LINE('',#5285,#5286);
#5285 = CARTESIAN_POINT('',(2.9,-16.,-0.1));
#5286 = VECTOR('',#5287,1.);
#5287 = DIRECTION('',(0.,0.,1.));
#5288 = PCURVE('',#5114,#5289);
#5289 = DEFINITIONAL_REPRESENTATION('',(#5290),#5294);
#5290 = LINE('',#5291,#5292);
#5291 = CARTESIAN_POINT('',(6.28318530718,-0.));
#5292 = VECTOR('',#5293,1.);
#5293 = DIRECTION('',(0.,1.));
#5294 = ( GEOMETRIC_REPRESENTATION_CONTEXT(2) 
PARAMETRIC_REPRESENTATION_CONTEXT() REPRESENTATION_CONTEXT('2D SPACE',''
  ) );
#5295 = PCURVE('',#5114,#5296);
#5296 = DEFINITIONAL_REPRESENTATION('',(#5297),#5301);
#5297 = LINE('',#5298,#5299);
#5298 = CARTESIAN_POINT('',(0.,-0.));
#5299 = VECTOR('',#5300,1.);
#5300 = DIRECTION('',(0.,1.));
#5301 = ( GEOMETRIC_REPRESENTATION_CONTEXT(2) 
PARAMETRIC_REPRESENTATION_CONTEXT() REPRESENTATION_CONTEXT('2D SPACE',''
  ) );
#5302 = ORIENTED_EDGE('',*,*,#5216,.T.);
#5303 = ORIENTED_EDGE('',*,*,#5282,.T.);
#5304 = ADVANCED_FACE('',(#5305),#5191,.F.);
#5305 = FACE_BOUND('',#5306,.F.);
#5306 = EDGE_LOOP('',(#5307,#5308,#5329,#5330));
#5307 = ORIENTED_EDGE('',*,*,#5174,.F.);
#5308 = ORIENTED_EDGE('',*,*,#5309,.F.);
#5309 = EDGE_CURVE('',#5255,#5175,#5310,.T.);
#5310 = SEAM_CURVE('',#5311,(#5315,#5322),.PCURVE_S1.);
#5311 = LINE('',#5312,#5313);
#5312 = CARTESIAN_POINT('',(2.9,16.,-0.1));
#5313 = VECTOR('',#5314,1.);
#5314 = DIRECTION('',(0.,0.,1.));
#5315 = PCURVE('',#5191,#5316);
#5316 = DEFINITIONAL_REPRESENTATION('',(#5317),#5321);
#5317 = LINE('',#5318,#5319);
#5318 = CARTESIAN_POINT('',(6.28318530718,-0.));
#5319 = VECTOR('',#5320,1.);
#5320 = DIRECTION('',(0.,1.));
#5321 = ( GEOMETRIC_REPRESENTATION_CONTEXT(2) 
PARAMETRIC_REPRESENTATION_CONTEXT() REPRESENTATION_CONTEXT('2D SPACE',''
  ) );
#5322 = PCURVE('',#5191,#5323);
#5323 = DEFINITIONAL_REPRESENTATION('',(#5324),#5328);
#5324 = LINE('',#5325,#5326);
#5325 = CARTESIAN_POINT('',(0.,-0.));
#5326 = VECTOR('',#5327,1.);
#5327 = DIRECTION('',(0.,1.));
#5328 = ( GEOMETRIC_REPRESENTATION_CONTEXT(2) 
PARAMETRIC_REPRESENTATION_CONTEXT() REPRESENTATION_CONTEXT('2D SPACE',''
  ) );
#5329 = ORIENTED_EDGE('',*,*,#5254,.T.);
#5330 = ORIENTED_EDGE('',*,*,#5309,.T.);
#5331 = ( GEOMETRIC_REPRESENTATION_CONTEXT(3) 
GLOBAL_UNCERTAINTY_ASSIGNED_CONTEXT((#5335)) 
GLOBAL_UNIT_ASSIGNED_CONTEXT((#5332,#5333,#5334)) REPRESENTATION_CONTEXT
('Context #1','3D Context with UNIT and UNCERTAINTY') );
#5332 = ( LENGTH_UNIT() NAMED_UNIT(*) SI_UNIT(.MILLI.,.METRE.) );
#5333 = ( NAMED_UNIT(*) PLANE_ANGLE_UNIT() SI_UNIT($,.RADIAN.) );
#5334 = ( NAMED_UNIT(*) SI_UNIT($,.STERADIAN.) SOLID_ANGLE_UNIT() );
#5335 = UNCERTAINTY_MEASURE_WITH_UNIT(LENGTH_MEASURE(1.E-07),#5332,
  'distance_accuracy_value','confusion accuracy');
#5336 = CONTEXT_DEPENDENT_SHAPE_REPRESENTATION(#5337,#5339);
#5337 = ( REPRESENTATION_RELATIONSHIP('','',#152,#10) 
REPRESENTATION_RELATIONSHIP_WITH_TRANSFORMATION(#5338) 
SHAPE_REPRESENTATION_RELATIONSHIP() );
#5338 = ITEM_DEFINED_TRANSFORMATION('','',#11,#15);
#5339 = PRODUCT_DEFINITION_SHAPE('Placement','Placement of an item',
  #5340);
#5340 = NEXT_ASSEMBLY_USAGE_OCCURRENCE('25','common_tool_plate','',#5,
  #147,$);
#5341 = PRODUCT_RELATED_PRODUCT_CATEGORY('part',$,(#149));
#5342 = SHAPE_DEFINITION_REPRESENTATION(#5343,#5349);
#5343 = PRODUCT_DEFINITION_SHAPE('','',#5344);
#5344 = PRODUCT_DEFINITION('design','',#5345,#5348);
#5345 = PRODUCT_DEFINITION_FORMATION('','',#5346);
#5346 = PRODUCT('target_1_MC-12-12-03','target_1_MC-12-12-03','',(#5347)
  );
#5347 = PRODUCT_CONTEXT('',#2,'mechanical');
#5348 = PRODUCT_DEFINITION_CONTEXT('part definition',#2,'design');
#5349 = ADVANCED_BREP_SHAPE_REPRESENTATION('',(#11,#5350),#5764);
#5350 = MANIFOLD_SOLID_BREP('',#5351);
#5351 = CLOSED_SHELL('',(#5352,#5472,#5548,#5628,#5677,#5730,#5737));
#5352 = ADVANCED_FACE('',(#5353),#5367,.F.);
#5353 = FACE_BOUND('',#5354,.F.);
#5354 = EDGE_LOOP('',(#5355,#5390,#5418,#5446));
#5355 = ORIENTED_EDGE('',*,*,#5356,.F.);
#5356 = EDGE_CURVE('',#5357,#5359,#5361,.T.);
#5357 = VERTEX_POINT('',#5358);
#5358 = CARTESIAN_POINT('',(-6.,-22.,0.));
#5359 = VERTEX_POINT('',#5360);
#5360 = CARTESIAN_POINT('',(-6.,-22.,3.));
#5361 = SURFACE_CURVE('',#5362,(#5366,#5378),.PCURVE_S1.);
#5362 = LINE('',#5363,#5364);
#5363 = CARTESIAN_POINT('',(-6.,-22.,0.));
#5364 = VECTOR('',#5365,1.);
#5365 = DIRECTION('',(0.,0.,1.));
#5366 = PCURVE('',#5367,#5372);
#5367 = PLANE('',#5368);
#5368 = AXIS2_PLACEMENT_3D('',#5369,#5370,#5371);
#5369 = CARTESIAN_POINT('',(-6.,-22.,0.));
#5370 = DIRECTION('',(1.,0.,0.));
#5371 = DIRECTION('',(0.,0.,1.));
#5372 = DEFINITIONAL_REPRESENTATION('',(#5373),#5377);
#5373 = LINE('',#5374,#5375);
#5374 = CARTESIAN_POINT('',(0.,0.));
#5375 = VECTOR('',#5376,1.);
#5376 = DIRECTION('',(1.,0.));
#5377 = ( GEOMETRIC_REPRESENTATION_CONTEXT(2) 
PARAMETRIC_REPRESENTATION_CONTEXT() REPRESENTATION_CONTEXT('2D SPACE',''
  ) );
#5378 = PCURVE('',#5379,#5384);
#5379 = PLANE('',#5380);
#5380 = AXIS2_PLACEMENT_3D('',#5381,#5382,#5383);
#5381 = CARTESIAN_POINT('',(-6.,-22.,0.));
#5382 = DIRECTION('',(0.,1.,0.));
#5383 = DIRECTION('',(0.,0.,1.));
#5384 = DEFINITIONAL_REPRESENTATION('',(#5385),#5389);
#5385 = LINE('',#5386,#5387);
#5386 = CARTESIAN_POINT('',(0.,0.));
#5387 = VECTOR('',#5388,1.);
#5388 = DIRECTION('',(1.,0.));
#5389 = ( GEOMETRIC_REPRESENTATION_CONTEXT(2) 
PARAMETRIC_REPRESENTATION_CONTEXT() REPRESENTATION_CONTEXT('2D SPACE',''
  ) );
#5390 = ORIENTED_EDGE('',*,*,#5391,.T.);
#5391 = EDGE_CURVE('',#5357,#5392,#5394,.T.);
#5392 = VERTEX_POINT('',#5393);
#5393 = CARTESIAN_POINT('',(-6.,-10.,0.));
#5394 = SURFACE_CURVE('',#5395,(#5399,#5406),.PCURVE_S1.);
#5395 = LINE('',#5396,#5397);
#5396 = CARTESIAN_POINT('',(-6.,-22.,0.));
#5397 = VECTOR('',#5398,1.);
#5398 = DIRECTION('',(0.,1.,0.));
#5399 = PCURVE('',#5367,#5400);
#5400 = DEFINITIONAL_REPRESENTATION('',(#5401),#5405);
#5401 = LINE('',#5402,#5403);
#5402 = CARTESIAN_POINT('',(0.,0.));
#5403 = VECTOR('',#5404,1.);
#5404 = DIRECTION('',(0.,-1.));
#5405 = ( GEOMETRIC_REPRESENTATION_CONTEXT(2) 
PARAMETRIC_REPRESENTATION_CONTEXT() REPRESENTATION_CONTEXT('2D SPACE',''
  ) );
#5406 = PCURVE('',#5407,#5412);
#5407 = PLANE('',#5408);
#5408 = AXIS2_PLACEMENT_3D('',#5409,#5410,#5411);
#5409 = CARTESIAN_POINT('',(-6.,-22.,0.));
#5410 = DIRECTION('',(0.,0.,1.));
#5411 = DIRECTION('',(1.,0.,0.));
#5412 = DEFINITIONAL_REPRESENTATION('',(#5413),#5417);
#5413 = LINE('',#5414,#5415);
#5414 = CARTESIAN_POINT('',(0.,0.));
#5415 = VECTOR('',#5416,1.);
#5416 = DIRECTION('',(0.,1.));
#5417 = ( GEOMETRIC_REPRESENTATION_CONTEXT(2) 
PARAMETRIC_REPRESENTATION_CONTEXT() REPRESENTATION_CONTEXT('2D SPACE',''
  ) );
#5418 = ORIENTED_EDGE('',*,*,#5419,.T.);
#5419 = EDGE_CURVE('',#5392,#5420,#5422,.T.);
#5420 = VERTEX_POINT('',#5421);
#5421 = CARTESIAN_POINT('',(-6.,-10.,3.));
#5422 = SURFACE_CURVE('',#5423,(#5427,#5434),.PCURVE_S1.);
#5423 = LINE('',#5424,#5425);
#5424 = CARTESIAN_POINT('',(-6.,-10.,0.));
#5425 = VECTOR('',#5426,1.);
#5426 = DIRECTION('',(0.,0.,1.));
#5427 = PCURVE('',#5367,#5428);
#5428 = DEFINITIONAL_REPRESENTATION('',(#5429),#5433);
#5429 = LINE('',#5430,#5431);
#5430 = CARTESIAN_POINT('',(0.,-12.));
#5431 = VECTOR('',#5432,1.);
#5432 = DIRECTION('',(1.,0.));
#5433 = ( GEOMETRIC_REPRESENTATION_CONTEXT(2) 
PARAMETRIC_REPRESENTATION_CONTEXT() REPRESENTATION_CONTEXT('2D SPACE',''
  ) );
#5434 = PCURVE('',#5435,#5440);
#5435 = PLANE('',#5436);
#5436 = AXIS2_PLACEMENT_3D('',#5437,#5438,#5439);
#5437 = CARTESIAN_POINT('',(-6.,-10.,0.));
#5438 = DIRECTION('',(0.,1.,0.));
#5439 = DIRECTION('',(0.,0.,1.));
#5440 = DEFINITIONAL_REPRESENTATION('',(#5441),#5445);
#5441 = LINE('',#5442,#5443);
#5442 = CARTESIAN_POINT('',(0.,0.));
#5443 = VECTOR('',#5444,1.);
#5444 = DIRECTION('',(1.,0.));
#5445 = ( GEOMETRIC_REPRESENTATION_CONTEXT(2) 
PARAMETRIC_REPRESENTATION_CONTEXT() REPRESENTATION_CONTEXT('2D SPACE',''
  ) );
#5446 = ORIENTED_EDGE('',*,*,#5447,.F.);
#5447 = EDGE_CURVE('',#5359,#5420,#5448,.T.);
#5448 = SURFACE_CURVE('',#5449,(#5453,#5460),.PCURVE_S1.);
#5449 = LINE('',#5450,#5451);
#5450 = CARTESIAN_POINT('',(-6.,-22.,3.));
#5451 = VECTOR('',#5452,1.);
#5452 = DIRECTION('',(0.,1.,0.));
#5453 = PCURVE('',#5367,#5454);
#5454 = DEFINITIONAL_REPRESENTATION('',(#5455),#5459);
#5455 = LINE('',#5456,#5457);
#5456 = CARTESIAN_POINT('',(3.,0.));
#5457 = VECTOR('',#5458,1.);
#5458 = DIRECTION('',(0.,-1.));
#5459 = ( GEOMETRIC_REPRESENTATION_CONTEXT(2) 
PARAMETRIC_REPRESENTATION_CONTEXT() REPRESENTATION_CONTEXT('2D SPACE',''
  ) );
#5460 = PCURVE('',#5461,#5466);
#5461 = PLANE('',#5462);
#5462 = AXIS2_PLACEMENT_3D('',#5463,#5464,#5465);
#5463 = CARTESIAN_POINT('',(-6.,-22.,3.));
#5464 = DIRECTION('',(0.,0.,1.));
#5465 = DIRECTION('',(1.,0.,0.));
#5466 = DEFINITIONAL_REPRESENTATION('',(#5467),#5471);
#5467 = LINE('',#5468,#5469);
#5468 = CARTESIAN_POINT('',(0.,0.));
#5469 = VECTOR('',#5470,1.);
#5470 = DIRECTION('',(0.,1.));
#5471 = ( GEOMETRIC_REPRESENTATION_CONTEXT(2) 
PARAMETRIC_REPRESENTATION_CONTEXT() REPRESENTATION_CONTEXT('2D SPACE',''
  ) );
#5472 = ADVANCED_FACE('',(#5473),#5379,.F.);
#5473 = FACE_BOUND('',#5474,.F.);
#5474 = EDGE_LOOP('',(#5475,#5498,#5499,#5522));
#5475 = ORIENTED_EDGE('',*,*,#5476,.F.);
#5476 = EDGE_CURVE('',#5357,#5477,#5479,.T.);
#5477 = VERTEX_POINT('',#5478);
#5478 = CARTESIAN_POINT('',(6.,-22.,0.));
#5479 = SURFACE_CURVE('',#5480,(#5484,#5491),.PCURVE_S1.);
#5480 = LINE('',#5481,#5482);
#5481 = CARTESIAN_POINT('',(-6.,-22.,0.));
#5482 = VECTOR('',#5483,1.);
#5483 = DIRECTION('',(1.,0.,0.));
#5484 = PCURVE('',#5379,#5485);
#5485 = DEFINITIONAL_REPRESENTATION('',(#5486),#5490);
#5486 = LINE('',#5487,#5488);
#5487 = CARTESIAN_POINT('',(0.,0.));
#5488 = VECTOR('',#5489,1.);
#5489 = DIRECTION('',(0.,1.));
#5490 = ( GEOMETRIC_REPRESENTATION_CONTEXT(2) 
PARAMETRIC_REPRESENTATION_CONTEXT() REPRESENTATION_CONTEXT('2D SPACE',''
  ) );
#5491 = PCURVE('',#5407,#5492);
#5492 = DEFINITIONAL_REPRESENTATION('',(#5493),#5497);
#5493 = LINE('',#5494,#5495);
#5494 = CARTESIAN_POINT('',(0.,0.));
#5495 = VECTOR('',#5496,1.);
#5496 = DIRECTION('',(1.,0.));
#5497 = ( GEOMETRIC_REPRESENTATION_CONTEXT(2) 
PARAMETRIC_REPRESENTATION_CONTEXT() REPRESENTATION_CONTEXT('2D SPACE',''
  ) );
#5498 = ORIENTED_EDGE('',*,*,#5356,.T.);
#5499 = ORIENTED_EDGE('',*,*,#5500,.T.);
#5500 = EDGE_CURVE('',#5359,#5501,#5503,.T.);
#5501 = VERTEX_POINT('',#5502);
#5502 = CARTESIAN_POINT('',(6.,-22.,3.));
#5503 = SURFACE_CURVE('',#5504,(#5508,#5515),.PCURVE_S1.);
#5504 = LINE('',#5505,#5506);
#5505 = CARTESIAN_POINT('',(-6.,-22.,3.));
#5506 = VECTOR('',#5507,1.);
#5507 = DIRECTION('',(1.,0.,0.));
#5508 = PCURVE('',#5379,#5509);
#5509 = DEFINITIONAL_REPRESENTATION('',(#5510),#5514);
#5510 = LINE('',#5511,#5512);
#5511 = CARTESIAN_POINT('',(3.,0.));
#5512 = VECTOR('',#5513,1.);
#5513 = DIRECTION('',(0.,1.));
#5514 = ( GEOMETRIC_REPRESENTATION_CONTEXT(2) 
PARAMETRIC_REPRESENTATION_CONTEXT() REPRESENTATION_CONTEXT('2D SPACE',''
  ) );
#5515 = PCURVE('',#5461,#5516);
#5516 = DEFINITIONAL_REPRESENTATION('',(#5517),#5521);
#5517 = LINE('',#5518,#5519);
#5518 = CARTESIAN_POINT('',(0.,0.));
#5519 = VECTOR('',#5520,1.);
#5520 = DIRECTION('',(1.,0.));
#5521 = ( GEOMETRIC_REPRESENTATION_CONTEXT(2) 
PARAMETRIC_REPRESENTATION_CONTEXT() REPRESENTATION_CONTEXT('2D SPACE',''
  ) );
#5522 = ORIENTED_EDGE('',*,*,#5523,.F.);
#5523 = EDGE_CURVE('',#5477,#5501,#5524,.T.);
#5524 = SURFACE_CURVE('',#5525,(#5529,#5536),.PCURVE_S1.);
#5525 = LINE('',#5526,#5527);
#5526 = CARTESIAN_POINT('',(6.,-22.,0.));
#5527 = VECTOR('',#5528,1.);
#5528 = DIRECTION('',(0.,0.,1.));
#5529 = PCURVE('',#5379,#5530);
#5530 = DEFINITIONAL_REPRESENTATION('',(#5531),#5535);
#5531 = LINE('',#5532,#5533);
#5532 = CARTESIAN_POINT('',(0.,12.));
#5533 = VECTOR('',#5534,1.);
#5534 = DIRECTION('',(1.,0.));
#5535 = ( GEOMETRIC_REPRESENTATION_CONTEXT(2) 
PARAMETRIC_REPRESENTATION_CONTEXT() REPRESENTATION_CONTEXT('2D SPACE',''
  ) );
#5536 = PCURVE('',#5537,#5542);
#5537 = PLANE('',#5538);
#5538 = AXIS2_PLACEMENT_3D('',#5539,#5540,#5541);
#5539 = CARTESIAN_POINT('',(6.,-22.,0.));
#5540 = DIRECTION('',(1.,0.,0.));
#5541 = DIRECTION('',(0.,0.,1.));
#5542 = DEFINITIONAL_REPRESENTATION('',(#5543),#5547);
#5543 = LINE('',#5544,#5545);
#5544 = CARTESIAN_POINT('',(0.,0.));
#5545 = VECTOR('',#5546,1.);
#5546 = DIRECTION('',(1.,0.));
#5547 = ( GEOMETRIC_REPRESENTATION_CONTEXT(2) 
PARAMETRIC_REPRESENTATION_CONTEXT() REPRESENTATION_CONTEXT('2D SPACE',''
  ) );
#5548 = ADVANCED_FACE('',(#5549,#5597),#5461,.T.);
#5549 = FACE_BOUND('',#5550,.T.);
#5550 = EDGE_LOOP('',(#5551,#5552,#5553,#5576));
#5551 = ORIENTED_EDGE('',*,*,#5447,.F.);
#5552 = ORIENTED_EDGE('',*,*,#5500,.T.);
#5553 = ORIENTED_EDGE('',*,*,#5554,.T.);
#5554 = EDGE_CURVE('',#5501,#5555,#5557,.T.);
#5555 = VERTEX_POINT('',#5556);
#5556 = CARTESIAN_POINT('',(6.,-10.,3.));
#5557 = SURFACE_CURVE('',#5558,(#5562,#5569),.PCURVE_S1.);
#5558 = LINE('',#5559,#5560);
#5559 = CARTESIAN_POINT('',(6.,-22.,3.));
#5560 = VECTOR('',#5561,1.);
#5561 = DIRECTION('',(0.,1.,0.));
#5562 = PCURVE('',#5461,#5563);
#5563 = DEFINITIONAL_REPRESENTATION('',(#5564),#5568);
#5564 = LINE('',#5565,#5566);
#5565 = CARTESIAN_POINT('',(12.,0.));
#5566 = VECTOR('',#5567,1.);
#5567 = DIRECTION('',(0.,1.));
#5568 = ( GEOMETRIC_REPRESENTATION_CONTEXT(2) 
PARAMETRIC_REPRESENTATION_CONTEXT() REPRESENTATION_CONTEXT('2D SPACE',''
  ) );
#5569 = PCURVE('',#5537,#5570);
#5570 = DEFINITIONAL_REPRESENTATION('',(#5571),#5575);
#5571 = LINE('',#5572,#5573);
#5572 = CARTESIAN_POINT('',(3.,0.));
#5573 = VECTOR('',#5574,1.);
#5574 = DIRECTION('',(0.,-1.));
#5575 = ( GEOMETRIC_REPRESENTATION_CONTEXT(2) 
PARAMETRIC_REPRESENTATION_CONTEXT() REPRESENTATION_CONTEXT('2D SPACE',''
  ) );
#5576 = ORIENTED_EDGE('',*,*,#5577,.F.);
#5577 = EDGE_CURVE('',#5420,#5555,#5578,.T.);
#5578 = SURFACE_CURVE('',#5579,(#5583,#5590),.PCURVE_S1.);
#5579 = LINE('',#5580,#5581);
#5580 = CARTESIAN_POINT('',(-6.,-10.,3.));
#5581 = VECTOR('',#5582,1.);
#5582 = DIRECTION('',(1.,0.,0.));
#5583 = PCURVE('',#5461,#5584);
#5584 = DEFINITIONAL_REPRESENTATION('',(#5585),#5589);
#5585 = LINE('',#5586,#5587);
#5586 = CARTESIAN_POINT('',(0.,12.));
#5587 = VECTOR('',#5588,1.);
#5588 = DIRECTION('',(1.,0.));
#5589 = ( GEOMETRIC_REPRESENTATION_CONTEXT(2) 
PARAMETRIC_REPRESENTATION_CONTEXT() REPRESENTATION_CONTEXT('2D SPACE',''
  ) );
#5590 = PCURVE('',#5435,#5591);
#5591 = DEFINITIONAL_REPRESENTATION('',(#5592),#5596);
#5592 = LINE('',#5593,#5594);
#5593 = CARTESIAN_POINT('',(3.,0.));
#5594 = VECTOR('',#5595,1.);
#5595 = DIRECTION('',(0.,1.));
#5596 = ( GEOMETRIC_REPRESENTATION_CONTEXT(2) 
PARAMETRIC_REPRESENTATION_CONTEXT() REPRESENTATION_CONTEXT('2D SPACE',''
  ) );
#5597 = FACE_BOUND('',#5598,.T.);
#5598 = EDGE_LOOP('',(#5599));
#5599 = ORIENTED_EDGE('',*,*,#5600,.F.);
#5600 = EDGE_CURVE('',#5601,#5601,#5603,.T.);
#5601 = VERTEX_POINT('',#5602);
#5602 = CARTESIAN_POINT('',(2.85,-16.,3.));
#5603 = SURFACE_CURVE('',#5604,(#5609,#5616),.PCURVE_S1.);
#5604 = CIRCLE('',#5605,2.85);
#5605 = AXIS2_PLACEMENT_3D('',#5606,#5607,#5608);
#5606 = CARTESIAN_POINT('',(0.,-16.,3.));
#5607 = DIRECTION('',(0.,0.,1.));
#5608 = DIRECTION('',(1.,0.,-0.));
#5609 = PCURVE('',#5461,#5610);
#5610 = DEFINITIONAL_REPRESENTATION('',(#5611),#5615);
#5611 = CIRCLE('',#5612,2.85);
#5612 = AXIS2_PLACEMENT_2D('',#5613,#5614);
#5613 = CARTESIAN_POINT('',(6.,6.));
#5614 = DIRECTION('',(1.,0.));
#5615 = ( GEOMETRIC_REPRESENTATION_CONTEXT(2) 
PARAMETRIC_REPRESENTATION_CONTEXT() REPRESENTATION_CONTEXT('2D SPACE',''
  ) );
#5616 = PCURVE('',#5617,#5622);
#5617 = CONICAL_SURFACE('',#5618,5.85,0.777133888738);
#5618 = AXIS2_PLACEMENT_3D('',#5619,#5620,#5621);
#5619 = CARTESIAN_POINT('',(0.,-16.,-5.E-02));
#5620 = DIRECTION('',(-0.,-0.,-1.));
#5621 = DIRECTION('',(1.,0.,-0.));
#5622 = DEFINITIONAL_REPRESENTATION('',(#5623),#5627);
#5623 = LINE('',#5624,#5625);
#5624 = CARTESIAN_POINT('',(-0.,-3.05));
#5625 = VECTOR('',#5626,1.);
#5626 = DIRECTION('',(-1.,-0.));
#5627 = ( GEOMETRIC_REPRESENTATION_CONTEXT(2) 
PARAMETRIC_REPRESENTATION_CONTEXT() REPRESENTATION_CONTEXT('2D SPACE',''
  ) );
#5628 = ADVANCED_FACE('',(#5629),#5435,.T.);
#5629 = FACE_BOUND('',#5630,.T.);
#5630 = EDGE_LOOP('',(#5631,#5654,#5655,#5656));
#5631 = ORIENTED_EDGE('',*,*,#5632,.F.);
#5632 = EDGE_CURVE('',#5392,#5633,#5635,.T.);
#5633 = VERTEX_POINT('',#5634);
#5634 = CARTESIAN_POINT('',(6.,-10.,0.));
#5635 = SURFACE_CURVE('',#5636,(#5640,#5647),.PCURVE_S1.);
#5636 = LINE('',#5637,#5638);
#5637 = CARTESIAN_POINT('',(-6.,-10.,0.));
#5638 = VECTOR('',#5639,1.);
#5639 = DIRECTION('',(1.,0.,0.));
#5640 = PCURVE('',#5435,#5641);
#5641 = DEFINITIONAL_REPRESENTATION('',(#5642),#5646);
#5642 = LINE('',#5643,#5644);
#5643 = CARTESIAN_POINT('',(0.,0.));
#5644 = VECTOR('',#5645,1.);
#5645 = DIRECTION('',(0.,1.));
#5646 = ( GEOMETRIC_REPRESENTATION_CONTEXT(2) 
PARAMETRIC_REPRESENTATION_CONTEXT() REPRESENTATION_CONTEXT('2D SPACE',''
  ) );
#5647 = PCURVE('',#5407,#5648);
#5648 = DEFINITIONAL_REPRESENTATION('',(#5649),#5653);
#5649 = LINE('',#5650,#5651);
#5650 = CARTESIAN_POINT('',(0.,12.));
#5651 = VECTOR('',#5652,1.);
#5652 = DIRECTION('',(1.,0.));
#5653 = ( GEOMETRIC_REPRESENTATION_CONTEXT(2) 
PARAMETRIC_REPRESENTATION_CONTEXT() REPRESENTATION_CONTEXT('2D SPACE',''
  ) );
#5654 = ORIENTED_EDGE('',*,*,#5419,.T.);
#5655 = ORIENTED_EDGE('',*,*,#5577,.T.);
#5656 = ORIENTED_EDGE('',*,*,#5657,.F.);
#5657 = EDGE_CURVE('',#5633,#5555,#5658,.T.);
#5658 = SURFACE_CURVE('',#5659,(#5663,#5670),.PCURVE_S1.);
#5659 = LINE('',#5660,#5661);
#5660 = CARTESIAN_POINT('',(6.,-10.,0.));
#5661 = VECTOR('',#5662,1.);
#5662 = DIRECTION('',(0.,0.,1.));
#5663 = PCURVE('',#5435,#5664);
#5664 = DEFINITIONAL_REPRESENTATION('',(#5665),#5669);
#5665 = LINE('',#5666,#5667);
#5666 = CARTESIAN_POINT('',(0.,12.));
#5667 = VECTOR('',#5668,1.);
#5668 = DIRECTION('',(1.,0.));
#5669 = ( GEOMETRIC_REPRESENTATION_CONTEXT(2) 
PARAMETRIC_REPRESENTATION_CONTEXT() REPRESENTATION_CONTEXT('2D SPACE',''
  ) );
#5670 = PCURVE('',#5537,#5671);
#5671 = DEFINITIONAL_REPRESENTATION('',(#5672),#5676);
#5672 = LINE('',#5673,#5674);
#5673 = CARTESIAN_POINT('',(0.,-12.));
#5674 = VECTOR('',#5675,1.);
#5675 = DIRECTION('',(1.,0.));
#5676 = ( GEOMETRIC_REPRESENTATION_CONTEXT(2) 
PARAMETRIC_REPRESENTATION_CONTEXT() REPRESENTATION_CONTEXT('2D SPACE',''
  ) );
#5677 = ADVANCED_FACE('',(#5678,#5704),#5407,.F.);
#5678 = FACE_BOUND('',#5679,.F.);
#5679 = EDGE_LOOP('',(#5680,#5681,#5682,#5703));
#5680 = ORIENTED_EDGE('',*,*,#5391,.F.);
#5681 = ORIENTED_EDGE('',*,*,#5476,.T.);
#5682 = ORIENTED_EDGE('',*,*,#5683,.T.);
#5683 = EDGE_CURVE('',#5477,#5633,#5684,.T.);
#5684 = SURFACE_CURVE('',#5685,(#5689,#5696),.PCURVE_S1.);
#5685 = LINE('',#5686,#5687);
#5686 = CARTESIAN_POINT('',(6.,-22.,0.));
#5687 = VECTOR('',#5688,1.);
#5688 = DIRECTION('',(0.,1.,0.));
#5689 = PCURVE('',#5407,#5690);
#5690 = DEFINITIONAL_REPRESENTATION('',(#5691),#5695);
#5691 = LINE('',#5692,#5693);
#5692 = CARTESIAN_POINT('',(12.,0.));
#5693 = VECTOR('',#5694,1.);
#5694 = DIRECTION('',(0.,1.));
#5695 = ( GEOMETRIC_REPRESENTATION_CONTEXT(2) 
PARAMETRIC_REPRESENTATION_CONTEXT() REPRESENTATION_CONTEXT('2D SPACE',''
  ) );
#5696 = PCURVE('',#5537,#5697);
#5697 = DEFINITIONAL_REPRESENTATION('',(#5698),#5702);
#5698 = LINE('',#5699,#5700);
#5699 = CARTESIAN_POINT('',(0.,0.));
#5700 = VECTOR('',#5701,1.);
#5701 = DIRECTION('',(0.,-1.));
#5702 = ( GEOMETRIC_REPRESENTATION_CONTEXT(2) 
PARAMETRIC_REPRESENTATION_CONTEXT() REPRESENTATION_CONTEXT('2D SPACE',''
  ) );
#5703 = ORIENTED_EDGE('',*,*,#5632,.F.);
#5704 = FACE_BOUND('',#5705,.F.);
#5705 = EDGE_LOOP('',(#5706));
#5706 = ORIENTED_EDGE('',*,*,#5707,.F.);
#5707 = EDGE_CURVE('',#5708,#5708,#5710,.T.);
#5708 = VERTEX_POINT('',#5709);
#5709 = CARTESIAN_POINT('',(5.800819672131,-16.,6.938893903907E-18));
#5710 = SURFACE_CURVE('',#5711,(#5716,#5723),.PCURVE_S1.);
#5711 = CIRCLE('',#5712,5.800819672131);
#5712 = AXIS2_PLACEMENT_3D('',#5713,#5714,#5715);
#5713 = CARTESIAN_POINT('',(0.,-16.,0.));
#5714 = DIRECTION('',(0.,0.,1.));
#5715 = DIRECTION('',(1.,0.,-0.));
#5716 = PCURVE('',#5407,#5717);
#5717 = DEFINITIONAL_REPRESENTATION('',(#5718),#5722);
#5718 = CIRCLE('',#5719,5.800819672131);
#5719 = AXIS2_PLACEMENT_2D('',#5720,#5721);
#5720 = CARTESIAN_POINT('',(6.,6.));
#5721 = DIRECTION('',(1.,0.));
#5722 = ( GEOMETRIC_REPRESENTATION_CONTEXT(2) 
PARAMETRIC_REPRESENTATION_CONTEXT() REPRESENTATION_CONTEXT('2D SPACE',''
  ) );
#5723 = PCURVE('',#5617,#5724);
#5724 = DEFINITIONAL_REPRESENTATION('',(#5725),#5729);
#5725 = LINE('',#5726,#5727);
#5726 = CARTESIAN_POINT('',(-0.,-5.E-02));
#5727 = VECTOR('',#5728,1.);
#5728 = DIRECTION('',(-1.,-0.));
#5729 = ( GEOMETRIC_REPRESENTATION_CONTEXT(2) 
PARAMETRIC_REPRESENTATION_CONTEXT() REPRESENTATION_CONTEXT('2D SPACE',''
  ) );
#5730 = ADVANCED_FACE('',(#5731),#5537,.T.);
#5731 = FACE_BOUND('',#5732,.T.);
#5732 = EDGE_LOOP('',(#5733,#5734,#5735,#5736));
#5733 = ORIENTED_EDGE('',*,*,#5523,.F.);
#5734 = ORIENTED_EDGE('',*,*,#5683,.T.);
#5735 = ORIENTED_EDGE('',*,*,#5657,.T.);
#5736 = ORIENTED_EDGE('',*,*,#5554,.F.);
#5737 = ADVANCED_FACE('',(#5738),#5617,.F.);
#5738 = FACE_BOUND('',#5739,.F.);
#5739 = EDGE_LOOP('',(#5740,#5761,#5762,#5763));
#5740 = ORIENTED_EDGE('',*,*,#5741,.T.);
#5741 = EDGE_CURVE('',#5708,#5601,#5742,.T.);
#5742 = SEAM_CURVE('',#5743,(#5747,#5754),.PCURVE_S1.);
#5743 = LINE('',#5744,#5745);
#5744 = CARTESIAN_POINT('',(5.85,-16.,-5.E-02));
#5745 = VECTOR('',#5746,1.);
#5746 = DIRECTION('',(-0.701238976117,1.717540135078E-16,0.712926292386)
  );
#5747 = PCURVE('',#5617,#5748);
#5748 = DEFINITIONAL_REPRESENTATION('',(#5749),#5753);
#5749 = LINE('',#5750,#5751);
#5750 = CARTESIAN_POINT('',(-6.28318530718,0.));
#5751 = VECTOR('',#5752,1.);
#5752 = DIRECTION('',(-0.,-1.));
#5753 = ( GEOMETRIC_REPRESENTATION_CONTEXT(2) 
PARAMETRIC_REPRESENTATION_CONTEXT() REPRESENTATION_CONTEXT('2D SPACE',''
  ) );
#5754 = PCURVE('',#5617,#5755);
#5755 = DEFINITIONAL_REPRESENTATION('',(#5756),#5760);
#5756 = LINE('',#5757,#5758);
#5757 = CARTESIAN_POINT('',(0.,-0.));
#5758 = VECTOR('',#5759,1.);
#5759 = DIRECTION('',(-0.,-1.));
#5760 = ( GEOMETRIC_REPRESENTATION_CONTEXT(2) 
PARAMETRIC_REPRESENTATION_CONTEXT() REPRESENTATION_CONTEXT('2D SPACE',''
  ) );
#5761 = ORIENTED_EDGE('',*,*,#5600,.F.);
#5762 = ORIENTED_EDGE('',*,*,#5741,.F.);
#5763 = ORIENTED_EDGE('',*,*,#5707,.T.);
#5764 = ( GEOMETRIC_REPRESENTATION_CONTEXT(3) 
GLOBAL_UNCERTAINTY_ASSIGNED_CONTEXT((#5768)) 
GLOBAL_UNIT_ASSIGNED_CONTEXT((#5765,#5766,#5767)) REPRESENTATION_CONTEXT
('Context #1','3D Context with UNIT and UNCERTAINTY') );
#5765 = ( LENGTH_UNIT() NAMED_UNIT(*) SI_UNIT(.MILLI.,.METRE.) );
#5766 = ( NAMED_UNIT(*) PLANE_ANGLE_UNIT() SI_UNIT($,.RADIAN.) );
#5767 = ( NAMED_UNIT(*) SI_UNIT($,.STERADIAN.) SOLID_ANGLE_UNIT() );
#5768 = UNCERTAINTY_MEASURE_WITH_UNIT(LENGTH_MEASURE(1.E-07),#5765,
  'distance_accuracy_value','confusion accuracy');
#5769 = CONTEXT_DEPENDENT_SHAPE_REPRESENTATION(#5770,#5772);
#5770 = ( REPRESENTATION_RELATIONSHIP('','',#5349,#10) 
REPRESENTATION_RELATIONSHIP_WITH_TRANSFORMATION(#5771) 
SHAPE_REPRESENTATION_RELATIONSHIP() );
#5771 = ITEM_DEFINED_TRANSFORMATION('','',#11,#19);
#5772 = PRODUCT_DEFINITION_SHAPE('Placement','Placement of an item',
  #5773);
#5773 = NEXT_ASSEMBLY_USAGE_OCCURRENCE('26','target_1_MC-12-12-03','',#5
  ,#5344,$);
#5774 = PRODUCT_RELATED_PRODUCT_CATEGORY('part',$,(#5346));
#5775 = SHAPE_DEFINITION_REPRESENTATION(#5776,#5782);
#5776 = PRODUCT_DEFINITION_SHAPE('','',#5777);
#5777 = PRODUCT_DEFINITION('design','',#5778,#5781);
#5778 = PRODUCT_DEFINITION_FORMATION('','',#5779);
#5779 = PRODUCT('target_screw_1_ISO10642_M5x10',
  'target_screw_1_ISO10642_M5x10','',(#5780));
#5780 = PRODUCT_CONTEXT('',#2,'mechanical');
#5781 = PRODUCT_DEFINITION_CONTEXT('part definition',#2,'design');
#5782 = ADVANCED_BREP_SHAPE_REPRESENTATION('',(#11,#5783),#5936);
#5783 = MANIFOLD_SOLID_BREP('',#5784);
#5784 = CLOSED_SHELL('',(#5785,#5873,#5928,#5932));
#5785 = ADVANCED_FACE('',(#5786),#5799,.T.);
#5786 = FACE_BOUND('',#5787,.T.);
#5787 = EDGE_LOOP('',(#5788,#5822,#5845,#5872));
#5788 = ORIENTED_EDGE('',*,*,#5789,.F.);
#5789 = EDGE_CURVE('',#5790,#5790,#5792,.T.);
#5790 = VERTEX_POINT('',#5791);
#5791 = CARTESIAN_POINT('',(2.5,-16.,2.7));
#5792 = SURFACE_CURVE('',#5793,(#5798,#5810),.PCURVE_S1.);
#5793 = CIRCLE('',#5794,2.5);
#5794 = AXIS2_PLACEMENT_3D('',#5795,#5796,#5797);
#5795 = CARTESIAN_POINT('',(0.,-16.,2.7));
#5796 = DIRECTION('',(0.,0.,1.));
#5797 = DIRECTION('',(1.,0.,-0.));
#5798 = PCURVE('',#5799,#5804);
#5799 = CONICAL_SURFACE('',#5800,5.,0.746955573376);
#5800 = AXIS2_PLACEMENT_3D('',#5801,#5802,#5803);
#5801 = CARTESIAN_POINT('',(0.,-16.,0.));
#5802 = DIRECTION('',(-0.,-0.,-1.));
#5803 = DIRECTION('',(1.,0.,-0.));
#5804 = DEFINITIONAL_REPRESENTATION('',(#5805),#5809);
#5805 = LINE('',#5806,#5807);
#5806 = CARTESIAN_POINT('',(-0.,-2.7));
#5807 = VECTOR('',#5808,1.);
#5808 = DIRECTION('',(-1.,-0.));
#5809 = ( GEOMETRIC_REPRESENTATION_CONTEXT(2) 
PARAMETRIC_REPRESENTATION_CONTEXT() REPRESENTATION_CONTEXT('2D SPACE',''
  ) );
#5810 = PCURVE('',#5811,#5816);
#5811 = CYLINDRICAL_SURFACE('',#5812,2.5);
#5812 = AXIS2_PLACEMENT_3D('',#5813,#5814,#5815);
#5813 = CARTESIAN_POINT('',(0.,-16.,2.7));
#5814 = DIRECTION('',(0.,0.,1.));
#5815 = DIRECTION('',(1.,0.,-0.));
#5816 = DEFINITIONAL_REPRESENTATION('',(#5817),#5821);
#5817 = LINE('',#5818,#5819);
#5818 = CARTESIAN_POINT('',(0.,0.));
#5819 = VECTOR('',#5820,1.);
#5820 = DIRECTION('',(1.,0.));
#5821 = ( GEOMETRIC_REPRESENTATION_CONTEXT(2) 
PARAMETRIC_REPRESENTATION_CONTEXT() REPRESENTATION_CONTEXT('2D SPACE',''
  ) );
#5822 = ORIENTED_EDGE('',*,*,#5823,.F.);
#5823 = EDGE_CURVE('',#5824,#5790,#5826,.T.);
#5824 = VERTEX_POINT('',#5825);
#5825 = CARTESIAN_POINT('',(5.,-16.,0.));
#5826 = SEAM_CURVE('',#5827,(#5831,#5838),.PCURVE_S1.);
#5827 = LINE('',#5828,#5829);
#5828 = CARTESIAN_POINT('',(5.,-16.,0.));
#5829 = VECTOR('',#5830,1.);
#5830 = DIRECTION('',(-0.679408031498,1.664069742179E-16,0.733760674018)
  );
#5831 = PCURVE('',#5799,#5832);
#5832 = DEFINITIONAL_REPRESENTATION('',(#5833),#5837);
#5833 = LINE('',#5834,#5835);
#5834 = CARTESIAN_POINT('',(-6.28318530718,0.));
#5835 = VECTOR('',#5836,1.);
#5836 = DIRECTION('',(-0.,-1.));
#5837 = ( GEOMETRIC_REPRESENTATION_CONTEXT(2) 
PARAMETRIC_REPRESENTATION_CONTEXT() REPRESENTATION_CONTEXT('2D SPACE',''
  ) );
#5838 = PCURVE('',#5799,#5839);
#5839 = DEFINITIONAL_REPRESENTATION('',(#5840),#5844);
#5840 = LINE('',#5841,#5842);
#5841 = CARTESIAN_POINT('',(0.,-0.));
#5842 = VECTOR('',#5843,1.);
#5843 = DIRECTION('',(-0.,-1.));
#5844 = ( GEOMETRIC_REPRESENTATION_CONTEXT(2) 
PARAMETRIC_REPRESENTATION_CONTEXT() REPRESENTATION_CONTEXT('2D SPACE',''
  ) );
#5845 = ORIENTED_EDGE('',*,*,#5846,.T.);
#5846 = EDGE_CURVE('',#5824,#5824,#5847,.T.);
#5847 = SURFACE_CURVE('',#5848,(#5853,#5860),.PCURVE_S1.);
#5848 = CIRCLE('',#5849,5.);
#5849 = AXIS2_PLACEMENT_3D('',#5850,#5851,#5852);
#5850 = CARTESIAN_POINT('',(0.,-16.,0.));
#5851 = DIRECTION('',(0.,0.,1.));
#5852 = DIRECTION('',(1.,0.,-0.));
#5853 = PCURVE('',#5799,#5854);
#5854 = DEFINITIONAL_REPRESENTATION('',(#5855),#5859);
#5855 = LINE('',#5856,#5857);
#5856 = CARTESIAN_POINT('',(-0.,-0.));
#5857 = VECTOR('',#5858,1.);
#5858 = DIRECTION('',(-1.,-0.));
#5859 = ( GEOMETRIC_REPRESENTATION_CONTEXT(2) 
PARAMETRIC_REPRESENTATION_CONTEXT() REPRESENTATION_CONTEXT('2D SPACE',''
  ) );
#5860 = PCURVE('',#5861,#5866);
#5861 = PLANE('',#5862);
#5862 = AXIS2_PLACEMENT_3D('',#5863,#5864,#5865);
#5863 = CARTESIAN_POINT('',(0.,-16.,0.));
#5864 = DIRECTION('',(0.,0.,1.));
#5865 = DIRECTION('',(1.,0.,-0.));
#5866 = DEFINITIONAL_REPRESENTATION('',(#5867),#5871);
#5867 = CIRCLE('',#5868,5.);
#5868 = AXIS2_PLACEMENT_2D('',#5869,#5870);
#5869 = CARTESIAN_POINT('',(0.,0.));
#5870 = DIRECTION('',(1.,0.));
#5871 = ( GEOMETRIC_REPRESENTATION_CONTEXT(2) 
PARAMETRIC_REPRESENTATION_CONTEXT() REPRESENTATION_CONTEXT('2D SPACE',''
  ) );
#5872 = ORIENTED_EDGE('',*,*,#5823,.T.);
#5873 = ADVANCED_FACE('',(#5874),#5811,.T.);
#5874 = FACE_BOUND('',#5875,.T.);
#5875 = EDGE_LOOP('',(#5876,#5905,#5926,#5927));
#5876 = ORIENTED_EDGE('',*,*,#5877,.F.);
#5877 = EDGE_CURVE('',#5878,#5878,#5880,.T.);
#5878 = VERTEX_POINT('',#5879);
#5879 = CARTESIAN_POINT('',(2.5,-16.,10.));
#5880 = SURFACE_CURVE('',#5881,(#5886,#5893),.PCURVE_S1.);
#5881 = CIRCLE('',#5882,2.5);
#5882 = AXIS2_PLACEMENT_3D('',#5883,#5884,#5885);
#5883 = CARTESIAN_POINT('',(0.,-16.,10.));
#5884 = DIRECTION('',(0.,0.,1.));
#5885 = DIRECTION('',(1.,0.,-0.));
#5886 = PCURVE('',#5811,#5887);
#5887 = DEFINITIONAL_REPRESENTATION('',(#5888),#5892);
#5888 = LINE('',#5889,#5890);
#5889 = CARTESIAN_POINT('',(0.,7.3));
#5890 = VECTOR('',#5891,1.);
#5891 = DIRECTION('',(1.,0.));
#5892 = ( GEOMETRIC_REPRESENTATION_CONTEXT(2) 
PARAMETRIC_REPRESENTATION_CONTEXT() REPRESENTATION_CONTEXT('2D SPACE',''
  ) );
#5893 = PCURVE('',#5894,#5899);
#5894 = PLANE('',#5895);
#5895 = AXIS2_PLACEMENT_3D('',#5896,#5897,#5898);
#5896 = CARTESIAN_POINT('',(0.,-16.,10.));
#5897 = DIRECTION('',(0.,0.,1.));
#5898 = DIRECTION('',(1.,0.,-0.));
#5899 = DEFINITIONAL_REPRESENTATION('',(#5900),#5904);
#5900 = CIRCLE('',#5901,2.5);
#5901 = AXIS2_PLACEMENT_2D('',#5902,#5903);
#5902 = CARTESIAN_POINT('',(0.,0.));
#5903 = DIRECTION('',(1.,0.));
#5904 = ( GEOMETRIC_REPRESENTATION_CONTEXT(2) 
PARAMETRIC_REPRESENTATION_CONTEXT() REPRESENTATION_CONTEXT('2D SPACE',''
  ) );
#5905 = ORIENTED_EDGE('',*,*,#5906,.F.);
#5906 = EDGE_CURVE('',#5790,#5878,#5907,.T.);
#5907 = SEAM_CURVE('',#5908,(#5912,#5919),.PCURVE_S1.);
#5908 = LINE('',#5909,#5910);
#5909 = CARTESIAN_POINT('',(2.5,-16.,2.7));
#5910 = VECTOR('',#5911,1.);
#5911 = DIRECTION('',(0.,0.,1.));
#5912 = PCURVE('',#5811,#5913);
#5913 = DEFINITIONAL_REPRESENTATION('',(#5914),#5918);
#5914 = LINE('',#5915,#5916);
#5915 = CARTESIAN_POINT('',(6.28318530718,-0.));
#5916 = VECTOR('',#5917,1.);
#5917 = DIRECTION('',(0.,1.));
#5918 = ( GEOMETRIC_REPRESENTATION_CONTEXT(2) 
PARAMETRIC_REPRESENTATION_CONTEXT() REPRESENTATION_CONTEXT('2D SPACE',''
  ) );
#5919 = PCURVE('',#5811,#5920);
#5920 = DEFINITIONAL_REPRESENTATION('',(#5921),#5925);
#5921 = LINE('',#5922,#5923);
#5922 = CARTESIAN_POINT('',(0.,-0.));
#5923 = VECTOR('',#5924,1.);
#5924 = DIRECTION('',(0.,1.));
#5925 = ( GEOMETRIC_REPRESENTATION_CONTEXT(2) 
PARAMETRIC_REPRESENTATION_CONTEXT() REPRESENTATION_CONTEXT('2D SPACE',''
  ) );
#5926 = ORIENTED_EDGE('',*,*,#5789,.T.);
#5927 = ORIENTED_EDGE('',*,*,#5906,.T.);
#5928 = ADVANCED_FACE('',(#5929),#5861,.F.);
#5929 = FACE_BOUND('',#5930,.T.);
#5930 = EDGE_LOOP('',(#5931));
#5931 = ORIENTED_EDGE('',*,*,#5846,.F.);
#5932 = ADVANCED_FACE('',(#5933),#5894,.T.);
#5933 = FACE_BOUND('',#5934,.T.);
#5934 = EDGE_LOOP('',(#5935));
#5935 = ORIENTED_EDGE('',*,*,#5877,.T.);
#5936 = ( GEOMETRIC_REPRESENTATION_CONTEXT(3) 
GLOBAL_UNCERTAINTY_ASSIGNED_CONTEXT((#5940)) 
GLOBAL_UNIT_ASSIGNED_CONTEXT((#5937,#5938,#5939)) REPRESENTATION_CONTEXT
('Context #1','3D Context with UNIT and UNCERTAINTY') );
#5937 = ( LENGTH_UNIT() NAMED_UNIT(*) SI_UNIT(.MILLI.,.METRE.) );
#5938 = ( NAMED_UNIT(*) PLANE_ANGLE_UNIT() SI_UNIT($,.RADIAN.) );
#5939 = ( NAMED_UNIT(*) SI_UNIT($,.STERADIAN.) SOLID_ANGLE_UNIT() );
#5940 = UNCERTAINTY_MEASURE_WITH_UNIT(LENGTH_MEASURE(1.E-07),#5937,
  'distance_accuracy_value','confusion accuracy');
#5941 = CONTEXT_DEPENDENT_SHAPE_REPRESENTATION(#5942,#5944);
#5942 = ( REPRESENTATION_RELATIONSHIP('','',#5782,#10) 
REPRESENTATION_RELATIONSHIP_WITH_TRANSFORMATION(#5943) 
SHAPE_REPRESENTATION_RELATIONSHIP() );
#5943 = ITEM_DEFINED_TRANSFORMATION('','',#11,#23);
#5944 = PRODUCT_DEFINITION_SHAPE('Placement','Placement of an item',
  #5945);
#5945 = NEXT_ASSEMBLY_USAGE_OCCURRENCE('27',
  'target_screw_1_ISO10642_M5x10','',#5,#5777,$);
#5946 = PRODUCT_RELATED_PRODUCT_CATEGORY('part',$,(#5779));
#5947 = SHAPE_DEFINITION_REPRESENTATION(#5948,#5954);
#5948 = PRODUCT_DEFINITION_SHAPE('','',#5949);
#5949 = PRODUCT_DEFINITION('design','',#5950,#5953);
#5950 = PRODUCT_DEFINITION_FORMATION('','',#5951);
#5951 = PRODUCT('target_nut_1_DIN934_M5','target_nut_1_DIN934_M5','',(
    #5952));
#5952 = PRODUCT_CONTEXT('',#2,'mechanical');
#5953 = PRODUCT_DEFINITION_CONTEXT('part definition',#2,'design');
#5954 = ADVANCED_BREP_SHAPE_REPRESENTATION('',(#11,#5955),#6525);
#5955 = MANIFOLD_SOLID_BREP('',#5956);
#5956 = CLOSED_SHELL('',(#5957,#6077,#6153,#6229,#6338,#6437,#6464,#6491
    ,#6498));
#5957 = ADVANCED_FACE('',(#5958),#5972,.F.);
#5958 = FACE_BOUND('',#5959,.F.);
#5959 = EDGE_LOOP('',(#5960,#5995,#6023,#6051));
#5960 = ORIENTED_EDGE('',*,*,#5961,.T.);
#5961 = EDGE_CURVE('',#5962,#5964,#5966,.T.);
#5962 = VERTEX_POINT('',#5963);
#5963 = CARTESIAN_POINT('',(4.618802153517,-16.,5.5));
#5964 = VERTEX_POINT('',#5965);
#5965 = CARTESIAN_POINT('',(4.618802153517,-16.,9.5));
#5966 = SURFACE_CURVE('',#5967,(#5971,#5983),.PCURVE_S1.);
#5967 = LINE('',#5968,#5969);
#5968 = CARTESIAN_POINT('',(4.618802153517,-16.,5.5));
#5969 = VECTOR('',#5970,1.);
#5970 = DIRECTION('',(0.,0.,1.));
#5971 = PCURVE('',#5972,#5977);
#5972 = PLANE('',#5973);
#5973 = AXIS2_PLACEMENT_3D('',#5974,#5975,#5976);
#5974 = CARTESIAN_POINT('',(4.618802153517,-16.,5.5));
#5975 = DIRECTION('',(-0.866025403784,-0.5,0.));
#5976 = DIRECTION('',(-0.5,0.866025403784,0.));
#5977 = DEFINITIONAL_REPRESENTATION('',(#5978),#5982);
#5978 = LINE('',#5979,#5980);
#5979 = CARTESIAN_POINT('',(0.,0.));
#5980 = VECTOR('',#5981,1.);
#5981 = DIRECTION('',(0.,-1.));
#5982 = ( GEOMETRIC_REPRESENTATION_CONTEXT(2) 
PARAMETRIC_REPRESENTATION_CONTEXT() REPRESENTATION_CONTEXT('2D SPACE',''
  ) );
#5983 = PCURVE('',#5984,#5989);
#5984 = PLANE('',#5985);
#5985 = AXIS2_PLACEMENT_3D('',#5986,#5987,#5988);
#5986 = CARTESIAN_POINT('',(2.309401076758,-20.,5.5));
#5987 = DIRECTION('',(-0.866025403784,0.5,0.));
#5988 = DIRECTION('',(0.5,0.866025403784,0.));
#5989 = DEFINITIONAL_REPRESENTATION('',(#5990),#5994);
#5990 = LINE('',#5991,#5992);
#5991 = CARTESIAN_POINT('',(4.618802153517,0.));
#5992 = VECTOR('',#5993,1.);
#5993 = DIRECTION('',(0.,-1.));
#5994 = ( GEOMETRIC_REPRESENTATION_CONTEXT(2) 
PARAMETRIC_REPRESENTATION_CONTEXT() REPRESENTATION_CONTEXT('2D SPACE',''
  ) );
#5995 = ORIENTED_EDGE('',*,*,#5996,.T.);
#5996 = EDGE_CURVE('',#5964,#5997,#5999,.T.);
#5997 = VERTEX_POINT('',#5998);
#5998 = CARTESIAN_POINT('',(2.309401076759,-12.,9.5));
#5999 = SURFACE_CURVE('',#6000,(#6004,#6011),.PCURVE_S1.);
#6000 = LINE('',#6001,#6002);
#6001 = CARTESIAN_POINT('',(4.618802153517,-16.,9.5));
#6002 = VECTOR('',#6003,1.);
#6003 = DIRECTION('',(-0.5,0.866025403784,0.));
#6004 = PCURVE('',#5972,#6005);
#6005 = DEFINITIONAL_REPRESENTATION('',(#6006),#6010);
#6006 = LINE('',#6007,#6008);
#6007 = CARTESIAN_POINT('',(0.,-4.));
#6008 = VECTOR('',#6009,1.);
#6009 = DIRECTION('',(1.,0.));
#6010 = ( GEOMETRIC_REPRESENTATION_CONTEXT(2) 
PARAMETRIC_REPRESENTATION_CONTEXT() REPRESENTATION_CONTEXT('2D SPACE',''
  ) );
#6011 = PCURVE('',#6012,#6017);
#6012 = PLANE('',#6013);
#6013 = AXIS2_PLACEMENT_3D('',#6014,#6015,#6016);
#6014 = CARTESIAN_POINT('',(6.409875621279E-17,-16.,9.5));
#6015 = DIRECTION('',(0.,0.,1.));
#6016 = DIRECTION('',(1.,0.,-0.));
#6017 = DEFINITIONAL_REPRESENTATION('',(#6018),#6022);
#6018 = LINE('',#6019,#6020);
#6019 = CARTESIAN_POINT('',(4.618802153517,0.));
#6020 = VECTOR('',#6021,1.);
#6021 = DIRECTION('',(-0.5,0.866025403784));
#6022 = ( GEOMETRIC_REPRESENTATION_CONTEXT(2) 
PARAMETRIC_REPRESENTATION_CONTEXT() REPRESENTATION_CONTEXT('2D SPACE',''
  ) );
#6023 = ORIENTED_EDGE('',*,*,#6024,.F.);
#6024 = EDGE_CURVE('',#6025,#5997,#6027,.T.);
#6025 = VERTEX_POINT('',#6026);
#6026 = CARTESIAN_POINT('',(2.309401076759,-12.,5.5));
#6027 = SURFACE_CURVE('',#6028,(#6032,#6039),.PCURVE_S1.);
#6028 = LINE('',#6029,#6030);
#6029 = CARTESIAN_POINT('',(2.309401076759,-12.,5.5));
#6030 = VECTOR('',#6031,1.);
#6031 = DIRECTION('',(0.,0.,1.));
#6032 = PCURVE('',#5972,#6033);
#6033 = DEFINITIONAL_REPRESENTATION('',(#6034),#6038);
#6034 = LINE('',#6035,#6036);
#6035 = CARTESIAN_POINT('',(4.618802153517,0.));
#6036 = VECTOR('',#6037,1.);
#6037 = DIRECTION('',(0.,-1.));
#6038 = ( GEOMETRIC_REPRESENTATION_CONTEXT(2) 
PARAMETRIC_REPRESENTATION_CONTEXT() REPRESENTATION_CONTEXT('2D SPACE',''
  ) );
#6039 = PCURVE('',#6040,#6045);
#6040 = PLANE('',#6041);
#6041 = AXIS2_PLACEMENT_3D('',#6042,#6043,#6044);
#6042 = CARTESIAN_POINT('',(2.309401076759,-12.,5.5));
#6043 = DIRECTION('',(-9.614813431918E-17,-1.,0.));
#6044 = DIRECTION('',(-1.,9.614813431918E-17,0.));
#6045 = DEFINITIONAL_REPRESENTATION('',(#6046),#6050);
#6046 = LINE('',#6047,#6048);
#6047 = CARTESIAN_POINT('',(0.,0.));
#6048 = VECTOR('',#6049,1.);
#6049 = DIRECTION('',(0.,-1.));
#6050 = ( GEOMETRIC_REPRESENTATION_CONTEXT(2) 
PARAMETRIC_REPRESENTATION_CONTEXT() REPRESENTATION_CONTEXT('2D SPACE',''
  ) );
#6051 = ORIENTED_EDGE('',*,*,#6052,.F.);
#6052 = EDGE_CURVE('',#5962,#6025,#6053,.T.);
#6053 = SURFACE_CURVE('',#6054,(#6058,#6065),.PCURVE_S1.);
#6054 = LINE('',#6055,#6056);
#6055 = CARTESIAN_POINT('',(4.618802153517,-16.,5.5));
#6056 = VECTOR('',#6057,1.);
#6057 = DIRECTION('',(-0.5,0.866025403784,0.));
#6058 = PCURVE('',#5972,#6059);
#6059 = DEFINITIONAL_REPRESENTATION('',(#6060),#6064);
#6060 = LINE('',#6061,#6062);
#6061 = CARTESIAN_POINT('',(0.,0.));
#6062 = VECTOR('',#6063,1.);
#6063 = DIRECTION('',(1.,0.));
#6064 = ( GEOMETRIC_REPRESENTATION_CONTEXT(2) 
PARAMETRIC_REPRESENTATION_CONTEXT() REPRESENTATION_CONTEXT('2D SPACE',''
  ) );
#6065 = PCURVE('',#6066,#6071);
#6066 = PLANE('',#6067);
#6067 = AXIS2_PLACEMENT_3D('',#6068,#6069,#6070);
#6068 = CARTESIAN_POINT('',(6.409875621279E-17,-16.,5.5));
#6069 = DIRECTION('',(0.,0.,1.));
#6070 = DIRECTION('',(1.,0.,-0.));
#6071 = DEFINITIONAL_REPRESENTATION('',(#6072),#6076);
#6072 = LINE('',#6073,#6074);
#6073 = CARTESIAN_POINT('',(4.618802153517,0.));
#6074 = VECTOR('',#6075,1.);
#6075 = DIRECTION('',(-0.5,0.866025403784));
#6076 = ( GEOMETRIC_REPRESENTATION_CONTEXT(2) 
PARAMETRIC_REPRESENTATION_CONTEXT() REPRESENTATION_CONTEXT('2D SPACE',''
  ) );
#6077 = ADVANCED_FACE('',(#6078),#5984,.F.);
#6078 = FACE_BOUND('',#6079,.F.);
#6079 = EDGE_LOOP('',(#6080,#6110,#6131,#6132));
#6080 = ORIENTED_EDGE('',*,*,#6081,.T.);
#6081 = EDGE_CURVE('',#6082,#6084,#6086,.T.);
#6082 = VERTEX_POINT('',#6083);
#6083 = CARTESIAN_POINT('',(2.309401076758,-20.,5.5));
#6084 = VERTEX_POINT('',#6085);
#6085 = CARTESIAN_POINT('',(2.309401076758,-20.,9.5));
#6086 = SURFACE_CURVE('',#6087,(#6091,#6098),.PCURVE_S1.);
#6087 = LINE('',#6088,#6089);
#6088 = CARTESIAN_POINT('',(2.309401076758,-20.,5.5));
#6089 = VECTOR('',#6090,1.);
#6090 = DIRECTION('',(0.,0.,1.));
#6091 = PCURVE('',#5984,#6092);
#6092 = DEFINITIONAL_REPRESENTATION('',(#6093),#6097);
#6093 = LINE('',#6094,#6095);
#6094 = CARTESIAN_POINT('',(0.,0.));
#6095 = VECTOR('',#6096,1.);
#6096 = DIRECTION('',(0.,-1.));
#6097 = ( GEOMETRIC_REPRESENTATION_CONTEXT(2) 
PARAMETRIC_REPRESENTATION_CONTEXT() REPRESENTATION_CONTEXT('2D SPACE',''
  ) );
#6098 = PCURVE('',#6099,#6104);
#6099 = PLANE('',#6100);
#6100 = AXIS2_PLACEMENT_3D('',#6101,#6102,#6103);
#6101 = CARTESIAN_POINT('',(-2.309401076759,-20.,5.5));
#6102 = DIRECTION('',(6.730369402342E-16,1.,-0.));
#6103 = DIRECTION('',(1.,-6.730369402342E-16,0.));
#6104 = DEFINITIONAL_REPRESENTATION('',(#6105),#6109);
#6105 = LINE('',#6106,#6107);
#6106 = CARTESIAN_POINT('',(4.618802153517,0.));
#6107 = VECTOR('',#6108,1.);
#6108 = DIRECTION('',(0.,-1.));
#6109 = ( GEOMETRIC_REPRESENTATION_CONTEXT(2) 
PARAMETRIC_REPRESENTATION_CONTEXT() REPRESENTATION_CONTEXT('2D SPACE',''
  ) );
#6110 = ORIENTED_EDGE('',*,*,#6111,.T.);
#6111 = EDGE_CURVE('',#6084,#5964,#6112,.T.);
#6112 = SURFACE_CURVE('',#6113,(#6117,#6124),.PCURVE_S1.);
#6113 = LINE('',#6114,#6115);
#6114 = CARTESIAN_POINT('',(2.309401076758,-20.,9.5));
#6115 = VECTOR('',#6116,1.);
#6116 = DIRECTION('',(0.5,0.866025403784,0.));
#6117 = PCURVE('',#5984,#6118);
#6118 = DEFINITIONAL_REPRESENTATION('',(#6119),#6123);
#6119 = LINE('',#6120,#6121);
#6120 = CARTESIAN_POINT('',(0.,-4.));
#6121 = VECTOR('',#6122,1.);
#6122 = DIRECTION('',(1.,0.));
#6123 = ( GEOMETRIC_REPRESENTATION_CONTEXT(2) 
PARAMETRIC_REPRESENTATION_CONTEXT() REPRESENTATION_CONTEXT('2D SPACE',''
  ) );
#6124 = PCURVE('',#6012,#6125);
#6125 = DEFINITIONAL_REPRESENTATION('',(#6126),#6130);
#6126 = LINE('',#6127,#6128);
#6127 = CARTESIAN_POINT('',(2.309401076758,-4.));
#6128 = VECTOR('',#6129,1.);
#6129 = DIRECTION('',(0.5,0.866025403784));
#6130 = ( GEOMETRIC_REPRESENTATION_CONTEXT(2) 
PARAMETRIC_REPRESENTATION_CONTEXT() REPRESENTATION_CONTEXT('2D SPACE',''
  ) );
#6131 = ORIENTED_EDGE('',*,*,#5961,.F.);
#6132 = ORIENTED_EDGE('',*,*,#6133,.F.);
#6133 = EDGE_CURVE('',#6082,#5962,#6134,.T.);
#6134 = SURFACE_CURVE('',#6135,(#6139,#6146),.PCURVE_S1.);
#6135 = LINE('',#6136,#6137);
#6136 = CARTESIAN_POINT('',(2.309401076758,-20.,5.5));
#6137 = VECTOR('',#6138,1.);
#6138 = DIRECTION('',(0.5,0.866025403784,0.));
#6139 = PCURVE('',#5984,#6140);
#6140 = DEFINITIONAL_REPRESENTATION('',(#6141),#6145);
#6141 = LINE('',#6142,#6143);
#6142 = CARTESIAN_POINT('',(0.,0.));
#6143 = VECTOR('',#6144,1.);
#6144 = DIRECTION('',(1.,0.));
#6145 = ( GEOMETRIC_REPRESENTATION_CONTEXT(2) 
PARAMETRIC_REPRESENTATION_CONTEXT() REPRESENTATION_CONTEXT('2D SPACE',''
  ) );
#6146 = PCURVE('',#6066,#6147);
#6147 = DEFINITIONAL_REPRESENTATION('',(#6148),#6152);
#6148 = LINE('',#6149,#6150);
#6149 = CARTESIAN_POINT('',(2.309401076758,-4.));
#6150 = VECTOR('',#6151,1.);
#6151 = DIRECTION('',(0.5,0.866025403784));
#6152 = ( GEOMETRIC_REPRESENTATION_CONTEXT(2) 
PARAMETRIC_REPRESENTATION_CONTEXT() REPRESENTATION_CONTEXT('2D SPACE',''
  ) );
#6153 = ADVANCED_FACE('',(#6154),#6040,.F.);
#6154 = FACE_BOUND('',#6155,.F.);
#6155 = EDGE_LOOP('',(#6156,#6157,#6180,#6208));
#6156 = ORIENTED_EDGE('',*,*,#6024,.T.);
#6157 = ORIENTED_EDGE('',*,*,#6158,.T.);
#6158 = EDGE_CURVE('',#5997,#6159,#6161,.T.);
#6159 = VERTEX_POINT('',#6160);
#6160 = CARTESIAN_POINT('',(-2.309401076759,-12.,9.5));
#6161 = SURFACE_CURVE('',#6162,(#6166,#6173),.PCURVE_S1.);
#6162 = LINE('',#6163,#6164);
#6163 = CARTESIAN_POINT('',(2.309401076759,-12.,9.5));
#6164 = VECTOR('',#6165,1.);
#6165 = DIRECTION('',(-1.,9.614813431918E-17,0.));
#6166 = PCURVE('',#6040,#6167);
#6167 = DEFINITIONAL_REPRESENTATION('',(#6168),#6172);
#6168 = LINE('',#6169,#6170);
#6169 = CARTESIAN_POINT('',(0.,-4.));
#6170 = VECTOR('',#6171,1.);
#6171 = DIRECTION('',(1.,0.));
#6172 = ( GEOMETRIC_REPRESENTATION_CONTEXT(2) 
PARAMETRIC_REPRESENTATION_CONTEXT() REPRESENTATION_CONTEXT('2D SPACE',''
  ) );
#6173 = PCURVE('',#6012,#6174);
#6174 = DEFINITIONAL_REPRESENTATION('',(#6175),#6179);
#6175 = LINE('',#6176,#6177);
#6176 = CARTESIAN_POINT('',(2.309401076759,4.));
#6177 = VECTOR('',#6178,1.);
#6178 = DIRECTION('',(-1.,9.614813431918E-17));
#6179 = ( GEOMETRIC_REPRESENTATION_CONTEXT(2) 
PARAMETRIC_REPRESENTATION_CONTEXT() REPRESENTATION_CONTEXT('2D SPACE',''
  ) );
#6180 = ORIENTED_EDGE('',*,*,#6181,.F.);
#6181 = EDGE_CURVE('',#6182,#6159,#6184,.T.);
#6182 = VERTEX_POINT('',#6183);
#6183 = CARTESIAN_POINT('',(-2.309401076759,-12.,5.5));
#6184 = SURFACE_CURVE('',#6185,(#6189,#6196),.PCURVE_S1.);
#6185 = LINE('',#6186,#6187);
#6186 = CARTESIAN_POINT('',(-2.309401076759,-12.,5.5));
#6187 = VECTOR('',#6188,1.);
#6188 = DIRECTION('',(0.,0.,1.));
#6189 = PCURVE('',#6040,#6190);
#6190 = DEFINITIONAL_REPRESENTATION('',(#6191),#6195);
#6191 = LINE('',#6192,#6193);
#6192 = CARTESIAN_POINT('',(4.618802153517,0.));
#6193 = VECTOR('',#6194,1.);
#6194 = DIRECTION('',(0.,-1.));
#6195 = ( GEOMETRIC_REPRESENTATION_CONTEXT(2) 
PARAMETRIC_REPRESENTATION_CONTEXT() REPRESENTATION_CONTEXT('2D SPACE',''
  ) );
#6196 = PCURVE('',#6197,#6202);
#6197 = PLANE('',#6198);
#6198 = AXIS2_PLACEMENT_3D('',#6199,#6200,#6201);
#6199 = CARTESIAN_POINT('',(-2.309401076759,-12.,5.5));
#6200 = DIRECTION('',(0.866025403784,-0.5,0.));
#6201 = DIRECTION('',(-0.5,-0.866025403784,0.));
#6202 = DEFINITIONAL_REPRESENTATION('',(#6203),#6207);
#6203 = LINE('',#6204,#6205);
#6204 = CARTESIAN_POINT('',(0.,0.));
#6205 = VECTOR('',#6206,1.);
#6206 = DIRECTION('',(0.,-1.));
#6207 = ( GEOMETRIC_REPRESENTATION_CONTEXT(2) 
PARAMETRIC_REPRESENTATION_CONTEXT() REPRESENTATION_CONTEXT('2D SPACE',''
  ) );
#6208 = ORIENTED_EDGE('',*,*,#6209,.F.);
#6209 = EDGE_CURVE('',#6025,#6182,#6210,.T.);
#6210 = SURFACE_CURVE('',#6211,(#6215,#6222),.PCURVE_S1.);
#6211 = LINE('',#6212,#6213);
#6212 = CARTESIAN_POINT('',(2.309401076759,-12.,5.5));
#6213 = VECTOR('',#6214,1.);
#6214 = DIRECTION('',(-1.,9.614813431918E-17,0.));
#6215 = PCURVE('',#6040,#6216);
#6216 = DEFINITIONAL_REPRESENTATION('',(#6217),#6221);
#6217 = LINE('',#6218,#6219);
#6218 = CARTESIAN_POINT('',(0.,0.));
#6219 = VECTOR('',#6220,1.);
#6220 = DIRECTION('',(1.,0.));
#6221 = ( GEOMETRIC_REPRESENTATION_CONTEXT(2) 
PARAMETRIC_REPRESENTATION_CONTEXT() REPRESENTATION_CONTEXT('2D SPACE',''
  ) );
#6222 = PCURVE('',#6066,#6223);
#6223 = DEFINITIONAL_REPRESENTATION('',(#6224),#6228);
#6224 = LINE('',#6225,#6226);
#6225 = CARTESIAN_POINT('',(2.309401076759,4.));
#6226 = VECTOR('',#6227,1.);
#6227 = DIRECTION('',(-1.,9.614813431918E-17));
#6228 = ( GEOMETRIC_REPRESENTATION_CONTEXT(2) 
PARAMETRIC_REPRESENTATION_CONTEXT() REPRESENTATION_CONTEXT('2D SPACE',''
  ) );
#6229 = ADVANCED_FACE('',(#6230,#6307),#6066,.F.);
#6230 = FACE_BOUND('',#6231,.F.);
#6231 = EDGE_LOOP('',(#6232,#6233,#6234,#6257,#6285,#6306));
#6232 = ORIENTED_EDGE('',*,*,#6052,.T.);
#6233 = ORIENTED_EDGE('',*,*,#6209,.T.);
#6234 = ORIENTED_EDGE('',*,*,#6235,.T.);
#6235 = EDGE_CURVE('',#6182,#6236,#6238,.T.);
#6236 = VERTEX_POINT('',#6237);
#6237 = CARTESIAN_POINT('',(-4.618802153517,-16.,5.5));
#6238 = SURFACE_CURVE('',#6239,(#6243,#6250),.PCURVE_S1.);
#6239 = LINE('',#6240,#6241);
#6240 = CARTESIAN_POINT('',(-2.309401076759,-12.,5.5));
#6241 = VECTOR('',#6242,1.);
#6242 = DIRECTION('',(-0.5,-0.866025403784,0.));
#6243 = PCURVE('',#6066,#6244);
#6244 = DEFINITIONAL_REPRESENTATION('',(#6245),#6249);
#6245 = LINE('',#6246,#6247);
#6246 = CARTESIAN_POINT('',(-2.309401076759,4.));
#6247 = VECTOR('',#6248,1.);
#6248 = DIRECTION('',(-0.5,-0.866025403784));
#6249 = ( GEOMETRIC_REPRESENTATION_CONTEXT(2) 
PARAMETRIC_REPRESENTATION_CONTEXT() REPRESENTATION_CONTEXT('2D SPACE',''
  ) );
#6250 = PCURVE('',#6197,#6251);
#6251 = DEFINITIONAL_REPRESENTATION('',(#6252),#6256);
#6252 = LINE('',#6253,#6254);
#6253 = CARTESIAN_POINT('',(0.,0.));
#6254 = VECTOR('',#6255,1.);
#6255 = DIRECTION('',(1.,0.));
#6256 = ( GEOMETRIC_REPRESENTATION_CONTEXT(2) 
PARAMETRIC_REPRESENTATION_CONTEXT() REPRESENTATION_CONTEXT('2D SPACE',''
  ) );
#6257 = ORIENTED_EDGE('',*,*,#6258,.T.);
#6258 = EDGE_CURVE('',#6236,#6259,#6261,.T.);
#6259 = VERTEX_POINT('',#6260);
#6260 = CARTESIAN_POINT('',(-2.309401076759,-20.,5.5));
#6261 = SURFACE_CURVE('',#6262,(#6266,#6273),.PCURVE_S1.);
#6262 = LINE('',#6263,#6264);
#6263 = CARTESIAN_POINT('',(-4.618802153517,-16.,5.5));
#6264 = VECTOR('',#6265,1.);
#6265 = DIRECTION('',(0.5,-0.866025403784,0.));
#6266 = PCURVE('',#6066,#6267);
#6267 = DEFINITIONAL_REPRESENTATION('',(#6268),#6272);
#6268 = LINE('',#6269,#6270);
#6269 = CARTESIAN_POINT('',(-4.618802153517,0.));
#6270 = VECTOR('',#6271,1.);
#6271 = DIRECTION('',(0.5,-0.866025403784));
#6272 = ( GEOMETRIC_REPRESENTATION_CONTEXT(2) 
PARAMETRIC_REPRESENTATION_CONTEXT() REPRESENTATION_CONTEXT('2D SPACE',''
  ) );
#6273 = PCURVE('',#6274,#6279);
#6274 = PLANE('',#6275);
#6275 = AXIS2_PLACEMENT_3D('',#6276,#6277,#6278);
#6276 = CARTESIAN_POINT('',(-4.618802153517,-16.,5.5));
#6277 = DIRECTION('',(0.866025403784,0.5,-0.));
#6278 = DIRECTION('',(0.5,-0.866025403784,0.));
#6279 = DEFINITIONAL_REPRESENTATION('',(#6280),#6284);
#6280 = LINE('',#6281,#6282);
#6281 = CARTESIAN_POINT('',(0.,0.));
#6282 = VECTOR('',#6283,1.);
#6283 = DIRECTION('',(1.,0.));
#6284 = ( GEOMETRIC_REPRESENTATION_CONTEXT(2) 
PARAMETRIC_REPRESENTATION_CONTEXT() REPRESENTATION_CONTEXT('2D SPACE',''
  ) );
#6285 = ORIENTED_EDGE('',*,*,#6286,.T.);
#6286 = EDGE_CURVE('',#6259,#6082,#6287,.T.);
#6287 = SURFACE_CURVE('',#6288,(#6292,#6299),.PCURVE_S1.);
#6288 = LINE('',#6289,#6290);
#6289 = CARTESIAN_POINT('',(-2.309401076759,-20.,5.5));
#6290 = VECTOR('',#6291,1.);
#6291 = DIRECTION('',(1.,-6.730369402342E-16,0.));
#6292 = PCURVE('',#6066,#6293);
#6293 = DEFINITIONAL_REPRESENTATION('',(#6294),#6298);
#6294 = LINE('',#6295,#6296);
#6295 = CARTESIAN_POINT('',(-2.309401076759,-4.));
#6296 = VECTOR('',#6297,1.);
#6297 = DIRECTION('',(1.,-6.730369402342E-16));
#6298 = ( GEOMETRIC_REPRESENTATION_CONTEXT(2) 
PARAMETRIC_REPRESENTATION_CONTEXT() REPRESENTATION_CONTEXT('2D SPACE',''
  ) );
#6299 = PCURVE('',#6099,#6300);
#6300 = DEFINITIONAL_REPRESENTATION('',(#6301),#6305);
#6301 = LINE('',#6302,#6303);
#6302 = CARTESIAN_POINT('',(0.,0.));
#6303 = VECTOR('',#6304,1.);
#6304 = DIRECTION('',(1.,0.));
#6305 = ( GEOMETRIC_REPRESENTATION_CONTEXT(2) 
PARAMETRIC_REPRESENTATION_CONTEXT() REPRESENTATION_CONTEXT('2D SPACE',''
  ) );
#6306 = ORIENTED_EDGE('',*,*,#6133,.T.);
#6307 = FACE_BOUND('',#6308,.F.);
#6308 = EDGE_LOOP('',(#6309));
#6309 = ORIENTED_EDGE('',*,*,#6310,.F.);
#6310 = EDGE_CURVE('',#6311,#6311,#6313,.T.);
#6311 = VERTEX_POINT('',#6312);
#6312 = CARTESIAN_POINT('',(2.5,-16.,5.5));
#6313 = SURFACE_CURVE('',#6314,(#6319,#6326),.PCURVE_S1.);
#6314 = CIRCLE('',#6315,2.5);
#6315 = AXIS2_PLACEMENT_3D('',#6316,#6317,#6318);
#6316 = CARTESIAN_POINT('',(0.,-16.,5.5));
#6317 = DIRECTION('',(0.,0.,1.));
#6318 = DIRECTION('',(1.,0.,-0.));
#6319 = PCURVE('',#6066,#6320);
#6320 = DEFINITIONAL_REPRESENTATION('',(#6321),#6325);
#6321 = CIRCLE('',#6322,2.5);
#6322 = AXIS2_PLACEMENT_2D('',#6323,#6324);
#6323 = CARTESIAN_POINT('',(-6.409875621279E-17,0.));
#6324 = DIRECTION('',(1.,0.));
#6325 = ( GEOMETRIC_REPRESENTATION_CONTEXT(2) 
PARAMETRIC_REPRESENTATION_CONTEXT() REPRESENTATION_CONTEXT('2D SPACE',''
  ) );
#6326 = PCURVE('',#6327,#6332);
#6327 = CYLINDRICAL_SURFACE('',#6328,2.5);
#6328 = AXIS2_PLACEMENT_3D('',#6329,#6330,#6331);
#6329 = CARTESIAN_POINT('',(0.,-16.,5.4));
#6330 = DIRECTION('',(0.,0.,1.));
#6331 = DIRECTION('',(1.,0.,-0.));
#6332 = DEFINITIONAL_REPRESENTATION('',(#6333),#6337);
#6333 = LINE('',#6334,#6335);
#6334 = CARTESIAN_POINT('',(0.,0.1));
#6335 = VECTOR('',#6336,1.);
#6336 = DIRECTION('',(1.,0.));
#6337 = ( GEOMETRIC_REPRESENTATION_CONTEXT(2) 
PARAMETRIC_REPRESENTATION_CONTEXT() REPRESENTATION_CONTEXT('2D SPACE',''
  ) );
#6338 = ADVANCED_FACE('',(#6339,#6411),#6012,.T.);
#6339 = FACE_BOUND('',#6340,.T.);
#6340 = EDGE_LOOP('',(#6341,#6342,#6343,#6366,#6389,#6410));
#6341 = ORIENTED_EDGE('',*,*,#5996,.T.);
#6342 = ORIENTED_EDGE('',*,*,#6158,.T.);
#6343 = ORIENTED_EDGE('',*,*,#6344,.T.);
#6344 = EDGE_CURVE('',#6159,#6345,#6347,.T.);
#6345 = VERTEX_POINT('',#6346);
#6346 = CARTESIAN_POINT('',(-4.618802153517,-16.,9.5));
#6347 = SURFACE_CURVE('',#6348,(#6352,#6359),.PCURVE_S1.);
#6348 = LINE('',#6349,#6350);
#6349 = CARTESIAN_POINT('',(-2.309401076759,-12.,9.5));
#6350 = VECTOR('',#6351,1.);
#6351 = DIRECTION('',(-0.5,-0.866025403784,0.));
#6352 = PCURVE('',#6012,#6353);
#6353 = DEFINITIONAL_REPRESENTATION('',(#6354),#6358);
#6354 = LINE('',#6355,#6356);
#6355 = CARTESIAN_POINT('',(-2.309401076759,4.));
#6356 = VECTOR('',#6357,1.);
#6357 = DIRECTION('',(-0.5,-0.866025403784));
#6358 = ( GEOMETRIC_REPRESENTATION_CONTEXT(2) 
PARAMETRIC_REPRESENTATION_CONTEXT() REPRESENTATION_CONTEXT('2D SPACE',''
  ) );
#6359 = PCURVE('',#6197,#6360);
#6360 = DEFINITIONAL_REPRESENTATION('',(#6361),#6365);
#6361 = LINE('',#6362,#6363);
#6362 = CARTESIAN_POINT('',(0.,-4.));
#6363 = VECTOR('',#6364,1.);
#6364 = DIRECTION('',(1.,0.));
#6365 = ( GEOMETRIC_REPRESENTATION_CONTEXT(2) 
PARAMETRIC_REPRESENTATION_CONTEXT() REPRESENTATION_CONTEXT('2D SPACE',''
  ) );
#6366 = ORIENTED_EDGE('',*,*,#6367,.T.);
#6367 = EDGE_CURVE('',#6345,#6368,#6370,.T.);
#6368 = VERTEX_POINT('',#6369);
#6369 = CARTESIAN_POINT('',(-2.309401076759,-20.,9.5));
#6370 = SURFACE_CURVE('',#6371,(#6375,#6382),.PCURVE_S1.);
#6371 = LINE('',#6372,#6373);
#6372 = CARTESIAN_POINT('',(-4.618802153517,-16.,9.5));
#6373 = VECTOR('',#6374,1.);
#6374 = DIRECTION('',(0.5,-0.866025403784,0.));
#6375 = PCURVE('',#6012,#6376);
#6376 = DEFINITIONAL_REPRESENTATION('',(#6377),#6381);
#6377 = LINE('',#6378,#6379);
#6378 = CARTESIAN_POINT('',(-4.618802153517,0.));
#6379 = VECTOR('',#6380,1.);
#6380 = DIRECTION('',(0.5,-0.866025403784));
#6381 = ( GEOMETRIC_REPRESENTATION_CONTEXT(2) 
PARAMETRIC_REPRESENTATION_CONTEXT() REPRESENTATION_CONTEXT('2D SPACE',''
  ) );
#6382 = PCURVE('',#6274,#6383);
#6383 = DEFINITIONAL_REPRESENTATION('',(#6384),#6388);
#6384 = LINE('',#6385,#6386);
#6385 = CARTESIAN_POINT('',(0.,-4.));
#6386 = VECTOR('',#6387,1.);
#6387 = DIRECTION('',(1.,0.));
#6388 = ( GEOMETRIC_REPRESENTATION_CONTEXT(2) 
PARAMETRIC_REPRESENTATION_CONTEXT() REPRESENTATION_CONTEXT('2D SPACE',''
  ) );
#6389 = ORIENTED_EDGE('',*,*,#6390,.T.);
#6390 = EDGE_CURVE('',#6368,#6084,#6391,.T.);
#6391 = SURFACE_CURVE('',#6392,(#6396,#6403),.PCURVE_S1.);
#6392 = LINE('',#6393,#6394);
#6393 = CARTESIAN_POINT('',(-2.309401076759,-20.,9.5));
#6394 = VECTOR('',#6395,1.);
#6395 = DIRECTION('',(1.,-6.730369402342E-16,0.));
#6396 = PCURVE('',#6012,#6397);
#6397 = DEFINITIONAL_REPRESENTATION('',(#6398),#6402);
#6398 = LINE('',#6399,#6400);
#6399 = CARTESIAN_POINT('',(-2.309401076759,-4.));
#6400 = VECTOR('',#6401,1.);
#6401 = DIRECTION('',(1.,-6.730369402342E-16));
#6402 = ( GEOMETRIC_REPRESENTATION_CONTEXT(2) 
PARAMETRIC_REPRESENTATION_CONTEXT() REPRESENTATION_CONTEXT('2D SPACE',''
  ) );
#6403 = PCURVE('',#6099,#6404);
#6404 = DEFINITIONAL_REPRESENTATION('',(#6405),#6409);
#6405 = LINE('',#6406,#6407);
#6406 = CARTESIAN_POINT('',(0.,-4.));
#6407 = VECTOR('',#6408,1.);
#6408 = DIRECTION('',(1.,0.));
#6409 = ( GEOMETRIC_REPRESENTATION_CONTEXT(2) 
PARAMETRIC_REPRESENTATION_CONTEXT() REPRESENTATION_CONTEXT('2D SPACE',''
  ) );
#6410 = ORIENTED_EDGE('',*,*,#6111,.T.);
#6411 = FACE_BOUND('',#6412,.T.);
#6412 = EDGE_LOOP('',(#6413));
#6413 = ORIENTED_EDGE('',*,*,#6414,.F.);
#6414 = EDGE_CURVE('',#6415,#6415,#6417,.T.);
#6415 = VERTEX_POINT('',#6416);
#6416 = CARTESIAN_POINT('',(2.5,-16.,9.5));
#6417 = SURFACE_CURVE('',#6418,(#6423,#6430),.PCURVE_S1.);
#6418 = CIRCLE('',#6419,2.5);
#6419 = AXIS2_PLACEMENT_3D('',#6420,#6421,#6422);
#6420 = CARTESIAN_POINT('',(0.,-16.,9.5));
#6421 = DIRECTION('',(0.,0.,1.));
#6422 = DIRECTION('',(1.,0.,-0.));
#6423 = PCURVE('',#6012,#6424);
#6424 = DEFINITIONAL_REPRESENTATION('',(#6425),#6429);
#6425 = CIRCLE('',#6426,2.5);
#6426 = AXIS2_PLACEMENT_2D('',#6427,#6428);
#6427 = CARTESIAN_POINT('',(-6.409875621279E-17,0.));
#6428 = DIRECTION('',(1.,0.));
#6429 = ( GEOMETRIC_REPRESENTATION_CONTEXT(2) 
PARAMETRIC_REPRESENTATION_CONTEXT() REPRESENTATION_CONTEXT('2D SPACE',''
  ) );
#6430 = PCURVE('',#6327,#6431);
#6431 = DEFINITIONAL_REPRESENTATION('',(#6432),#6436);
#6432 = LINE('',#6433,#6434);
#6433 = CARTESIAN_POINT('',(0.,4.1));
#6434 = VECTOR('',#6435,1.);
#6435 = DIRECTION('',(1.,0.));
#6436 = ( GEOMETRIC_REPRESENTATION_CONTEXT(2) 
PARAMETRIC_REPRESENTATION_CONTEXT() REPRESENTATION_CONTEXT('2D SPACE',''
  ) );
#6437 = ADVANCED_FACE('',(#6438),#6099,.F.);
#6438 = FACE_BOUND('',#6439,.F.);
#6439 = EDGE_LOOP('',(#6440,#6461,#6462,#6463));
#6440 = ORIENTED_EDGE('',*,*,#6441,.T.);
#6441 = EDGE_CURVE('',#6259,#6368,#6442,.T.);
#6442 = SURFACE_CURVE('',#6443,(#6447,#6454),.PCURVE_S1.);
#6443 = LINE('',#6444,#6445);
#6444 = CARTESIAN_POINT('',(-2.309401076759,-20.,5.5));
#6445 = VECTOR('',#6446,1.);
#6446 = DIRECTION('',(0.,0.,1.));
#6447 = PCURVE('',#6099,#6448);
#6448 = DEFINITIONAL_REPRESENTATION('',(#6449),#6453);
#6449 = LINE('',#6450,#6451);
#6450 = CARTESIAN_POINT('',(0.,0.));
#6451 = VECTOR('',#6452,1.);
#6452 = DIRECTION('',(0.,-1.));
#6453 = ( GEOMETRIC_REPRESENTATION_CONTEXT(2) 
PARAMETRIC_REPRESENTATION_CONTEXT() REPRESENTATION_CONTEXT('2D SPACE',''
  ) );
#6454 = PCURVE('',#6274,#6455);
#6455 = DEFINITIONAL_REPRESENTATION('',(#6456),#6460);
#6456 = LINE('',#6457,#6458);
#6457 = CARTESIAN_POINT('',(4.618802153517,0.));
#6458 = VECTOR('',#6459,1.);
#6459 = DIRECTION('',(0.,-1.));
#6460 = ( GEOMETRIC_REPRESENTATION_CONTEXT(2) 
PARAMETRIC_REPRESENTATION_CONTEXT() REPRESENTATION_CONTEXT('2D SPACE',''
  ) );
#6461 = ORIENTED_EDGE('',*,*,#6390,.T.);
#6462 = ORIENTED_EDGE('',*,*,#6081,.F.);
#6463 = ORIENTED_EDGE('',*,*,#6286,.F.);
#6464 = ADVANCED_FACE('',(#6465),#6197,.F.);
#6465 = FACE_BOUND('',#6466,.F.);
#6466 = EDGE_LOOP('',(#6467,#6468,#6469,#6490));
#6467 = ORIENTED_EDGE('',*,*,#6181,.T.);
#6468 = ORIENTED_EDGE('',*,*,#6344,.T.);
#6469 = ORIENTED_EDGE('',*,*,#6470,.F.);
#6470 = EDGE_CURVE('',#6236,#6345,#6471,.T.);
#6471 = SURFACE_CURVE('',#6472,(#6476,#6483),.PCURVE_S1.);
#6472 = LINE('',#6473,#6474);
#6473 = CARTESIAN_POINT('',(-4.618802153517,-16.,5.5));
#6474 = VECTOR('',#6475,1.);
#6475 = DIRECTION('',(0.,0.,1.));
#6476 = PCURVE('',#6197,#6477);
#6477 = DEFINITIONAL_REPRESENTATION('',(#6478),#6482);
#6478 = LINE('',#6479,#6480);
#6479 = CARTESIAN_POINT('',(4.618802153517,0.));
#6480 = VECTOR('',#6481,1.);
#6481 = DIRECTION('',(0.,-1.));
#6482 = ( GEOMETRIC_REPRESENTATION_CONTEXT(2) 
PARAMETRIC_REPRESENTATION_CONTEXT() REPRESENTATION_CONTEXT('2D SPACE',''
  ) );
#6483 = PCURVE('',#6274,#6484);
#6484 = DEFINITIONAL_REPRESENTATION('',(#6485),#6489);
#6485 = LINE('',#6486,#6487);
#6486 = CARTESIAN_POINT('',(0.,0.));
#6487 = VECTOR('',#6488,1.);
#6488 = DIRECTION('',(0.,-1.));
#6489 = ( GEOMETRIC_REPRESENTATION_CONTEXT(2) 
PARAMETRIC_REPRESENTATION_CONTEXT() REPRESENTATION_CONTEXT('2D SPACE',''
  ) );
#6490 = ORIENTED_EDGE('',*,*,#6235,.F.);
#6491 = ADVANCED_FACE('',(#6492),#6274,.F.);
#6492 = FACE_BOUND('',#6493,.F.);
#6493 = EDGE_LOOP('',(#6494,#6495,#6496,#6497));
#6494 = ORIENTED_EDGE('',*,*,#6470,.T.);
#6495 = ORIENTED_EDGE('',*,*,#6367,.T.);
#6496 = ORIENTED_EDGE('',*,*,#6441,.F.);
#6497 = ORIENTED_EDGE('',*,*,#6258,.F.);
#6498 = ADVANCED_FACE('',(#6499),#6327,.F.);
#6499 = FACE_BOUND('',#6500,.F.);
#6500 = EDGE_LOOP('',(#6501,#6502,#6523,#6524));
#6501 = ORIENTED_EDGE('',*,*,#6414,.F.);
#6502 = ORIENTED_EDGE('',*,*,#6503,.F.);
#6503 = EDGE_CURVE('',#6311,#6415,#6504,.T.);
#6504 = SEAM_CURVE('',#6505,(#6509,#6516),.PCURVE_S1.);
#6505 = LINE('',#6506,#6507);
#6506 = CARTESIAN_POINT('',(2.5,-16.,5.4));
#6507 = VECTOR('',#6508,1.);
#6508 = DIRECTION('',(0.,0.,1.));
#6509 = PCURVE('',#6327,#6510);
#6510 = DEFINITIONAL_REPRESENTATION('',(#6511),#6515);
#6511 = LINE('',#6512,#6513);
#6512 = CARTESIAN_POINT('',(6.28318530718,-0.));
#6513 = VECTOR('',#6514,1.);
#6514 = DIRECTION('',(0.,1.));
#6515 = ( GEOMETRIC_REPRESENTATION_CONTEXT(2) 
PARAMETRIC_REPRESENTATION_CONTEXT() REPRESENTATION_CONTEXT('2D SPACE',''
  ) );
#6516 = PCURVE('',#6327,#6517);
#6517 = DEFINITIONAL_REPRESENTATION('',(#6518),#6522);
#6518 = LINE('',#6519,#6520);
#6519 = CARTESIAN_POINT('',(0.,-0.));
#6520 = VECTOR('',#6521,1.);
#6521 = DIRECTION('',(0.,1.));
#6522 = ( GEOMETRIC_REPRESENTATION_CONTEXT(2) 
PARAMETRIC_REPRESENTATION_CONTEXT() REPRESENTATION_CONTEXT('2D SPACE',''
  ) );
#6523 = ORIENTED_EDGE('',*,*,#6310,.T.);
#6524 = ORIENTED_EDGE('',*,*,#6503,.T.);
#6525 = ( GEOMETRIC_REPRESENTATION_CONTEXT(3) 
GLOBAL_UNCERTAINTY_ASSIGNED_CONTEXT((#6529)) 
GLOBAL_UNIT_ASSIGNED_CONTEXT((#6526,#6527,#6528)) REPRESENTATION_CONTEXT
('Context #1','3D Context with UNIT and UNCERTAINTY') );
#6526 = ( LENGTH_UNIT() NAMED_UNIT(*) SI_UNIT(.MILLI.,.METRE.) );
#6527 = ( NAMED_UNIT(*) PLANE_ANGLE_UNIT() SI_UNIT($,.RADIAN.) );
#6528 = ( NAMED_UNIT(*) SI_UNIT($,.STERADIAN.) SOLID_ANGLE_UNIT() );
#6529 = UNCERTAINTY_MEASURE_WITH_UNIT(LENGTH_MEASURE(1.E-07),#6526,
  'distance_accuracy_value','confusion accuracy');
#6530 = CONTEXT_DEPENDENT_SHAPE_REPRESENTATION(#6531,#6533);
#6531 = ( REPRESENTATION_RELATIONSHIP('','',#5954,#10) 
REPRESENTATION_RELATIONSHIP_WITH_TRANSFORMATION(#6532) 
SHAPE_REPRESENTATION_RELATIONSHIP() );
#6532 = ITEM_DEFINED_TRANSFORMATION('','',#11,#27);
#6533 = PRODUCT_DEFINITION_SHAPE('Placement','Placement of an item',
  #6534);
#6534 = NEXT_ASSEMBLY_USAGE_OCCURRENCE('28','target_nut_1_DIN934_M5','',
  #5,#5949,$);
#6535 = PRODUCT_RELATED_PRODUCT_CATEGORY('part',$,(#5951));
#6536 = SHAPE_DEFINITION_REPRESENTATION(#6537,#6543);
#6537 = PRODUCT_DEFINITION_SHAPE('','',#6538);
#6538 = PRODUCT_DEFINITION('design','',#6539,#6542);
#6539 = PRODUCT_DEFINITION_FORMATION('','',#6540);
#6540 = PRODUCT('target_2_MC-12-12-03','target_2_MC-12-12-03','',(#6541)
  );
#6541 = PRODUCT_CONTEXT('',#2,'mechanical');
#6542 = PRODUCT_DEFINITION_CONTEXT('part definition',#2,'design');
#6543 = ADVANCED_BREP_SHAPE_REPRESENTATION('',(#11,#6544),#6958);
#6544 = MANIFOLD_SOLID_BREP('',#6545);
#6545 = CLOSED_SHELL('',(#6546,#6666,#6742,#6822,#6871,#6924,#6931));
#6546 = ADVANCED_FACE('',(#6547),#6561,.F.);
#6547 = FACE_BOUND('',#6548,.F.);
#6548 = EDGE_LOOP('',(#6549,#6584,#6612,#6640));
#6549 = ORIENTED_EDGE('',*,*,#6550,.F.);
#6550 = EDGE_CURVE('',#6551,#6553,#6555,.T.);
#6551 = VERTEX_POINT('',#6552);
#6552 = CARTESIAN_POINT('',(-6.,10.,0.));
#6553 = VERTEX_POINT('',#6554);
#6554 = CARTESIAN_POINT('',(-6.,10.,3.));
#6555 = SURFACE_CURVE('',#6556,(#6560,#6572),.PCURVE_S1.);
#6556 = LINE('',#6557,#6558);
#6557 = CARTESIAN_POINT('',(-6.,10.,0.));
#6558 = VECTOR('',#6559,1.);
#6559 = DIRECTION('',(0.,0.,1.));
#6560 = PCURVE('',#6561,#6566);
#6561 = PLANE('',#6562);
#6562 = AXIS2_PLACEMENT_3D('',#6563,#6564,#6565);
#6563 = CARTESIAN_POINT('',(-6.,10.,0.));
#6564 = DIRECTION('',(1.,0.,0.));
#6565 = DIRECTION('',(0.,0.,1.));
#6566 = DEFINITIONAL_REPRESENTATION('',(#6567),#6571);
#6567 = LINE('',#6568,#6569);
#6568 = CARTESIAN_POINT('',(0.,0.));
#6569 = VECTOR('',#6570,1.);
#6570 = DIRECTION('',(1.,0.));
#6571 = ( GEOMETRIC_REPRESENTATION_CONTEXT(2) 
PARAMETRIC_REPRESENTATION_CONTEXT() REPRESENTATION_CONTEXT('2D SPACE',''
  ) );
#6572 = PCURVE('',#6573,#6578);
#6573 = PLANE('',#6574);
#6574 = AXIS2_PLACEMENT_3D('',#6575,#6576,#6577);
#6575 = CARTESIAN_POINT('',(-6.,10.,0.));
#6576 = DIRECTION('',(0.,1.,0.));
#6577 = DIRECTION('',(0.,0.,1.));
#6578 = DEFINITIONAL_REPRESENTATION('',(#6579),#6583);
#6579 = LINE('',#6580,#6581);
#6580 = CARTESIAN_POINT('',(0.,0.));
#6581 = VECTOR('',#6582,1.);
#6582 = DIRECTION('',(1.,0.));
#6583 = ( GEOMETRIC_REPRESENTATION_CONTEXT(2) 
PARAMETRIC_REPRESENTATION_CONTEXT() REPRESENTATION_CONTEXT('2D SPACE',''
  ) );
#6584 = ORIENTED_EDGE('',*,*,#6585,.T.);
#6585 = EDGE_CURVE('',#6551,#6586,#6588,.T.);
#6586 = VERTEX_POINT('',#6587);
#6587 = CARTESIAN_POINT('',(-6.,22.,0.));
#6588 = SURFACE_CURVE('',#6589,(#6593,#6600),.PCURVE_S1.);
#6589 = LINE('',#6590,#6591);
#6590 = CARTESIAN_POINT('',(-6.,10.,0.));
#6591 = VECTOR('',#6592,1.);
#6592 = DIRECTION('',(0.,1.,0.));
#6593 = PCURVE('',#6561,#6594);
#6594 = DEFINITIONAL_REPRESENTATION('',(#6595),#6599);
#6595 = LINE('',#6596,#6597);
#6596 = CARTESIAN_POINT('',(0.,0.));
#6597 = VECTOR('',#6598,1.);
#6598 = DIRECTION('',(0.,-1.));
#6599 = ( GEOMETRIC_REPRESENTATION_CONTEXT(2) 
PARAMETRIC_REPRESENTATION_CONTEXT() REPRESENTATION_CONTEXT('2D SPACE',''
  ) );
#6600 = PCURVE('',#6601,#6606);
#6601 = PLANE('',#6602);
#6602 = AXIS2_PLACEMENT_3D('',#6603,#6604,#6605);
#6603 = CARTESIAN_POINT('',(-6.,10.,0.));
#6604 = DIRECTION('',(0.,0.,1.));
#6605 = DIRECTION('',(1.,0.,0.));
#6606 = DEFINITIONAL_REPRESENTATION('',(#6607),#6611);
#6607 = LINE('',#6608,#6609);
#6608 = CARTESIAN_POINT('',(0.,0.));
#6609 = VECTOR('',#6610,1.);
#6610 = DIRECTION('',(0.,1.));
#6611 = ( GEOMETRIC_REPRESENTATION_CONTEXT(2) 
PARAMETRIC_REPRESENTATION_CONTEXT() REPRESENTATION_CONTEXT('2D SPACE',''
  ) );
#6612 = ORIENTED_EDGE('',*,*,#6613,.T.);
#6613 = EDGE_CURVE('',#6586,#6614,#6616,.T.);
#6614 = VERTEX_POINT('',#6615);
#6615 = CARTESIAN_POINT('',(-6.,22.,3.));
#6616 = SURFACE_CURVE('',#6617,(#6621,#6628),.PCURVE_S1.);
#6617 = LINE('',#6618,#6619);
#6618 = CARTESIAN_POINT('',(-6.,22.,0.));
#6619 = VECTOR('',#6620,1.);
#6620 = DIRECTION('',(0.,0.,1.));
#6621 = PCURVE('',#6561,#6622);
#6622 = DEFINITIONAL_REPRESENTATION('',(#6623),#6627);
#6623 = LINE('',#6624,#6625);
#6624 = CARTESIAN_POINT('',(0.,-12.));
#6625 = VECTOR('',#6626,1.);
#6626 = DIRECTION('',(1.,0.));
#6627 = ( GEOMETRIC_REPRESENTATION_CONTEXT(2) 
PARAMETRIC_REPRESENTATION_CONTEXT() REPRESENTATION_CONTEXT('2D SPACE',''
  ) );
#6628 = PCURVE('',#6629,#6634);
#6629 = PLANE('',#6630);
#6630 = AXIS2_PLACEMENT_3D('',#6631,#6632,#6633);
#6631 = CARTESIAN_POINT('',(-6.,22.,0.));
#6632 = DIRECTION('',(0.,1.,0.));
#6633 = DIRECTION('',(0.,0.,1.));
#6634 = DEFINITIONAL_REPRESENTATION('',(#6635),#6639);
#6635 = LINE('',#6636,#6637);
#6636 = CARTESIAN_POINT('',(0.,0.));
#6637 = VECTOR('',#6638,1.);
#6638 = DIRECTION('',(1.,0.));
#6639 = ( GEOMETRIC_REPRESENTATION_CONTEXT(2) 
PARAMETRIC_REPRESENTATION_CONTEXT() REPRESENTATION_CONTEXT('2D SPACE',''
  ) );
#6640 = ORIENTED_EDGE('',*,*,#6641,.F.);
#6641 = EDGE_CURVE('',#6553,#6614,#6642,.T.);
#6642 = SURFACE_CURVE('',#6643,(#6647,#6654),.PCURVE_S1.);
#6643 = LINE('',#6644,#6645);
#6644 = CARTESIAN_POINT('',(-6.,10.,3.));
#6645 = VECTOR('',#6646,1.);
#6646 = DIRECTION('',(0.,1.,0.));
#6647 = PCURVE('',#6561,#6648);
#6648 = DEFINITIONAL_REPRESENTATION('',(#6649),#6653);
#6649 = LINE('',#6650,#6651);
#6650 = CARTESIAN_POINT('',(3.,0.));
#6651 = VECTOR('',#6652,1.);
#6652 = DIRECTION('',(0.,-1.));
#6653 = ( GEOMETRIC_REPRESENTATION_CONTEXT(2) 
PARAMETRIC_REPRESENTATION_CONTEXT() REPRESENTATION_CONTEXT('2D SPACE',''
  ) );
#6654 = PCURVE('',#6655,#6660);
#6655 = PLANE('',#6656);
#6656 = AXIS2_PLACEMENT_3D('',#6657,#6658,#6659);
#6657 = CARTESIAN_POINT('',(-6.,10.,3.));
#6658 = DIRECTION('',(0.,0.,1.));
#6659 = DIRECTION('',(1.,0.,0.));
#6660 = DEFINITIONAL_REPRESENTATION('',(#6661),#6665);
#6661 = LINE('',#6662,#6663);
#6662 = CARTESIAN_POINT('',(0.,0.));
#6663 = VECTOR('',#6664,1.);
#6664 = DIRECTION('',(0.,1.));
#6665 = ( GEOMETRIC_REPRESENTATION_CONTEXT(2) 
PARAMETRIC_REPRESENTATION_CONTEXT() REPRESENTATION_CONTEXT('2D SPACE',''
  ) );
#6666 = ADVANCED_FACE('',(#6667),#6573,.F.);
#6667 = FACE_BOUND('',#6668,.F.);
#6668 = EDGE_LOOP('',(#6669,#6692,#6693,#6716));
#6669 = ORIENTED_EDGE('',*,*,#6670,.F.);
#6670 = EDGE_CURVE('',#6551,#6671,#6673,.T.);
#6671 = VERTEX_POINT('',#6672);
#6672 = CARTESIAN_POINT('',(6.,10.,0.));
#6673 = SURFACE_CURVE('',#6674,(#6678,#6685),.PCURVE_S1.);
#6674 = LINE('',#6675,#6676);
#6675 = CARTESIAN_POINT('',(-6.,10.,0.));
#6676 = VECTOR('',#6677,1.);
#6677 = DIRECTION('',(1.,0.,0.));
#6678 = PCURVE('',#6573,#6679);
#6679 = DEFINITIONAL_REPRESENTATION('',(#6680),#6684);
#6680 = LINE('',#6681,#6682);
#6681 = CARTESIAN_POINT('',(0.,0.));
#6682 = VECTOR('',#6683,1.);
#6683 = DIRECTION('',(0.,1.));
#6684 = ( GEOMETRIC_REPRESENTATION_CONTEXT(2) 
PARAMETRIC_REPRESENTATION_CONTEXT() REPRESENTATION_CONTEXT('2D SPACE',''
  ) );
#6685 = PCURVE('',#6601,#6686);
#6686 = DEFINITIONAL_REPRESENTATION('',(#6687),#6691);
#6687 = LINE('',#6688,#6689);
#6688 = CARTESIAN_POINT('',(0.,0.));
#6689 = VECTOR('',#6690,1.);
#6690 = DIRECTION('',(1.,0.));
#6691 = ( GEOMETRIC_REPRESENTATION_CONTEXT(2) 
PARAMETRIC_REPRESENTATION_CONTEXT() REPRESENTATION_CONTEXT('2D SPACE',''
  ) );
#6692 = ORIENTED_EDGE('',*,*,#6550,.T.);
#6693 = ORIENTED_EDGE('',*,*,#6694,.T.);
#6694 = EDGE_CURVE('',#6553,#6695,#6697,.T.);
#6695 = VERTEX_POINT('',#6696);
#6696 = CARTESIAN_POINT('',(6.,10.,3.));
#6697 = SURFACE_CURVE('',#6698,(#6702,#6709),.PCURVE_S1.);
#6698 = LINE('',#6699,#6700);
#6699 = CARTESIAN_POINT('',(-6.,10.,3.));
#6700 = VECTOR('',#6701,1.);
#6701 = DIRECTION('',(1.,0.,0.));
#6702 = PCURVE('',#6573,#6703);
#6703 = DEFINITIONAL_REPRESENTATION('',(#6704),#6708);
#6704 = LINE('',#6705,#6706);
#6705 = CARTESIAN_POINT('',(3.,0.));
#6706 = VECTOR('',#6707,1.);
#6707 = DIRECTION('',(0.,1.));
#6708 = ( GEOMETRIC_REPRESENTATION_CONTEXT(2) 
PARAMETRIC_REPRESENTATION_CONTEXT() REPRESENTATION_CONTEXT('2D SPACE',''
  ) );
#6709 = PCURVE('',#6655,#6710);
#6710 = DEFINITIONAL_REPRESENTATION('',(#6711),#6715);
#6711 = LINE('',#6712,#6713);
#6712 = CARTESIAN_POINT('',(0.,0.));
#6713 = VECTOR('',#6714,1.);
#6714 = DIRECTION('',(1.,0.));
#6715 = ( GEOMETRIC_REPRESENTATION_CONTEXT(2) 
PARAMETRIC_REPRESENTATION_CONTEXT() REPRESENTATION_CONTEXT('2D SPACE',''
  ) );
#6716 = ORIENTED_EDGE('',*,*,#6717,.F.);
#6717 = EDGE_CURVE('',#6671,#6695,#6718,.T.);
#6718 = SURFACE_CURVE('',#6719,(#6723,#6730),.PCURVE_S1.);
#6719 = LINE('',#6720,#6721);
#6720 = CARTESIAN_POINT('',(6.,10.,0.));
#6721 = VECTOR('',#6722,1.);
#6722 = DIRECTION('',(0.,0.,1.));
#6723 = PCURVE('',#6573,#6724);
#6724 = DEFINITIONAL_REPRESENTATION('',(#6725),#6729);
#6725 = LINE('',#6726,#6727);
#6726 = CARTESIAN_POINT('',(0.,12.));
#6727 = VECTOR('',#6728,1.);
#6728 = DIRECTION('',(1.,0.));
#6729 = ( GEOMETRIC_REPRESENTATION_CONTEXT(2) 
PARAMETRIC_REPRESENTATION_CONTEXT() REPRESENTATION_CONTEXT('2D SPACE',''
  ) );
#6730 = PCURVE('',#6731,#6736);
#6731 = PLANE('',#6732);
#6732 = AXIS2_PLACEMENT_3D('',#6733,#6734,#6735);
#6733 = CARTESIAN_POINT('',(6.,10.,0.));
#6734 = DIRECTION('',(1.,0.,0.));
#6735 = DIRECTION('',(0.,0.,1.));
#6736 = DEFINITIONAL_REPRESENTATION('',(#6737),#6741);
#6737 = LINE('',#6738,#6739);
#6738 = CARTESIAN_POINT('',(0.,0.));
#6739 = VECTOR('',#6740,1.);
#6740 = DIRECTION('',(1.,0.));
#6741 = ( GEOMETRIC_REPRESENTATION_CONTEXT(2) 
PARAMETRIC_REPRESENTATION_CONTEXT() REPRESENTATION_CONTEXT('2D SPACE',''
  ) );
#6742 = ADVANCED_FACE('',(#6743,#6791),#6655,.T.);
#6743 = FACE_BOUND('',#6744,.T.);
#6744 = EDGE_LOOP('',(#6745,#6746,#6747,#6770));
#6745 = ORIENTED_EDGE('',*,*,#6641,.F.);
#6746 = ORIENTED_EDGE('',*,*,#6694,.T.);
#6747 = ORIENTED_EDGE('',*,*,#6748,.T.);
#6748 = EDGE_CURVE('',#6695,#6749,#6751,.T.);
#6749 = VERTEX_POINT('',#6750);
#6750 = CARTESIAN_POINT('',(6.,22.,3.));
#6751 = SURFACE_CURVE('',#6752,(#6756,#6763),.PCURVE_S1.);
#6752 = LINE('',#6753,#6754);
#6753 = CARTESIAN_POINT('',(6.,10.,3.));
#6754 = VECTOR('',#6755,1.);
#6755 = DIRECTION('',(0.,1.,0.));
#6756 = PCURVE('',#6655,#6757);
#6757 = DEFINITIONAL_REPRESENTATION('',(#6758),#6762);
#6758 = LINE('',#6759,#6760);
#6759 = CARTESIAN_POINT('',(12.,0.));
#6760 = VECTOR('',#6761,1.);
#6761 = DIRECTION('',(0.,1.));
#6762 = ( GEOMETRIC_REPRESENTATION_CONTEXT(2) 
PARAMETRIC_REPRESENTATION_CONTEXT() REPRESENTATION_CONTEXT('2D SPACE',''
  ) );
#6763 = PCURVE('',#6731,#6764);
#6764 = DEFINITIONAL_REPRESENTATION('',(#6765),#6769);
#6765 = LINE('',#6766,#6767);
#6766 = CARTESIAN_POINT('',(3.,0.));
#6767 = VECTOR('',#6768,1.);
#6768 = DIRECTION('',(0.,-1.));
#6769 = ( GEOMETRIC_REPRESENTATION_CONTEXT(2) 
PARAMETRIC_REPRESENTATION_CONTEXT() REPRESENTATION_CONTEXT('2D SPACE',''
  ) );
#6770 = ORIENTED_EDGE('',*,*,#6771,.F.);
#6771 = EDGE_CURVE('',#6614,#6749,#6772,.T.);
#6772 = SURFACE_CURVE('',#6773,(#6777,#6784),.PCURVE_S1.);
#6773 = LINE('',#6774,#6775);
#6774 = CARTESIAN_POINT('',(-6.,22.,3.));
#6775 = VECTOR('',#6776,1.);
#6776 = DIRECTION('',(1.,0.,0.));
#6777 = PCURVE('',#6655,#6778);
#6778 = DEFINITIONAL_REPRESENTATION('',(#6779),#6783);
#6779 = LINE('',#6780,#6781);
#6780 = CARTESIAN_POINT('',(0.,12.));
#6781 = VECTOR('',#6782,1.);
#6782 = DIRECTION('',(1.,0.));
#6783 = ( GEOMETRIC_REPRESENTATION_CONTEXT(2) 
PARAMETRIC_REPRESENTATION_CONTEXT() REPRESENTATION_CONTEXT('2D SPACE',''
  ) );
#6784 = PCURVE('',#6629,#6785);
#6785 = DEFINITIONAL_REPRESENTATION('',(#6786),#6790);
#6786 = LINE('',#6787,#6788);
#6787 = CARTESIAN_POINT('',(3.,0.));
#6788 = VECTOR('',#6789,1.);
#6789 = DIRECTION('',(0.,1.));
#6790 = ( GEOMETRIC_REPRESENTATION_CONTEXT(2) 
PARAMETRIC_REPRESENTATION_CONTEXT() REPRESENTATION_CONTEXT('2D SPACE',''
  ) );
#6791 = FACE_BOUND('',#6792,.T.);
#6792 = EDGE_LOOP('',(#6793));
#6793 = ORIENTED_EDGE('',*,*,#6794,.F.);
#6794 = EDGE_CURVE('',#6795,#6795,#6797,.T.);
#6795 = VERTEX_POINT('',#6796);
#6796 = CARTESIAN_POINT('',(2.85,16.,3.));
#6797 = SURFACE_CURVE('',#6798,(#6803,#6810),.PCURVE_S1.);
#6798 = CIRCLE('',#6799,2.85);
#6799 = AXIS2_PLACEMENT_3D('',#6800,#6801,#6802);
#6800 = CARTESIAN_POINT('',(0.,16.,3.));
#6801 = DIRECTION('',(0.,0.,1.));
#6802 = DIRECTION('',(1.,0.,-0.));
#6803 = PCURVE('',#6655,#6804);
#6804 = DEFINITIONAL_REPRESENTATION('',(#6805),#6809);
#6805 = CIRCLE('',#6806,2.85);
#6806 = AXIS2_PLACEMENT_2D('',#6807,#6808);
#6807 = CARTESIAN_POINT('',(6.,6.));
#6808 = DIRECTION('',(1.,0.));
#6809 = ( GEOMETRIC_REPRESENTATION_CONTEXT(2) 
PARAMETRIC_REPRESENTATION_CONTEXT() REPRESENTATION_CONTEXT('2D SPACE',''
  ) );
#6810 = PCURVE('',#6811,#6816);
#6811 = CONICAL_SURFACE('',#6812,5.85,0.777133888738);
#6812 = AXIS2_PLACEMENT_3D('',#6813,#6814,#6815);
#6813 = CARTESIAN_POINT('',(0.,16.,-5.E-02));
#6814 = DIRECTION('',(-0.,-0.,-1.));
#6815 = DIRECTION('',(1.,0.,-0.));
#6816 = DEFINITIONAL_REPRESENTATION('',(#6817),#6821);
#6817 = LINE('',#6818,#6819);
#6818 = CARTESIAN_POINT('',(-0.,-3.05));
#6819 = VECTOR('',#6820,1.);
#6820 = DIRECTION('',(-1.,-0.));
#6821 = ( GEOMETRIC_REPRESENTATION_CONTEXT(2) 
PARAMETRIC_REPRESENTATION_CONTEXT() REPRESENTATION_CONTEXT('2D SPACE',''
  ) );
#6822 = ADVANCED_FACE('',(#6823),#6629,.T.);
#6823 = FACE_BOUND('',#6824,.T.);
#6824 = EDGE_LOOP('',(#6825,#6848,#6849,#6850));
#6825 = ORIENTED_EDGE('',*,*,#6826,.F.);
#6826 = EDGE_CURVE('',#6586,#6827,#6829,.T.);
#6827 = VERTEX_POINT('',#6828);
#6828 = CARTESIAN_POINT('',(6.,22.,0.));
#6829 = SURFACE_CURVE('',#6830,(#6834,#6841),.PCURVE_S1.);
#6830 = LINE('',#6831,#6832);
#6831 = CARTESIAN_POINT('',(-6.,22.,0.));
#6832 = VECTOR('',#6833,1.);
#6833 = DIRECTION('',(1.,0.,0.));
#6834 = PCURVE('',#6629,#6835);
#6835 = DEFINITIONAL_REPRESENTATION('',(#6836),#6840);
#6836 = LINE('',#6837,#6838);
#6837 = CARTESIAN_POINT('',(0.,0.));
#6838 = VECTOR('',#6839,1.);
#6839 = DIRECTION('',(0.,1.));
#6840 = ( GEOMETRIC_REPRESENTATION_CONTEXT(2) 
PARAMETRIC_REPRESENTATION_CONTEXT() REPRESENTATION_CONTEXT('2D SPACE',''
  ) );
#6841 = PCURVE('',#6601,#6842);
#6842 = DEFINITIONAL_REPRESENTATION('',(#6843),#6847);
#6843 = LINE('',#6844,#6845);
#6844 = CARTESIAN_POINT('',(0.,12.));
#6845 = VECTOR('',#6846,1.);
#6846 = DIRECTION('',(1.,0.));
#6847 = ( GEOMETRIC_REPRESENTATION_CONTEXT(2) 
PARAMETRIC_REPRESENTATION_CONTEXT() REPRESENTATION_CONTEXT('2D SPACE',''
  ) );
#6848 = ORIENTED_EDGE('',*,*,#6613,.T.);
#6849 = ORIENTED_EDGE('',*,*,#6771,.T.);
#6850 = ORIENTED_EDGE('',*,*,#6851,.F.);
#6851 = EDGE_CURVE('',#6827,#6749,#6852,.T.);
#6852 = SURFACE_CURVE('',#6853,(#6857,#6864),.PCURVE_S1.);
#6853 = LINE('',#6854,#6855);
#6854 = CARTESIAN_POINT('',(6.,22.,0.));
#6855 = VECTOR('',#6856,1.);
#6856 = DIRECTION('',(0.,0.,1.));
#6857 = PCURVE('',#6629,#6858);
#6858 = DEFINITIONAL_REPRESENTATION('',(#6859),#6863);
#6859 = LINE('',#6860,#6861);
#6860 = CARTESIAN_POINT('',(0.,12.));
#6861 = VECTOR('',#6862,1.);
#6862 = DIRECTION('',(1.,0.));
#6863 = ( GEOMETRIC_REPRESENTATION_CONTEXT(2) 
PARAMETRIC_REPRESENTATION_CONTEXT() REPRESENTATION_CONTEXT('2D SPACE',''
  ) );
#6864 = PCURVE('',#6731,#6865);
#6865 = DEFINITIONAL_REPRESENTATION('',(#6866),#6870);
#6866 = LINE('',#6867,#6868);
#6867 = CARTESIAN_POINT('',(0.,-12.));
#6868 = VECTOR('',#6869,1.);
#6869 = DIRECTION('',(1.,0.));
#6870 = ( GEOMETRIC_REPRESENTATION_CONTEXT(2) 
PARAMETRIC_REPRESENTATION_CONTEXT() REPRESENTATION_CONTEXT('2D SPACE',''
  ) );
#6871 = ADVANCED_FACE('',(#6872,#6898),#6601,.F.);
#6872 = FACE_BOUND('',#6873,.F.);
#6873 = EDGE_LOOP('',(#6874,#6875,#6876,#6897));
#6874 = ORIENTED_EDGE('',*,*,#6585,.F.);
#6875 = ORIENTED_EDGE('',*,*,#6670,.T.);
#6876 = ORIENTED_EDGE('',*,*,#6877,.T.);
#6877 = EDGE_CURVE('',#6671,#6827,#6878,.T.);
#6878 = SURFACE_CURVE('',#6879,(#6883,#6890),.PCURVE_S1.);
#6879 = LINE('',#6880,#6881);
#6880 = CARTESIAN_POINT('',(6.,10.,0.));
#6881 = VECTOR('',#6882,1.);
#6882 = DIRECTION('',(0.,1.,0.));
#6883 = PCURVE('',#6601,#6884);
#6884 = DEFINITIONAL_REPRESENTATION('',(#6885),#6889);
#6885 = LINE('',#6886,#6887);
#6886 = CARTESIAN_POINT('',(12.,0.));
#6887 = VECTOR('',#6888,1.);
#6888 = DIRECTION('',(0.,1.));
#6889 = ( GEOMETRIC_REPRESENTATION_CONTEXT(2) 
PARAMETRIC_REPRESENTATION_CONTEXT() REPRESENTATION_CONTEXT('2D SPACE',''
  ) );
#6890 = PCURVE('',#6731,#6891);
#6891 = DEFINITIONAL_REPRESENTATION('',(#6892),#6896);
#6892 = LINE('',#6893,#6894);
#6893 = CARTESIAN_POINT('',(0.,0.));
#6894 = VECTOR('',#6895,1.);
#6895 = DIRECTION('',(0.,-1.));
#6896 = ( GEOMETRIC_REPRESENTATION_CONTEXT(2) 
PARAMETRIC_REPRESENTATION_CONTEXT() REPRESENTATION_CONTEXT('2D SPACE',''
  ) );
#6897 = ORIENTED_EDGE('',*,*,#6826,.F.);
#6898 = FACE_BOUND('',#6899,.F.);
#6899 = EDGE_LOOP('',(#6900));
#6900 = ORIENTED_EDGE('',*,*,#6901,.F.);
#6901 = EDGE_CURVE('',#6902,#6902,#6904,.T.);
#6902 = VERTEX_POINT('',#6903);
#6903 = CARTESIAN_POINT('',(5.800819672131,16.,6.938893903907E-18));
#6904 = SURFACE_CURVE('',#6905,(#6910,#6917),.PCURVE_S1.);
#6905 = CIRCLE('',#6906,5.800819672131);
#6906 = AXIS2_PLACEMENT_3D('',#6907,#6908,#6909);
#6907 = CARTESIAN_POINT('',(0.,16.,0.));
#6908 = DIRECTION('',(0.,0.,1.));
#6909 = DIRECTION('',(1.,0.,-0.));
#6910 = PCURVE('',#6601,#6911);
#6911 = DEFINITIONAL_REPRESENTATION('',(#6912),#6916);
#6912 = CIRCLE('',#6913,5.800819672131);
#6913 = AXIS2_PLACEMENT_2D('',#6914,#6915);
#6914 = CARTESIAN_POINT('',(6.,6.));
#6915 = DIRECTION('',(1.,0.));
#6916 = ( GEOMETRIC_REPRESENTATION_CONTEXT(2) 
PARAMETRIC_REPRESENTATION_CONTEXT() REPRESENTATION_CONTEXT('2D SPACE',''
  ) );
#6917 = PCURVE('',#6811,#6918);
#6918 = DEFINITIONAL_REPRESENTATION('',(#6919),#6923);
#6919 = LINE('',#6920,#6921);
#6920 = CARTESIAN_POINT('',(-0.,-5.E-02));
#6921 = VECTOR('',#6922,1.);
#6922 = DIRECTION('',(-1.,-0.));
#6923 = ( GEOMETRIC_REPRESENTATION_CONTEXT(2) 
PARAMETRIC_REPRESENTATION_CONTEXT() REPRESENTATION_CONTEXT('2D SPACE',''
  ) );
#6924 = ADVANCED_FACE('',(#6925),#6731,.T.);
#6925 = FACE_BOUND('',#6926,.T.);
#6926 = EDGE_LOOP('',(#6927,#6928,#6929,#6930));
#6927 = ORIENTED_EDGE('',*,*,#6717,.F.);
#6928 = ORIENTED_EDGE('',*,*,#6877,.T.);
#6929 = ORIENTED_EDGE('',*,*,#6851,.T.);
#6930 = ORIENTED_EDGE('',*,*,#6748,.F.);
#6931 = ADVANCED_FACE('',(#6932),#6811,.F.);
#6932 = FACE_BOUND('',#6933,.F.);
#6933 = EDGE_LOOP('',(#6934,#6955,#6956,#6957));
#6934 = ORIENTED_EDGE('',*,*,#6935,.T.);
#6935 = EDGE_CURVE('',#6902,#6795,#6936,.T.);
#6936 = SEAM_CURVE('',#6937,(#6941,#6948),.PCURVE_S1.);
#6937 = LINE('',#6938,#6939);
#6938 = CARTESIAN_POINT('',(5.85,16.,-5.E-02));
#6939 = VECTOR('',#6940,1.);
#6940 = DIRECTION('',(-0.701238976117,1.717540135078E-16,0.712926292386)
  );
#6941 = PCURVE('',#6811,#6942);
#6942 = DEFINITIONAL_REPRESENTATION('',(#6943),#6947);
#6943 = LINE('',#6944,#6945);
#6944 = CARTESIAN_POINT('',(-6.28318530718,0.));
#6945 = VECTOR('',#6946,1.);
#6946 = DIRECTION('',(-0.,-1.));
#6947 = ( GEOMETRIC_REPRESENTATION_CONTEXT(2) 
PARAMETRIC_REPRESENTATION_CONTEXT() REPRESENTATION_CONTEXT('2D SPACE',''
  ) );
#6948 = PCURVE('',#6811,#6949);
#6949 = DEFINITIONAL_REPRESENTATION('',(#6950),#6954);
#6950 = LINE('',#6951,#6952);
#6951 = CARTESIAN_POINT('',(0.,-0.));
#6952 = VECTOR('',#6953,1.);
#6953 = DIRECTION('',(-0.,-1.));
#6954 = ( GEOMETRIC_REPRESENTATION_CONTEXT(2) 
PARAMETRIC_REPRESENTATION_CONTEXT() REPRESENTATION_CONTEXT('2D SPACE',''
  ) );
#6955 = ORIENTED_EDGE('',*,*,#6794,.F.);
#6956 = ORIENTED_EDGE('',*,*,#6935,.F.);
#6957 = ORIENTED_EDGE('',*,*,#6901,.T.);
#6958 = ( GEOMETRIC_REPRESENTATION_CONTEXT(3) 
GLOBAL_UNCERTAINTY_ASSIGNED_CONTEXT((#6962)) 
GLOBAL_UNIT_ASSIGNED_CONTEXT((#6959,#6960,#6961)) REPRESENTATION_CONTEXT
('Context #1','3D Context with UNIT and UNCERTAINTY') );
#6959 = ( LENGTH_UNIT() NAMED_UNIT(*) SI_UNIT(.MILLI.,.METRE.) );
#6960 = ( NAMED_UNIT(*) PLANE_ANGLE_UNIT() SI_UNIT($,.RADIAN.) );
#6961 = ( NAMED_UNIT(*) SI_UNIT($,.STERADIAN.) SOLID_ANGLE_UNIT() );
#6962 = UNCERTAINTY_MEASURE_WITH_UNIT(LENGTH_MEASURE(1.E-07),#6959,
  'distance_accuracy_value','confusion accuracy');
#6963 = CONTEXT_DEPENDENT_SHAPE_REPRESENTATION(#6964,#6966);
#6964 = ( REPRESENTATION_RELATIONSHIP('','',#6543,#10) 
REPRESENTATION_RELATIONSHIP_WITH_TRANSFORMATION(#6965) 
SHAPE_REPRESENTATION_RELATIONSHIP() );
#6965 = ITEM_DEFINED_TRANSFORMATION('','',#11,#31);
#6966 = PRODUCT_DEFINITION_SHAPE('Placement','Placement of an item',
  #6967);
#6967 = NEXT_ASSEMBLY_USAGE_OCCURRENCE('29','target_2_MC-12-12-03','',#5
  ,#6538,$);
#6968 = PRODUCT_RELATED_PRODUCT_CATEGORY('part',$,(#6540));
#6969 = SHAPE_DEFINITION_REPRESENTATION(#6970,#6976);
#6970 = PRODUCT_DEFINITION_SHAPE('','',#6971);
#6971 = PRODUCT_DEFINITION('design','',#6972,#6975);
#6972 = PRODUCT_DEFINITION_FORMATION('','',#6973);
#6973 = PRODUCT('target_screw_2_ISO10642_M5x10',
  'target_screw_2_ISO10642_M5x10','',(#6974));
#6974 = PRODUCT_CONTEXT('',#2,'mechanical');
#6975 = PRODUCT_DEFINITION_CONTEXT('part definition',#2,'design');
#6976 = ADVANCED_BREP_SHAPE_REPRESENTATION('',(#11,#6977),#7130);
#6977 = MANIFOLD_SOLID_BREP('',#6978);
#6978 = CLOSED_SHELL('',(#6979,#7067,#7122,#7126));
#6979 = ADVANCED_FACE('',(#6980),#6993,.T.);
#6980 = FACE_BOUND('',#6981,.T.);
#6981 = EDGE_LOOP('',(#6982,#7016,#7039,#7066));
#6982 = ORIENTED_EDGE('',*,*,#6983,.F.);
#6983 = EDGE_CURVE('',#6984,#6984,#6986,.T.);
#6984 = VERTEX_POINT('',#6985);
#6985 = CARTESIAN_POINT('',(2.5,16.,2.7));
#6986 = SURFACE_CURVE('',#6987,(#6992,#7004),.PCURVE_S1.);
#6987 = CIRCLE('',#6988,2.5);
#6988 = AXIS2_PLACEMENT_3D('',#6989,#6990,#6991);
#6989 = CARTESIAN_POINT('',(0.,16.,2.7));
#6990 = DIRECTION('',(0.,0.,1.));
#6991 = DIRECTION('',(1.,0.,-0.));
#6992 = PCURVE('',#6993,#6998);
#6993 = CONICAL_SURFACE('',#6994,5.,0.746955573376);
#6994 = AXIS2_PLACEMENT_3D('',#6995,#6996,#6997);
#6995 = CARTESIAN_POINT('',(0.,16.,0.));
#6996 = DIRECTION('',(-0.,-0.,-1.));
#6997 = DIRECTION('',(1.,0.,-0.));
#6998 = DEFINITIONAL_REPRESENTATION('',(#6999),#7003);
#6999 = LINE('',#7000,#7001);
#7000 = CARTESIAN_POINT('',(-0.,-2.7));
#7001 = VECTOR('',#7002,1.);
#7002 = DIRECTION('',(-1.,-0.));
#7003 = ( GEOMETRIC_REPRESENTATION_CONTEXT(2) 
PARAMETRIC_REPRESENTATION_CONTEXT() REPRESENTATION_CONTEXT('2D SPACE',''
  ) );
#7004 = PCURVE('',#7005,#7010);
#7005 = CYLINDRICAL_SURFACE('',#7006,2.5);
#7006 = AXIS2_PLACEMENT_3D('',#7007,#7008,#7009);
#7007 = CARTESIAN_POINT('',(0.,16.,2.7));
#7008 = DIRECTION('',(0.,0.,1.));
#7009 = DIRECTION('',(1.,0.,-0.));
#7010 = DEFINITIONAL_REPRESENTATION('',(#7011),#7015);
#7011 = LINE('',#7012,#7013);
#7012 = CARTESIAN_POINT('',(0.,0.));
#7013 = VECTOR('',#7014,1.);
#7014 = DIRECTION('',(1.,0.));
#7015 = ( GEOMETRIC_REPRESENTATION_CONTEXT(2) 
PARAMETRIC_REPRESENTATION_CONTEXT() REPRESENTATION_CONTEXT('2D SPACE',''
  ) );
#7016 = ORIENTED_EDGE('',*,*,#7017,.F.);
#7017 = EDGE_CURVE('',#7018,#6984,#7020,.T.);
#7018 = VERTEX_POINT('',#7019);
#7019 = CARTESIAN_POINT('',(5.,16.,0.));
#7020 = SEAM_CURVE('',#7021,(#7025,#7032),.PCURVE_S1.);
#7021 = LINE('',#7022,#7023);
#7022 = CARTESIAN_POINT('',(5.,16.,0.));
#7023 = VECTOR('',#7024,1.);
#7024 = DIRECTION('',(-0.679408031498,1.664069742179E-16,0.733760674018)
  );
#7025 = PCURVE('',#6993,#7026);
#7026 = DEFINITIONAL_REPRESENTATION('',(#7027),#7031);
#7027 = LINE('',#7028,#7029);
#7028 = CARTESIAN_POINT('',(-6.28318530718,0.));
#7029 = VECTOR('',#7030,1.);
#7030 = DIRECTION('',(-0.,-1.));
#7031 = ( GEOMETRIC_REPRESENTATION_CONTEXT(2) 
PARAMETRIC_REPRESENTATION_CONTEXT() REPRESENTATION_CONTEXT('2D SPACE',''
  ) );
#7032 = PCURVE('',#6993,#7033);
#7033 = DEFINITIONAL_REPRESENTATION('',(#7034),#7038);
#7034 = LINE('',#7035,#7036);
#7035 = CARTESIAN_POINT('',(0.,-0.));
#7036 = VECTOR('',#7037,1.);
#7037 = DIRECTION('',(-0.,-1.));
#7038 = ( GEOMETRIC_REPRESENTATION_CONTEXT(2) 
PARAMETRIC_REPRESENTATION_CONTEXT() REPRESENTATION_CONTEXT('2D SPACE',''
  ) );
#7039 = ORIENTED_EDGE('',*,*,#7040,.T.);
#7040 = EDGE_CURVE('',#7018,#7018,#7041,.T.);
#7041 = SURFACE_CURVE('',#7042,(#7047,#7054),.PCURVE_S1.);
#7042 = CIRCLE('',#7043,5.);
#7043 = AXIS2_PLACEMENT_3D('',#7044,#7045,#7046);
#7044 = CARTESIAN_POINT('',(0.,16.,0.));
#7045 = DIRECTION('',(0.,0.,1.));
#7046 = DIRECTION('',(1.,0.,-0.));
#7047 = PCURVE('',#6993,#7048);
#7048 = DEFINITIONAL_REPRESENTATION('',(#7049),#7053);
#7049 = LINE('',#7050,#7051);
#7050 = CARTESIAN_POINT('',(-0.,-0.));
#7051 = VECTOR('',#7052,1.);
#7052 = DIRECTION('',(-1.,-0.));
#7053 = ( GEOMETRIC_REPRESENTATION_CONTEXT(2) 
PARAMETRIC_REPRESENTATION_CONTEXT() REPRESENTATION_CONTEXT('2D SPACE',''
  ) );
#7054 = PCURVE('',#7055,#7060);
#7055 = PLANE('',#7056);
#7056 = AXIS2_PLACEMENT_3D('',#7057,#7058,#7059);
#7057 = CARTESIAN_POINT('',(0.,16.,0.));
#7058 = DIRECTION('',(0.,0.,1.));
#7059 = DIRECTION('',(1.,0.,-0.));
#7060 = DEFINITIONAL_REPRESENTATION('',(#7061),#7065);
#7061 = CIRCLE('',#7062,5.);
#7062 = AXIS2_PLACEMENT_2D('',#7063,#7064);
#7063 = CARTESIAN_POINT('',(0.,0.));
#7064 = DIRECTION('',(1.,0.));
#7065 = ( GEOMETRIC_REPRESENTATION_CONTEXT(2) 
PARAMETRIC_REPRESENTATION_CONTEXT() REPRESENTATION_CONTEXT('2D SPACE',''
  ) );
#7066 = ORIENTED_EDGE('',*,*,#7017,.T.);
#7067 = ADVANCED_FACE('',(#7068),#7005,.T.);
#7068 = FACE_BOUND('',#7069,.T.);
#7069 = EDGE_LOOP('',(#7070,#7099,#7120,#7121));
#7070 = ORIENTED_EDGE('',*,*,#7071,.F.);
#7071 = EDGE_CURVE('',#7072,#7072,#7074,.T.);
#7072 = VERTEX_POINT('',#7073);
#7073 = CARTESIAN_POINT('',(2.5,16.,10.));
#7074 = SURFACE_CURVE('',#7075,(#7080,#7087),.PCURVE_S1.);
#7075 = CIRCLE('',#7076,2.5);
#7076 = AXIS2_PLACEMENT_3D('',#7077,#7078,#7079);
#7077 = CARTESIAN_POINT('',(0.,16.,10.));
#7078 = DIRECTION('',(0.,0.,1.));
#7079 = DIRECTION('',(1.,0.,-0.));
#7080 = PCURVE('',#7005,#7081);
#7081 = DEFINITIONAL_REPRESENTATION('',(#7082),#7086);
#7082 = LINE('',#7083,#7084);
#7083 = CARTESIAN_POINT('',(0.,7.3));
#7084 = VECTOR('',#7085,1.);
#7085 = DIRECTION('',(1.,0.));
#7086 = ( GEOMETRIC_REPRESENTATION_CONTEXT(2) 
PARAMETRIC_REPRESENTATION_CONTEXT() REPRESENTATION_CONTEXT('2D SPACE',''
  ) );
#7087 = PCURVE('',#7088,#7093);
#7088 = PLANE('',#7089);
#7089 = AXIS2_PLACEMENT_3D('',#7090,#7091,#7092);
#7090 = CARTESIAN_POINT('',(0.,16.,10.));
#7091 = DIRECTION('',(0.,0.,1.));
#7092 = DIRECTION('',(1.,0.,-0.));
#7093 = DEFINITIONAL_REPRESENTATION('',(#7094),#7098);
#7094 = CIRCLE('',#7095,2.5);
#7095 = AXIS2_PLACEMENT_2D('',#7096,#7097);
#7096 = CARTESIAN_POINT('',(0.,0.));
#7097 = DIRECTION('',(1.,0.));
#7098 = ( GEOMETRIC_REPRESENTATION_CONTEXT(2) 
PARAMETRIC_REPRESENTATION_CONTEXT() REPRESENTATION_CONTEXT('2D SPACE',''
  ) );
#7099 = ORIENTED_EDGE('',*,*,#7100,.F.);
#7100 = EDGE_CURVE('',#6984,#7072,#7101,.T.);
#7101 = SEAM_CURVE('',#7102,(#7106,#7113),.PCURVE_S1.);
#7102 = LINE('',#7103,#7104);
#7103 = CARTESIAN_POINT('',(2.5,16.,2.7));
#7104 = VECTOR('',#7105,1.);
#7105 = DIRECTION('',(0.,0.,1.));
#7106 = PCURVE('',#7005,#7107);
#7107 = DEFINITIONAL_REPRESENTATION('',(#7108),#7112);
#7108 = LINE('',#7109,#7110);
#7109 = CARTESIAN_POINT('',(6.28318530718,-0.));
#7110 = VECTOR('',#7111,1.);
#7111 = DIRECTION('',(0.,1.));
#7112 = ( GEOMETRIC_REPRESENTATION_CONTEXT(2) 
PARAMETRIC_REPRESENTATION_CONTEXT() REPRESENTATION_CONTEXT('2D SPACE',''
  ) );
#7113 = PCURVE('',#7005,#7114);
#7114 = DEFINITIONAL_REPRESENTATION('',(#7115),#7119);
#7115 = LINE('',#7116,#7117);
#7116 = CARTESIAN_POINT('',(0.,-0.));
#7117 = VECTOR('',#7118,1.);
#7118 = DIRECTION('',(0.,1.));
#7119 = ( GEOMETRIC_REPRESENTATION_CONTEXT(2) 
PARAMETRIC_REPRESENTATION_CONTEXT() REPRESENTATION_CONTEXT('2D SPACE',''
  ) );
#7120 = ORIENTED_EDGE('',*,*,#6983,.T.);
#7121 = ORIENTED_EDGE('',*,*,#7100,.T.);
#7122 = ADVANCED_FACE('',(#7123),#7055,.F.);
#7123 = FACE_BOUND('',#7124,.T.);
#7124 = EDGE_LOOP('',(#7125));
#7125 = ORIENTED_EDGE('',*,*,#7040,.F.);
#7126 = ADVANCED_FACE('',(#7127),#7088,.T.);
#7127 = FACE_BOUND('',#7128,.T.);
#7128 = EDGE_LOOP('',(#7129));
#7129 = ORIENTED_EDGE('',*,*,#7071,.T.);
#7130 = ( GEOMETRIC_REPRESENTATION_CONTEXT(3) 
GLOBAL_UNCERTAINTY_ASSIGNED_CONTEXT((#7134)) 
GLOBAL_UNIT_ASSIGNED_CONTEXT((#7131,#7132,#7133)) REPRESENTATION_CONTEXT
('Context #1','3D Context with UNIT and UNCERTAINTY') );
#7131 = ( LENGTH_UNIT() NAMED_UNIT(*) SI_UNIT(.MILLI.,.METRE.) );
#7132 = ( NAMED_UNIT(*) PLANE_ANGLE_UNIT() SI_UNIT($,.RADIAN.) );
#7133 = ( NAMED_UNIT(*) SI_UNIT($,.STERADIAN.) SOLID_ANGLE_UNIT() );
#7134 = UNCERTAINTY_MEASURE_WITH_UNIT(LENGTH_MEASURE(1.E-07),#7131,
  'distance_accuracy_value','confusion accuracy');
#7135 = CONTEXT_DEPENDENT_SHAPE_REPRESENTATION(#7136,#7138);
#7136 = ( REPRESENTATION_RELATIONSHIP('','',#6976,#10) 
REPRESENTATION_RELATIONSHIP_WITH_TRANSFORMATION(#7137) 
SHAPE_REPRESENTATION_RELATIONSHIP() );
#7137 = ITEM_DEFINED_TRANSFORMATION('','',#11,#35);
#7138 = PRODUCT_DEFINITION_SHAPE('Placement','Placement of an item',
  #7139);
#7139 = NEXT_ASSEMBLY_USAGE_OCCURRENCE('30',
  'target_screw_2_ISO10642_M5x10','',#5,#6971,$);
#7140 = PRODUCT_RELATED_PRODUCT_CATEGORY('part',$,(#6973));
#7141 = SHAPE_DEFINITION_REPRESENTATION(#7142,#7148);
#7142 = PRODUCT_DEFINITION_SHAPE('','',#7143);
#7143 = PRODUCT_DEFINITION('design','',#7144,#7147);
#7144 = PRODUCT_DEFINITION_FORMATION('','',#7145);
#7145 = PRODUCT('target_nut_2_DIN934_M5','target_nut_2_DIN934_M5','',(
    #7146));
#7146 = PRODUCT_CONTEXT('',#2,'mechanical');
#7147 = PRODUCT_DEFINITION_CONTEXT('part definition',#2,'design');
#7148 = ADVANCED_BREP_SHAPE_REPRESENTATION('',(#11,#7149),#7719);
#7149 = MANIFOLD_SOLID_BREP('',#7150);
#7150 = CLOSED_SHELL('',(#7151,#7271,#7347,#7423,#7532,#7631,#7658,#7685
    ,#7692));
#7151 = ADVANCED_FACE('',(#7152),#7166,.F.);
#7152 = FACE_BOUND('',#7153,.F.);
#7153 = EDGE_LOOP('',(#7154,#7189,#7217,#7245));
#7154 = ORIENTED_EDGE('',*,*,#7155,.T.);
#7155 = EDGE_CURVE('',#7156,#7158,#7160,.T.);
#7156 = VERTEX_POINT('',#7157);
#7157 = CARTESIAN_POINT('',(4.618802153517,16.,5.5));
#7158 = VERTEX_POINT('',#7159);
#7159 = CARTESIAN_POINT('',(4.618802153517,16.,9.5));
#7160 = SURFACE_CURVE('',#7161,(#7165,#7177),.PCURVE_S1.);
#7161 = LINE('',#7162,#7163);
#7162 = CARTESIAN_POINT('',(4.618802153517,16.,5.5));
#7163 = VECTOR('',#7164,1.);
#7164 = DIRECTION('',(0.,0.,1.));
#7165 = PCURVE('',#7166,#7171);
#7166 = PLANE('',#7167);
#7167 = AXIS2_PLACEMENT_3D('',#7168,#7169,#7170);
#7168 = CARTESIAN_POINT('',(4.618802153517,16.,5.5));
#7169 = DIRECTION('',(-0.866025403784,-0.5,0.));
#7170 = DIRECTION('',(-0.5,0.866025403784,0.));
#7171 = DEFINITIONAL_REPRESENTATION('',(#7172),#7176);
#7172 = LINE('',#7173,#7174);
#7173 = CARTESIAN_POINT('',(0.,0.));
#7174 = VECTOR('',#7175,1.);
#7175 = DIRECTION('',(0.,-1.));
#7176 = ( GEOMETRIC_REPRESENTATION_CONTEXT(2) 
PARAMETRIC_REPRESENTATION_CONTEXT() REPRESENTATION_CONTEXT('2D SPACE',''
  ) );
#7177 = PCURVE('',#7178,#7183);
#7178 = PLANE('',#7179);
#7179 = AXIS2_PLACEMENT_3D('',#7180,#7181,#7182);
#7180 = CARTESIAN_POINT('',(2.309401076758,12.,5.5));
#7181 = DIRECTION('',(-0.866025403784,0.5,0.));
#7182 = DIRECTION('',(0.5,0.866025403784,0.));
#7183 = DEFINITIONAL_REPRESENTATION('',(#7184),#7188);
#7184 = LINE('',#7185,#7186);
#7185 = CARTESIAN_POINT('',(4.618802153517,0.));
#7186 = VECTOR('',#7187,1.);
#7187 = DIRECTION('',(0.,-1.));
#7188 = ( GEOMETRIC_REPRESENTATION_CONTEXT(2) 
PARAMETRIC_REPRESENTATION_CONTEXT() REPRESENTATION_CONTEXT('2D SPACE',''
  ) );
#7189 = ORIENTED_EDGE('',*,*,#7190,.T.);
#7190 = EDGE_CURVE('',#7158,#7191,#7193,.T.);
#7191 = VERTEX_POINT('',#7192);
#7192 = CARTESIAN_POINT('',(2.309401076759,20.,9.5));
#7193 = SURFACE_CURVE('',#7194,(#7198,#7205),.PCURVE_S1.);
#7194 = LINE('',#7195,#7196);
#7195 = CARTESIAN_POINT('',(4.618802153517,16.,9.5));
#7196 = VECTOR('',#7197,1.);
#7197 = DIRECTION('',(-0.5,0.866025403784,0.));
#7198 = PCURVE('',#7166,#7199);
#7199 = DEFINITIONAL_REPRESENTATION('',(#7200),#7204);
#7200 = LINE('',#7201,#7202);
#7201 = CARTESIAN_POINT('',(0.,-4.));
#7202 = VECTOR('',#7203,1.);
#7203 = DIRECTION('',(1.,0.));
#7204 = ( GEOMETRIC_REPRESENTATION_CONTEXT(2) 
PARAMETRIC_REPRESENTATION_CONTEXT() REPRESENTATION_CONTEXT('2D SPACE',''
  ) );
#7205 = PCURVE('',#7206,#7211);
#7206 = PLANE('',#7207);
#7207 = AXIS2_PLACEMENT_3D('',#7208,#7209,#7210);
#7208 = CARTESIAN_POINT('',(6.409875621279E-17,16.,9.5));
#7209 = DIRECTION('',(0.,0.,1.));
#7210 = DIRECTION('',(1.,0.,-0.));
#7211 = DEFINITIONAL_REPRESENTATION('',(#7212),#7216);
#7212 = LINE('',#7213,#7214);
#7213 = CARTESIAN_POINT('',(4.618802153517,0.));
#7214 = VECTOR('',#7215,1.);
#7215 = DIRECTION('',(-0.5,0.866025403784));
#7216 = ( GEOMETRIC_REPRESENTATION_CONTEXT(2) 
PARAMETRIC_REPRESENTATION_CONTEXT() REPRESENTATION_CONTEXT('2D SPACE',''
  ) );
#7217 = ORIENTED_EDGE('',*,*,#7218,.F.);
#7218 = EDGE_CURVE('',#7219,#7191,#7221,.T.);
#7219 = VERTEX_POINT('',#7220);
#7220 = CARTESIAN_POINT('',(2.309401076759,20.,5.5));
#7221 = SURFACE_CURVE('',#7222,(#7226,#7233),.PCURVE_S1.);
#7222 = LINE('',#7223,#7224);
#7223 = CARTESIAN_POINT('',(2.309401076759,20.,5.5));
#7224 = VECTOR('',#7225,1.);
#7225 = DIRECTION('',(0.,0.,1.));
#7226 = PCURVE('',#7166,#7227);
#7227 = DEFINITIONAL_REPRESENTATION('',(#7228),#7232);
#7228 = LINE('',#7229,#7230);
#7229 = CARTESIAN_POINT('',(4.618802153517,0.));
#7230 = VECTOR('',#7231,1.);
#7231 = DIRECTION('',(0.,-1.));
#7232 = ( GEOMETRIC_REPRESENTATION_CONTEXT(2) 
PARAMETRIC_REPRESENTATION_CONTEXT() REPRESENTATION_CONTEXT('2D SPACE',''
  ) );
#7233 = PCURVE('',#7234,#7239);
#7234 = PLANE('',#7235);
#7235 = AXIS2_PLACEMENT_3D('',#7236,#7237,#7238);
#7236 = CARTESIAN_POINT('',(2.309401076759,20.,5.5));
#7237 = DIRECTION('',(-9.614813431918E-17,-1.,0.));
#7238 = DIRECTION('',(-1.,9.614813431918E-17,0.));
#7239 = DEFINITIONAL_REPRESENTATION('',(#7240),#7244);
#7240 = LINE('',#7241,#7242);
#7241 = CARTESIAN_POINT('',(0.,0.));
#7242 = VECTOR('',#7243,1.);
#7243 = DIRECTION('',(0.,-1.));
#7244 = ( GEOMETRIC_REPRESENTATION_CONTEXT(2) 
PARAMETRIC_REPRESENTATION_CONTEXT() REPRESENTATION_CONTEXT('2D SPACE',''
  ) );
#7245 = ORIENTED_EDGE('',*,*,#7246,.F.);
#7246 = EDGE_CURVE('',#7156,#7219,#7247,.T.);
#7247 = SURFACE_CURVE('',#7248,(#7252,#7259),.PCURVE_S1.);
#7248 = LINE('',#7249,#7250);
#7249 = CARTESIAN_POINT('',(4.618802153517,16.,5.5));
#7250 = VECTOR('',#7251,1.);
#7251 = DIRECTION('',(-0.5,0.866025403784,0.));
#7252 = PCURVE('',#7166,#7253);
#7253 = DEFINITIONAL_REPRESENTATION('',(#7254),#7258);
#7254 = LINE('',#7255,#7256);
#7255 = CARTESIAN_POINT('',(0.,0.));
#7256 = VECTOR('',#7257,1.);
#7257 = DIRECTION('',(1.,0.));
#7258 = ( GEOMETRIC_REPRESENTATION_CONTEXT(2) 
PARAMETRIC_REPRESENTATION_CONTEXT() REPRESENTATION_CONTEXT('2D SPACE',''
  ) );
#7259 = PCURVE('',#7260,#7265);
#7260 = PLANE('',#7261);
#7261 = AXIS2_PLACEMENT_3D('',#7262,#7263,#7264);
#7262 = CARTESIAN_POINT('',(6.409875621279E-17,16.,5.5));
#7263 = DIRECTION('',(0.,0.,1.));
#7264 = DIRECTION('',(1.,0.,-0.));
#7265 = DEFINITIONAL_REPRESENTATION('',(#7266),#7270);
#7266 = LINE('',#7267,#7268);
#7267 = CARTESIAN_POINT('',(4.618802153517,0.));
#7268 = VECTOR('',#7269,1.);
#7269 = DIRECTION('',(-0.5,0.866025403784));
#7270 = ( GEOMETRIC_REPRESENTATION_CONTEXT(2) 
PARAMETRIC_REPRESENTATION_CONTEXT() REPRESENTATION_CONTEXT('2D SPACE',''
  ) );
#7271 = ADVANCED_FACE('',(#7272),#7178,.F.);
#7272 = FACE_BOUND('',#7273,.F.);
#7273 = EDGE_LOOP('',(#7274,#7304,#7325,#7326));
#7274 = ORIENTED_EDGE('',*,*,#7275,.T.);
#7275 = EDGE_CURVE('',#7276,#7278,#7280,.T.);
#7276 = VERTEX_POINT('',#7277);
#7277 = CARTESIAN_POINT('',(2.309401076758,12.,5.5));
#7278 = VERTEX_POINT('',#7279);
#7279 = CARTESIAN_POINT('',(2.309401076758,12.,9.5));
#7280 = SURFACE_CURVE('',#7281,(#7285,#7292),.PCURVE_S1.);
#7281 = LINE('',#7282,#7283);
#7282 = CARTESIAN_POINT('',(2.309401076758,12.,5.5));
#7283 = VECTOR('',#7284,1.);
#7284 = DIRECTION('',(0.,0.,1.));
#7285 = PCURVE('',#7178,#7286);
#7286 = DEFINITIONAL_REPRESENTATION('',(#7287),#7291);
#7287 = LINE('',#7288,#7289);
#7288 = CARTESIAN_POINT('',(0.,0.));
#7289 = VECTOR('',#7290,1.);
#7290 = DIRECTION('',(0.,-1.));
#7291 = ( GEOMETRIC_REPRESENTATION_CONTEXT(2) 
PARAMETRIC_REPRESENTATION_CONTEXT() REPRESENTATION_CONTEXT('2D SPACE',''
  ) );
#7292 = PCURVE('',#7293,#7298);
#7293 = PLANE('',#7294);
#7294 = AXIS2_PLACEMENT_3D('',#7295,#7296,#7297);
#7295 = CARTESIAN_POINT('',(-2.309401076759,12.,5.5));
#7296 = DIRECTION('',(6.730369402342E-16,1.,-0.));
#7297 = DIRECTION('',(1.,-6.730369402342E-16,0.));
#7298 = DEFINITIONAL_REPRESENTATION('',(#7299),#7303);
#7299 = LINE('',#7300,#7301);
#7300 = CARTESIAN_POINT('',(4.618802153517,0.));
#7301 = VECTOR('',#7302,1.);
#7302 = DIRECTION('',(0.,-1.));
#7303 = ( GEOMETRIC_REPRESENTATION_CONTEXT(2) 
PARAMETRIC_REPRESENTATION_CONTEXT() REPRESENTATION_CONTEXT('2D SPACE',''
  ) );
#7304 = ORIENTED_EDGE('',*,*,#7305,.T.);
#7305 = EDGE_CURVE('',#7278,#7158,#7306,.T.);
#7306 = SURFACE_CURVE('',#7307,(#7311,#7318),.PCURVE_S1.);
#7307 = LINE('',#7308,#7309);
#7308 = CARTESIAN_POINT('',(2.309401076758,12.,9.5));
#7309 = VECTOR('',#7310,1.);
#7310 = DIRECTION('',(0.5,0.866025403784,0.));
#7311 = PCURVE('',#7178,#7312);
#7312 = DEFINITIONAL_REPRESENTATION('',(#7313),#7317);
#7313 = LINE('',#7314,#7315);
#7314 = CARTESIAN_POINT('',(0.,-4.));
#7315 = VECTOR('',#7316,1.);
#7316 = DIRECTION('',(1.,0.));
#7317 = ( GEOMETRIC_REPRESENTATION_CONTEXT(2) 
PARAMETRIC_REPRESENTATION_CONTEXT() REPRESENTATION_CONTEXT('2D SPACE',''
  ) );
#7318 = PCURVE('',#7206,#7319);
#7319 = DEFINITIONAL_REPRESENTATION('',(#7320),#7324);
#7320 = LINE('',#7321,#7322);
#7321 = CARTESIAN_POINT('',(2.309401076758,-4.));
#7322 = VECTOR('',#7323,1.);
#7323 = DIRECTION('',(0.5,0.866025403784));
#7324 = ( GEOMETRIC_REPRESENTATION_CONTEXT(2) 
PARAMETRIC_REPRESENTATION_CONTEXT() REPRESENTATION_CONTEXT('2D SPACE',''
  ) );
#7325 = ORIENTED_EDGE('',*,*,#7155,.F.);
#7326 = ORIENTED_EDGE('',*,*,#7327,.F.);
#7327 = EDGE_CURVE('',#7276,#7156,#7328,.T.);
#7328 = SURFACE_CURVE('',#7329,(#7333,#7340),.PCURVE_S1.);
#7329 = LINE('',#7330,#7331);
#7330 = CARTESIAN_POINT('',(2.309401076758,12.,5.5));
#7331 = VECTOR('',#7332,1.);
#7332 = DIRECTION('',(0.5,0.866025403784,0.));
#7333 = PCURVE('',#7178,#7334);
#7334 = DEFINITIONAL_REPRESENTATION('',(#7335),#7339);
#7335 = LINE('',#7336,#7337);
#7336 = CARTESIAN_POINT('',(0.,0.));
#7337 = VECTOR('',#7338,1.);
#7338 = DIRECTION('',(1.,0.));
#7339 = ( GEOMETRIC_REPRESENTATION_CONTEXT(2) 
PARAMETRIC_REPRESENTATION_CONTEXT() REPRESENTATION_CONTEXT('2D SPACE',''
  ) );
#7340 = PCURVE('',#7260,#7341);
#7341 = DEFINITIONAL_REPRESENTATION('',(#7342),#7346);
#7342 = LINE('',#7343,#7344);
#7343 = CARTESIAN_POINT('',(2.309401076758,-4.));
#7344 = VECTOR('',#7345,1.);
#7345 = DIRECTION('',(0.5,0.866025403784));
#7346 = ( GEOMETRIC_REPRESENTATION_CONTEXT(2) 
PARAMETRIC_REPRESENTATION_CONTEXT() REPRESENTATION_CONTEXT('2D SPACE',''
  ) );
#7347 = ADVANCED_FACE('',(#7348),#7234,.F.);
#7348 = FACE_BOUND('',#7349,.F.);
#7349 = EDGE_LOOP('',(#7350,#7351,#7374,#7402));
#7350 = ORIENTED_EDGE('',*,*,#7218,.T.);
#7351 = ORIENTED_EDGE('',*,*,#7352,.T.);
#7352 = EDGE_CURVE('',#7191,#7353,#7355,.T.);
#7353 = VERTEX_POINT('',#7354);
#7354 = CARTESIAN_POINT('',(-2.309401076759,20.,9.5));
#7355 = SURFACE_CURVE('',#7356,(#7360,#7367),.PCURVE_S1.);
#7356 = LINE('',#7357,#7358);
#7357 = CARTESIAN_POINT('',(2.309401076759,20.,9.5));
#7358 = VECTOR('',#7359,1.);
#7359 = DIRECTION('',(-1.,9.614813431918E-17,0.));
#7360 = PCURVE('',#7234,#7361);
#7361 = DEFINITIONAL_REPRESENTATION('',(#7362),#7366);
#7362 = LINE('',#7363,#7364);
#7363 = CARTESIAN_POINT('',(0.,-4.));
#7364 = VECTOR('',#7365,1.);
#7365 = DIRECTION('',(1.,0.));
#7366 = ( GEOMETRIC_REPRESENTATION_CONTEXT(2) 
PARAMETRIC_REPRESENTATION_CONTEXT() REPRESENTATION_CONTEXT('2D SPACE',''
  ) );
#7367 = PCURVE('',#7206,#7368);
#7368 = DEFINITIONAL_REPRESENTATION('',(#7369),#7373);
#7369 = LINE('',#7370,#7371);
#7370 = CARTESIAN_POINT('',(2.309401076759,4.));
#7371 = VECTOR('',#7372,1.);
#7372 = DIRECTION('',(-1.,9.614813431918E-17));
#7373 = ( GEOMETRIC_REPRESENTATION_CONTEXT(2) 
PARAMETRIC_REPRESENTATION_CONTEXT() REPRESENTATION_CONTEXT('2D SPACE',''
  ) );
#7374 = ORIENTED_EDGE('',*,*,#7375,.F.);
#7375 = EDGE_CURVE('',#7376,#7353,#7378,.T.);
#7376 = VERTEX_POINT('',#7377);
#7377 = CARTESIAN_POINT('',(-2.309401076759,20.,5.5));
#7378 = SURFACE_CURVE('',#7379,(#7383,#7390),.PCURVE_S1.);
#7379 = LINE('',#7380,#7381);
#7380 = CARTESIAN_POINT('',(-2.309401076759,20.,5.5));
#7381 = VECTOR('',#7382,1.);
#7382 = DIRECTION('',(0.,0.,1.));
#7383 = PCURVE('',#7234,#7384);
#7384 = DEFINITIONAL_REPRESENTATION('',(#7385),#7389);
#7385 = LINE('',#7386,#7387);
#7386 = CARTESIAN_POINT('',(4.618802153517,0.));
#7387 = VECTOR('',#7388,1.);
#7388 = DIRECTION('',(0.,-1.));
#7389 = ( GEOMETRIC_REPRESENTATION_CONTEXT(2) 
PARAMETRIC_REPRESENTATION_CONTEXT() REPRESENTATION_CONTEXT('2D SPACE',''
  ) );
#7390 = PCURVE('',#7391,#7396);
#7391 = PLANE('',#7392);
#7392 = AXIS2_PLACEMENT_3D('',#7393,#7394,#7395);
#7393 = CARTESIAN_POINT('',(-2.309401076759,20.,5.5));
#7394 = DIRECTION('',(0.866025403784,-0.5,0.));
#7395 = DIRECTION('',(-0.5,-0.866025403784,0.));
#7396 = DEFINITIONAL_REPRESENTATION('',(#7397),#7401);
#7397 = LINE('',#7398,#7399);
#7398 = CARTESIAN_POINT('',(0.,0.));
#7399 = VECTOR('',#7400,1.);
#7400 = DIRECTION('',(0.,-1.));
#7401 = ( GEOMETRIC_REPRESENTATION_CONTEXT(2) 
PARAMETRIC_REPRESENTATION_CONTEXT() REPRESENTATION_CONTEXT('2D SPACE',''
  ) );
#7402 = ORIENTED_EDGE('',*,*,#7403,.F.);
#7403 = EDGE_CURVE('',#7219,#7376,#7404,.T.);
#7404 = SURFACE_CURVE('',#7405,(#7409,#7416),.PCURVE_S1.);
#7405 = LINE('',#7406,#7407);
#7406 = CARTESIAN_POINT('',(2.309401076759,20.,5.5));
#7407 = VECTOR('',#7408,1.);
#7408 = DIRECTION('',(-1.,9.614813431918E-17,0.));
#7409 = PCURVE('',#7234,#7410);
#7410 = DEFINITIONAL_REPRESENTATION('',(#7411),#7415);
#7411 = LINE('',#7412,#7413);
#7412 = CARTESIAN_POINT('',(0.,0.));
#7413 = VECTOR('',#7414,1.);
#7414 = DIRECTION('',(1.,0.));
#7415 = ( GEOMETRIC_REPRESENTATION_CONTEXT(2) 
PARAMETRIC_REPRESENTATION_CONTEXT() REPRESENTATION_CONTEXT('2D SPACE',''
  ) );
#7416 = PCURVE('',#7260,#7417);
#7417 = DEFINITIONAL_REPRESENTATION('',(#7418),#7422);
#7418 = LINE('',#7419,#7420);
#7419 = CARTESIAN_POINT('',(2.309401076759,4.));
#7420 = VECTOR('',#7421,1.);
#7421 = DIRECTION('',(-1.,9.614813431918E-17));
#7422 = ( GEOMETRIC_REPRESENTATION_CONTEXT(2) 
PARAMETRIC_REPRESENTATION_CONTEXT() REPRESENTATION_CONTEXT('2D SPACE',''
  ) );
#7423 = ADVANCED_FACE('',(#7424,#7501),#7260,.F.);
#7424 = FACE_BOUND('',#7425,.F.);
#7425 = EDGE_LOOP('',(#7426,#7427,#7428,#7451,#7479,#7500));
#7426 = ORIENTED_EDGE('',*,*,#7246,.T.);
#7427 = ORIENTED_EDGE('',*,*,#7403,.T.);
#7428 = ORIENTED_EDGE('',*,*,#7429,.T.);
#7429 = EDGE_CURVE('',#7376,#7430,#7432,.T.);
#7430 = VERTEX_POINT('',#7431);
#7431 = CARTESIAN_POINT('',(-4.618802153517,16.,5.5));
#7432 = SURFACE_CURVE('',#7433,(#7437,#7444),.PCURVE_S1.);
#7433 = LINE('',#7434,#7435);
#7434 = CARTESIAN_POINT('',(-2.309401076759,20.,5.5));
#7435 = VECTOR('',#7436,1.);
#7436 = DIRECTION('',(-0.5,-0.866025403784,0.));
#7437 = PCURVE('',#7260,#7438);
#7438 = DEFINITIONAL_REPRESENTATION('',(#7439),#7443);
#7439 = LINE('',#7440,#7441);
#7440 = CARTESIAN_POINT('',(-2.309401076759,4.));
#7441 = VECTOR('',#7442,1.);
#7442 = DIRECTION('',(-0.5,-0.866025403784));
#7443 = ( GEOMETRIC_REPRESENTATION_CONTEXT(2) 
PARAMETRIC_REPRESENTATION_CONTEXT() REPRESENTATION_CONTEXT('2D SPACE',''
  ) );
#7444 = PCURVE('',#7391,#7445);
#7445 = DEFINITIONAL_REPRESENTATION('',(#7446),#7450);
#7446 = LINE('',#7447,#7448);
#7447 = CARTESIAN_POINT('',(0.,0.));
#7448 = VECTOR('',#7449,1.);
#7449 = DIRECTION('',(1.,0.));
#7450 = ( GEOMETRIC_REPRESENTATION_CONTEXT(2) 
PARAMETRIC_REPRESENTATION_CONTEXT() REPRESENTATION_CONTEXT('2D SPACE',''
  ) );
#7451 = ORIENTED_EDGE('',*,*,#7452,.T.);
#7452 = EDGE_CURVE('',#7430,#7453,#7455,.T.);
#7453 = VERTEX_POINT('',#7454);
#7454 = CARTESIAN_POINT('',(-2.309401076759,12.,5.5));
#7455 = SURFACE_CURVE('',#7456,(#7460,#7467),.PCURVE_S1.);
#7456 = LINE('',#7457,#7458);
#7457 = CARTESIAN_POINT('',(-4.618802153517,16.,5.5));
#7458 = VECTOR('',#7459,1.);
#7459 = DIRECTION('',(0.5,-0.866025403784,0.));
#7460 = PCURVE('',#7260,#7461);
#7461 = DEFINITIONAL_REPRESENTATION('',(#7462),#7466);
#7462 = LINE('',#7463,#7464);
#7463 = CARTESIAN_POINT('',(-4.618802153517,0.));
#7464 = VECTOR('',#7465,1.);
#7465 = DIRECTION('',(0.5,-0.866025403784));
#7466 = ( GEOMETRIC_REPRESENTATION_CONTEXT(2) 
PARAMETRIC_REPRESENTATION_CONTEXT() REPRESENTATION_CONTEXT('2D SPACE',''
  ) );
#7467 = PCURVE('',#7468,#7473);
#7468 = PLANE('',#7469);
#7469 = AXIS2_PLACEMENT_3D('',#7470,#7471,#7472);
#7470 = CARTESIAN_POINT('',(-4.618802153517,16.,5.5));
#7471 = DIRECTION('',(0.866025403784,0.5,-0.));
#7472 = DIRECTION('',(0.5,-0.866025403784,0.));
#7473 = DEFINITIONAL_REPRESENTATION('',(#7474),#7478);
#7474 = LINE('',#7475,#7476);
#7475 = CARTESIAN_POINT('',(0.,0.));
#7476 = VECTOR('',#7477,1.);
#7477 = DIRECTION('',(1.,0.));
#7478 = ( GEOMETRIC_REPRESENTATION_CONTEXT(2) 
PARAMETRIC_REPRESENTATION_CONTEXT() REPRESENTATION_CONTEXT('2D SPACE',''
  ) );
#7479 = ORIENTED_EDGE('',*,*,#7480,.T.);
#7480 = EDGE_CURVE('',#7453,#7276,#7481,.T.);
#7481 = SURFACE_CURVE('',#7482,(#7486,#7493),.PCURVE_S1.);
#7482 = LINE('',#7483,#7484);
#7483 = CARTESIAN_POINT('',(-2.309401076759,12.,5.5));
#7484 = VECTOR('',#7485,1.);
#7485 = DIRECTION('',(1.,-6.730369402342E-16,0.));
#7486 = PCURVE('',#7260,#7487);
#7487 = DEFINITIONAL_REPRESENTATION('',(#7488),#7492);
#7488 = LINE('',#7489,#7490);
#7489 = CARTESIAN_POINT('',(-2.309401076759,-4.));
#7490 = VECTOR('',#7491,1.);
#7491 = DIRECTION('',(1.,-6.730369402342E-16));
#7492 = ( GEOMETRIC_REPRESENTATION_CONTEXT(2) 
PARAMETRIC_REPRESENTATION_CONTEXT() REPRESENTATION_CONTEXT('2D SPACE',''
  ) );
#7493 = PCURVE('',#7293,#7494);
#7494 = DEFINITIONAL_REPRESENTATION('',(#7495),#7499);
#7495 = LINE('',#7496,#7497);
#7496 = CARTESIAN_POINT('',(0.,0.));
#7497 = VECTOR('',#7498,1.);
#7498 = DIRECTION('',(1.,0.));
#7499 = ( GEOMETRIC_REPRESENTATION_CONTEXT(2) 
PARAMETRIC_REPRESENTATION_CONTEXT() REPRESENTATION_CONTEXT('2D SPACE',''
  ) );
#7500 = ORIENTED_EDGE('',*,*,#7327,.T.);
#7501 = FACE_BOUND('',#7502,.F.);
#7502 = EDGE_LOOP('',(#7503));
#7503 = ORIENTED_EDGE('',*,*,#7504,.F.);
#7504 = EDGE_CURVE('',#7505,#7505,#7507,.T.);
#7505 = VERTEX_POINT('',#7506);
#7506 = CARTESIAN_POINT('',(2.5,16.,5.5));
#7507 = SURFACE_CURVE('',#7508,(#7513,#7520),.PCURVE_S1.);
#7508 = CIRCLE('',#7509,2.5);
#7509 = AXIS2_PLACEMENT_3D('',#7510,#7511,#7512);
#7510 = CARTESIAN_POINT('',(0.,16.,5.5));
#7511 = DIRECTION('',(0.,0.,1.));
#7512 = DIRECTION('',(1.,0.,-0.));
#7513 = PCURVE('',#7260,#7514);
#7514 = DEFINITIONAL_REPRESENTATION('',(#7515),#7519);
#7515 = CIRCLE('',#7516,2.5);
#7516 = AXIS2_PLACEMENT_2D('',#7517,#7518);
#7517 = CARTESIAN_POINT('',(-6.409875621279E-17,0.));
#7518 = DIRECTION('',(1.,0.));
#7519 = ( GEOMETRIC_REPRESENTATION_CONTEXT(2) 
PARAMETRIC_REPRESENTATION_CONTEXT() REPRESENTATION_CONTEXT('2D SPACE',''
  ) );
#7520 = PCURVE('',#7521,#7526);
#7521 = CYLINDRICAL_SURFACE('',#7522,2.5);
#7522 = AXIS2_PLACEMENT_3D('',#7523,#7524,#7525);
#7523 = CARTESIAN_POINT('',(0.,16.,5.4));
#7524 = DIRECTION('',(0.,0.,1.));
#7525 = DIRECTION('',(1.,0.,-0.));
#7526 = DEFINITIONAL_REPRESENTATION('',(#7527),#7531);
#7527 = LINE('',#7528,#7529);
#7528 = CARTESIAN_POINT('',(0.,0.1));
#7529 = VECTOR('',#7530,1.);
#7530 = DIRECTION('',(1.,0.));
#7531 = ( GEOMETRIC_REPRESENTATION_CONTEXT(2) 
PARAMETRIC_REPRESENTATION_CONTEXT() REPRESENTATION_CONTEXT('2D SPACE',''
  ) );
#7532 = ADVANCED_FACE('',(#7533,#7605),#7206,.T.);
#7533 = FACE_BOUND('',#7534,.T.);
#7534 = EDGE_LOOP('',(#7535,#7536,#7537,#7560,#7583,#7604));
#7535 = ORIENTED_EDGE('',*,*,#7190,.T.);
#7536 = ORIENTED_EDGE('',*,*,#7352,.T.);
#7537 = ORIENTED_EDGE('',*,*,#7538,.T.);
#7538 = EDGE_CURVE('',#7353,#7539,#7541,.T.);
#7539 = VERTEX_POINT('',#7540);
#7540 = CARTESIAN_POINT('',(-4.618802153517,16.,9.5));
#7541 = SURFACE_CURVE('',#7542,(#7546,#7553),.PCURVE_S1.);
#7542 = LINE('',#7543,#7544);
#7543 = CARTESIAN_POINT('',(-2.309401076759,20.,9.5));
#7544 = VECTOR('',#7545,1.);
#7545 = DIRECTION('',(-0.5,-0.866025403784,0.));
#7546 = PCURVE('',#7206,#7547);
#7547 = DEFINITIONAL_REPRESENTATION('',(#7548),#7552);
#7548 = LINE('',#7549,#7550);
#7549 = CARTESIAN_POINT('',(-2.309401076759,4.));
#7550 = VECTOR('',#7551,1.);
#7551 = DIRECTION('',(-0.5,-0.866025403784));
#7552 = ( GEOMETRIC_REPRESENTATION_CONTEXT(2) 
PARAMETRIC_REPRESENTATION_CONTEXT() REPRESENTATION_CONTEXT('2D SPACE',''
  ) );
#7553 = PCURVE('',#7391,#7554);
#7554 = DEFINITIONAL_REPRESENTATION('',(#7555),#7559);
#7555 = LINE('',#7556,#7557);
#7556 = CARTESIAN_POINT('',(0.,-4.));
#7557 = VECTOR('',#7558,1.);
#7558 = DIRECTION('',(1.,0.));
#7559 = ( GEOMETRIC_REPRESENTATION_CONTEXT(2) 
PARAMETRIC_REPRESENTATION_CONTEXT() REPRESENTATION_CONTEXT('2D SPACE',''
  ) );
#7560 = ORIENTED_EDGE('',*,*,#7561,.T.);
#7561 = EDGE_CURVE('',#7539,#7562,#7564,.T.);
#7562 = VERTEX_POINT('',#7563);
#7563 = CARTESIAN_POINT('',(-2.309401076759,12.,9.5));
#7564 = SURFACE_CURVE('',#7565,(#7569,#7576),.PCURVE_S1.);
#7565 = LINE('',#7566,#7567);
#7566 = CARTESIAN_POINT('',(-4.618802153517,16.,9.5));
#7567 = VECTOR('',#7568,1.);
#7568 = DIRECTION('',(0.5,-0.866025403784,0.));
#7569 = PCURVE('',#7206,#7570);
#7570 = DEFINITIONAL_REPRESENTATION('',(#7571),#7575);
#7571 = LINE('',#7572,#7573);
#7572 = CARTESIAN_POINT('',(-4.618802153517,0.));
#7573 = VECTOR('',#7574,1.);
#7574 = DIRECTION('',(0.5,-0.866025403784));
#7575 = ( GEOMETRIC_REPRESENTATION_CONTEXT(2) 
PARAMETRIC_REPRESENTATION_CONTEXT() REPRESENTATION_CONTEXT('2D SPACE',''
  ) );
#7576 = PCURVE('',#7468,#7577);
#7577 = DEFINITIONAL_REPRESENTATION('',(#7578),#7582);
#7578 = LINE('',#7579,#7580);
#7579 = CARTESIAN_POINT('',(0.,-4.));
#7580 = VECTOR('',#7581,1.);
#7581 = DIRECTION('',(1.,0.));
#7582 = ( GEOMETRIC_REPRESENTATION_CONTEXT(2) 
PARAMETRIC_REPRESENTATION_CONTEXT() REPRESENTATION_CONTEXT('2D SPACE',''
  ) );
#7583 = ORIENTED_EDGE('',*,*,#7584,.T.);
#7584 = EDGE_CURVE('',#7562,#7278,#7585,.T.);
#7585 = SURFACE_CURVE('',#7586,(#7590,#7597),.PCURVE_S1.);
#7586 = LINE('',#7587,#7588);
#7587 = CARTESIAN_POINT('',(-2.309401076759,12.,9.5));
#7588 = VECTOR('',#7589,1.);
#7589 = DIRECTION('',(1.,-6.730369402342E-16,0.));
#7590 = PCURVE('',#7206,#7591);
#7591 = DEFINITIONAL_REPRESENTATION('',(#7592),#7596);
#7592 = LINE('',#7593,#7594);
#7593 = CARTESIAN_POINT('',(-2.309401076759,-4.));
#7594 = VECTOR('',#7595,1.);
#7595 = DIRECTION('',(1.,-6.730369402342E-16));
#7596 = ( GEOMETRIC_REPRESENTATION_CONTEXT(2) 
PARAMETRIC_REPRESENTATION_CONTEXT() REPRESENTATION_CONTEXT('2D SPACE',''
  ) );
#7597 = PCURVE('',#7293,#7598);
#7598 = DEFINITIONAL_REPRESENTATION('',(#7599),#7603);
#7599 = LINE('',#7600,#7601);
#7600 = CARTESIAN_POINT('',(0.,-4.));
#7601 = VECTOR('',#7602,1.);
#7602 = DIRECTION('',(1.,0.));
#7603 = ( GEOMETRIC_REPRESENTATION_CONTEXT(2) 
PARAMETRIC_REPRESENTATION_CONTEXT() REPRESENTATION_CONTEXT('2D SPACE',''
  ) );
#7604 = ORIENTED_EDGE('',*,*,#7305,.T.);
#7605 = FACE_BOUND('',#7606,.T.);
#7606 = EDGE_LOOP('',(#7607));
#7607 = ORIENTED_EDGE('',*,*,#7608,.F.);
#7608 = EDGE_CURVE('',#7609,#7609,#7611,.T.);
#7609 = VERTEX_POINT('',#7610);
#7610 = CARTESIAN_POINT('',(2.5,16.,9.5));
#7611 = SURFACE_CURVE('',#7612,(#7617,#7624),.PCURVE_S1.);
#7612 = CIRCLE('',#7613,2.5);
#7613 = AXIS2_PLACEMENT_3D('',#7614,#7615,#7616);
#7614 = CARTESIAN_POINT('',(0.,16.,9.5));
#7615 = DIRECTION('',(0.,0.,1.));
#7616 = DIRECTION('',(1.,0.,-0.));
#7617 = PCURVE('',#7206,#7618);
#7618 = DEFINITIONAL_REPRESENTATION('',(#7619),#7623);
#7619 = CIRCLE('',#7620,2.5);
#7620 = AXIS2_PLACEMENT_2D('',#7621,#7622);
#7621 = CARTESIAN_POINT('',(-6.409875621279E-17,0.));
#7622 = DIRECTION('',(1.,0.));
#7623 = ( GEOMETRIC_REPRESENTATION_CONTEXT(2) 
PARAMETRIC_REPRESENTATION_CONTEXT() REPRESENTATION_CONTEXT('2D SPACE',''
  ) );
#7624 = PCURVE('',#7521,#7625);
#7625 = DEFINITIONAL_REPRESENTATION('',(#7626),#7630);
#7626 = LINE('',#7627,#7628);
#7627 = CARTESIAN_POINT('',(0.,4.1));
#7628 = VECTOR('',#7629,1.);
#7629 = DIRECTION('',(1.,0.));
#7630 = ( GEOMETRIC_REPRESENTATION_CONTEXT(2) 
PARAMETRIC_REPRESENTATION_CONTEXT() REPRESENTATION_CONTEXT('2D SPACE',''
  ) );
#7631 = ADVANCED_FACE('',(#7632),#7293,.F.);
#7632 = FACE_BOUND('',#7633,.F.);
#7633 = EDGE_LOOP('',(#7634,#7655,#7656,#7657));
#7634 = ORIENTED_EDGE('',*,*,#7635,.T.);
#7635 = EDGE_CURVE('',#7453,#7562,#7636,.T.);
#7636 = SURFACE_CURVE('',#7637,(#7641,#7648),.PCURVE_S1.);
#7637 = LINE('',#7638,#7639);
#7638 = CARTESIAN_POINT('',(-2.309401076759,12.,5.5));
#7639 = VECTOR('',#7640,1.);
#7640 = DIRECTION('',(0.,0.,1.));
#7641 = PCURVE('',#7293,#7642);
#7642 = DEFINITIONAL_REPRESENTATION('',(#7643),#7647);
#7643 = LINE('',#7644,#7645);
#7644 = CARTESIAN_POINT('',(0.,0.));
#7645 = VECTOR('',#7646,1.);
#7646 = DIRECTION('',(0.,-1.));
#7647 = ( GEOMETRIC_REPRESENTATION_CONTEXT(2) 
PARAMETRIC_REPRESENTATION_CONTEXT() REPRESENTATION_CONTEXT('2D SPACE',''
  ) );
#7648 = PCURVE('',#7468,#7649);
#7649 = DEFINITIONAL_REPRESENTATION('',(#7650),#7654);
#7650 = LINE('',#7651,#7652);
#7651 = CARTESIAN_POINT('',(4.618802153517,0.));
#7652 = VECTOR('',#7653,1.);
#7653 = DIRECTION('',(0.,-1.));
#7654 = ( GEOMETRIC_REPRESENTATION_CONTEXT(2) 
PARAMETRIC_REPRESENTATION_CONTEXT() REPRESENTATION_CONTEXT('2D SPACE',''
  ) );
#7655 = ORIENTED_EDGE('',*,*,#7584,.T.);
#7656 = ORIENTED_EDGE('',*,*,#7275,.F.);
#7657 = ORIENTED_EDGE('',*,*,#7480,.F.);
#7658 = ADVANCED_FACE('',(#7659),#7391,.F.);
#7659 = FACE_BOUND('',#7660,.F.);
#7660 = EDGE_LOOP('',(#7661,#7662,#7663,#7684));
#7661 = ORIENTED_EDGE('',*,*,#7375,.T.);
#7662 = ORIENTED_EDGE('',*,*,#7538,.T.);
#7663 = ORIENTED_EDGE('',*,*,#7664,.F.);
#7664 = EDGE_CURVE('',#7430,#7539,#7665,.T.);
#7665 = SURFACE_CURVE('',#7666,(#7670,#7677),.PCURVE_S1.);
#7666 = LINE('',#7667,#7668);
#7667 = CARTESIAN_POINT('',(-4.618802153517,16.,5.5));
#7668 = VECTOR('',#7669,1.);
#7669 = DIRECTION('',(0.,0.,1.));
#7670 = PCURVE('',#7391,#7671);
#7671 = DEFINITIONAL_REPRESENTATION('',(#7672),#7676);
#7672 = LINE('',#7673,#7674);
#7673 = CARTESIAN_POINT('',(4.618802153517,0.));
#7674 = VECTOR('',#7675,1.);
#7675 = DIRECTION('',(0.,-1.));
#7676 = ( GEOMETRIC_REPRESENTATION_CONTEXT(2) 
PARAMETRIC_REPRESENTATION_CONTEXT() REPRESENTATION_CONTEXT('2D SPACE',''
  ) );
#7677 = PCURVE('',#7468,#7678);
#7678 = DEFINITIONAL_REPRESENTATION('',(#7679),#7683);
#7679 = LINE('',#7680,#7681);
#7680 = CARTESIAN_POINT('',(0.,0.));
#7681 = VECTOR('',#7682,1.);
#7682 = DIRECTION('',(0.,-1.));
#7683 = ( GEOMETRIC_REPRESENTATION_CONTEXT(2) 
PARAMETRIC_REPRESENTATION_CONTEXT() REPRESENTATION_CONTEXT('2D SPACE',''
  ) );
#7684 = ORIENTED_EDGE('',*,*,#7429,.F.);
#7685 = ADVANCED_FACE('',(#7686),#7468,.F.);
#7686 = FACE_BOUND('',#7687,.F.);
#7687 = EDGE_LOOP('',(#7688,#7689,#7690,#7691));
#7688 = ORIENTED_EDGE('',*,*,#7664,.T.);
#7689 = ORIENTED_EDGE('',*,*,#7561,.T.);
#7690 = ORIENTED_EDGE('',*,*,#7635,.F.);
#7691 = ORIENTED_EDGE('',*,*,#7452,.F.);
#7692 = ADVANCED_FACE('',(#7693),#7521,.F.);
#7693 = FACE_BOUND('',#7694,.F.);
#7694 = EDGE_LOOP('',(#7695,#7696,#7717,#7718));
#7695 = ORIENTED_EDGE('',*,*,#7608,.F.);
#7696 = ORIENTED_EDGE('',*,*,#7697,.F.);
#7697 = EDGE_CURVE('',#7505,#7609,#7698,.T.);
#7698 = SEAM_CURVE('',#7699,(#7703,#7710),.PCURVE_S1.);
#7699 = LINE('',#7700,#7701);
#7700 = CARTESIAN_POINT('',(2.5,16.,5.4));
#7701 = VECTOR('',#7702,1.);
#7702 = DIRECTION('',(0.,0.,1.));
#7703 = PCURVE('',#7521,#7704);
#7704 = DEFINITIONAL_REPRESENTATION('',(#7705),#7709);
#7705 = LINE('',#7706,#7707);
#7706 = CARTESIAN_POINT('',(6.28318530718,-0.));
#7707 = VECTOR('',#7708,1.);
#7708 = DIRECTION('',(0.,1.));
#7709 = ( GEOMETRIC_REPRESENTATION_CONTEXT(2) 
PARAMETRIC_REPRESENTATION_CONTEXT() REPRESENTATION_CONTEXT('2D SPACE',''
  ) );
#7710 = PCURVE('',#7521,#7711);
#7711 = DEFINITIONAL_REPRESENTATION('',(#7712),#7716);
#7712 = LINE('',#7713,#7714);
#7713 = CARTESIAN_POINT('',(0.,-0.));
#7714 = VECTOR('',#7715,1.);
#7715 = DIRECTION('',(0.,1.));
#7716 = ( GEOMETRIC_REPRESENTATION_CONTEXT(2) 
PARAMETRIC_REPRESENTATION_CONTEXT() REPRESENTATION_CONTEXT('2D SPACE',''
  ) );
#7717 = ORIENTED_EDGE('',*,*,#7504,.T.);
#7718 = ORIENTED_EDGE('',*,*,#7697,.T.);
#7719 = ( GEOMETRIC_REPRESENTATION_CONTEXT(3) 
GLOBAL_UNCERTAINTY_ASSIGNED_CONTEXT((#7723)) 
GLOBAL_UNIT_ASSIGNED_CONTEXT((#7720,#7721,#7722)) REPRESENTATION_CONTEXT
('Context #1','3D Context with UNIT and UNCERTAINTY') );
#7720 = ( LENGTH_UNIT() NAMED_UNIT(*) SI_UNIT(.MILLI.,.METRE.) );
#7721 = ( NAMED_UNIT(*) PLANE_ANGLE_UNIT() SI_UNIT($,.RADIAN.) );
#7722 = ( NAMED_UNIT(*) SI_UNIT($,.STERADIAN.) SOLID_ANGLE_UNIT() );
#7723 = UNCERTAINTY_MEASURE_WITH_UNIT(LENGTH_MEASURE(1.E-07),#7720,
  'distance_accuracy_value','confusion accuracy');
#7724 = CONTEXT_DEPENDENT_SHAPE_REPRESENTATION(#7725,#7727);
#7725 = ( REPRESENTATION_RELATIONSHIP('','',#7148,#10) 
REPRESENTATION_RELATIONSHIP_WITH_TRANSFORMATION(#7726) 
SHAPE_REPRESENTATION_RELATIONSHIP() );
#7726 = ITEM_DEFINED_TRANSFORMATION('','',#11,#39);
#7727 = PRODUCT_DEFINITION_SHAPE('Placement','Placement of an item',
  #7728);
#7728 = NEXT_ASSEMBLY_USAGE_OCCURRENCE('31','target_nut_2_DIN934_M5','',
  #5,#7143,$);
#7729 = PRODUCT_RELATED_PRODUCT_CATEGORY('part',$,(#7145));
#7730 = SHAPE_DEFINITION_REPRESENTATION(#7731,#7737);
#7731 = PRODUCT_DEFINITION_SHAPE('','',#7732);
#7732 = PRODUCT_DEFINITION('design','',#7733,#7736);
#7733 = PRODUCT_DEFINITION_FORMATION('','',#7734);
#7734 = PRODUCT('shoulder_lock_stud_1_McMaster_90318A720',
  'shoulder_lock_stud_1_McMaster_90318A720','',(#7735));
#7735 = PRODUCT_CONTEXT('',#2,'mechanical');
#7736 = PRODUCT_DEFINITION_CONTEXT('part definition',#2,'design');
#7737 = ADVANCED_BREP_SHAPE_REPRESENTATION('',(#11,#7738),#8016);
#7738 = MANIFOLD_SOLID_BREP('',#7739);
#7739 = CLOSED_SHELL('',(#7740,#7828,#7832,#7867,#7922,#7957,#8012));
#7740 = ADVANCED_FACE('',(#7741),#7755,.T.);
#7741 = FACE_BOUND('',#7742,.F.);
#7742 = EDGE_LOOP('',(#7743,#7773,#7800,#7801));
#7743 = ORIENTED_EDGE('',*,*,#7744,.T.);
#7744 = EDGE_CURVE('',#7745,#7747,#7749,.T.);
#7745 = VERTEX_POINT('',#7746);
#7746 = CARTESIAN_POINT('',(-9.,0.,-6.3));
#7747 = VERTEX_POINT('',#7748);
#7748 = CARTESIAN_POINT('',(-9.,0.,-5.));
#7749 = SEAM_CURVE('',#7750,(#7754,#7766),.PCURVE_S1.);
#7750 = LINE('',#7751,#7752);
#7751 = CARTESIAN_POINT('',(-9.,0.,-6.3));
#7752 = VECTOR('',#7753,1.);
#7753 = DIRECTION('',(0.,0.,1.));
#7754 = PCURVE('',#7755,#7760);
#7755 = CYLINDRICAL_SURFACE('',#7756,3.);
#7756 = AXIS2_PLACEMENT_3D('',#7757,#7758,#7759);
#7757 = CARTESIAN_POINT('',(-12.,0.,-6.3));
#7758 = DIRECTION('',(-0.,-0.,-1.));
#7759 = DIRECTION('',(1.,0.,0.));
#7760 = DEFINITIONAL_REPRESENTATION('',(#7761),#7765);
#7761 = LINE('',#7762,#7763);
#7762 = CARTESIAN_POINT('',(-0.,0.));
#7763 = VECTOR('',#7764,1.);
#7764 = DIRECTION('',(-0.,-1.));
#7765 = ( GEOMETRIC_REPRESENTATION_CONTEXT(2) 
PARAMETRIC_REPRESENTATION_CONTEXT() REPRESENTATION_CONTEXT('2D SPACE',''
  ) );
#7766 = PCURVE('',#7755,#7767);
#7767 = DEFINITIONAL_REPRESENTATION('',(#7768),#7772);
#7768 = LINE('',#7769,#7770);
#7769 = CARTESIAN_POINT('',(-6.28318530718,0.));
#7770 = VECTOR('',#7771,1.);
#7771 = DIRECTION('',(-0.,-1.));
#7772 = ( GEOMETRIC_REPRESENTATION_CONTEXT(2) 
PARAMETRIC_REPRESENTATION_CONTEXT() REPRESENTATION_CONTEXT('2D SPACE',''
  ) );
#7773 = ORIENTED_EDGE('',*,*,#7774,.T.);
#7774 = EDGE_CURVE('',#7747,#7747,#7775,.T.);
#7775 = SURFACE_CURVE('',#7776,(#7781,#7788),.PCURVE_S1.);
#7776 = CIRCLE('',#7777,3.);
#7777 = AXIS2_PLACEMENT_3D('',#7778,#7779,#7780);
#7778 = CARTESIAN_POINT('',(-12.,0.,-5.));
#7779 = DIRECTION('',(0.,0.,1.));
#7780 = DIRECTION('',(1.,0.,0.));
#7781 = PCURVE('',#7755,#7782);
#7782 = DEFINITIONAL_REPRESENTATION('',(#7783),#7787);
#7783 = LINE('',#7784,#7785);
#7784 = CARTESIAN_POINT('',(-0.,-1.3));
#7785 = VECTOR('',#7786,1.);
#7786 = DIRECTION('',(-1.,0.));
#7787 = ( GEOMETRIC_REPRESENTATION_CONTEXT(2) 
PARAMETRIC_REPRESENTATION_CONTEXT() REPRESENTATION_CONTEXT('2D SPACE',''
  ) );
#7788 = PCURVE('',#7789,#7794);
#7789 = PLANE('',#7790);
#7790 = AXIS2_PLACEMENT_3D('',#7791,#7792,#7793);
#7791 = CARTESIAN_POINT('',(-12.,-8.51133553645E-18,-5.));
#7792 = DIRECTION('',(0.,0.,1.));
#7793 = DIRECTION('',(1.,0.,-0.));
#7794 = DEFINITIONAL_REPRESENTATION('',(#7795),#7799);
#7795 = CIRCLE('',#7796,3.);
#7796 = AXIS2_PLACEMENT_2D('',#7797,#7798);
#7797 = CARTESIAN_POINT('',(0.,8.51133553645E-18));
#7798 = DIRECTION('',(1.,0.));
#7799 = ( GEOMETRIC_REPRESENTATION_CONTEXT(2) 
PARAMETRIC_REPRESENTATION_CONTEXT() REPRESENTATION_CONTEXT('2D SPACE',''
  ) );
#7800 = ORIENTED_EDGE('',*,*,#7744,.F.);
#7801 = ORIENTED_EDGE('',*,*,#7802,.F.);
#7802 = EDGE_CURVE('',#7745,#7745,#7803,.T.);
#7803 = SURFACE_CURVE('',#7804,(#7809,#7816),.PCURVE_S1.);
#7804 = CIRCLE('',#7805,3.);
#7805 = AXIS2_PLACEMENT_3D('',#7806,#7807,#7808);
#7806 = CARTESIAN_POINT('',(-12.,0.,-6.3));
#7807 = DIRECTION('',(0.,0.,1.));
#7808 = DIRECTION('',(1.,0.,0.));
#7809 = PCURVE('',#7755,#7810);
#7810 = DEFINITIONAL_REPRESENTATION('',(#7811),#7815);
#7811 = LINE('',#7812,#7813);
#7812 = CARTESIAN_POINT('',(-0.,0.));
#7813 = VECTOR('',#7814,1.);
#7814 = DIRECTION('',(-1.,0.));
#7815 = ( GEOMETRIC_REPRESENTATION_CONTEXT(2) 
PARAMETRIC_REPRESENTATION_CONTEXT() REPRESENTATION_CONTEXT('2D SPACE',''
  ) );
#7816 = PCURVE('',#7817,#7822);
#7817 = PLANE('',#7818);
#7818 = AXIS2_PLACEMENT_3D('',#7819,#7820,#7821);
#7819 = CARTESIAN_POINT('',(-12.,-8.51133553645E-18,-6.3));
#7820 = DIRECTION('',(0.,0.,1.));
#7821 = DIRECTION('',(1.,0.,-0.));
#7822 = DEFINITIONAL_REPRESENTATION('',(#7823),#7827);
#7823 = CIRCLE('',#7824,3.);
#7824 = AXIS2_PLACEMENT_2D('',#7825,#7826);
#7825 = CARTESIAN_POINT('',(0.,8.51133553645E-18));
#7826 = DIRECTION('',(1.,0.));
#7827 = ( GEOMETRIC_REPRESENTATION_CONTEXT(2) 
PARAMETRIC_REPRESENTATION_CONTEXT() REPRESENTATION_CONTEXT('2D SPACE',''
  ) );
#7828 = ADVANCED_FACE('',(#7829),#7817,.F.);
#7829 = FACE_BOUND('',#7830,.F.);
#7830 = EDGE_LOOP('',(#7831));
#7831 = ORIENTED_EDGE('',*,*,#7802,.T.);
#7832 = ADVANCED_FACE('',(#7833,#7836),#7789,.T.);
#7833 = FACE_BOUND('',#7834,.T.);
#7834 = EDGE_LOOP('',(#7835));
#7835 = ORIENTED_EDGE('',*,*,#7774,.T.);
#7836 = FACE_BOUND('',#7837,.T.);
#7837 = EDGE_LOOP('',(#7838));
#7838 = ORIENTED_EDGE('',*,*,#7839,.F.);
#7839 = EDGE_CURVE('',#7840,#7840,#7842,.T.);
#7840 = VERTEX_POINT('',#7841);
#7841 = CARTESIAN_POINT('',(-10.,0.,-5.));
#7842 = SURFACE_CURVE('',#7843,(#7848,#7855),.PCURVE_S1.);
#7843 = CIRCLE('',#7844,2.);
#7844 = AXIS2_PLACEMENT_3D('',#7845,#7846,#7847);
#7845 = CARTESIAN_POINT('',(-12.,0.,-5.));
#7846 = DIRECTION('',(0.,0.,1.));
#7847 = DIRECTION('',(1.,0.,0.));
#7848 = PCURVE('',#7789,#7849);
#7849 = DEFINITIONAL_REPRESENTATION('',(#7850),#7854);
#7850 = CIRCLE('',#7851,2.);
#7851 = AXIS2_PLACEMENT_2D('',#7852,#7853);
#7852 = CARTESIAN_POINT('',(0.,8.51133553645E-18));
#7853 = DIRECTION('',(1.,0.));
#7854 = ( GEOMETRIC_REPRESENTATION_CONTEXT(2) 
PARAMETRIC_REPRESENTATION_CONTEXT() REPRESENTATION_CONTEXT('2D SPACE',''
  ) );
#7855 = PCURVE('',#7856,#7861);
#7856 = CYLINDRICAL_SURFACE('',#7857,2.);
#7857 = AXIS2_PLACEMENT_3D('',#7858,#7859,#7860);
#7858 = CARTESIAN_POINT('',(-12.,0.,-5.));
#7859 = DIRECTION('',(-0.,-0.,-1.));
#7860 = DIRECTION('',(1.,0.,0.));
#7861 = DEFINITIONAL_REPRESENTATION('',(#7862),#7866);
#7862 = LINE('',#7863,#7864);
#7863 = CARTESIAN_POINT('',(-0.,0.));
#7864 = VECTOR('',#7865,1.);
#7865 = DIRECTION('',(-1.,0.));
#7866 = ( GEOMETRIC_REPRESENTATION_CONTEXT(2) 
PARAMETRIC_REPRESENTATION_CONTEXT() REPRESENTATION_CONTEXT('2D SPACE',''
  ) );
#7867 = ADVANCED_FACE('',(#7868),#7856,.T.);
#7868 = FACE_BOUND('',#7869,.F.);
#7869 = EDGE_LOOP('',(#7870,#7893,#7920,#7921));
#7870 = ORIENTED_EDGE('',*,*,#7871,.T.);
#7871 = EDGE_CURVE('',#7840,#7872,#7874,.T.);
#7872 = VERTEX_POINT('',#7873);
#7873 = CARTESIAN_POINT('',(-10.,0.,0.));
#7874 = SEAM_CURVE('',#7875,(#7879,#7886),.PCURVE_S1.);
#7875 = LINE('',#7876,#7877);
#7876 = CARTESIAN_POINT('',(-10.,0.,-5.));
#7877 = VECTOR('',#7878,1.);
#7878 = DIRECTION('',(0.,0.,1.));
#7879 = PCURVE('',#7856,#7880);
#7880 = DEFINITIONAL_REPRESENTATION('',(#7881),#7885);
#7881 = LINE('',#7882,#7883);
#7882 = CARTESIAN_POINT('',(-0.,0.));
#7883 = VECTOR('',#7884,1.);
#7884 = DIRECTION('',(-0.,-1.));
#7885 = ( GEOMETRIC_REPRESENTATION_CONTEXT(2) 
PARAMETRIC_REPRESENTATION_CONTEXT() REPRESENTATION_CONTEXT('2D SPACE',''
  ) );
#7886 = PCURVE('',#7856,#7887);
#7887 = DEFINITIONAL_REPRESENTATION('',(#7888),#7892);
#7888 = LINE('',#7889,#7890);
#7889 = CARTESIAN_POINT('',(-6.28318530718,0.));
#7890 = VECTOR('',#7891,1.);
#7891 = DIRECTION('',(-0.,-1.));
#7892 = ( GEOMETRIC_REPRESENTATION_CONTEXT(2) 
PARAMETRIC_REPRESENTATION_CONTEXT() REPRESENTATION_CONTEXT('2D SPACE',''
  ) );
#7893 = ORIENTED_EDGE('',*,*,#7894,.T.);
#7894 = EDGE_CURVE('',#7872,#7872,#7895,.T.);
#7895 = SURFACE_CURVE('',#7896,(#7901,#7908),.PCURVE_S1.);
#7896 = CIRCLE('',#7897,2.);
#7897 = AXIS2_PLACEMENT_3D('',#7898,#7899,#7900);
#7898 = CARTESIAN_POINT('',(-12.,0.,0.));
#7899 = DIRECTION('',(0.,0.,1.));
#7900 = DIRECTION('',(1.,0.,0.));
#7901 = PCURVE('',#7856,#7902);
#7902 = DEFINITIONAL_REPRESENTATION('',(#7903),#7907);
#7903 = LINE('',#7904,#7905);
#7904 = CARTESIAN_POINT('',(-0.,-5.));
#7905 = VECTOR('',#7906,1.);
#7906 = DIRECTION('',(-1.,0.));
#7907 = ( GEOMETRIC_REPRESENTATION_CONTEXT(2) 
PARAMETRIC_REPRESENTATION_CONTEXT() REPRESENTATION_CONTEXT('2D SPACE',''
  ) );
#7908 = PCURVE('',#7909,#7914);
#7909 = PLANE('',#7910);
#7910 = AXIS2_PLACEMENT_3D('',#7911,#7912,#7913);
#7911 = CARTESIAN_POINT('',(-12.,1.74751904908E-16,0.));
#7912 = DIRECTION('',(0.,0.,1.));
#7913 = DIRECTION('',(1.,0.,-0.));
#7914 = DEFINITIONAL_REPRESENTATION('',(#7915),#7919);
#7915 = CIRCLE('',#7916,2.);
#7916 = AXIS2_PLACEMENT_2D('',#7917,#7918);
#7917 = CARTESIAN_POINT('',(0.,-1.74751904908E-16));
#7918 = DIRECTION('',(1.,0.));
#7919 = ( GEOMETRIC_REPRESENTATION_CONTEXT(2) 
PARAMETRIC_REPRESENTATION_CONTEXT() REPRESENTATION_CONTEXT('2D SPACE',''
  ) );
#7920 = ORIENTED_EDGE('',*,*,#7871,.F.);
#7921 = ORIENTED_EDGE('',*,*,#7839,.F.);
#7922 = ADVANCED_FACE('',(#7923,#7926),#7909,.T.);
#7923 = FACE_BOUND('',#7924,.T.);
#7924 = EDGE_LOOP('',(#7925));
#7925 = ORIENTED_EDGE('',*,*,#7894,.T.);
#7926 = FACE_BOUND('',#7927,.T.);
#7927 = EDGE_LOOP('',(#7928));
#7928 = ORIENTED_EDGE('',*,*,#7929,.F.);
#7929 = EDGE_CURVE('',#7930,#7930,#7932,.T.);
#7930 = VERTEX_POINT('',#7931);
#7931 = CARTESIAN_POINT('',(-10.5,0.,0.));
#7932 = SURFACE_CURVE('',#7933,(#7938,#7945),.PCURVE_S1.);
#7933 = CIRCLE('',#7934,1.5);
#7934 = AXIS2_PLACEMENT_3D('',#7935,#7936,#7937);
#7935 = CARTESIAN_POINT('',(-12.,0.,0.));
#7936 = DIRECTION('',(0.,0.,1.));
#7937 = DIRECTION('',(1.,0.,0.));
#7938 = PCURVE('',#7909,#7939);
#7939 = DEFINITIONAL_REPRESENTATION('',(#7940),#7944);
#7940 = CIRCLE('',#7941,1.5);
#7941 = AXIS2_PLACEMENT_2D('',#7942,#7943);
#7942 = CARTESIAN_POINT('',(0.,-1.74751904908E-16));
#7943 = DIRECTION('',(1.,0.));
#7944 = ( GEOMETRIC_REPRESENTATION_CONTEXT(2) 
PARAMETRIC_REPRESENTATION_CONTEXT() REPRESENTATION_CONTEXT('2D SPACE',''
  ) );
#7945 = PCURVE('',#7946,#7951);
#7946 = CYLINDRICAL_SURFACE('',#7947,1.5);
#7947 = AXIS2_PLACEMENT_3D('',#7948,#7949,#7950);
#7948 = CARTESIAN_POINT('',(-12.,0.,0.));
#7949 = DIRECTION('',(-0.,-0.,-1.));
#7950 = DIRECTION('',(1.,0.,0.));
#7951 = DEFINITIONAL_REPRESENTATION('',(#7952),#7956);
#7952 = LINE('',#7953,#7954);
#7953 = CARTESIAN_POINT('',(-0.,0.));
#7954 = VECTOR('',#7955,1.);
#7955 = DIRECTION('',(-1.,0.));
#7956 = ( GEOMETRIC_REPRESENTATION_CONTEXT(2) 
PARAMETRIC_REPRESENTATION_CONTEXT() REPRESENTATION_CONTEXT('2D SPACE',''
  ) );
#7957 = ADVANCED_FACE('',(#7958),#7946,.T.);
#7958 = FACE_BOUND('',#7959,.F.);
#7959 = EDGE_LOOP('',(#7960,#7983,#8010,#8011));
#7960 = ORIENTED_EDGE('',*,*,#7961,.T.);
#7961 = EDGE_CURVE('',#7930,#7962,#7964,.T.);
#7962 = VERTEX_POINT('',#7963);
#7963 = CARTESIAN_POINT('',(-10.5,0.,4.));
#7964 = SEAM_CURVE('',#7965,(#7969,#7976),.PCURVE_S1.);
#7965 = LINE('',#7966,#7967);
#7966 = CARTESIAN_POINT('',(-10.5,0.,0.));
#7967 = VECTOR('',#7968,1.);
#7968 = DIRECTION('',(0.,0.,1.));
#7969 = PCURVE('',#7946,#7970);
#7970 = DEFINITIONAL_REPRESENTATION('',(#7971),#7975);
#7971 = LINE('',#7972,#7973);
#7972 = CARTESIAN_POINT('',(-0.,0.));
#7973 = VECTOR('',#7974,1.);
#7974 = DIRECTION('',(-0.,-1.));
#7975 = ( GEOMETRIC_REPRESENTATION_CONTEXT(2) 
PARAMETRIC_REPRESENTATION_CONTEXT() REPRESENTATION_CONTEXT('2D SPACE',''
  ) );
#7976 = PCURVE('',#7946,#7977);
#7977 = DEFINITIONAL_REPRESENTATION('',(#7978),#7982);
#7978 = LINE('',#7979,#7980);
#7979 = CARTESIAN_POINT('',(-6.28318530718,0.));
#7980 = VECTOR('',#7981,1.);
#7981 = DIRECTION('',(-0.,-1.));
#7982 = ( GEOMETRIC_REPRESENTATION_CONTEXT(2) 
PARAMETRIC_REPRESENTATION_CONTEXT() REPRESENTATION_CONTEXT('2D SPACE',''
  ) );
#7983 = ORIENTED_EDGE('',*,*,#7984,.T.);
#7984 = EDGE_CURVE('',#7962,#7962,#7985,.T.);
#7985 = SURFACE_CURVE('',#7986,(#7991,#7998),.PCURVE_S1.);
#7986 = CIRCLE('',#7987,1.5);
#7987 = AXIS2_PLACEMENT_3D('',#7988,#7989,#7990);
#7988 = CARTESIAN_POINT('',(-12.,0.,4.));
#7989 = DIRECTION('',(0.,0.,1.));
#7990 = DIRECTION('',(1.,0.,0.));
#7991 = PCURVE('',#7946,#7992);
#7992 = DEFINITIONAL_REPRESENTATION('',(#7993),#7997);
#7993 = LINE('',#7994,#7995);
#7994 = CARTESIAN_POINT('',(-0.,-4.));
#7995 = VECTOR('',#7996,1.);
#7996 = DIRECTION('',(-1.,0.));
#7997 = ( GEOMETRIC_REPRESENTATION_CONTEXT(2) 
PARAMETRIC_REPRESENTATION_CONTEXT() REPRESENTATION_CONTEXT('2D SPACE',''
  ) );
#7998 = PCURVE('',#7999,#8004);
#7999 = PLANE('',#8000);
#8000 = AXIS2_PLACEMENT_3D('',#8001,#8002,#8003);
#8001 = CARTESIAN_POINT('',(-12.,-4.255667768225E-18,4.));
#8002 = DIRECTION('',(0.,0.,1.));
#8003 = DIRECTION('',(1.,0.,-0.));
#8004 = DEFINITIONAL_REPRESENTATION('',(#8005),#8009);
#8005 = CIRCLE('',#8006,1.5);
#8006 = AXIS2_PLACEMENT_2D('',#8007,#8008);
#8007 = CARTESIAN_POINT('',(0.,4.255667768225E-18));
#8008 = DIRECTION('',(1.,0.));
#8009 = ( GEOMETRIC_REPRESENTATION_CONTEXT(2) 
PARAMETRIC_REPRESENTATION_CONTEXT() REPRESENTATION_CONTEXT('2D SPACE',''
  ) );
#8010 = ORIENTED_EDGE('',*,*,#7961,.F.);
#8011 = ORIENTED_EDGE('',*,*,#7929,.F.);
#8012 = ADVANCED_FACE('',(#8013),#7999,.T.);
#8013 = FACE_BOUND('',#8014,.T.);
#8014 = EDGE_LOOP('',(#8015));
#8015 = ORIENTED_EDGE('',*,*,#7984,.T.);
#8016 = ( GEOMETRIC_REPRESENTATION_CONTEXT(3) 
GLOBAL_UNCERTAINTY_ASSIGNED_CONTEXT((#8020)) 
GLOBAL_UNIT_ASSIGNED_CONTEXT((#8017,#8018,#8019)) REPRESENTATION_CONTEXT
('Context #1','3D Context with UNIT and UNCERTAINTY') );
#8017 = ( LENGTH_UNIT() NAMED_UNIT(*) SI_UNIT(.MILLI.,.METRE.) );
#8018 = ( NAMED_UNIT(*) PLANE_ANGLE_UNIT() SI_UNIT($,.RADIAN.) );
#8019 = ( NAMED_UNIT(*) SI_UNIT($,.STERADIAN.) SOLID_ANGLE_UNIT() );
#8020 = UNCERTAINTY_MEASURE_WITH_UNIT(LENGTH_MEASURE(1.E-07),#8017,
  'distance_accuracy_value','confusion accuracy');
#8021 = CONTEXT_DEPENDENT_SHAPE_REPRESENTATION(#8022,#8024);
#8022 = ( REPRESENTATION_RELATIONSHIP('','',#7737,#10) 
REPRESENTATION_RELATIONSHIP_WITH_TRANSFORMATION(#8023) 
SHAPE_REPRESENTATION_RELATIONSHIP() );
#8023 = ITEM_DEFINED_TRANSFORMATION('','',#11,#43);
#8024 = PRODUCT_DEFINITION_SHAPE('Placement','Placement of an item',
  #8025);
#8025 = NEXT_ASSEMBLY_USAGE_OCCURRENCE('32',
  'shoulder_lock_stud_1_McMaster_90318A720','',#5,#7732,$);
#8026 = PRODUCT_RELATED_PRODUCT_CATEGORY('part',$,(#7734));
#8027 = SHAPE_DEFINITION_REPRESENTATION(#8028,#8034);
#8028 = PRODUCT_DEFINITION_SHAPE('','',#8029);
#8029 = PRODUCT_DEFINITION('design','',#8030,#8033);
#8030 = PRODUCT_DEFINITION_FORMATION('','',#8031);
#8031 = PRODUCT('lock_stud_nut_1_DIN934_M3','lock_stud_nut_1_DIN934_M3',
  '',(#8032));
#8032 = PRODUCT_CONTEXT('',#2,'mechanical');
#8033 = PRODUCT_DEFINITION_CONTEXT('part definition',#2,'design');
#8034 = ADVANCED_BREP_SHAPE_REPRESENTATION('',(#11,#8035),#8605);
#8035 = MANIFOLD_SOLID_BREP('',#8036);
#8036 = CLOSED_SHELL('',(#8037,#8157,#8233,#8309,#8418,#8517,#8544,#8571
    ,#8578));
#8037 = ADVANCED_FACE('',(#8038),#8052,.F.);
#8038 = FACE_BOUND('',#8039,.F.);
#8039 = EDGE_LOOP('',(#8040,#8075,#8103,#8131));
#8040 = ORIENTED_EDGE('',*,*,#8041,.T.);
#8041 = EDGE_CURVE('',#8042,#8044,#8046,.T.);
#8042 = VERTEX_POINT('',#8043);
#8043 = CARTESIAN_POINT('',(-8.824573519514,0.,1.5));
#8044 = VERTEX_POINT('',#8045);
#8045 = CARTESIAN_POINT('',(-8.824573519514,0.,3.9));
#8046 = SURFACE_CURVE('',#8047,(#8051,#8063),.PCURVE_S1.);
#8047 = LINE('',#8048,#8049);
#8048 = CARTESIAN_POINT('',(-8.824573519514,0.,1.5));
#8049 = VECTOR('',#8050,1.);
#8050 = DIRECTION('',(0.,0.,1.));
#8051 = PCURVE('',#8052,#8057);
#8052 = PLANE('',#8053);
#8053 = AXIS2_PLACEMENT_3D('',#8054,#8055,#8056);
#8054 = CARTESIAN_POINT('',(-8.824573519514,0.,1.5));
#8055 = DIRECTION('',(-0.866025403784,-0.5,0.));
#8056 = DIRECTION('',(-0.5,0.866025403784,0.));
#8057 = DEFINITIONAL_REPRESENTATION('',(#8058),#8062);
#8058 = LINE('',#8059,#8060);
#8059 = CARTESIAN_POINT('',(0.,0.));
#8060 = VECTOR('',#8061,1.);
#8061 = DIRECTION('',(0.,-1.));
#8062 = ( GEOMETRIC_REPRESENTATION_CONTEXT(2) 
PARAMETRIC_REPRESENTATION_CONTEXT() REPRESENTATION_CONTEXT('2D SPACE',''
  ) );
#8063 = PCURVE('',#8064,#8069);
#8064 = PLANE('',#8065);
#8065 = AXIS2_PLACEMENT_3D('',#8066,#8067,#8068);
#8066 = CARTESIAN_POINT('',(-10.41228675975,-2.749999999951,1.5));
#8067 = DIRECTION('',(-0.866025403784,0.5,0.));
#8068 = DIRECTION('',(0.5,0.866025403784,0.));
#8069 = DEFINITIONAL_REPRESENTATION('',(#8070),#8074);
#8070 = LINE('',#8071,#8072);
#8071 = CARTESIAN_POINT('',(3.175426480486,0.));
#8072 = VECTOR('',#8073,1.);
#8073 = DIRECTION('',(0.,-1.));
#8074 = ( GEOMETRIC_REPRESENTATION_CONTEXT(2) 
PARAMETRIC_REPRESENTATION_CONTEXT() REPRESENTATION_CONTEXT('2D SPACE',''
  ) );
#8075 = ORIENTED_EDGE('',*,*,#8076,.T.);
#8076 = EDGE_CURVE('',#8044,#8077,#8079,.T.);
#8077 = VERTEX_POINT('',#8078);
#8078 = CARTESIAN_POINT('',(-10.41228675975,2.749999999951,3.9));
#8079 = SURFACE_CURVE('',#8080,(#8084,#8091),.PCURVE_S1.);
#8080 = LINE('',#8081,#8082);
#8081 = CARTESIAN_POINT('',(-8.824573519514,0.,3.9));
#8082 = VECTOR('',#8083,1.);
#8083 = DIRECTION('',(-0.5,0.866025403784,0.));
#8084 = PCURVE('',#8052,#8085);
#8085 = DEFINITIONAL_REPRESENTATION('',(#8086),#8090);
#8086 = LINE('',#8087,#8088);
#8087 = CARTESIAN_POINT('',(0.,-2.4));
#8088 = VECTOR('',#8089,1.);
#8089 = DIRECTION('',(1.,0.));
#8090 = ( GEOMETRIC_REPRESENTATION_CONTEXT(2) 
PARAMETRIC_REPRESENTATION_CONTEXT() REPRESENTATION_CONTEXT('2D SPACE',''
  ) );
#8091 = PCURVE('',#8092,#8097);
#8092 = PLANE('',#8093);
#8093 = AXIS2_PLACEMENT_3D('',#8094,#8095,#8096);
#8094 = CARTESIAN_POINT('',(-12.,0.,3.9));
#8095 = DIRECTION('',(0.,0.,1.));
#8096 = DIRECTION('',(1.,0.,-0.));
#8097 = DEFINITIONAL_REPRESENTATION('',(#8098),#8102);
#8098 = LINE('',#8099,#8100);
#8099 = CARTESIAN_POINT('',(3.175426480486,0.));
#8100 = VECTOR('',#8101,1.);
#8101 = DIRECTION('',(-0.5,0.866025403784));
#8102 = ( GEOMETRIC_REPRESENTATION_CONTEXT(2) 
PARAMETRIC_REPRESENTATION_CONTEXT() REPRESENTATION_CONTEXT('2D SPACE',''
  ) );
#8103 = ORIENTED_EDGE('',*,*,#8104,.F.);
#8104 = EDGE_CURVE('',#8105,#8077,#8107,.T.);
#8105 = VERTEX_POINT('',#8106);
#8106 = CARTESIAN_POINT('',(-10.41228675975,2.749999999951,1.5));
#8107 = SURFACE_CURVE('',#8108,(#8112,#8119),.PCURVE_S1.);
#8108 = LINE('',#8109,#8110);
#8109 = CARTESIAN_POINT('',(-10.41228675975,2.749999999951,1.5));
#8110 = VECTOR('',#8111,1.);
#8111 = DIRECTION('',(0.,0.,1.));
#8112 = PCURVE('',#8052,#8113);
#8113 = DEFINITIONAL_REPRESENTATION('',(#8114),#8118);
#8114 = LINE('',#8115,#8116);
#8115 = CARTESIAN_POINT('',(3.175426480486,0.));
#8116 = VECTOR('',#8117,1.);
#8117 = DIRECTION('',(0.,-1.));
#8118 = ( GEOMETRIC_REPRESENTATION_CONTEXT(2) 
PARAMETRIC_REPRESENTATION_CONTEXT() REPRESENTATION_CONTEXT('2D SPACE',''
  ) );
#8119 = PCURVE('',#8120,#8125);
#8120 = PLANE('',#8121);
#8121 = AXIS2_PLACEMENT_3D('',#8122,#8123,#8124);
#8122 = CARTESIAN_POINT('',(-10.41228675975,2.749999999951,1.5));
#8123 = DIRECTION('',(-1.398518317395E-16,-1.,0.));
#8124 = DIRECTION('',(-1.,1.398518317395E-16,0.));
#8125 = DEFINITIONAL_REPRESENTATION('',(#8126),#8130);
#8126 = LINE('',#8127,#8128);
#8127 = CARTESIAN_POINT('',(0.,0.));
#8128 = VECTOR('',#8129,1.);
#8129 = DIRECTION('',(0.,-1.));
#8130 = ( GEOMETRIC_REPRESENTATION_CONTEXT(2) 
PARAMETRIC_REPRESENTATION_CONTEXT() REPRESENTATION_CONTEXT('2D SPACE',''
  ) );
#8131 = ORIENTED_EDGE('',*,*,#8132,.F.);
#8132 = EDGE_CURVE('',#8042,#8105,#8133,.T.);
#8133 = SURFACE_CURVE('',#8134,(#8138,#8145),.PCURVE_S1.);
#8134 = LINE('',#8135,#8136);
#8135 = CARTESIAN_POINT('',(-8.824573519514,0.,1.5));
#8136 = VECTOR('',#8137,1.);
#8137 = DIRECTION('',(-0.5,0.866025403784,0.));
#8138 = PCURVE('',#8052,#8139);
#8139 = DEFINITIONAL_REPRESENTATION('',(#8140),#8144);
#8140 = LINE('',#8141,#8142);
#8141 = CARTESIAN_POINT('',(0.,0.));
#8142 = VECTOR('',#8143,1.);
#8143 = DIRECTION('',(1.,0.));
#8144 = ( GEOMETRIC_REPRESENTATION_CONTEXT(2) 
PARAMETRIC_REPRESENTATION_CONTEXT() REPRESENTATION_CONTEXT('2D SPACE',''
  ) );
#8145 = PCURVE('',#8146,#8151);
#8146 = PLANE('',#8147);
#8147 = AXIS2_PLACEMENT_3D('',#8148,#8149,#8150);
#8148 = CARTESIAN_POINT('',(-12.,0.,1.5));
#8149 = DIRECTION('',(0.,0.,1.));
#8150 = DIRECTION('',(1.,0.,-0.));
#8151 = DEFINITIONAL_REPRESENTATION('',(#8152),#8156);
#8152 = LINE('',#8153,#8154);
#8153 = CARTESIAN_POINT('',(3.175426480486,0.));
#8154 = VECTOR('',#8155,1.);
#8155 = DIRECTION('',(-0.5,0.866025403784));
#8156 = ( GEOMETRIC_REPRESENTATION_CONTEXT(2) 
PARAMETRIC_REPRESENTATION_CONTEXT() REPRESENTATION_CONTEXT('2D SPACE',''
  ) );
#8157 = ADVANCED_FACE('',(#8158),#8064,.F.);
#8158 = FACE_BOUND('',#8159,.F.);
#8159 = EDGE_LOOP('',(#8160,#8190,#8211,#8212));
#8160 = ORIENTED_EDGE('',*,*,#8161,.T.);
#8161 = EDGE_CURVE('',#8162,#8164,#8166,.T.);
#8162 = VERTEX_POINT('',#8163);
#8163 = CARTESIAN_POINT('',(-10.41228675975,-2.749999999951,1.5));
#8164 = VERTEX_POINT('',#8165);
#8165 = CARTESIAN_POINT('',(-10.41228675975,-2.749999999951,3.9));
#8166 = SURFACE_CURVE('',#8167,(#8171,#8178),.PCURVE_S1.);
#8167 = LINE('',#8168,#8169);
#8168 = CARTESIAN_POINT('',(-10.41228675975,-2.749999999951,1.5));
#8169 = VECTOR('',#8170,1.);
#8170 = DIRECTION('',(0.,0.,1.));
#8171 = PCURVE('',#8064,#8172);
#8172 = DEFINITIONAL_REPRESENTATION('',(#8173),#8177);
#8173 = LINE('',#8174,#8175);
#8174 = CARTESIAN_POINT('',(0.,0.));
#8175 = VECTOR('',#8176,1.);
#8176 = DIRECTION('',(0.,-1.));
#8177 = ( GEOMETRIC_REPRESENTATION_CONTEXT(2) 
PARAMETRIC_REPRESENTATION_CONTEXT() REPRESENTATION_CONTEXT('2D SPACE',''
  ) );
#8178 = PCURVE('',#8179,#8184);
#8179 = PLANE('',#8180);
#8180 = AXIS2_PLACEMENT_3D('',#8181,#8182,#8183);
#8181 = CARTESIAN_POINT('',(-13.58771324024,-2.749999999951,1.5));
#8182 = DIRECTION('',(5.59407326958E-16,1.,-0.));
#8183 = DIRECTION('',(1.,-5.59407326958E-16,0.));
#8184 = DEFINITIONAL_REPRESENTATION('',(#8185),#8189);
#8185 = LINE('',#8186,#8187);
#8186 = CARTESIAN_POINT('',(3.175426480486,0.));
#8187 = VECTOR('',#8188,1.);
#8188 = DIRECTION('',(0.,-1.));
#8189 = ( GEOMETRIC_REPRESENTATION_CONTEXT(2) 
PARAMETRIC_REPRESENTATION_CONTEXT() REPRESENTATION_CONTEXT('2D SPACE',''
  ) );
#8190 = ORIENTED_EDGE('',*,*,#8191,.T.);
#8191 = EDGE_CURVE('',#8164,#8044,#8192,.T.);
#8192 = SURFACE_CURVE('',#8193,(#8197,#8204),.PCURVE_S1.);
#8193 = LINE('',#8194,#8195);
#8194 = CARTESIAN_POINT('',(-10.41228675975,-2.749999999951,3.9));
#8195 = VECTOR('',#8196,1.);
#8196 = DIRECTION('',(0.5,0.866025403784,0.));
#8197 = PCURVE('',#8064,#8198);
#8198 = DEFINITIONAL_REPRESENTATION('',(#8199),#8203);
#8199 = LINE('',#8200,#8201);
#8200 = CARTESIAN_POINT('',(0.,-2.4));
#8201 = VECTOR('',#8202,1.);
#8202 = DIRECTION('',(1.,0.));
#8203 = ( GEOMETRIC_REPRESENTATION_CONTEXT(2) 
PARAMETRIC_REPRESENTATION_CONTEXT() REPRESENTATION_CONTEXT('2D SPACE',''
  ) );
#8204 = PCURVE('',#8092,#8205);
#8205 = DEFINITIONAL_REPRESENTATION('',(#8206),#8210);
#8206 = LINE('',#8207,#8208);
#8207 = CARTESIAN_POINT('',(1.587713240243,-2.749999999951));
#8208 = VECTOR('',#8209,1.);
#8209 = DIRECTION('',(0.5,0.866025403784));
#8210 = ( GEOMETRIC_REPRESENTATION_CONTEXT(2) 
PARAMETRIC_REPRESENTATION_CONTEXT() REPRESENTATION_CONTEXT('2D SPACE',''
  ) );
#8211 = ORIENTED_EDGE('',*,*,#8041,.F.);
#8212 = ORIENTED_EDGE('',*,*,#8213,.F.);
#8213 = EDGE_CURVE('',#8162,#8042,#8214,.T.);
#8214 = SURFACE_CURVE('',#8215,(#8219,#8226),.PCURVE_S1.);
#8215 = LINE('',#8216,#8217);
#8216 = CARTESIAN_POINT('',(-10.41228675975,-2.749999999951,1.5));
#8217 = VECTOR('',#8218,1.);
#8218 = DIRECTION('',(0.5,0.866025403784,0.));
#8219 = PCURVE('',#8064,#8220);
#8220 = DEFINITIONAL_REPRESENTATION('',(#8221),#8225);
#8221 = LINE('',#8222,#8223);
#8222 = CARTESIAN_POINT('',(0.,0.));
#8223 = VECTOR('',#8224,1.);
#8224 = DIRECTION('',(1.,0.));
#8225 = ( GEOMETRIC_REPRESENTATION_CONTEXT(2) 
PARAMETRIC_REPRESENTATION_CONTEXT() REPRESENTATION_CONTEXT('2D SPACE',''
  ) );
#8226 = PCURVE('',#8146,#8227);
#8227 = DEFINITIONAL_REPRESENTATION('',(#8228),#8232);
#8228 = LINE('',#8229,#8230);
#8229 = CARTESIAN_POINT('',(1.587713240243,-2.749999999951));
#8230 = VECTOR('',#8231,1.);
#8231 = DIRECTION('',(0.5,0.866025403784));
#8232 = ( GEOMETRIC_REPRESENTATION_CONTEXT(2) 
PARAMETRIC_REPRESENTATION_CONTEXT() REPRESENTATION_CONTEXT('2D SPACE',''
  ) );
#8233 = ADVANCED_FACE('',(#8234),#8120,.F.);
#8234 = FACE_BOUND('',#8235,.F.);
#8235 = EDGE_LOOP('',(#8236,#8237,#8260,#8288));
#8236 = ORIENTED_EDGE('',*,*,#8104,.T.);
#8237 = ORIENTED_EDGE('',*,*,#8238,.T.);
#8238 = EDGE_CURVE('',#8077,#8239,#8241,.T.);
#8239 = VERTEX_POINT('',#8240);
#8240 = CARTESIAN_POINT('',(-13.58771324024,2.749999999951,3.9));
#8241 = SURFACE_CURVE('',#8242,(#8246,#8253),.PCURVE_S1.);
#8242 = LINE('',#8243,#8244);
#8243 = CARTESIAN_POINT('',(-10.41228675975,2.749999999951,3.9));
#8244 = VECTOR('',#8245,1.);
#8245 = DIRECTION('',(-1.,1.398518317395E-16,0.));
#8246 = PCURVE('',#8120,#8247);
#8247 = DEFINITIONAL_REPRESENTATION('',(#8248),#8252);
#8248 = LINE('',#8249,#8250);
#8249 = CARTESIAN_POINT('',(0.,-2.4));
#8250 = VECTOR('',#8251,1.);
#8251 = DIRECTION('',(1.,0.));
#8252 = ( GEOMETRIC_REPRESENTATION_CONTEXT(2) 
PARAMETRIC_REPRESENTATION_CONTEXT() REPRESENTATION_CONTEXT('2D SPACE',''
  ) );
#8253 = PCURVE('',#8092,#8254);
#8254 = DEFINITIONAL_REPRESENTATION('',(#8255),#8259);
#8255 = LINE('',#8256,#8257);
#8256 = CARTESIAN_POINT('',(1.587713240243,2.749999999951));
#8257 = VECTOR('',#8258,1.);
#8258 = DIRECTION('',(-1.,1.398518317395E-16));
#8259 = ( GEOMETRIC_REPRESENTATION_CONTEXT(2) 
PARAMETRIC_REPRESENTATION_CONTEXT() REPRESENTATION_CONTEXT('2D SPACE',''
  ) );
#8260 = ORIENTED_EDGE('',*,*,#8261,.F.);
#8261 = EDGE_CURVE('',#8262,#8239,#8264,.T.);
#8262 = VERTEX_POINT('',#8263);
#8263 = CARTESIAN_POINT('',(-13.58771324024,2.749999999951,1.5));
#8264 = SURFACE_CURVE('',#8265,(#8269,#8276),.PCURVE_S1.);
#8265 = LINE('',#8266,#8267);
#8266 = CARTESIAN_POINT('',(-13.58771324024,2.749999999951,1.5));
#8267 = VECTOR('',#8268,1.);
#8268 = DIRECTION('',(0.,0.,1.));
#8269 = PCURVE('',#8120,#8270);
#8270 = DEFINITIONAL_REPRESENTATION('',(#8271),#8275);
#8271 = LINE('',#8272,#8273);
#8272 = CARTESIAN_POINT('',(3.175426480486,0.));
#8273 = VECTOR('',#8274,1.);
#8274 = DIRECTION('',(0.,-1.));
#8275 = ( GEOMETRIC_REPRESENTATION_CONTEXT(2) 
PARAMETRIC_REPRESENTATION_CONTEXT() REPRESENTATION_CONTEXT('2D SPACE',''
  ) );
#8276 = PCURVE('',#8277,#8282);
#8277 = PLANE('',#8278);
#8278 = AXIS2_PLACEMENT_3D('',#8279,#8280,#8281);
#8279 = CARTESIAN_POINT('',(-13.58771324024,2.749999999951,1.5));
#8280 = DIRECTION('',(0.866025403784,-0.5,0.));
#8281 = DIRECTION('',(-0.5,-0.866025403784,0.));
#8282 = DEFINITIONAL_REPRESENTATION('',(#8283),#8287);
#8283 = LINE('',#8284,#8285);
#8284 = CARTESIAN_POINT('',(0.,0.));
#8285 = VECTOR('',#8286,1.);
#8286 = DIRECTION('',(0.,-1.));
#8287 = ( GEOMETRIC_REPRESENTATION_CONTEXT(2) 
PARAMETRIC_REPRESENTATION_CONTEXT() REPRESENTATION_CONTEXT('2D SPACE',''
  ) );
#8288 = ORIENTED_EDGE('',*,*,#8289,.F.);
#8289 = EDGE_CURVE('',#8105,#8262,#8290,.T.);
#8290 = SURFACE_CURVE('',#8291,(#8295,#8302),.PCURVE_S1.);
#8291 = LINE('',#8292,#8293);
#8292 = CARTESIAN_POINT('',(-10.41228675975,2.749999999951,1.5));
#8293 = VECTOR('',#8294,1.);
#8294 = DIRECTION('',(-1.,1.398518317395E-16,0.));
#8295 = PCURVE('',#8120,#8296);
#8296 = DEFINITIONAL_REPRESENTATION('',(#8297),#8301);
#8297 = LINE('',#8298,#8299);
#8298 = CARTESIAN_POINT('',(0.,0.));
#8299 = VECTOR('',#8300,1.);
#8300 = DIRECTION('',(1.,0.));
#8301 = ( GEOMETRIC_REPRESENTATION_CONTEXT(2) 
PARAMETRIC_REPRESENTATION_CONTEXT() REPRESENTATION_CONTEXT('2D SPACE',''
  ) );
#8302 = PCURVE('',#8146,#8303);
#8303 = DEFINITIONAL_REPRESENTATION('',(#8304),#8308);
#8304 = LINE('',#8305,#8306);
#8305 = CARTESIAN_POINT('',(1.587713240243,2.749999999951));
#8306 = VECTOR('',#8307,1.);
#8307 = DIRECTION('',(-1.,1.398518317395E-16));
#8308 = ( GEOMETRIC_REPRESENTATION_CONTEXT(2) 
PARAMETRIC_REPRESENTATION_CONTEXT() REPRESENTATION_CONTEXT('2D SPACE',''
  ) );
#8309 = ADVANCED_FACE('',(#8310,#8387),#8146,.F.);
#8310 = FACE_BOUND('',#8311,.F.);
#8311 = EDGE_LOOP('',(#8312,#8313,#8314,#8337,#8365,#8386));
#8312 = ORIENTED_EDGE('',*,*,#8132,.T.);
#8313 = ORIENTED_EDGE('',*,*,#8289,.T.);
#8314 = ORIENTED_EDGE('',*,*,#8315,.T.);
#8315 = EDGE_CURVE('',#8262,#8316,#8318,.T.);
#8316 = VERTEX_POINT('',#8317);
#8317 = CARTESIAN_POINT('',(-15.17542648048,3.888775875255E-16,1.5));
#8318 = SURFACE_CURVE('',#8319,(#8323,#8330),.PCURVE_S1.);
#8319 = LINE('',#8320,#8321);
#8320 = CARTESIAN_POINT('',(-13.58771324024,2.749999999951,1.5));
#8321 = VECTOR('',#8322,1.);
#8322 = DIRECTION('',(-0.5,-0.866025403784,0.));
#8323 = PCURVE('',#8146,#8324);
#8324 = DEFINITIONAL_REPRESENTATION('',(#8325),#8329);
#8325 = LINE('',#8326,#8327);
#8326 = CARTESIAN_POINT('',(-1.587713240243,2.749999999951));
#8327 = VECTOR('',#8328,1.);
#8328 = DIRECTION('',(-0.5,-0.866025403784));
#8329 = ( GEOMETRIC_REPRESENTATION_CONTEXT(2) 
PARAMETRIC_REPRESENTATION_CONTEXT() REPRESENTATION_CONTEXT('2D SPACE',''
  ) );
#8330 = PCURVE('',#8277,#8331);
#8331 = DEFINITIONAL_REPRESENTATION('',(#8332),#8336);
#8332 = LINE('',#8333,#8334);
#8333 = CARTESIAN_POINT('',(0.,0.));
#8334 = VECTOR('',#8335,1.);
#8335 = DIRECTION('',(1.,0.));
#8336 = ( GEOMETRIC_REPRESENTATION_CONTEXT(2) 
PARAMETRIC_REPRESENTATION_CONTEXT() REPRESENTATION_CONTEXT('2D SPACE',''
  ) );
#8337 = ORIENTED_EDGE('',*,*,#8338,.T.);
#8338 = EDGE_CURVE('',#8316,#8339,#8341,.T.);
#8339 = VERTEX_POINT('',#8340);
#8340 = CARTESIAN_POINT('',(-13.58771324024,-2.749999999951,1.5));
#8341 = SURFACE_CURVE('',#8342,(#8346,#8353),.PCURVE_S1.);
#8342 = LINE('',#8343,#8344);
#8343 = CARTESIAN_POINT('',(-15.17542648048,3.888775875255E-16,1.5));
#8344 = VECTOR('',#8345,1.);
#8345 = DIRECTION('',(0.5,-0.866025403784,0.));
#8346 = PCURVE('',#8146,#8347);
#8347 = DEFINITIONAL_REPRESENTATION('',(#8348),#8352);
#8348 = LINE('',#8349,#8350);
#8349 = CARTESIAN_POINT('',(-3.175426480486,3.888775875255E-16));
#8350 = VECTOR('',#8351,1.);
#8351 = DIRECTION('',(0.5,-0.866025403784));
#8352 = ( GEOMETRIC_REPRESENTATION_CONTEXT(2) 
PARAMETRIC_REPRESENTATION_CONTEXT() REPRESENTATION_CONTEXT('2D SPACE',''
  ) );
#8353 = PCURVE('',#8354,#8359);
#8354 = PLANE('',#8355);
#8355 = AXIS2_PLACEMENT_3D('',#8356,#8357,#8358);
#8356 = CARTESIAN_POINT('',(-15.17542648048,3.888775875255E-16,1.5));
#8357 = DIRECTION('',(0.866025403784,0.5,-0.));
#8358 = DIRECTION('',(0.5,-0.866025403784,0.));
#8359 = DEFINITIONAL_REPRESENTATION('',(#8360),#8364);
#8360 = LINE('',#8361,#8362);
#8361 = CARTESIAN_POINT('',(0.,0.));
#8362 = VECTOR('',#8363,1.);
#8363 = DIRECTION('',(1.,0.));
#8364 = ( GEOMETRIC_REPRESENTATION_CONTEXT(2) 
PARAMETRIC_REPRESENTATION_CONTEXT() REPRESENTATION_CONTEXT('2D SPACE',''
  ) );
#8365 = ORIENTED_EDGE('',*,*,#8366,.T.);
#8366 = EDGE_CURVE('',#8339,#8162,#8367,.T.);
#8367 = SURFACE_CURVE('',#8368,(#8372,#8379),.PCURVE_S1.);
#8368 = LINE('',#8369,#8370);
#8369 = CARTESIAN_POINT('',(-13.58771324024,-2.749999999951,1.5));
#8370 = VECTOR('',#8371,1.);
#8371 = DIRECTION('',(1.,-5.59407326958E-16,0.));
#8372 = PCURVE('',#8146,#8373);
#8373 = DEFINITIONAL_REPRESENTATION('',(#8374),#8378);
#8374 = LINE('',#8375,#8376);
#8375 = CARTESIAN_POINT('',(-1.587713240243,-2.749999999951));
#8376 = VECTOR('',#8377,1.);
#8377 = DIRECTION('',(1.,-5.59407326958E-16));
#8378 = ( GEOMETRIC_REPRESENTATION_CONTEXT(2) 
PARAMETRIC_REPRESENTATION_CONTEXT() REPRESENTATION_CONTEXT('2D SPACE',''
  ) );
#8379 = PCURVE('',#8179,#8380);
#8380 = DEFINITIONAL_REPRESENTATION('',(#8381),#8385);
#8381 = LINE('',#8382,#8383);
#8382 = CARTESIAN_POINT('',(0.,0.));
#8383 = VECTOR('',#8384,1.);
#8384 = DIRECTION('',(1.,0.));
#8385 = ( GEOMETRIC_REPRESENTATION_CONTEXT(2) 
PARAMETRIC_REPRESENTATION_CONTEXT() REPRESENTATION_CONTEXT('2D SPACE',''
  ) );
#8386 = ORIENTED_EDGE('',*,*,#8213,.T.);
#8387 = FACE_BOUND('',#8388,.F.);
#8388 = EDGE_LOOP('',(#8389));
#8389 = ORIENTED_EDGE('',*,*,#8390,.F.);
#8390 = EDGE_CURVE('',#8391,#8391,#8393,.T.);
#8391 = VERTEX_POINT('',#8392);
#8392 = CARTESIAN_POINT('',(-10.4,-3.918869757272E-16,1.5));
#8393 = SURFACE_CURVE('',#8394,(#8399,#8406),.PCURVE_S1.);
#8394 = CIRCLE('',#8395,1.6);
#8395 = AXIS2_PLACEMENT_3D('',#8396,#8397,#8398);
#8396 = CARTESIAN_POINT('',(-12.,0.,1.5));
#8397 = DIRECTION('',(0.,0.,1.));
#8398 = DIRECTION('',(1.,0.,-0.));
#8399 = PCURVE('',#8146,#8400);
#8400 = DEFINITIONAL_REPRESENTATION('',(#8401),#8405);
#8401 = CIRCLE('',#8402,1.6);
#8402 = AXIS2_PLACEMENT_2D('',#8403,#8404);
#8403 = CARTESIAN_POINT('',(0.,0.));
#8404 = DIRECTION('',(1.,0.));
#8405 = ( GEOMETRIC_REPRESENTATION_CONTEXT(2) 
PARAMETRIC_REPRESENTATION_CONTEXT() REPRESENTATION_CONTEXT('2D SPACE',''
  ) );
#8406 = PCURVE('',#8407,#8412);
#8407 = CYLINDRICAL_SURFACE('',#8408,1.6);
#8408 = AXIS2_PLACEMENT_3D('',#8409,#8410,#8411);
#8409 = CARTESIAN_POINT('',(-12.,0.,1.4));
#8410 = DIRECTION('',(0.,0.,1.));
#8411 = DIRECTION('',(1.,0.,-0.));
#8412 = DEFINITIONAL_REPRESENTATION('',(#8413),#8417);
#8413 = LINE('',#8414,#8415);
#8414 = CARTESIAN_POINT('',(0.,0.1));
#8415 = VECTOR('',#8416,1.);
#8416 = DIRECTION('',(1.,0.));
#8417 = ( GEOMETRIC_REPRESENTATION_CONTEXT(2) 
PARAMETRIC_REPRESENTATION_CONTEXT() REPRESENTATION_CONTEXT('2D SPACE',''
  ) );
#8418 = ADVANCED_FACE('',(#8419,#8491),#8092,.T.);
#8419 = FACE_BOUND('',#8420,.T.);
#8420 = EDGE_LOOP('',(#8421,#8422,#8423,#8446,#8469,#8490));
#8421 = ORIENTED_EDGE('',*,*,#8076,.T.);
#8422 = ORIENTED_EDGE('',*,*,#8238,.T.);
#8423 = ORIENTED_EDGE('',*,*,#8424,.T.);
#8424 = EDGE_CURVE('',#8239,#8425,#8427,.T.);
#8425 = VERTEX_POINT('',#8426);
#8426 = CARTESIAN_POINT('',(-15.17542648048,3.888775875255E-16,3.9));
#8427 = SURFACE_CURVE('',#8428,(#8432,#8439),.PCURVE_S1.);
#8428 = LINE('',#8429,#8430);
#8429 = CARTESIAN_POINT('',(-13.58771324024,2.749999999951,3.9));
#8430 = VECTOR('',#8431,1.);
#8431 = DIRECTION('',(-0.5,-0.866025403784,0.));
#8432 = PCURVE('',#8092,#8433);
#8433 = DEFINITIONAL_REPRESENTATION('',(#8434),#8438);
#8434 = LINE('',#8435,#8436);
#8435 = CARTESIAN_POINT('',(-1.587713240243,2.749999999951));
#8436 = VECTOR('',#8437,1.);
#8437 = DIRECTION('',(-0.5,-0.866025403784));
#8438 = ( GEOMETRIC_REPRESENTATION_CONTEXT(2) 
PARAMETRIC_REPRESENTATION_CONTEXT() REPRESENTATION_CONTEXT('2D SPACE',''
  ) );
#8439 = PCURVE('',#8277,#8440);
#8440 = DEFINITIONAL_REPRESENTATION('',(#8441),#8445);
#8441 = LINE('',#8442,#8443);
#8442 = CARTESIAN_POINT('',(0.,-2.4));
#8443 = VECTOR('',#8444,1.);
#8444 = DIRECTION('',(1.,0.));
#8445 = ( GEOMETRIC_REPRESENTATION_CONTEXT(2) 
PARAMETRIC_REPRESENTATION_CONTEXT() REPRESENTATION_CONTEXT('2D SPACE',''
  ) );
#8446 = ORIENTED_EDGE('',*,*,#8447,.T.);
#8447 = EDGE_CURVE('',#8425,#8448,#8450,.T.);
#8448 = VERTEX_POINT('',#8449);
#8449 = CARTESIAN_POINT('',(-13.58771324024,-2.749999999951,3.9));
#8450 = SURFACE_CURVE('',#8451,(#8455,#8462),.PCURVE_S1.);
#8451 = LINE('',#8452,#8453);
#8452 = CARTESIAN_POINT('',(-15.17542648048,3.888775875255E-16,3.9));
#8453 = VECTOR('',#8454,1.);
#8454 = DIRECTION('',(0.5,-0.866025403784,0.));
#8455 = PCURVE('',#8092,#8456);
#8456 = DEFINITIONAL_REPRESENTATION('',(#8457),#8461);
#8457 = LINE('',#8458,#8459);
#8458 = CARTESIAN_POINT('',(-3.175426480486,3.888775875255E-16));
#8459 = VECTOR('',#8460,1.);
#8460 = DIRECTION('',(0.5,-0.866025403784));
#8461 = ( GEOMETRIC_REPRESENTATION_CONTEXT(2) 
PARAMETRIC_REPRESENTATION_CONTEXT() REPRESENTATION_CONTEXT('2D SPACE',''
  ) );
#8462 = PCURVE('',#8354,#8463);
#8463 = DEFINITIONAL_REPRESENTATION('',(#8464),#8468);
#8464 = LINE('',#8465,#8466);
#8465 = CARTESIAN_POINT('',(0.,-2.4));
#8466 = VECTOR('',#8467,1.);
#8467 = DIRECTION('',(1.,0.));
#8468 = ( GEOMETRIC_REPRESENTATION_CONTEXT(2) 
PARAMETRIC_REPRESENTATION_CONTEXT() REPRESENTATION_CONTEXT('2D SPACE',''
  ) );
#8469 = ORIENTED_EDGE('',*,*,#8470,.T.);
#8470 = EDGE_CURVE('',#8448,#8164,#8471,.T.);
#8471 = SURFACE_CURVE('',#8472,(#8476,#8483),.PCURVE_S1.);
#8472 = LINE('',#8473,#8474);
#8473 = CARTESIAN_POINT('',(-13.58771324024,-2.749999999951,3.9));
#8474 = VECTOR('',#8475,1.);
#8475 = DIRECTION('',(1.,-5.59407326958E-16,0.));
#8476 = PCURVE('',#8092,#8477);
#8477 = DEFINITIONAL_REPRESENTATION('',(#8478),#8482);
#8478 = LINE('',#8479,#8480);
#8479 = CARTESIAN_POINT('',(-1.587713240243,-2.749999999951));
#8480 = VECTOR('',#8481,1.);
#8481 = DIRECTION('',(1.,-5.59407326958E-16));
#8482 = ( GEOMETRIC_REPRESENTATION_CONTEXT(2) 
PARAMETRIC_REPRESENTATION_CONTEXT() REPRESENTATION_CONTEXT('2D SPACE',''
  ) );
#8483 = PCURVE('',#8179,#8484);
#8484 = DEFINITIONAL_REPRESENTATION('',(#8485),#8489);
#8485 = LINE('',#8486,#8487);
#8486 = CARTESIAN_POINT('',(0.,-2.4));
#8487 = VECTOR('',#8488,1.);
#8488 = DIRECTION('',(1.,0.));
#8489 = ( GEOMETRIC_REPRESENTATION_CONTEXT(2) 
PARAMETRIC_REPRESENTATION_CONTEXT() REPRESENTATION_CONTEXT('2D SPACE',''
  ) );
#8490 = ORIENTED_EDGE('',*,*,#8191,.T.);
#8491 = FACE_BOUND('',#8492,.T.);
#8492 = EDGE_LOOP('',(#8493));
#8493 = ORIENTED_EDGE('',*,*,#8494,.F.);
#8494 = EDGE_CURVE('',#8495,#8495,#8497,.T.);
#8495 = VERTEX_POINT('',#8496);
#8496 = CARTESIAN_POINT('',(-10.4,-3.918869757272E-16,3.9));
#8497 = SURFACE_CURVE('',#8498,(#8503,#8510),.PCURVE_S1.);
#8498 = CIRCLE('',#8499,1.6);
#8499 = AXIS2_PLACEMENT_3D('',#8500,#8501,#8502);
#8500 = CARTESIAN_POINT('',(-12.,0.,3.9));
#8501 = DIRECTION('',(0.,0.,1.));
#8502 = DIRECTION('',(1.,0.,-0.));
#8503 = PCURVE('',#8092,#8504);
#8504 = DEFINITIONAL_REPRESENTATION('',(#8505),#8509);
#8505 = CIRCLE('',#8506,1.6);
#8506 = AXIS2_PLACEMENT_2D('',#8507,#8508);
#8507 = CARTESIAN_POINT('',(0.,0.));
#8508 = DIRECTION('',(1.,0.));
#8509 = ( GEOMETRIC_REPRESENTATION_CONTEXT(2) 
PARAMETRIC_REPRESENTATION_CONTEXT() REPRESENTATION_CONTEXT('2D SPACE',''
  ) );
#8510 = PCURVE('',#8407,#8511);
#8511 = DEFINITIONAL_REPRESENTATION('',(#8512),#8516);
#8512 = LINE('',#8513,#8514);
#8513 = CARTESIAN_POINT('',(0.,2.5));
#8514 = VECTOR('',#8515,1.);
#8515 = DIRECTION('',(1.,0.));
#8516 = ( GEOMETRIC_REPRESENTATION_CONTEXT(2) 
PARAMETRIC_REPRESENTATION_CONTEXT() REPRESENTATION_CONTEXT('2D SPACE',''
  ) );
#8517 = ADVANCED_FACE('',(#8518),#8179,.F.);
#8518 = FACE_BOUND('',#8519,.F.);
#8519 = EDGE_LOOP('',(#8520,#8541,#8542,#8543));
#8520 = ORIENTED_EDGE('',*,*,#8521,.T.);
#8521 = EDGE_CURVE('',#8339,#8448,#8522,.T.);
#8522 = SURFACE_CURVE('',#8523,(#8527,#8534),.PCURVE_S1.);
#8523 = LINE('',#8524,#8525);
#8524 = CARTESIAN_POINT('',(-13.58771324024,-2.749999999951,1.5));
#8525 = VECTOR('',#8526,1.);
#8526 = DIRECTION('',(0.,0.,1.));
#8527 = PCURVE('',#8179,#8528);
#8528 = DEFINITIONAL_REPRESENTATION('',(#8529),#8533);
#8529 = LINE('',#8530,#8531);
#8530 = CARTESIAN_POINT('',(0.,0.));
#8531 = VECTOR('',#8532,1.);
#8532 = DIRECTION('',(0.,-1.));
#8533 = ( GEOMETRIC_REPRESENTATION_CONTEXT(2) 
PARAMETRIC_REPRESENTATION_CONTEXT() REPRESENTATION_CONTEXT('2D SPACE',''
  ) );
#8534 = PCURVE('',#8354,#8535);
#8535 = DEFINITIONAL_REPRESENTATION('',(#8536),#8540);
#8536 = LINE('',#8537,#8538);
#8537 = CARTESIAN_POINT('',(3.175426480486,0.));
#8538 = VECTOR('',#8539,1.);
#8539 = DIRECTION('',(0.,-1.));
#8540 = ( GEOMETRIC_REPRESENTATION_CONTEXT(2) 
PARAMETRIC_REPRESENTATION_CONTEXT() REPRESENTATION_CONTEXT('2D SPACE',''
  ) );
#8541 = ORIENTED_EDGE('',*,*,#8470,.T.);
#8542 = ORIENTED_EDGE('',*,*,#8161,.F.);
#8543 = ORIENTED_EDGE('',*,*,#8366,.F.);
#8544 = ADVANCED_FACE('',(#8545),#8277,.F.);
#8545 = FACE_BOUND('',#8546,.F.);
#8546 = EDGE_LOOP('',(#8547,#8548,#8549,#8570));
#8547 = ORIENTED_EDGE('',*,*,#8261,.T.);
#8548 = ORIENTED_EDGE('',*,*,#8424,.T.);
#8549 = ORIENTED_EDGE('',*,*,#8550,.F.);
#8550 = EDGE_CURVE('',#8316,#8425,#8551,.T.);
#8551 = SURFACE_CURVE('',#8552,(#8556,#8563),.PCURVE_S1.);
#8552 = LINE('',#8553,#8554);
#8553 = CARTESIAN_POINT('',(-15.17542648048,3.888775875255E-16,1.5));
#8554 = VECTOR('',#8555,1.);
#8555 = DIRECTION('',(0.,0.,1.));
#8556 = PCURVE('',#8277,#8557);
#8557 = DEFINITIONAL_REPRESENTATION('',(#8558),#8562);
#8558 = LINE('',#8559,#8560);
#8559 = CARTESIAN_POINT('',(3.175426480486,0.));
#8560 = VECTOR('',#8561,1.);
#8561 = DIRECTION('',(0.,-1.));
#8562 = ( GEOMETRIC_REPRESENTATION_CONTEXT(2) 
PARAMETRIC_REPRESENTATION_CONTEXT() REPRESENTATION_CONTEXT('2D SPACE',''
  ) );
#8563 = PCURVE('',#8354,#8564);
#8564 = DEFINITIONAL_REPRESENTATION('',(#8565),#8569);
#8565 = LINE('',#8566,#8567);
#8566 = CARTESIAN_POINT('',(0.,0.));
#8567 = VECTOR('',#8568,1.);
#8568 = DIRECTION('',(0.,-1.));
#8569 = ( GEOMETRIC_REPRESENTATION_CONTEXT(2) 
PARAMETRIC_REPRESENTATION_CONTEXT() REPRESENTATION_CONTEXT('2D SPACE',''
  ) );
#8570 = ORIENTED_EDGE('',*,*,#8315,.F.);
#8571 = ADVANCED_FACE('',(#8572),#8354,.F.);
#8572 = FACE_BOUND('',#8573,.F.);
#8573 = EDGE_LOOP('',(#8574,#8575,#8576,#8577));
#8574 = ORIENTED_EDGE('',*,*,#8550,.T.);
#8575 = ORIENTED_EDGE('',*,*,#8447,.T.);
#8576 = ORIENTED_EDGE('',*,*,#8521,.F.);
#8577 = ORIENTED_EDGE('',*,*,#8338,.F.);
#8578 = ADVANCED_FACE('',(#8579),#8407,.F.);
#8579 = FACE_BOUND('',#8580,.F.);
#8580 = EDGE_LOOP('',(#8581,#8582,#8603,#8604));
#8581 = ORIENTED_EDGE('',*,*,#8494,.F.);
#8582 = ORIENTED_EDGE('',*,*,#8583,.F.);
#8583 = EDGE_CURVE('',#8391,#8495,#8584,.T.);
#8584 = SEAM_CURVE('',#8585,(#8589,#8596),.PCURVE_S1.);
#8585 = LINE('',#8586,#8587);
#8586 = CARTESIAN_POINT('',(-10.4,-3.918869757272E-16,1.4));
#8587 = VECTOR('',#8588,1.);
#8588 = DIRECTION('',(0.,0.,1.));
#8589 = PCURVE('',#8407,#8590);
#8590 = DEFINITIONAL_REPRESENTATION('',(#8591),#8595);
#8591 = LINE('',#8592,#8593);
#8592 = CARTESIAN_POINT('',(6.28318530718,-0.));
#8593 = VECTOR('',#8594,1.);
#8594 = DIRECTION('',(0.,1.));
#8595 = ( GEOMETRIC_REPRESENTATION_CONTEXT(2) 
PARAMETRIC_REPRESENTATION_CONTEXT() REPRESENTATION_CONTEXT('2D SPACE',''
  ) );
#8596 = PCURVE('',#8407,#8597);
#8597 = DEFINITIONAL_REPRESENTATION('',(#8598),#8602);
#8598 = LINE('',#8599,#8600);
#8599 = CARTESIAN_POINT('',(0.,-0.));
#8600 = VECTOR('',#8601,1.);
#8601 = DIRECTION('',(0.,1.));
#8602 = ( GEOMETRIC_REPRESENTATION_CONTEXT(2) 
PARAMETRIC_REPRESENTATION_CONTEXT() REPRESENTATION_CONTEXT('2D SPACE',''
  ) );
#8603 = ORIENTED_EDGE('',*,*,#8390,.T.);
#8604 = ORIENTED_EDGE('',*,*,#8583,.T.);
#8605 = ( GEOMETRIC_REPRESENTATION_CONTEXT(3) 
GLOBAL_UNCERTAINTY_ASSIGNED_CONTEXT((#8609)) 
GLOBAL_UNIT_ASSIGNED_CONTEXT((#8606,#8607,#8608)) REPRESENTATION_CONTEXT
('Context #1','3D Context with UNIT and UNCERTAINTY') );
#8606 = ( LENGTH_UNIT() NAMED_UNIT(*) SI_UNIT(.MILLI.,.METRE.) );
#8607 = ( NAMED_UNIT(*) PLANE_ANGLE_UNIT() SI_UNIT($,.RADIAN.) );
#8608 = ( NAMED_UNIT(*) SI_UNIT($,.STERADIAN.) SOLID_ANGLE_UNIT() );
#8609 = UNCERTAINTY_MEASURE_WITH_UNIT(LENGTH_MEASURE(1.E-07),#8606,
  'distance_accuracy_value','confusion accuracy');
#8610 = CONTEXT_DEPENDENT_SHAPE_REPRESENTATION(#8611,#8613);
#8611 = ( REPRESENTATION_RELATIONSHIP('','',#8034,#10) 
REPRESENTATION_RELATIONSHIP_WITH_TRANSFORMATION(#8612) 
SHAPE_REPRESENTATION_RELATIONSHIP() );
#8612 = ITEM_DEFINED_TRANSFORMATION('','',#11,#47);
#8613 = PRODUCT_DEFINITION_SHAPE('Placement','Placement of an item',
  #8614);
#8614 = NEXT_ASSEMBLY_USAGE_OCCURRENCE('33','lock_stud_nut_1_DIN934_M3',
  '',#5,#8029,$);
#8615 = PRODUCT_RELATED_PRODUCT_CATEGORY('part',$,(#8031));
#8616 = SHAPE_DEFINITION_REPRESENTATION(#8617,#8623);
#8617 = PRODUCT_DEFINITION_SHAPE('','',#8618);
#8618 = PRODUCT_DEFINITION('design','',#8619,#8622);
#8619 = PRODUCT_DEFINITION_FORMATION('','',#8620);
#8620 = PRODUCT('shoulder_lock_stud_2_McMaster_90318A720',
  'shoulder_lock_stud_2_McMaster_90318A720','',(#8621));
#8621 = PRODUCT_CONTEXT('',#2,'mechanical');
#8622 = PRODUCT_DEFINITION_CONTEXT('part definition',#2,'design');
#8623 = ADVANCED_BREP_SHAPE_REPRESENTATION('',(#11,#8624),#8902);
#8624 = MANIFOLD_SOLID_BREP('',#8625);
#8625 = CLOSED_SHELL('',(#8626,#8714,#8718,#8753,#8808,#8843,#8898));
#8626 = ADVANCED_FACE('',(#8627),#8641,.T.);
#8627 = FACE_BOUND('',#8628,.F.);
#8628 = EDGE_LOOP('',(#8629,#8659,#8686,#8687));
#8629 = ORIENTED_EDGE('',*,*,#8630,.T.);
#8630 = EDGE_CURVE('',#8631,#8633,#8635,.T.);
#8631 = VERTEX_POINT('',#8632);
#8632 = CARTESIAN_POINT('',(15.,0.,-6.3));
#8633 = VERTEX_POINT('',#8634);
#8634 = CARTESIAN_POINT('',(15.,0.,-5.));
#8635 = SEAM_CURVE('',#8636,(#8640,#8652),.PCURVE_S1.);
#8636 = LINE('',#8637,#8638);
#8637 = CARTESIAN_POINT('',(15.,0.,-6.3));
#8638 = VECTOR('',#8639,1.);
#8639 = DIRECTION('',(0.,0.,1.));
#8640 = PCURVE('',#8641,#8646);
#8641 = CYLINDRICAL_SURFACE('',#8642,3.);
#8642 = AXIS2_PLACEMENT_3D('',#8643,#8644,#8645);
#8643 = CARTESIAN_POINT('',(12.,0.,-6.3));
#8644 = DIRECTION('',(-0.,-0.,-1.));
#8645 = DIRECTION('',(1.,0.,0.));
#8646 = DEFINITIONAL_REPRESENTATION('',(#8647),#8651);
#8647 = LINE('',#8648,#8649);
#8648 = CARTESIAN_POINT('',(-0.,0.));
#8649 = VECTOR('',#8650,1.);
#8650 = DIRECTION('',(-0.,-1.));
#8651 = ( GEOMETRIC_REPRESENTATION_CONTEXT(2) 
PARAMETRIC_REPRESENTATION_CONTEXT() REPRESENTATION_CONTEXT('2D SPACE',''
  ) );
#8652 = PCURVE('',#8641,#8653);
#8653 = DEFINITIONAL_REPRESENTATION('',(#8654),#8658);
#8654 = LINE('',#8655,#8656);
#8655 = CARTESIAN_POINT('',(-6.28318530718,0.));
#8656 = VECTOR('',#8657,1.);
#8657 = DIRECTION('',(-0.,-1.));
#8658 = ( GEOMETRIC_REPRESENTATION_CONTEXT(2) 
PARAMETRIC_REPRESENTATION_CONTEXT() REPRESENTATION_CONTEXT('2D SPACE',''
  ) );
#8659 = ORIENTED_EDGE('',*,*,#8660,.T.);
#8660 = EDGE_CURVE('',#8633,#8633,#8661,.T.);
#8661 = SURFACE_CURVE('',#8662,(#8667,#8674),.PCURVE_S1.);
#8662 = CIRCLE('',#8663,3.);
#8663 = AXIS2_PLACEMENT_3D('',#8664,#8665,#8666);
#8664 = CARTESIAN_POINT('',(12.,0.,-5.));
#8665 = DIRECTION('',(0.,0.,1.));
#8666 = DIRECTION('',(1.,0.,0.));
#8667 = PCURVE('',#8641,#8668);
#8668 = DEFINITIONAL_REPRESENTATION('',(#8669),#8673);
#8669 = LINE('',#8670,#8671);
#8670 = CARTESIAN_POINT('',(-0.,-1.3));
#8671 = VECTOR('',#8672,1.);
#8672 = DIRECTION('',(-1.,0.));
#8673 = ( GEOMETRIC_REPRESENTATION_CONTEXT(2) 
PARAMETRIC_REPRESENTATION_CONTEXT() REPRESENTATION_CONTEXT('2D SPACE',''
  ) );
#8674 = PCURVE('',#8675,#8680);
#8675 = PLANE('',#8676);
#8676 = AXIS2_PLACEMENT_3D('',#8677,#8678,#8679);
#8677 = CARTESIAN_POINT('',(12.,-8.51133553645E-18,-5.));
#8678 = DIRECTION('',(0.,0.,1.));
#8679 = DIRECTION('',(1.,0.,-0.));
#8680 = DEFINITIONAL_REPRESENTATION('',(#8681),#8685);
#8681 = CIRCLE('',#8682,3.);
#8682 = AXIS2_PLACEMENT_2D('',#8683,#8684);
#8683 = CARTESIAN_POINT('',(0.,8.51133553645E-18));
#8684 = DIRECTION('',(1.,0.));
#8685 = ( GEOMETRIC_REPRESENTATION_CONTEXT(2) 
PARAMETRIC_REPRESENTATION_CONTEXT() REPRESENTATION_CONTEXT('2D SPACE',''
  ) );
#8686 = ORIENTED_EDGE('',*,*,#8630,.F.);
#8687 = ORIENTED_EDGE('',*,*,#8688,.F.);
#8688 = EDGE_CURVE('',#8631,#8631,#8689,.T.);
#8689 = SURFACE_CURVE('',#8690,(#8695,#8702),.PCURVE_S1.);
#8690 = CIRCLE('',#8691,3.);
#8691 = AXIS2_PLACEMENT_3D('',#8692,#8693,#8694);
#8692 = CARTESIAN_POINT('',(12.,0.,-6.3));
#8693 = DIRECTION('',(0.,0.,1.));
#8694 = DIRECTION('',(1.,0.,0.));
#8695 = PCURVE('',#8641,#8696);
#8696 = DEFINITIONAL_REPRESENTATION('',(#8697),#8701);
#8697 = LINE('',#8698,#8699);
#8698 = CARTESIAN_POINT('',(-0.,0.));
#8699 = VECTOR('',#8700,1.);
#8700 = DIRECTION('',(-1.,0.));
#8701 = ( GEOMETRIC_REPRESENTATION_CONTEXT(2) 
PARAMETRIC_REPRESENTATION_CONTEXT() REPRESENTATION_CONTEXT('2D SPACE',''
  ) );
#8702 = PCURVE('',#8703,#8708);
#8703 = PLANE('',#8704);
#8704 = AXIS2_PLACEMENT_3D('',#8705,#8706,#8707);
#8705 = CARTESIAN_POINT('',(12.,-8.51133553645E-18,-6.3));
#8706 = DIRECTION('',(0.,0.,1.));
#8707 = DIRECTION('',(1.,0.,-0.));
#8708 = DEFINITIONAL_REPRESENTATION('',(#8709),#8713);
#8709 = CIRCLE('',#8710,3.);
#8710 = AXIS2_PLACEMENT_2D('',#8711,#8712);
#8711 = CARTESIAN_POINT('',(0.,8.51133553645E-18));
#8712 = DIRECTION('',(1.,0.));
#8713 = ( GEOMETRIC_REPRESENTATION_CONTEXT(2) 
PARAMETRIC_REPRESENTATION_CONTEXT() REPRESENTATION_CONTEXT('2D SPACE',''
  ) );
#8714 = ADVANCED_FACE('',(#8715),#8703,.F.);
#8715 = FACE_BOUND('',#8716,.F.);
#8716 = EDGE_LOOP('',(#8717));
#8717 = ORIENTED_EDGE('',*,*,#8688,.T.);
#8718 = ADVANCED_FACE('',(#8719,#8722),#8675,.T.);
#8719 = FACE_BOUND('',#8720,.T.);
#8720 = EDGE_LOOP('',(#8721));
#8721 = ORIENTED_EDGE('',*,*,#8660,.T.);
#8722 = FACE_BOUND('',#8723,.T.);
#8723 = EDGE_LOOP('',(#8724));
#8724 = ORIENTED_EDGE('',*,*,#8725,.F.);
#8725 = EDGE_CURVE('',#8726,#8726,#8728,.T.);
#8726 = VERTEX_POINT('',#8727);
#8727 = CARTESIAN_POINT('',(14.,0.,-5.));
#8728 = SURFACE_CURVE('',#8729,(#8734,#8741),.PCURVE_S1.);
#8729 = CIRCLE('',#8730,2.);
#8730 = AXIS2_PLACEMENT_3D('',#8731,#8732,#8733);
#8731 = CARTESIAN_POINT('',(12.,0.,-5.));
#8732 = DIRECTION('',(0.,0.,1.));
#8733 = DIRECTION('',(1.,0.,0.));
#8734 = PCURVE('',#8675,#8735);
#8735 = DEFINITIONAL_REPRESENTATION('',(#8736),#8740);
#8736 = CIRCLE('',#8737,2.);
#8737 = AXIS2_PLACEMENT_2D('',#8738,#8739);
#8738 = CARTESIAN_POINT('',(0.,8.51133553645E-18));
#8739 = DIRECTION('',(1.,0.));
#8740 = ( GEOMETRIC_REPRESENTATION_CONTEXT(2) 
PARAMETRIC_REPRESENTATION_CONTEXT() REPRESENTATION_CONTEXT('2D SPACE',''
  ) );
#8741 = PCURVE('',#8742,#8747);
#8742 = CYLINDRICAL_SURFACE('',#8743,2.);
#8743 = AXIS2_PLACEMENT_3D('',#8744,#8745,#8746);
#8744 = CARTESIAN_POINT('',(12.,0.,-5.));
#8745 = DIRECTION('',(-0.,-0.,-1.));
#8746 = DIRECTION('',(1.,0.,0.));
#8747 = DEFINITIONAL_REPRESENTATION('',(#8748),#8752);
#8748 = LINE('',#8749,#8750);
#8749 = CARTESIAN_POINT('',(-0.,0.));
#8750 = VECTOR('',#8751,1.);
#8751 = DIRECTION('',(-1.,0.));
#8752 = ( GEOMETRIC_REPRESENTATION_CONTEXT(2) 
PARAMETRIC_REPRESENTATION_CONTEXT() REPRESENTATION_CONTEXT('2D SPACE',''
  ) );
#8753 = ADVANCED_FACE('',(#8754),#8742,.T.);
#8754 = FACE_BOUND('',#8755,.F.);
#8755 = EDGE_LOOP('',(#8756,#8779,#8806,#8807));
#8756 = ORIENTED_EDGE('',*,*,#8757,.T.);
#8757 = EDGE_CURVE('',#8726,#8758,#8760,.T.);
#8758 = VERTEX_POINT('',#8759);
#8759 = CARTESIAN_POINT('',(14.,0.,0.));
#8760 = SEAM_CURVE('',#8761,(#8765,#8772),.PCURVE_S1.);
#8761 = LINE('',#8762,#8763);
#8762 = CARTESIAN_POINT('',(14.,0.,-5.));
#8763 = VECTOR('',#8764,1.);
#8764 = DIRECTION('',(0.,0.,1.));
#8765 = PCURVE('',#8742,#8766);
#8766 = DEFINITIONAL_REPRESENTATION('',(#8767),#8771);
#8767 = LINE('',#8768,#8769);
#8768 = CARTESIAN_POINT('',(-0.,0.));
#8769 = VECTOR('',#8770,1.);
#8770 = DIRECTION('',(-0.,-1.));
#8771 = ( GEOMETRIC_REPRESENTATION_CONTEXT(2) 
PARAMETRIC_REPRESENTATION_CONTEXT() REPRESENTATION_CONTEXT('2D SPACE',''
  ) );
#8772 = PCURVE('',#8742,#8773);
#8773 = DEFINITIONAL_REPRESENTATION('',(#8774),#8778);
#8774 = LINE('',#8775,#8776);
#8775 = CARTESIAN_POINT('',(-6.28318530718,0.));
#8776 = VECTOR('',#8777,1.);
#8777 = DIRECTION('',(-0.,-1.));
#8778 = ( GEOMETRIC_REPRESENTATION_CONTEXT(2) 
PARAMETRIC_REPRESENTATION_CONTEXT() REPRESENTATION_CONTEXT('2D SPACE',''
  ) );
#8779 = ORIENTED_EDGE('',*,*,#8780,.T.);
#8780 = EDGE_CURVE('',#8758,#8758,#8781,.T.);
#8781 = SURFACE_CURVE('',#8782,(#8787,#8794),.PCURVE_S1.);
#8782 = CIRCLE('',#8783,2.);
#8783 = AXIS2_PLACEMENT_3D('',#8784,#8785,#8786);
#8784 = CARTESIAN_POINT('',(12.,0.,0.));
#8785 = DIRECTION('',(0.,0.,1.));
#8786 = DIRECTION('',(1.,0.,0.));
#8787 = PCURVE('',#8742,#8788);
#8788 = DEFINITIONAL_REPRESENTATION('',(#8789),#8793);
#8789 = LINE('',#8790,#8791);
#8790 = CARTESIAN_POINT('',(-0.,-5.));
#8791 = VECTOR('',#8792,1.);
#8792 = DIRECTION('',(-1.,0.));
#8793 = ( GEOMETRIC_REPRESENTATION_CONTEXT(2) 
PARAMETRIC_REPRESENTATION_CONTEXT() REPRESENTATION_CONTEXT('2D SPACE',''
  ) );
#8794 = PCURVE('',#8795,#8800);
#8795 = PLANE('',#8796);
#8796 = AXIS2_PLACEMENT_3D('',#8797,#8798,#8799);
#8797 = CARTESIAN_POINT('',(12.,1.74751904908E-16,0.));
#8798 = DIRECTION('',(0.,0.,1.));
#8799 = DIRECTION('',(1.,0.,-0.));
#8800 = DEFINITIONAL_REPRESENTATION('',(#8801),#8805);
#8801 = CIRCLE('',#8802,2.);
#8802 = AXIS2_PLACEMENT_2D('',#8803,#8804);
#8803 = CARTESIAN_POINT('',(0.,-1.74751904908E-16));
#8804 = DIRECTION('',(1.,0.));
#8805 = ( GEOMETRIC_REPRESENTATION_CONTEXT(2) 
PARAMETRIC_REPRESENTATION_CONTEXT() REPRESENTATION_CONTEXT('2D SPACE',''
  ) );
#8806 = ORIENTED_EDGE('',*,*,#8757,.F.);
#8807 = ORIENTED_EDGE('',*,*,#8725,.F.);
#8808 = ADVANCED_FACE('',(#8809,#8812),#8795,.T.);
#8809 = FACE_BOUND('',#8810,.T.);
#8810 = EDGE_LOOP('',(#8811));
#8811 = ORIENTED_EDGE('',*,*,#8780,.T.);
#8812 = FACE_BOUND('',#8813,.T.);
#8813 = EDGE_LOOP('',(#8814));
#8814 = ORIENTED_EDGE('',*,*,#8815,.F.);
#8815 = EDGE_CURVE('',#8816,#8816,#8818,.T.);
#8816 = VERTEX_POINT('',#8817);
#8817 = CARTESIAN_POINT('',(13.5,0.,0.));
#8818 = SURFACE_CURVE('',#8819,(#8824,#8831),.PCURVE_S1.);
#8819 = CIRCLE('',#8820,1.5);
#8820 = AXIS2_PLACEMENT_3D('',#8821,#8822,#8823);
#8821 = CARTESIAN_POINT('',(12.,0.,0.));
#8822 = DIRECTION('',(0.,0.,1.));
#8823 = DIRECTION('',(1.,0.,0.));
#8824 = PCURVE('',#8795,#8825);
#8825 = DEFINITIONAL_REPRESENTATION('',(#8826),#8830);
#8826 = CIRCLE('',#8827,1.5);
#8827 = AXIS2_PLACEMENT_2D('',#8828,#8829);
#8828 = CARTESIAN_POINT('',(0.,-1.74751904908E-16));
#8829 = DIRECTION('',(1.,0.));
#8830 = ( GEOMETRIC_REPRESENTATION_CONTEXT(2) 
PARAMETRIC_REPRESENTATION_CONTEXT() REPRESENTATION_CONTEXT('2D SPACE',''
  ) );
#8831 = PCURVE('',#8832,#8837);
#8832 = CYLINDRICAL_SURFACE('',#8833,1.5);
#8833 = AXIS2_PLACEMENT_3D('',#8834,#8835,#8836);
#8834 = CARTESIAN_POINT('',(12.,0.,0.));
#8835 = DIRECTION('',(-0.,-0.,-1.));
#8836 = DIRECTION('',(1.,0.,0.));
#8837 = DEFINITIONAL_REPRESENTATION('',(#8838),#8842);
#8838 = LINE('',#8839,#8840);
#8839 = CARTESIAN_POINT('',(-0.,0.));
#8840 = VECTOR('',#8841,1.);
#8841 = DIRECTION('',(-1.,0.));
#8842 = ( GEOMETRIC_REPRESENTATION_CONTEXT(2) 
PARAMETRIC_REPRESENTATION_CONTEXT() REPRESENTATION_CONTEXT('2D SPACE',''
  ) );
#8843 = ADVANCED_FACE('',(#8844),#8832,.T.);
#8844 = FACE_BOUND('',#8845,.F.);
#8845 = EDGE_LOOP('',(#8846,#8869,#8896,#8897));
#8846 = ORIENTED_EDGE('',*,*,#8847,.T.);
#8847 = EDGE_CURVE('',#8816,#8848,#8850,.T.);
#8848 = VERTEX_POINT('',#8849);
#8849 = CARTESIAN_POINT('',(13.5,0.,4.));
#8850 = SEAM_CURVE('',#8851,(#8855,#8862),.PCURVE_S1.);
#8851 = LINE('',#8852,#8853);
#8852 = CARTESIAN_POINT('',(13.5,0.,0.));
#8853 = VECTOR('',#8854,1.);
#8854 = DIRECTION('',(0.,0.,1.));
#8855 = PCURVE('',#8832,#8856);
#8856 = DEFINITIONAL_REPRESENTATION('',(#8857),#8861);
#8857 = LINE('',#8858,#8859);
#8858 = CARTESIAN_POINT('',(-0.,0.));
#8859 = VECTOR('',#8860,1.);
#8860 = DIRECTION('',(-0.,-1.));
#8861 = ( GEOMETRIC_REPRESENTATION_CONTEXT(2) 
PARAMETRIC_REPRESENTATION_CONTEXT() REPRESENTATION_CONTEXT('2D SPACE',''
  ) );
#8862 = PCURVE('',#8832,#8863);
#8863 = DEFINITIONAL_REPRESENTATION('',(#8864),#8868);
#8864 = LINE('',#8865,#8866);
#8865 = CARTESIAN_POINT('',(-6.28318530718,0.));
#8866 = VECTOR('',#8867,1.);
#8867 = DIRECTION('',(-0.,-1.));
#8868 = ( GEOMETRIC_REPRESENTATION_CONTEXT(2) 
PARAMETRIC_REPRESENTATION_CONTEXT() REPRESENTATION_CONTEXT('2D SPACE',''
  ) );
#8869 = ORIENTED_EDGE('',*,*,#8870,.T.);
#8870 = EDGE_CURVE('',#8848,#8848,#8871,.T.);
#8871 = SURFACE_CURVE('',#8872,(#8877,#8884),.PCURVE_S1.);
#8872 = CIRCLE('',#8873,1.5);
#8873 = AXIS2_PLACEMENT_3D('',#8874,#8875,#8876);
#8874 = CARTESIAN_POINT('',(12.,0.,4.));
#8875 = DIRECTION('',(0.,0.,1.));
#8876 = DIRECTION('',(1.,0.,0.));
#8877 = PCURVE('',#8832,#8878);
#8878 = DEFINITIONAL_REPRESENTATION('',(#8879),#8883);
#8879 = LINE('',#8880,#8881);
#8880 = CARTESIAN_POINT('',(-0.,-4.));
#8881 = VECTOR('',#8882,1.);
#8882 = DIRECTION('',(-1.,0.));
#8883 = ( GEOMETRIC_REPRESENTATION_CONTEXT(2) 
PARAMETRIC_REPRESENTATION_CONTEXT() REPRESENTATION_CONTEXT('2D SPACE',''
  ) );
#8884 = PCURVE('',#8885,#8890);
#8885 = PLANE('',#8886);
#8886 = AXIS2_PLACEMENT_3D('',#8887,#8888,#8889);
#8887 = CARTESIAN_POINT('',(12.,-4.255667768225E-18,4.));
#8888 = DIRECTION('',(0.,0.,1.));
#8889 = DIRECTION('',(1.,0.,-0.));
#8890 = DEFINITIONAL_REPRESENTATION('',(#8891),#8895);
#8891 = CIRCLE('',#8892,1.5);
#8892 = AXIS2_PLACEMENT_2D('',#8893,#8894);
#8893 = CARTESIAN_POINT('',(0.,4.255667768225E-18));
#8894 = DIRECTION('',(1.,0.));
#8895 = ( GEOMETRIC_REPRESENTATION_CONTEXT(2) 
PARAMETRIC_REPRESENTATION_CONTEXT() REPRESENTATION_CONTEXT('2D SPACE',''
  ) );
#8896 = ORIENTED_EDGE('',*,*,#8847,.F.);
#8897 = ORIENTED_EDGE('',*,*,#8815,.F.);
#8898 = ADVANCED_FACE('',(#8899),#8885,.T.);
#8899 = FACE_BOUND('',#8900,.T.);
#8900 = EDGE_LOOP('',(#8901));
#8901 = ORIENTED_EDGE('',*,*,#8870,.T.);
#8902 = ( GEOMETRIC_REPRESENTATION_CONTEXT(3) 
GLOBAL_UNCERTAINTY_ASSIGNED_CONTEXT((#8906)) 
GLOBAL_UNIT_ASSIGNED_CONTEXT((#8903,#8904,#8905)) REPRESENTATION_CONTEXT
('Context #1','3D Context with UNIT and UNCERTAINTY') );
#8903 = ( LENGTH_UNIT() NAMED_UNIT(*) SI_UNIT(.MILLI.,.METRE.) );
#8904 = ( NAMED_UNIT(*) PLANE_ANGLE_UNIT() SI_UNIT($,.RADIAN.) );
#8905 = ( NAMED_UNIT(*) SI_UNIT($,.STERADIAN.) SOLID_ANGLE_UNIT() );
#8906 = UNCERTAINTY_MEASURE_WITH_UNIT(LENGTH_MEASURE(1.E-07),#8903,
  'distance_accuracy_value','confusion accuracy');
#8907 = CONTEXT_DEPENDENT_SHAPE_REPRESENTATION(#8908,#8910);
#8908 = ( REPRESENTATION_RELATIONSHIP('','',#8623,#10) 
REPRESENTATION_RELATIONSHIP_WITH_TRANSFORMATION(#8909) 
SHAPE_REPRESENTATION_RELATIONSHIP() );
#8909 = ITEM_DEFINED_TRANSFORMATION('','',#11,#51);
#8910 = PRODUCT_DEFINITION_SHAPE('Placement','Placement of an item',
  #8911);
#8911 = NEXT_ASSEMBLY_USAGE_OCCURRENCE('34',
  'shoulder_lock_stud_2_McMaster_90318A720','',#5,#8618,$);
#8912 = PRODUCT_RELATED_PRODUCT_CATEGORY('part',$,(#8620));
#8913 = SHAPE_DEFINITION_REPRESENTATION(#8914,#8920);
#8914 = PRODUCT_DEFINITION_SHAPE('','',#8915);
#8915 = PRODUCT_DEFINITION('design','',#8916,#8919);
#8916 = PRODUCT_DEFINITION_FORMATION('','',#8917);
#8917 = PRODUCT('lock_stud_nut_2_DIN934_M3','lock_stud_nut_2_DIN934_M3',
  '',(#8918));
#8918 = PRODUCT_CONTEXT('',#2,'mechanical');
#8919 = PRODUCT_DEFINITION_CONTEXT('part definition',#2,'design');
#8920 = ADVANCED_BREP_SHAPE_REPRESENTATION('',(#11,#8921),#9491);
#8921 = MANIFOLD_SOLID_BREP('',#8922);
#8922 = CLOSED_SHELL('',(#8923,#9043,#9119,#9195,#9304,#9403,#9430,#9457
    ,#9464));
#8923 = ADVANCED_FACE('',(#8924),#8938,.F.);
#8924 = FACE_BOUND('',#8925,.F.);
#8925 = EDGE_LOOP('',(#8926,#8961,#8989,#9017));
#8926 = ORIENTED_EDGE('',*,*,#8927,.T.);
#8927 = EDGE_CURVE('',#8928,#8930,#8932,.T.);
#8928 = VERTEX_POINT('',#8929);
#8929 = CARTESIAN_POINT('',(15.175426480486,0.,1.5));
#8930 = VERTEX_POINT('',#8931);
#8931 = CARTESIAN_POINT('',(15.175426480486,0.,3.9));
#8932 = SURFACE_CURVE('',#8933,(#8937,#8949),.PCURVE_S1.);
#8933 = LINE('',#8934,#8935);
#8934 = CARTESIAN_POINT('',(15.175426480486,0.,1.5));
#8935 = VECTOR('',#8936,1.);
#8936 = DIRECTION('',(0.,0.,1.));
#8937 = PCURVE('',#8938,#8943);
#8938 = PLANE('',#8939);
#8939 = AXIS2_PLACEMENT_3D('',#8940,#8941,#8942);
#8940 = CARTESIAN_POINT('',(15.175426480486,0.,1.5));
#8941 = DIRECTION('',(-0.866025403784,-0.5,0.));
#8942 = DIRECTION('',(-0.5,0.866025403784,0.));
#8943 = DEFINITIONAL_REPRESENTATION('',(#8944),#8948);
#8944 = LINE('',#8945,#8946);
#8945 = CARTESIAN_POINT('',(0.,0.));
#8946 = VECTOR('',#8947,1.);
#8947 = DIRECTION('',(0.,-1.));
#8948 = ( GEOMETRIC_REPRESENTATION_CONTEXT(2) 
PARAMETRIC_REPRESENTATION_CONTEXT() REPRESENTATION_CONTEXT('2D SPACE',''
  ) );
#8949 = PCURVE('',#8950,#8955);
#8950 = PLANE('',#8951);
#8951 = AXIS2_PLACEMENT_3D('',#8952,#8953,#8954);
#8952 = CARTESIAN_POINT('',(13.587713240243,-2.749999999951,1.5));
#8953 = DIRECTION('',(-0.866025403784,0.5,0.));
#8954 = DIRECTION('',(0.5,0.866025403784,0.));
#8955 = DEFINITIONAL_REPRESENTATION('',(#8956),#8960);
#8956 = LINE('',#8957,#8958);
#8957 = CARTESIAN_POINT('',(3.175426480486,0.));
#8958 = VECTOR('',#8959,1.);
#8959 = DIRECTION('',(0.,-1.));
#8960 = ( GEOMETRIC_REPRESENTATION_CONTEXT(2) 
PARAMETRIC_REPRESENTATION_CONTEXT() REPRESENTATION_CONTEXT('2D SPACE',''
  ) );
#8961 = ORIENTED_EDGE('',*,*,#8962,.T.);
#8962 = EDGE_CURVE('',#8930,#8963,#8965,.T.);
#8963 = VERTEX_POINT('',#8964);
#8964 = CARTESIAN_POINT('',(13.587713240243,2.749999999951,3.9));
#8965 = SURFACE_CURVE('',#8966,(#8970,#8977),.PCURVE_S1.);
#8966 = LINE('',#8967,#8968);
#8967 = CARTESIAN_POINT('',(15.175426480486,0.,3.9));
#8968 = VECTOR('',#8969,1.);
#8969 = DIRECTION('',(-0.5,0.866025403784,0.));
#8970 = PCURVE('',#8938,#8971);
#8971 = DEFINITIONAL_REPRESENTATION('',(#8972),#8976);
#8972 = LINE('',#8973,#8974);
#8973 = CARTESIAN_POINT('',(0.,-2.4));
#8974 = VECTOR('',#8975,1.);
#8975 = DIRECTION('',(1.,0.));
#8976 = ( GEOMETRIC_REPRESENTATION_CONTEXT(2) 
PARAMETRIC_REPRESENTATION_CONTEXT() REPRESENTATION_CONTEXT('2D SPACE',''
  ) );
#8977 = PCURVE('',#8978,#8983);
#8978 = PLANE('',#8979);
#8979 = AXIS2_PLACEMENT_3D('',#8980,#8981,#8982);
#8980 = CARTESIAN_POINT('',(12.,0.,3.9));
#8981 = DIRECTION('',(0.,0.,1.));
#8982 = DIRECTION('',(1.,0.,-0.));
#8983 = DEFINITIONAL_REPRESENTATION('',(#8984),#8988);
#8984 = LINE('',#8985,#8986);
#8985 = CARTESIAN_POINT('',(3.175426480486,0.));
#8986 = VECTOR('',#8987,1.);
#8987 = DIRECTION('',(-0.5,0.866025403784));
#8988 = ( GEOMETRIC_REPRESENTATION_CONTEXT(2) 
PARAMETRIC_REPRESENTATION_CONTEXT() REPRESENTATION_CONTEXT('2D SPACE',''
  ) );
#8989 = ORIENTED_EDGE('',*,*,#8990,.F.);
#8990 = EDGE_CURVE('',#8991,#8963,#8993,.T.);
#8991 = VERTEX_POINT('',#8992);
#8992 = CARTESIAN_POINT('',(13.587713240243,2.749999999951,1.5));
#8993 = SURFACE_CURVE('',#8994,(#8998,#9005),.PCURVE_S1.);
#8994 = LINE('',#8995,#8996);
#8995 = CARTESIAN_POINT('',(13.587713240243,2.749999999951,1.5));
#8996 = VECTOR('',#8997,1.);
#8997 = DIRECTION('',(0.,0.,1.));
#8998 = PCURVE('',#8938,#8999);
#8999 = DEFINITIONAL_REPRESENTATION('',(#9000),#9004);
#9000 = LINE('',#9001,#9002);
#9001 = CARTESIAN_POINT('',(3.175426480486,0.));
#9002 = VECTOR('',#9003,1.);
#9003 = DIRECTION('',(0.,-1.));
#9004 = ( GEOMETRIC_REPRESENTATION_CONTEXT(2) 
PARAMETRIC_REPRESENTATION_CONTEXT() REPRESENTATION_CONTEXT('2D SPACE',''
  ) );
#9005 = PCURVE('',#9006,#9011);
#9006 = PLANE('',#9007);
#9007 = AXIS2_PLACEMENT_3D('',#9008,#9009,#9010);
#9008 = CARTESIAN_POINT('',(13.587713240243,2.749999999951,1.5));
#9009 = DIRECTION('',(-1.398518317395E-16,-1.,0.));
#9010 = DIRECTION('',(-1.,1.398518317395E-16,0.));
#9011 = DEFINITIONAL_REPRESENTATION('',(#9012),#9016);
#9012 = LINE('',#9013,#9014);
#9013 = CARTESIAN_POINT('',(0.,0.));
#9014 = VECTOR('',#9015,1.);
#9015 = DIRECTION('',(0.,-1.));
#9016 = ( GEOMETRIC_REPRESENTATION_CONTEXT(2) 
PARAMETRIC_REPRESENTATION_CONTEXT() REPRESENTATION_CONTEXT('2D SPACE',''
  ) );
#9017 = ORIENTED_EDGE('',*,*,#9018,.F.);
#9018 = EDGE_CURVE('',#8928,#8991,#9019,.T.);
#9019 = SURFACE_CURVE('',#9020,(#9024,#9031),.PCURVE_S1.);
#9020 = LINE('',#9021,#9022);
#9021 = CARTESIAN_POINT('',(15.175426480486,0.,1.5));
#9022 = VECTOR('',#9023,1.);
#9023 = DIRECTION('',(-0.5,0.866025403784,0.));
#9024 = PCURVE('',#8938,#9025);
#9025 = DEFINITIONAL_REPRESENTATION('',(#9026),#9030);
#9026 = LINE('',#9027,#9028);
#9027 = CARTESIAN_POINT('',(0.,0.));
#9028 = VECTOR('',#9029,1.);
#9029 = DIRECTION('',(1.,0.));
#9030 = ( GEOMETRIC_REPRESENTATION_CONTEXT(2) 
PARAMETRIC_REPRESENTATION_CONTEXT() REPRESENTATION_CONTEXT('2D SPACE',''
  ) );
#9031 = PCURVE('',#9032,#9037);
#9032 = PLANE('',#9033);
#9033 = AXIS2_PLACEMENT_3D('',#9034,#9035,#9036);
#9034 = CARTESIAN_POINT('',(12.,0.,1.5));
#9035 = DIRECTION('',(0.,0.,1.));
#9036 = DIRECTION('',(1.,0.,-0.));
#9037 = DEFINITIONAL_REPRESENTATION('',(#9038),#9042);
#9038 = LINE('',#9039,#9040);
#9039 = CARTESIAN_POINT('',(3.175426480486,0.));
#9040 = VECTOR('',#9041,1.);
#9041 = DIRECTION('',(-0.5,0.866025403784));
#9042 = ( GEOMETRIC_REPRESENTATION_CONTEXT(2) 
PARAMETRIC_REPRESENTATION_CONTEXT() REPRESENTATION_CONTEXT('2D SPACE',''
  ) );
#9043 = ADVANCED_FACE('',(#9044),#8950,.F.);
#9044 = FACE_BOUND('',#9045,.F.);
#9045 = EDGE_LOOP('',(#9046,#9076,#9097,#9098));
#9046 = ORIENTED_EDGE('',*,*,#9047,.T.);
#9047 = EDGE_CURVE('',#9048,#9050,#9052,.T.);
#9048 = VERTEX_POINT('',#9049);
#9049 = CARTESIAN_POINT('',(13.587713240243,-2.749999999951,1.5));
#9050 = VERTEX_POINT('',#9051);
#9051 = CARTESIAN_POINT('',(13.587713240243,-2.749999999951,3.9));
#9052 = SURFACE_CURVE('',#9053,(#9057,#9064),.PCURVE_S1.);
#9053 = LINE('',#9054,#9055);
#9054 = CARTESIAN_POINT('',(13.587713240243,-2.749999999951,1.5));
#9055 = VECTOR('',#9056,1.);
#9056 = DIRECTION('',(0.,0.,1.));
#9057 = PCURVE('',#8950,#9058);
#9058 = DEFINITIONAL_REPRESENTATION('',(#9059),#9063);
#9059 = LINE('',#9060,#9061);
#9060 = CARTESIAN_POINT('',(0.,0.));
#9061 = VECTOR('',#9062,1.);
#9062 = DIRECTION('',(0.,-1.));
#9063 = ( GEOMETRIC_REPRESENTATION_CONTEXT(2) 
PARAMETRIC_REPRESENTATION_CONTEXT() REPRESENTATION_CONTEXT('2D SPACE',''
  ) );
#9064 = PCURVE('',#9065,#9070);
#9065 = PLANE('',#9066);
#9066 = AXIS2_PLACEMENT_3D('',#9067,#9068,#9069);
#9067 = CARTESIAN_POINT('',(10.412286759757,-2.749999999951,1.5));
#9068 = DIRECTION('',(5.59407326958E-16,1.,-0.));
#9069 = DIRECTION('',(1.,-5.59407326958E-16,0.));
#9070 = DEFINITIONAL_REPRESENTATION('',(#9071),#9075);
#9071 = LINE('',#9072,#9073);
#9072 = CARTESIAN_POINT('',(3.175426480486,0.));
#9073 = VECTOR('',#9074,1.);
#9074 = DIRECTION('',(0.,-1.));
#9075 = ( GEOMETRIC_REPRESENTATION_CONTEXT(2) 
PARAMETRIC_REPRESENTATION_CONTEXT() REPRESENTATION_CONTEXT('2D SPACE',''
  ) );
#9076 = ORIENTED_EDGE('',*,*,#9077,.T.);
#9077 = EDGE_CURVE('',#9050,#8930,#9078,.T.);
#9078 = SURFACE_CURVE('',#9079,(#9083,#9090),.PCURVE_S1.);
#9079 = LINE('',#9080,#9081);
#9080 = CARTESIAN_POINT('',(13.587713240243,-2.749999999951,3.9));
#9081 = VECTOR('',#9082,1.);
#9082 = DIRECTION('',(0.5,0.866025403784,0.));
#9083 = PCURVE('',#8950,#9084);
#9084 = DEFINITIONAL_REPRESENTATION('',(#9085),#9089);
#9085 = LINE('',#9086,#9087);
#9086 = CARTESIAN_POINT('',(0.,-2.4));
#9087 = VECTOR('',#9088,1.);
#9088 = DIRECTION('',(1.,0.));
#9089 = ( GEOMETRIC_REPRESENTATION_CONTEXT(2) 
PARAMETRIC_REPRESENTATION_CONTEXT() REPRESENTATION_CONTEXT('2D SPACE',''
  ) );
#9090 = PCURVE('',#8978,#9091);
#9091 = DEFINITIONAL_REPRESENTATION('',(#9092),#9096);
#9092 = LINE('',#9093,#9094);
#9093 = CARTESIAN_POINT('',(1.587713240243,-2.749999999951));
#9094 = VECTOR('',#9095,1.);
#9095 = DIRECTION('',(0.5,0.866025403784));
#9096 = ( GEOMETRIC_REPRESENTATION_CONTEXT(2) 
PARAMETRIC_REPRESENTATION_CONTEXT() REPRESENTATION_CONTEXT('2D SPACE',''
  ) );
#9097 = ORIENTED_EDGE('',*,*,#8927,.F.);
#9098 = ORIENTED_EDGE('',*,*,#9099,.F.);
#9099 = EDGE_CURVE('',#9048,#8928,#9100,.T.);
#9100 = SURFACE_CURVE('',#9101,(#9105,#9112),.PCURVE_S1.);
#9101 = LINE('',#9102,#9103);
#9102 = CARTESIAN_POINT('',(13.587713240243,-2.749999999951,1.5));
#9103 = VECTOR('',#9104,1.);
#9104 = DIRECTION('',(0.5,0.866025403784,0.));
#9105 = PCURVE('',#8950,#9106);
#9106 = DEFINITIONAL_REPRESENTATION('',(#9107),#9111);
#9107 = LINE('',#9108,#9109);
#9108 = CARTESIAN_POINT('',(0.,0.));
#9109 = VECTOR('',#9110,1.);
#9110 = DIRECTION('',(1.,0.));
#9111 = ( GEOMETRIC_REPRESENTATION_CONTEXT(2) 
PARAMETRIC_REPRESENTATION_CONTEXT() REPRESENTATION_CONTEXT('2D SPACE',''
  ) );
#9112 = PCURVE('',#9032,#9113);
#9113 = DEFINITIONAL_REPRESENTATION('',(#9114),#9118);
#9114 = LINE('',#9115,#9116);
#9115 = CARTESIAN_POINT('',(1.587713240243,-2.749999999951));
#9116 = VECTOR('',#9117,1.);
#9117 = DIRECTION('',(0.5,0.866025403784));
#9118 = ( GEOMETRIC_REPRESENTATION_CONTEXT(2) 
PARAMETRIC_REPRESENTATION_CONTEXT() REPRESENTATION_CONTEXT('2D SPACE',''
  ) );
#9119 = ADVANCED_FACE('',(#9120),#9006,.F.);
#9120 = FACE_BOUND('',#9121,.F.);
#9121 = EDGE_LOOP('',(#9122,#9123,#9146,#9174));
#9122 = ORIENTED_EDGE('',*,*,#8990,.T.);
#9123 = ORIENTED_EDGE('',*,*,#9124,.T.);
#9124 = EDGE_CURVE('',#8963,#9125,#9127,.T.);
#9125 = VERTEX_POINT('',#9126);
#9126 = CARTESIAN_POINT('',(10.412286759757,2.749999999951,3.9));
#9127 = SURFACE_CURVE('',#9128,(#9132,#9139),.PCURVE_S1.);
#9128 = LINE('',#9129,#9130);
#9129 = CARTESIAN_POINT('',(13.587713240243,2.749999999951,3.9));
#9130 = VECTOR('',#9131,1.);
#9131 = DIRECTION('',(-1.,1.398518317395E-16,0.));
#9132 = PCURVE('',#9006,#9133);
#9133 = DEFINITIONAL_REPRESENTATION('',(#9134),#9138);
#9134 = LINE('',#9135,#9136);
#9135 = CARTESIAN_POINT('',(0.,-2.4));
#9136 = VECTOR('',#9137,1.);
#9137 = DIRECTION('',(1.,0.));
#9138 = ( GEOMETRIC_REPRESENTATION_CONTEXT(2) 
PARAMETRIC_REPRESENTATION_CONTEXT() REPRESENTATION_CONTEXT('2D SPACE',''
  ) );
#9139 = PCURVE('',#8978,#9140);
#9140 = DEFINITIONAL_REPRESENTATION('',(#9141),#9145);
#9141 = LINE('',#9142,#9143);
#9142 = CARTESIAN_POINT('',(1.587713240243,2.749999999951));
#9143 = VECTOR('',#9144,1.);
#9144 = DIRECTION('',(-1.,1.398518317395E-16));
#9145 = ( GEOMETRIC_REPRESENTATION_CONTEXT(2) 
PARAMETRIC_REPRESENTATION_CONTEXT() REPRESENTATION_CONTEXT('2D SPACE',''
  ) );
#9146 = ORIENTED_EDGE('',*,*,#9147,.F.);
#9147 = EDGE_CURVE('',#9148,#9125,#9150,.T.);
#9148 = VERTEX_POINT('',#9149);
#9149 = CARTESIAN_POINT('',(10.412286759757,2.749999999951,1.5));
#9150 = SURFACE_CURVE('',#9151,(#9155,#9162),.PCURVE_S1.);
#9151 = LINE('',#9152,#9153);
#9152 = CARTESIAN_POINT('',(10.412286759757,2.749999999951,1.5));
#9153 = VECTOR('',#9154,1.);
#9154 = DIRECTION('',(0.,0.,1.));
#9155 = PCURVE('',#9006,#9156);
#9156 = DEFINITIONAL_REPRESENTATION('',(#9157),#9161);
#9157 = LINE('',#9158,#9159);
#9158 = CARTESIAN_POINT('',(3.175426480486,0.));
#9159 = VECTOR('',#9160,1.);
#9160 = DIRECTION('',(0.,-1.));
#9161 = ( GEOMETRIC_REPRESENTATION_CONTEXT(2) 
PARAMETRIC_REPRESENTATION_CONTEXT() REPRESENTATION_CONTEXT('2D SPACE',''
  ) );
#9162 = PCURVE('',#9163,#9168);
#9163 = PLANE('',#9164);
#9164 = AXIS2_PLACEMENT_3D('',#9165,#9166,#9167);
#9165 = CARTESIAN_POINT('',(10.412286759757,2.749999999951,1.5));
#9166 = DIRECTION('',(0.866025403784,-0.5,0.));
#9167 = DIRECTION('',(-0.5,-0.866025403784,0.));
#9168 = DEFINITIONAL_REPRESENTATION('',(#9169),#9173);
#9169 = LINE('',#9170,#9171);
#9170 = CARTESIAN_POINT('',(0.,0.));
#9171 = VECTOR('',#9172,1.);
#9172 = DIRECTION('',(0.,-1.));
#9173 = ( GEOMETRIC_REPRESENTATION_CONTEXT(2) 
PARAMETRIC_REPRESENTATION_CONTEXT() REPRESENTATION_CONTEXT('2D SPACE',''
  ) );
#9174 = ORIENTED_EDGE('',*,*,#9175,.F.);
#9175 = EDGE_CURVE('',#8991,#9148,#9176,.T.);
#9176 = SURFACE_CURVE('',#9177,(#9181,#9188),.PCURVE_S1.);
#9177 = LINE('',#9178,#9179);
#9178 = CARTESIAN_POINT('',(13.587713240243,2.749999999951,1.5));
#9179 = VECTOR('',#9180,1.);
#9180 = DIRECTION('',(-1.,1.398518317395E-16,0.));
#9181 = PCURVE('',#9006,#9182);
#9182 = DEFINITIONAL_REPRESENTATION('',(#9183),#9187);
#9183 = LINE('',#9184,#9185);
#9184 = CARTESIAN_POINT('',(0.,0.));
#9185 = VECTOR('',#9186,1.);
#9186 = DIRECTION('',(1.,0.));
#9187 = ( GEOMETRIC_REPRESENTATION_CONTEXT(2) 
PARAMETRIC_REPRESENTATION_CONTEXT() REPRESENTATION_CONTEXT('2D SPACE',''
  ) );
#9188 = PCURVE('',#9032,#9189);
#9189 = DEFINITIONAL_REPRESENTATION('',(#9190),#9194);
#9190 = LINE('',#9191,#9192);
#9191 = CARTESIAN_POINT('',(1.587713240243,2.749999999951));
#9192 = VECTOR('',#9193,1.);
#9193 = DIRECTION('',(-1.,1.398518317395E-16));
#9194 = ( GEOMETRIC_REPRESENTATION_CONTEXT(2) 
PARAMETRIC_REPRESENTATION_CONTEXT() REPRESENTATION_CONTEXT('2D SPACE',''
  ) );
#9195 = ADVANCED_FACE('',(#9196,#9273),#9032,.F.);
#9196 = FACE_BOUND('',#9197,.F.);
#9197 = EDGE_LOOP('',(#9198,#9199,#9200,#9223,#9251,#9272));
#9198 = ORIENTED_EDGE('',*,*,#9018,.T.);
#9199 = ORIENTED_EDGE('',*,*,#9175,.T.);
#9200 = ORIENTED_EDGE('',*,*,#9201,.T.);
#9201 = EDGE_CURVE('',#9148,#9202,#9204,.T.);
#9202 = VERTEX_POINT('',#9203);
#9203 = CARTESIAN_POINT('',(8.824573519514,3.888775875255E-16,1.5));
#9204 = SURFACE_CURVE('',#9205,(#9209,#9216),.PCURVE_S1.);
#9205 = LINE('',#9206,#9207);
#9206 = CARTESIAN_POINT('',(10.412286759757,2.749999999951,1.5));
#9207 = VECTOR('',#9208,1.);
#9208 = DIRECTION('',(-0.5,-0.866025403784,0.));
#9209 = PCURVE('',#9032,#9210);
#9210 = DEFINITIONAL_REPRESENTATION('',(#9211),#9215);
#9211 = LINE('',#9212,#9213);
#9212 = CARTESIAN_POINT('',(-1.587713240243,2.749999999951));
#9213 = VECTOR('',#9214,1.);
#9214 = DIRECTION('',(-0.5,-0.866025403784));
#9215 = ( GEOMETRIC_REPRESENTATION_CONTEXT(2) 
PARAMETRIC_REPRESENTATION_CONTEXT() REPRESENTATION_CONTEXT('2D SPACE',''
  ) );
#9216 = PCURVE('',#9163,#9217);
#9217 = DEFINITIONAL_REPRESENTATION('',(#9218),#9222);
#9218 = LINE('',#9219,#9220);
#9219 = CARTESIAN_POINT('',(0.,0.));
#9220 = VECTOR('',#9221,1.);
#9221 = DIRECTION('',(1.,0.));
#9222 = ( GEOMETRIC_REPRESENTATION_CONTEXT(2) 
PARAMETRIC_REPRESENTATION_CONTEXT() REPRESENTATION_CONTEXT('2D SPACE',''
  ) );
#9223 = ORIENTED_EDGE('',*,*,#9224,.T.);
#9224 = EDGE_CURVE('',#9202,#9225,#9227,.T.);
#9225 = VERTEX_POINT('',#9226);
#9226 = CARTESIAN_POINT('',(10.412286759757,-2.749999999951,1.5));
#9227 = SURFACE_CURVE('',#9228,(#9232,#9239),.PCURVE_S1.);
#9228 = LINE('',#9229,#9230);
#9229 = CARTESIAN_POINT('',(8.824573519514,3.888775875255E-16,1.5));
#9230 = VECTOR('',#9231,1.);
#9231 = DIRECTION('',(0.5,-0.866025403784,0.));
#9232 = PCURVE('',#9032,#9233);
#9233 = DEFINITIONAL_REPRESENTATION('',(#9234),#9238);
#9234 = LINE('',#9235,#9236);
#9235 = CARTESIAN_POINT('',(-3.175426480486,3.888775875255E-16));
#9236 = VECTOR('',#9237,1.);
#9237 = DIRECTION('',(0.5,-0.866025403784));
#9238 = ( GEOMETRIC_REPRESENTATION_CONTEXT(2) 
PARAMETRIC_REPRESENTATION_CONTEXT() REPRESENTATION_CONTEXT('2D SPACE',''
  ) );
#9239 = PCURVE('',#9240,#9245);
#9240 = PLANE('',#9241);
#9241 = AXIS2_PLACEMENT_3D('',#9242,#9243,#9244);
#9242 = CARTESIAN_POINT('',(8.824573519514,3.888775875255E-16,1.5));
#9243 = DIRECTION('',(0.866025403784,0.5,-0.));
#9244 = DIRECTION('',(0.5,-0.866025403784,0.));
#9245 = DEFINITIONAL_REPRESENTATION('',(#9246),#9250);
#9246 = LINE('',#9247,#9248);
#9247 = CARTESIAN_POINT('',(0.,0.));
#9248 = VECTOR('',#9249,1.);
#9249 = DIRECTION('',(1.,0.));
#9250 = ( GEOMETRIC_REPRESENTATION_CONTEXT(2) 
PARAMETRIC_REPRESENTATION_CONTEXT() REPRESENTATION_CONTEXT('2D SPACE',''
  ) );
#9251 = ORIENTED_EDGE('',*,*,#9252,.T.);
#9252 = EDGE_CURVE('',#9225,#9048,#9253,.T.);
#9253 = SURFACE_CURVE('',#9254,(#9258,#9265),.PCURVE_S1.);
#9254 = LINE('',#9255,#9256);
#9255 = CARTESIAN_POINT('',(10.412286759757,-2.749999999951,1.5));
#9256 = VECTOR('',#9257,1.);
#9257 = DIRECTION('',(1.,-5.59407326958E-16,0.));
#9258 = PCURVE('',#9032,#9259);
#9259 = DEFINITIONAL_REPRESENTATION('',(#9260),#9264);
#9260 = LINE('',#9261,#9262);
#9261 = CARTESIAN_POINT('',(-1.587713240243,-2.749999999951));
#9262 = VECTOR('',#9263,1.);
#9263 = DIRECTION('',(1.,-5.59407326958E-16));
#9264 = ( GEOMETRIC_REPRESENTATION_CONTEXT(2) 
PARAMETRIC_REPRESENTATION_CONTEXT() REPRESENTATION_CONTEXT('2D SPACE',''
  ) );
#9265 = PCURVE('',#9065,#9266);
#9266 = DEFINITIONAL_REPRESENTATION('',(#9267),#9271);
#9267 = LINE('',#9268,#9269);
#9268 = CARTESIAN_POINT('',(0.,0.));
#9269 = VECTOR('',#9270,1.);
#9270 = DIRECTION('',(1.,0.));
#9271 = ( GEOMETRIC_REPRESENTATION_CONTEXT(2) 
PARAMETRIC_REPRESENTATION_CONTEXT() REPRESENTATION_CONTEXT('2D SPACE',''
  ) );
#9272 = ORIENTED_EDGE('',*,*,#9099,.T.);
#9273 = FACE_BOUND('',#9274,.F.);
#9274 = EDGE_LOOP('',(#9275));
#9275 = ORIENTED_EDGE('',*,*,#9276,.F.);
#9276 = EDGE_CURVE('',#9277,#9277,#9279,.T.);
#9277 = VERTEX_POINT('',#9278);
#9278 = CARTESIAN_POINT('',(13.6,-3.918869757272E-16,1.5));
#9279 = SURFACE_CURVE('',#9280,(#9285,#9292),.PCURVE_S1.);
#9280 = CIRCLE('',#9281,1.6);
#9281 = AXIS2_PLACEMENT_3D('',#9282,#9283,#9284);
#9282 = CARTESIAN_POINT('',(12.,0.,1.5));
#9283 = DIRECTION('',(0.,0.,1.));
#9284 = DIRECTION('',(1.,0.,-0.));
#9285 = PCURVE('',#9032,#9286);
#9286 = DEFINITIONAL_REPRESENTATION('',(#9287),#9291);
#9287 = CIRCLE('',#9288,1.6);
#9288 = AXIS2_PLACEMENT_2D('',#9289,#9290);
#9289 = CARTESIAN_POINT('',(0.,0.));
#9290 = DIRECTION('',(1.,0.));
#9291 = ( GEOMETRIC_REPRESENTATION_CONTEXT(2) 
PARAMETRIC_REPRESENTATION_CONTEXT() REPRESENTATION_CONTEXT('2D SPACE',''
  ) );
#9292 = PCURVE('',#9293,#9298);
#9293 = CYLINDRICAL_SURFACE('',#9294,1.6);
#9294 = AXIS2_PLACEMENT_3D('',#9295,#9296,#9297);
#9295 = CARTESIAN_POINT('',(12.,0.,1.4));
#9296 = DIRECTION('',(0.,0.,1.));
#9297 = DIRECTION('',(1.,0.,-0.));
#9298 = DEFINITIONAL_REPRESENTATION('',(#9299),#9303);
#9299 = LINE('',#9300,#9301);
#9300 = CARTESIAN_POINT('',(0.,0.1));
#9301 = VECTOR('',#9302,1.);
#9302 = DIRECTION('',(1.,0.));
#9303 = ( GEOMETRIC_REPRESENTATION_CONTEXT(2) 
PARAMETRIC_REPRESENTATION_CONTEXT() REPRESENTATION_CONTEXT('2D SPACE',''
  ) );
#9304 = ADVANCED_FACE('',(#9305,#9377),#8978,.T.);
#9305 = FACE_BOUND('',#9306,.T.);
#9306 = EDGE_LOOP('',(#9307,#9308,#9309,#9332,#9355,#9376));
#9307 = ORIENTED_EDGE('',*,*,#8962,.T.);
#9308 = ORIENTED_EDGE('',*,*,#9124,.T.);
#9309 = ORIENTED_EDGE('',*,*,#9310,.T.);
#9310 = EDGE_CURVE('',#9125,#9311,#9313,.T.);
#9311 = VERTEX_POINT('',#9312);
#9312 = CARTESIAN_POINT('',(8.824573519514,3.888775875255E-16,3.9));
#9313 = SURFACE_CURVE('',#9314,(#9318,#9325),.PCURVE_S1.);
#9314 = LINE('',#9315,#9316);
#9315 = CARTESIAN_POINT('',(10.412286759757,2.749999999951,3.9));
#9316 = VECTOR('',#9317,1.);
#9317 = DIRECTION('',(-0.5,-0.866025403784,0.));
#9318 = PCURVE('',#8978,#9319);
#9319 = DEFINITIONAL_REPRESENTATION('',(#9320),#9324);
#9320 = LINE('',#9321,#9322);
#9321 = CARTESIAN_POINT('',(-1.587713240243,2.749999999951));
#9322 = VECTOR('',#9323,1.);
#9323 = DIRECTION('',(-0.5,-0.866025403784));
#9324 = ( GEOMETRIC_REPRESENTATION_CONTEXT(2) 
PARAMETRIC_REPRESENTATION_CONTEXT() REPRESENTATION_CONTEXT('2D SPACE',''
  ) );
#9325 = PCURVE('',#9163,#9326);
#9326 = DEFINITIONAL_REPRESENTATION('',(#9327),#9331);
#9327 = LINE('',#9328,#9329);
#9328 = CARTESIAN_POINT('',(0.,-2.4));
#9329 = VECTOR('',#9330,1.);
#9330 = DIRECTION('',(1.,0.));
#9331 = ( GEOMETRIC_REPRESENTATION_CONTEXT(2) 
PARAMETRIC_REPRESENTATION_CONTEXT() REPRESENTATION_CONTEXT('2D SPACE',''
  ) );
#9332 = ORIENTED_EDGE('',*,*,#9333,.T.);
#9333 = EDGE_CURVE('',#9311,#9334,#9336,.T.);
#9334 = VERTEX_POINT('',#9335);
#9335 = CARTESIAN_POINT('',(10.412286759757,-2.749999999951,3.9));
#9336 = SURFACE_CURVE('',#9337,(#9341,#9348),.PCURVE_S1.);
#9337 = LINE('',#9338,#9339);
#9338 = CARTESIAN_POINT('',(8.824573519514,3.888775875255E-16,3.9));
#9339 = VECTOR('',#9340,1.);
#9340 = DIRECTION('',(0.5,-0.866025403784,0.));
#9341 = PCURVE('',#8978,#9342);
#9342 = DEFINITIONAL_REPRESENTATION('',(#9343),#9347);
#9343 = LINE('',#9344,#9345);
#9344 = CARTESIAN_POINT('',(-3.175426480486,3.888775875255E-16));
#9345 = VECTOR('',#9346,1.);
#9346 = DIRECTION('',(0.5,-0.866025403784));
#9347 = ( GEOMETRIC_REPRESENTATION_CONTEXT(2) 
PARAMETRIC_REPRESENTATION_CONTEXT() REPRESENTATION_CONTEXT('2D SPACE',''
  ) );
#9348 = PCURVE('',#9240,#9349);
#9349 = DEFINITIONAL_REPRESENTATION('',(#9350),#9354);
#9350 = LINE('',#9351,#9352);
#9351 = CARTESIAN_POINT('',(0.,-2.4));
#9352 = VECTOR('',#9353,1.);
#9353 = DIRECTION('',(1.,0.));
#9354 = ( GEOMETRIC_REPRESENTATION_CONTEXT(2) 
PARAMETRIC_REPRESENTATION_CONTEXT() REPRESENTATION_CONTEXT('2D SPACE',''
  ) );
#9355 = ORIENTED_EDGE('',*,*,#9356,.T.);
#9356 = EDGE_CURVE('',#9334,#9050,#9357,.T.);
#9357 = SURFACE_CURVE('',#9358,(#9362,#9369),.PCURVE_S1.);
#9358 = LINE('',#9359,#9360);
#9359 = CARTESIAN_POINT('',(10.412286759757,-2.749999999951,3.9));
#9360 = VECTOR('',#9361,1.);
#9361 = DIRECTION('',(1.,-5.59407326958E-16,0.));
#9362 = PCURVE('',#8978,#9363);
#9363 = DEFINITIONAL_REPRESENTATION('',(#9364),#9368);
#9364 = LINE('',#9365,#9366);
#9365 = CARTESIAN_POINT('',(-1.587713240243,-2.749999999951));
#9366 = VECTOR('',#9367,1.);
#9367 = DIRECTION('',(1.,-5.59407326958E-16));
#9368 = ( GEOMETRIC_REPRESENTATION_CONTEXT(2) 
PARAMETRIC_REPRESENTATION_CONTEXT() REPRESENTATION_CONTEXT('2D SPACE',''
  ) );
#9369 = PCURVE('',#9065,#9370);
#9370 = DEFINITIONAL_REPRESENTATION('',(#9371),#9375);
#9371 = LINE('',#9372,#9373);
#9372 = CARTESIAN_POINT('',(0.,-2.4));
#9373 = VECTOR('',#9374,1.);
#9374 = DIRECTION('',(1.,0.));
#9375 = ( GEOMETRIC_REPRESENTATION_CONTEXT(2) 
PARAMETRIC_REPRESENTATION_CONTEXT() REPRESENTATION_CONTEXT('2D SPACE',''
  ) );
#9376 = ORIENTED_EDGE('',*,*,#9077,.T.);
#9377 = FACE_BOUND('',#9378,.T.);
#9378 = EDGE_LOOP('',(#9379));
#9379 = ORIENTED_EDGE('',*,*,#9380,.F.);
#9380 = EDGE_CURVE('',#9381,#9381,#9383,.T.);
#9381 = VERTEX_POINT('',#9382);
#9382 = CARTESIAN_POINT('',(13.6,-3.918869757272E-16,3.9));
#9383 = SURFACE_CURVE('',#9384,(#9389,#9396),.PCURVE_S1.);
#9384 = CIRCLE('',#9385,1.6);
#9385 = AXIS2_PLACEMENT_3D('',#9386,#9387,#9388);
#9386 = CARTESIAN_POINT('',(12.,0.,3.9));
#9387 = DIRECTION('',(0.,0.,1.));
#9388 = DIRECTION('',(1.,0.,-0.));
#9389 = PCURVE('',#8978,#9390);
#9390 = DEFINITIONAL_REPRESENTATION('',(#9391),#9395);
#9391 = CIRCLE('',#9392,1.6);
#9392 = AXIS2_PLACEMENT_2D('',#9393,#9394);
#9393 = CARTESIAN_POINT('',(0.,0.));
#9394 = DIRECTION('',(1.,0.));
#9395 = ( GEOMETRIC_REPRESENTATION_CONTEXT(2) 
PARAMETRIC_REPRESENTATION_CONTEXT() REPRESENTATION_CONTEXT('2D SPACE',''
  ) );
#9396 = PCURVE('',#9293,#9397);
#9397 = DEFINITIONAL_REPRESENTATION('',(#9398),#9402);
#9398 = LINE('',#9399,#9400);
#9399 = CARTESIAN_POINT('',(0.,2.5));
#9400 = VECTOR('',#9401,1.);
#9401 = DIRECTION('',(1.,0.));
#9402 = ( GEOMETRIC_REPRESENTATION_CONTEXT(2) 
PARAMETRIC_REPRESENTATION_CONTEXT() REPRESENTATION_CONTEXT('2D SPACE',''
  ) );
#9403 = ADVANCED_FACE('',(#9404),#9065,.F.);
#9404 = FACE_BOUND('',#9405,.F.);
#9405 = EDGE_LOOP('',(#9406,#9427,#9428,#9429));
#9406 = ORIENTED_EDGE('',*,*,#9407,.T.);
#9407 = EDGE_CURVE('',#9225,#9334,#9408,.T.);
#9408 = SURFACE_CURVE('',#9409,(#9413,#9420),.PCURVE_S1.);
#9409 = LINE('',#9410,#9411);
#9410 = CARTESIAN_POINT('',(10.412286759757,-2.749999999951,1.5));
#9411 = VECTOR('',#9412,1.);
#9412 = DIRECTION('',(0.,0.,1.));
#9413 = PCURVE('',#9065,#9414);
#9414 = DEFINITIONAL_REPRESENTATION('',(#9415),#9419);
#9415 = LINE('',#9416,#9417);
#9416 = CARTESIAN_POINT('',(0.,0.));
#9417 = VECTOR('',#9418,1.);
#9418 = DIRECTION('',(0.,-1.));
#9419 = ( GEOMETRIC_REPRESENTATION_CONTEXT(2) 
PARAMETRIC_REPRESENTATION_CONTEXT() REPRESENTATION_CONTEXT('2D SPACE',''
  ) );
#9420 = PCURVE('',#9240,#9421);
#9421 = DEFINITIONAL_REPRESENTATION('',(#9422),#9426);
#9422 = LINE('',#9423,#9424);
#9423 = CARTESIAN_POINT('',(3.175426480486,0.));
#9424 = VECTOR('',#9425,1.);
#9425 = DIRECTION('',(0.,-1.));
#9426 = ( GEOMETRIC_REPRESENTATION_CONTEXT(2) 
PARAMETRIC_REPRESENTATION_CONTEXT() REPRESENTATION_CONTEXT('2D SPACE',''
  ) );
#9427 = ORIENTED_EDGE('',*,*,#9356,.T.);
#9428 = ORIENTED_EDGE('',*,*,#9047,.F.);
#9429 = ORIENTED_EDGE('',*,*,#9252,.F.);
#9430 = ADVANCED_FACE('',(#9431),#9163,.F.);
#9431 = FACE_BOUND('',#9432,.F.);
#9432 = EDGE_LOOP('',(#9433,#9434,#9435,#9456));
#9433 = ORIENTED_EDGE('',*,*,#9147,.T.);
#9434 = ORIENTED_EDGE('',*,*,#9310,.T.);
#9435 = ORIENTED_EDGE('',*,*,#9436,.F.);
#9436 = EDGE_CURVE('',#9202,#9311,#9437,.T.);
#9437 = SURFACE_CURVE('',#9438,(#9442,#9449),.PCURVE_S1.);
#9438 = LINE('',#9439,#9440);
#9439 = CARTESIAN_POINT('',(8.824573519514,3.888775875255E-16,1.5));
#9440 = VECTOR('',#9441,1.);
#9441 = DIRECTION('',(0.,0.,1.));
#9442 = PCURVE('',#9163,#9443);
#9443 = DEFINITIONAL_REPRESENTATION('',(#9444),#9448);
#9444 = LINE('',#9445,#9446);
#9445 = CARTESIAN_POINT('',(3.175426480486,0.));
#9446 = VECTOR('',#9447,1.);
#9447 = DIRECTION('',(0.,-1.));
#9448 = ( GEOMETRIC_REPRESENTATION_CONTEXT(2) 
PARAMETRIC_REPRESENTATION_CONTEXT() REPRESENTATION_CONTEXT('2D SPACE',''
  ) );
#9449 = PCURVE('',#9240,#9450);
#9450 = DEFINITIONAL_REPRESENTATION('',(#9451),#9455);
#9451 = LINE('',#9452,#9453);
#9452 = CARTESIAN_POINT('',(0.,0.));
#9453 = VECTOR('',#9454,1.);
#9454 = DIRECTION('',(0.,-1.));
#9455 = ( GEOMETRIC_REPRESENTATION_CONTEXT(2) 
PARAMETRIC_REPRESENTATION_CONTEXT() REPRESENTATION_CONTEXT('2D SPACE',''
  ) );
#9456 = ORIENTED_EDGE('',*,*,#9201,.F.);
#9457 = ADVANCED_FACE('',(#9458),#9240,.F.);
#9458 = FACE_BOUND('',#9459,.F.);
#9459 = EDGE_LOOP('',(#9460,#9461,#9462,#9463));
#9460 = ORIENTED_EDGE('',*,*,#9436,.T.);
#9461 = ORIENTED_EDGE('',*,*,#9333,.T.);
#9462 = ORIENTED_EDGE('',*,*,#9407,.F.);
#9463 = ORIENTED_EDGE('',*,*,#9224,.F.);
#9464 = ADVANCED_FACE('',(#9465),#9293,.F.);
#9465 = FACE_BOUND('',#9466,.F.);
#9466 = EDGE_LOOP('',(#9467,#9468,#9489,#9490));
#9467 = ORIENTED_EDGE('',*,*,#9380,.F.);
#9468 = ORIENTED_EDGE('',*,*,#9469,.F.);
#9469 = EDGE_CURVE('',#9277,#9381,#9470,.T.);
#9470 = SEAM_CURVE('',#9471,(#9475,#9482),.PCURVE_S1.);
#9471 = LINE('',#9472,#9473);
#9472 = CARTESIAN_POINT('',(13.6,-3.918869757272E-16,1.4));
#9473 = VECTOR('',#9474,1.);
#9474 = DIRECTION('',(0.,0.,1.));
#9475 = PCURVE('',#9293,#9476);
#9476 = DEFINITIONAL_REPRESENTATION('',(#9477),#9481);
#9477 = LINE('',#9478,#9479);
#9478 = CARTESIAN_POINT('',(6.28318530718,-0.));
#9479 = VECTOR('',#9480,1.);
#9480 = DIRECTION('',(0.,1.));
#9481 = ( GEOMETRIC_REPRESENTATION_CONTEXT(2) 
PARAMETRIC_REPRESENTATION_CONTEXT() REPRESENTATION_CONTEXT('2D SPACE',''
  ) );
#9482 = PCURVE('',#9293,#9483);
#9483 = DEFINITIONAL_REPRESENTATION('',(#9484),#9488);
#9484 = LINE('',#9485,#9486);
#9485 = CARTESIAN_POINT('',(0.,-0.));
#9486 = VECTOR('',#9487,1.);
#9487 = DIRECTION('',(0.,1.));
#9488 = ( GEOMETRIC_REPRESENTATION_CONTEXT(2) 
PARAMETRIC_REPRESENTATION_CONTEXT() REPRESENTATION_CONTEXT('2D SPACE',''
  ) );
#9489 = ORIENTED_EDGE('',*,*,#9276,.T.);
#9490 = ORIENTED_EDGE('',*,*,#9469,.T.);
#9491 = ( GEOMETRIC_REPRESENTATION_CONTEXT(3) 
GLOBAL_UNCERTAINTY_ASSIGNED_CONTEXT((#9495)) 
GLOBAL_UNIT_ASSIGNED_CONTEXT((#9492,#9493,#9494)) REPRESENTATION_CONTEXT
('Context #1','3D Context with UNIT and UNCERTAINTY') );
#9492 = ( LENGTH_UNIT() NAMED_UNIT(*) SI_UNIT(.MILLI.,.METRE.) );
#9493 = ( NAMED_UNIT(*) PLANE_ANGLE_UNIT() SI_UNIT($,.RADIAN.) );
#9494 = ( NAMED_UNIT(*) SI_UNIT($,.STERADIAN.) SOLID_ANGLE_UNIT() );
#9495 = UNCERTAINTY_MEASURE_WITH_UNIT(LENGTH_MEASURE(1.E-07),#9492,
  'distance_accuracy_value','confusion accuracy');
#9496 = CONTEXT_DEPENDENT_SHAPE_REPRESENTATION(#9497,#9499);
#9497 = ( REPRESENTATION_RELATIONSHIP('','',#8920,#10) 
REPRESENTATION_RELATIONSHIP_WITH_TRANSFORMATION(#9498) 
SHAPE_REPRESENTATION_RELATIONSHIP() );
#9498 = ITEM_DEFINED_TRANSFORMATION('','',#11,#55);
#9499 = PRODUCT_DEFINITION_SHAPE('Placement','Placement of an item',
  #9500);
#9500 = NEXT_ASSEMBLY_USAGE_OCCURRENCE('35','lock_stud_nut_2_DIN934_M3',
  '',#5,#8915,$);
#9501 = PRODUCT_RELATED_PRODUCT_CATEGORY('part',$,(#8917));
#9502 = SHAPE_DEFINITION_REPRESENTATION(#9503,#9509);
#9503 = PRODUCT_DEFINITION_SHAPE('','',#9504);
#9504 = PRODUCT_DEFINITION('design','',#9505,#9508);
#9505 = PRODUCT_DEFINITION_FORMATION('','',#9506);
#9506 = PRODUCT('tool_contact_board_FR4','tool_contact_board_FR4','',(
    #9507));
#9507 = PRODUCT_CONTEXT('',#2,'mechanical');
#9508 = PRODUCT_DEFINITION_CONTEXT('part definition',#2,'design');
#9509 = ADVANCED_BREP_SHAPE_REPRESENTATION('',(#11,#9510),#10176);
#9510 = MANIFOLD_SOLID_BREP('',#9511);
#9511 = CLOSED_SHELL('',(#9512,#9632,#9708,#9881,#9930,#10061,#10068,
    #10095,#10122,#10149));
#9512 = ADVANCED_FACE('',(#9513),#9527,.F.);
#9513 = FACE_BOUND('',#9514,.F.);
#9514 = EDGE_LOOP('',(#9515,#9550,#9578,#9606));
#9515 = ORIENTED_EDGE('',*,*,#9516,.F.);
#9516 = EDGE_CURVE('',#9517,#9519,#9521,.T.);
#9517 = VERTEX_POINT('',#9518);
#9518 = CARTESIAN_POINT('',(-35.,-11.,0.));
#9519 = VERTEX_POINT('',#9520);
#9520 = CARTESIAN_POINT('',(-35.,-11.,1.));
#9521 = SURFACE_CURVE('',#9522,(#9526,#9538),.PCURVE_S1.);
#9522 = LINE('',#9523,#9524);
#9523 = CARTESIAN_POINT('',(-35.,-11.,0.));
#9524 = VECTOR('',#9525,1.);
#9525 = DIRECTION('',(0.,0.,1.));
#9526 = PCURVE('',#9527,#9532);
#9527 = PLANE('',#9528);
#9528 = AXIS2_PLACEMENT_3D('',#9529,#9530,#9531);
#9529 = CARTESIAN_POINT('',(-35.,-11.,0.));
#9530 = DIRECTION('',(1.,0.,0.));
#9531 = DIRECTION('',(0.,0.,1.));
#9532 = DEFINITIONAL_REPRESENTATION('',(#9533),#9537);
#9533 = LINE('',#9534,#9535);
#9534 = CARTESIAN_POINT('',(0.,0.));
#9535 = VECTOR('',#9536,1.);
#9536 = DIRECTION('',(1.,0.));
#9537 = ( GEOMETRIC_REPRESENTATION_CONTEXT(2) 
PARAMETRIC_REPRESENTATION_CONTEXT() REPRESENTATION_CONTEXT('2D SPACE',''
  ) );
#9538 = PCURVE('',#9539,#9544);
#9539 = PLANE('',#9540);
#9540 = AXIS2_PLACEMENT_3D('',#9541,#9542,#9543);
#9541 = CARTESIAN_POINT('',(-35.,-11.,0.));
#9542 = DIRECTION('',(0.,1.,0.));
#9543 = DIRECTION('',(0.,0.,1.));
#9544 = DEFINITIONAL_REPRESENTATION('',(#9545),#9549);
#9545 = LINE('',#9546,#9547);
#9546 = CARTESIAN_POINT('',(0.,0.));
#9547 = VECTOR('',#9548,1.);
#9548 = DIRECTION('',(1.,0.));
#9549 = ( GEOMETRIC_REPRESENTATION_CONTEXT(2) 
PARAMETRIC_REPRESENTATION_CONTEXT() REPRESENTATION_CONTEXT('2D SPACE',''
  ) );
#9550 = ORIENTED_EDGE('',*,*,#9551,.T.);
#9551 = EDGE_CURVE('',#9517,#9552,#9554,.T.);
#9552 = VERTEX_POINT('',#9553);
#9553 = CARTESIAN_POINT('',(-35.,11.,0.));
#9554 = SURFACE_CURVE('',#9555,(#9559,#9566),.PCURVE_S1.);
#9555 = LINE('',#9556,#9557);
#9556 = CARTESIAN_POINT('',(-35.,-11.,0.));
#9557 = VECTOR('',#9558,1.);
#9558 = DIRECTION('',(0.,1.,0.));
#9559 = PCURVE('',#9527,#9560);
#9560 = DEFINITIONAL_REPRESENTATION('',(#9561),#9565);
#9561 = LINE('',#9562,#9563);
#9562 = CARTESIAN_POINT('',(0.,0.));
#9563 = VECTOR('',#9564,1.);
#9564 = DIRECTION('',(0.,-1.));
#9565 = ( GEOMETRIC_REPRESENTATION_CONTEXT(2) 
PARAMETRIC_REPRESENTATION_CONTEXT() REPRESENTATION_CONTEXT('2D SPACE',''
  ) );
#9566 = PCURVE('',#9567,#9572);
#9567 = PLANE('',#9568);
#9568 = AXIS2_PLACEMENT_3D('',#9569,#9570,#9571);
#9569 = CARTESIAN_POINT('',(-35.,-11.,0.));
#9570 = DIRECTION('',(0.,0.,1.));
#9571 = DIRECTION('',(1.,0.,0.));
#9572 = DEFINITIONAL_REPRESENTATION('',(#9573),#9577);
#9573 = LINE('',#9574,#9575);
#9574 = CARTESIAN_POINT('',(0.,0.));
#9575 = VECTOR('',#9576,1.);
#9576 = DIRECTION('',(0.,1.));
#9577 = ( GEOMETRIC_REPRESENTATION_CONTEXT(2) 
PARAMETRIC_REPRESENTATION_CONTEXT() REPRESENTATION_CONTEXT('2D SPACE',''
  ) );
#9578 = ORIENTED_EDGE('',*,*,#9579,.T.);
#9579 = EDGE_CURVE('',#9552,#9580,#9582,.T.);
#9580 = VERTEX_POINT('',#9581);
#9581 = CARTESIAN_POINT('',(-35.,11.,1.));
#9582 = SURFACE_CURVE('',#9583,(#9587,#9594),.PCURVE_S1.);
#9583 = LINE('',#9584,#9585);
#9584 = CARTESIAN_POINT('',(-35.,11.,0.));
#9585 = VECTOR('',#9586,1.);
#9586 = DIRECTION('',(0.,0.,1.));
#9587 = PCURVE('',#9527,#9588);
#9588 = DEFINITIONAL_REPRESENTATION('',(#9589),#9593);
#9589 = LINE('',#9590,#9591);
#9590 = CARTESIAN_POINT('',(0.,-22.));
#9591 = VECTOR('',#9592,1.);
#9592 = DIRECTION('',(1.,0.));
#9593 = ( GEOMETRIC_REPRESENTATION_CONTEXT(2) 
PARAMETRIC_REPRESENTATION_CONTEXT() REPRESENTATION_CONTEXT('2D SPACE',''
  ) );
#9594 = PCURVE('',#9595,#9600);
#9595 = PLANE('',#9596);
#9596 = AXIS2_PLACEMENT_3D('',#9597,#9598,#9599);
#9597 = CARTESIAN_POINT('',(-35.,11.,0.));
#9598 = DIRECTION('',(0.,1.,0.));
#9599 = DIRECTION('',(0.,0.,1.));
#9600 = DEFINITIONAL_REPRESENTATION('',(#9601),#9605);
#9601 = LINE('',#9602,#9603);
#9602 = CARTESIAN_POINT('',(0.,0.));
#9603 = VECTOR('',#9604,1.);
#9604 = DIRECTION('',(1.,0.));
#9605 = ( GEOMETRIC_REPRESENTATION_CONTEXT(2) 
PARAMETRIC_REPRESENTATION_CONTEXT() REPRESENTATION_CONTEXT('2D SPACE',''
  ) );
#9606 = ORIENTED_EDGE('',*,*,#9607,.F.);
#9607 = EDGE_CURVE('',#9519,#9580,#9608,.T.);
#9608 = SURFACE_CURVE('',#9609,(#9613,#9620),.PCURVE_S1.);
#9609 = LINE('',#9610,#9611);
#9610 = CARTESIAN_POINT('',(-35.,-11.,1.));
#9611 = VECTOR('',#9612,1.);
#9612 = DIRECTION('',(0.,1.,0.));
#9613 = PCURVE('',#9527,#9614);
#9614 = DEFINITIONAL_REPRESENTATION('',(#9615),#9619);
#9615 = LINE('',#9616,#9617);
#9616 = CARTESIAN_POINT('',(1.,0.));
#9617 = VECTOR('',#9618,1.);
#9618 = DIRECTION('',(0.,-1.));
#9619 = ( GEOMETRIC_REPRESENTATION_CONTEXT(2) 
PARAMETRIC_REPRESENTATION_CONTEXT() REPRESENTATION_CONTEXT('2D SPACE',''
  ) );
#9620 = PCURVE('',#9621,#9626);
#9621 = PLANE('',#9622);
#9622 = AXIS2_PLACEMENT_3D('',#9623,#9624,#9625);
#9623 = CARTESIAN_POINT('',(-35.,-11.,1.));
#9624 = DIRECTION('',(0.,0.,1.));
#9625 = DIRECTION('',(1.,0.,0.));
#9626 = DEFINITIONAL_REPRESENTATION('',(#9627),#9631);
#9627 = LINE('',#9628,#9629);
#9628 = CARTESIAN_POINT('',(0.,0.));
#9629 = VECTOR('',#9630,1.);
#9630 = DIRECTION('',(0.,1.));
#9631 = ( GEOMETRIC_REPRESENTATION_CONTEXT(2) 
PARAMETRIC_REPRESENTATION_CONTEXT() REPRESENTATION_CONTEXT('2D SPACE',''
  ) );
#9632 = ADVANCED_FACE('',(#9633),#9539,.F.);
#9633 = FACE_BOUND('',#9634,.F.);
#9634 = EDGE_LOOP('',(#9635,#9658,#9659,#9682));
#9635 = ORIENTED_EDGE('',*,*,#9636,.F.);
#9636 = EDGE_CURVE('',#9517,#9637,#9639,.T.);
#9637 = VERTEX_POINT('',#9638);
#9638 = CARTESIAN_POINT('',(-25.,-11.,0.));
#9639 = SURFACE_CURVE('',#9640,(#9644,#9651),.PCURVE_S1.);
#9640 = LINE('',#9641,#9642);
#9641 = CARTESIAN_POINT('',(-35.,-11.,0.));
#9642 = VECTOR('',#9643,1.);
#9643 = DIRECTION('',(1.,0.,0.));
#9644 = PCURVE('',#9539,#9645);
#9645 = DEFINITIONAL_REPRESENTATION('',(#9646),#9650);
#9646 = LINE('',#9647,#9648);
#9647 = CARTESIAN_POINT('',(0.,0.));
#9648 = VECTOR('',#9649,1.);
#9649 = DIRECTION('',(0.,1.));
#9650 = ( GEOMETRIC_REPRESENTATION_CONTEXT(2) 
PARAMETRIC_REPRESENTATION_CONTEXT() REPRESENTATION_CONTEXT('2D SPACE',''
  ) );
#9651 = PCURVE('',#9567,#9652);
#9652 = DEFINITIONAL_REPRESENTATION('',(#9653),#9657);
#9653 = LINE('',#9654,#9655);
#9654 = CARTESIAN_POINT('',(0.,0.));
#9655 = VECTOR('',#9656,1.);
#9656 = DIRECTION('',(1.,0.));
#9657 = ( GEOMETRIC_REPRESENTATION_CONTEXT(2) 
PARAMETRIC_REPRESENTATION_CONTEXT() REPRESENTATION_CONTEXT('2D SPACE',''
  ) );
#9658 = ORIENTED_EDGE('',*,*,#9516,.T.);
#9659 = ORIENTED_EDGE('',*,*,#9660,.T.);
#9660 = EDGE_CURVE('',#9519,#9661,#9663,.T.);
#9661 = VERTEX_POINT('',#9662);
#9662 = CARTESIAN_POINT('',(-25.,-11.,1.));
#9663 = SURFACE_CURVE('',#9664,(#9668,#9675),.PCURVE_S1.);
#9664 = LINE('',#9665,#9666);
#9665 = CARTESIAN_POINT('',(-35.,-11.,1.));
#9666 = VECTOR('',#9667,1.);
#9667 = DIRECTION('',(1.,0.,0.));
#9668 = PCURVE('',#9539,#9669);
#9669 = DEFINITIONAL_REPRESENTATION('',(#9670),#9674);
#9670 = LINE('',#9671,#9672);
#9671 = CARTESIAN_POINT('',(1.,0.));
#9672 = VECTOR('',#9673,1.);
#9673 = DIRECTION('',(0.,1.));
#9674 = ( GEOMETRIC_REPRESENTATION_CONTEXT(2) 
PARAMETRIC_REPRESENTATION_CONTEXT() REPRESENTATION_CONTEXT('2D SPACE',''
  ) );
#9675 = PCURVE('',#9621,#9676);
#9676 = DEFINITIONAL_REPRESENTATION('',(#9677),#9681);
#9677 = LINE('',#9678,#9679);
#9678 = CARTESIAN_POINT('',(0.,0.));
#9679 = VECTOR('',#9680,1.);
#9680 = DIRECTION('',(1.,0.));
#9681 = ( GEOMETRIC_REPRESENTATION_CONTEXT(2) 
PARAMETRIC_REPRESENTATION_CONTEXT() REPRESENTATION_CONTEXT('2D SPACE',''
  ) );
#9682 = ORIENTED_EDGE('',*,*,#9683,.F.);
#9683 = EDGE_CURVE('',#9637,#9661,#9684,.T.);
#9684 = SURFACE_CURVE('',#9685,(#9689,#9696),.PCURVE_S1.);
#9685 = LINE('',#9686,#9687);
#9686 = CARTESIAN_POINT('',(-25.,-11.,0.));
#9687 = VECTOR('',#9688,1.);
#9688 = DIRECTION('',(0.,0.,1.));
#9689 = PCURVE('',#9539,#9690);
#9690 = DEFINITIONAL_REPRESENTATION('',(#9691),#9695);
#9691 = LINE('',#9692,#9693);
#9692 = CARTESIAN_POINT('',(0.,10.));
#9693 = VECTOR('',#9694,1.);
#9694 = DIRECTION('',(1.,0.));
#9695 = ( GEOMETRIC_REPRESENTATION_CONTEXT(2) 
PARAMETRIC_REPRESENTATION_CONTEXT() REPRESENTATION_CONTEXT('2D SPACE',''
  ) );
#9696 = PCURVE('',#9697,#9702);
#9697 = PLANE('',#9698);
#9698 = AXIS2_PLACEMENT_3D('',#9699,#9700,#9701);
#9699 = CARTESIAN_POINT('',(-25.,-11.,0.));
#9700 = DIRECTION('',(1.,0.,0.));
#9701 = DIRECTION('',(0.,0.,1.));
#9702 = DEFINITIONAL_REPRESENTATION('',(#9703),#9707);
#9703 = LINE('',#9704,#9705);
#9704 = CARTESIAN_POINT('',(0.,0.));
#9705 = VECTOR('',#9706,1.);
#9706 = DIRECTION('',(1.,0.));
#9707 = ( GEOMETRIC_REPRESENTATION_CONTEXT(2) 
PARAMETRIC_REPRESENTATION_CONTEXT() REPRESENTATION_CONTEXT('2D SPACE',''
  ) );
#9708 = ADVANCED_FACE('',(#9709,#9757,#9788,#9819,#9850),#9621,.T.);
#9709 = FACE_BOUND('',#9710,.T.);
#9710 = EDGE_LOOP('',(#9711,#9712,#9713,#9736));
#9711 = ORIENTED_EDGE('',*,*,#9607,.F.);
#9712 = ORIENTED_EDGE('',*,*,#9660,.T.);
#9713 = ORIENTED_EDGE('',*,*,#9714,.T.);
#9714 = EDGE_CURVE('',#9661,#9715,#9717,.T.);
#9715 = VERTEX_POINT('',#9716);
#9716 = CARTESIAN_POINT('',(-25.,11.,1.));
#9717 = SURFACE_CURVE('',#9718,(#9722,#9729),.PCURVE_S1.);
#9718 = LINE('',#9719,#9720);
#9719 = CARTESIAN_POINT('',(-25.,-11.,1.));
#9720 = VECTOR('',#9721,1.);
#9721 = DIRECTION('',(0.,1.,0.));
#9722 = PCURVE('',#9621,#9723);
#9723 = DEFINITIONAL_REPRESENTATION('',(#9724),#9728);
#9724 = LINE('',#9725,#9726);
#9725 = CARTESIAN_POINT('',(10.,0.));
#9726 = VECTOR('',#9727,1.);
#9727 = DIRECTION('',(0.,1.));
#9728 = ( GEOMETRIC_REPRESENTATION_CONTEXT(2) 
PARAMETRIC_REPRESENTATION_CONTEXT() REPRESENTATION_CONTEXT('2D SPACE',''
  ) );
#9729 = PCURVE('',#9697,#9730);
#9730 = DEFINITIONAL_REPRESENTATION('',(#9731),#9735);
#9731 = LINE('',#9732,#9733);
#9732 = CARTESIAN_POINT('',(1.,0.));
#9733 = VECTOR('',#9734,1.);
#9734 = DIRECTION('',(0.,-1.));
#9735 = ( GEOMETRIC_REPRESENTATION_CONTEXT(2) 
PARAMETRIC_REPRESENTATION_CONTEXT() REPRESENTATION_CONTEXT('2D SPACE',''
  ) );
#9736 = ORIENTED_EDGE('',*,*,#9737,.F.);
#9737 = EDGE_CURVE('',#9580,#9715,#9738,.T.);
#9738 = SURFACE_CURVE('',#9739,(#9743,#9750),.PCURVE_S1.);
#9739 = LINE('',#9740,#9741);
#9740 = CARTESIAN_POINT('',(-35.,11.,1.));
#9741 = VECTOR('',#9742,1.);
#9742 = DIRECTION('',(1.,0.,0.));
#9743 = PCURVE('',#9621,#9744);
#9744 = DEFINITIONAL_REPRESENTATION('',(#9745),#9749);
#9745 = LINE('',#9746,#9747);
#9746 = CARTESIAN_POINT('',(0.,22.));
#9747 = VECTOR('',#9748,1.);
#9748 = DIRECTION('',(1.,0.));
#9749 = ( GEOMETRIC_REPRESENTATION_CONTEXT(2) 
PARAMETRIC_REPRESENTATION_CONTEXT() REPRESENTATION_CONTEXT('2D SPACE',''
  ) );
#9750 = PCURVE('',#9595,#9751);
#9751 = DEFINITIONAL_REPRESENTATION('',(#9752),#9756);
#9752 = LINE('',#9753,#9754);
#9753 = CARTESIAN_POINT('',(1.,0.));
#9754 = VECTOR('',#9755,1.);
#9755 = DIRECTION('',(0.,1.));
#9756 = ( GEOMETRIC_REPRESENTATION_CONTEXT(2) 
PARAMETRIC_REPRESENTATION_CONTEXT() REPRESENTATION_CONTEXT('2D SPACE',''
  ) );
#9757 = FACE_BOUND('',#9758,.T.);
#9758 = EDGE_LOOP('',(#9759));
#9759 = ORIENTED_EDGE('',*,*,#9760,.F.);
#9760 = EDGE_CURVE('',#9761,#9761,#9763,.T.);
#9761 = VERTEX_POINT('',#9762);
#9762 = CARTESIAN_POINT('',(-26.,-7.5,1.));
#9763 = SURFACE_CURVE('',#9764,(#9769,#9776),.PCURVE_S1.);
#9764 = CIRCLE('',#9765,0.5);
#9765 = AXIS2_PLACEMENT_3D('',#9766,#9767,#9768);
#9766 = CARTESIAN_POINT('',(-26.5,-7.5,1.));
#9767 = DIRECTION('',(0.,0.,1.));
#9768 = DIRECTION('',(1.,0.,-0.));
#9769 = PCURVE('',#9621,#9770);
#9770 = DEFINITIONAL_REPRESENTATION('',(#9771),#9775);
#9771 = CIRCLE('',#9772,0.5);
#9772 = AXIS2_PLACEMENT_2D('',#9773,#9774);
#9773 = CARTESIAN_POINT('',(8.5,3.5));
#9774 = DIRECTION('',(1.,0.));
#9775 = ( GEOMETRIC_REPRESENTATION_CONTEXT(2) 
PARAMETRIC_REPRESENTATION_CONTEXT() REPRESENTATION_CONTEXT('2D SPACE',''
  ) );
#9776 = PCURVE('',#9777,#9782);
#9777 = CYLINDRICAL_SURFACE('',#9778,0.5);
#9778 = AXIS2_PLACEMENT_3D('',#9779,#9780,#9781);
#9779 = CARTESIAN_POINT('',(-26.5,-7.5,-0.1));
#9780 = DIRECTION('',(0.,0.,1.));
#9781 = DIRECTION('',(1.,0.,-0.));
#9782 = DEFINITIONAL_REPRESENTATION('',(#9783),#9787);
#9783 = LINE('',#9784,#9785);
#9784 = CARTESIAN_POINT('',(0.,1.1));
#9785 = VECTOR('',#9786,1.);
#9786 = DIRECTION('',(1.,0.));
#9787 = ( GEOMETRIC_REPRESENTATION_CONTEXT(2) 
PARAMETRIC_REPRESENTATION_CONTEXT() REPRESENTATION_CONTEXT('2D SPACE',''
  ) );
#9788 = FACE_BOUND('',#9789,.T.);
#9789 = EDGE_LOOP('',(#9790));
#9790 = ORIENTED_EDGE('',*,*,#9791,.F.);
#9791 = EDGE_CURVE('',#9792,#9792,#9794,.T.);
#9792 = VERTEX_POINT('',#9793);
#9793 = CARTESIAN_POINT('',(-26.,-2.5,1.));
#9794 = SURFACE_CURVE('',#9795,(#9800,#9807),.PCURVE_S1.);
#9795 = CIRCLE('',#9796,0.5);
#9796 = AXIS2_PLACEMENT_3D('',#9797,#9798,#9799);
#9797 = CARTESIAN_POINT('',(-26.5,-2.5,1.));
#9798 = DIRECTION('',(0.,0.,1.));
#9799 = DIRECTION('',(1.,0.,-0.));
#9800 = PCURVE('',#9621,#9801);
#9801 = DEFINITIONAL_REPRESENTATION('',(#9802),#9806);
#9802 = CIRCLE('',#9803,0.5);
#9803 = AXIS2_PLACEMENT_2D('',#9804,#9805);
#9804 = CARTESIAN_POINT('',(8.5,8.5));
#9805 = DIRECTION('',(1.,0.));
#9806 = ( GEOMETRIC_REPRESENTATION_CONTEXT(2) 
PARAMETRIC_REPRESENTATION_CONTEXT() REPRESENTATION_CONTEXT('2D SPACE',''
  ) );
#9807 = PCURVE('',#9808,#9813);
#9808 = CYLINDRICAL_SURFACE('',#9809,0.5);
#9809 = AXIS2_PLACEMENT_3D('',#9810,#9811,#9812);
#9810 = CARTESIAN_POINT('',(-26.5,-2.5,-0.1));
#9811 = DIRECTION('',(0.,0.,1.));
#9812 = DIRECTION('',(1.,0.,-0.));
#9813 = DEFINITIONAL_REPRESENTATION('',(#9814),#9818);
#9814 = LINE('',#9815,#9816);
#9815 = CARTESIAN_POINT('',(0.,1.1));
#9816 = VECTOR('',#9817,1.);
#9817 = DIRECTION('',(1.,0.));
#9818 = ( GEOMETRIC_REPRESENTATION_CONTEXT(2) 
PARAMETRIC_REPRESENTATION_CONTEXT() REPRESENTATION_CONTEXT('2D SPACE',''
  ) );
#9819 = FACE_BOUND('',#9820,.T.);
#9820 = EDGE_LOOP('',(#9821));
#9821 = ORIENTED_EDGE('',*,*,#9822,.F.);
#9822 = EDGE_CURVE('',#9823,#9823,#9825,.T.);
#9823 = VERTEX_POINT('',#9824);
#9824 = CARTESIAN_POINT('',(-26.,2.5,1.));
#9825 = SURFACE_CURVE('',#9826,(#9831,#9838),.PCURVE_S1.);
#9826 = CIRCLE('',#9827,0.5);
#9827 = AXIS2_PLACEMENT_3D('',#9828,#9829,#9830);
#9828 = CARTESIAN_POINT('',(-26.5,2.5,1.));
#9829 = DIRECTION('',(0.,0.,1.));
#9830 = DIRECTION('',(1.,0.,-0.));
#9831 = PCURVE('',#9621,#9832);
#9832 = DEFINITIONAL_REPRESENTATION('',(#9833),#9837);
#9833 = CIRCLE('',#9834,0.5);
#9834 = AXIS2_PLACEMENT_2D('',#9835,#9836);
#9835 = CARTESIAN_POINT('',(8.5,13.5));
#9836 = DIRECTION('',(1.,0.));
#9837 = ( GEOMETRIC_REPRESENTATION_CONTEXT(2) 
PARAMETRIC_REPRESENTATION_CONTEXT() REPRESENTATION_CONTEXT('2D SPACE',''
  ) );
#9838 = PCURVE('',#9839,#9844);
#9839 = CYLINDRICAL_SURFACE('',#9840,0.5);
#9840 = AXIS2_PLACEMENT_3D('',#9841,#9842,#9843);
#9841 = CARTESIAN_POINT('',(-26.5,2.5,-0.1));
#9842 = DIRECTION('',(0.,0.,1.));
#9843 = DIRECTION('',(1.,0.,-0.));
#9844 = DEFINITIONAL_REPRESENTATION('',(#9845),#9849);
#9845 = LINE('',#9846,#9847);
#9846 = CARTESIAN_POINT('',(0.,1.1));
#9847 = VECTOR('',#9848,1.);
#9848 = DIRECTION('',(1.,0.));
#9849 = ( GEOMETRIC_REPRESENTATION_CONTEXT(2) 
PARAMETRIC_REPRESENTATION_CONTEXT() REPRESENTATION_CONTEXT('2D SPACE',''
  ) );
#9850 = FACE_BOUND('',#9851,.T.);
#9851 = EDGE_LOOP('',(#9852));
#9852 = ORIENTED_EDGE('',*,*,#9853,.F.);
#9853 = EDGE_CURVE('',#9854,#9854,#9856,.T.);
#9854 = VERTEX_POINT('',#9855);
#9855 = CARTESIAN_POINT('',(-26.,7.5,1.));
#9856 = SURFACE_CURVE('',#9857,(#9862,#9869),.PCURVE_S1.);
#9857 = CIRCLE('',#9858,0.5);
#9858 = AXIS2_PLACEMENT_3D('',#9859,#9860,#9861);
#9859 = CARTESIAN_POINT('',(-26.5,7.5,1.));
#9860 = DIRECTION('',(0.,0.,1.));
#9861 = DIRECTION('',(1.,0.,-0.));
#9862 = PCURVE('',#9621,#9863);
#9863 = DEFINITIONAL_REPRESENTATION('',(#9864),#9868);
#9864 = CIRCLE('',#9865,0.5);
#9865 = AXIS2_PLACEMENT_2D('',#9866,#9867);
#9866 = CARTESIAN_POINT('',(8.5,18.5));
#9867 = DIRECTION('',(1.,0.));
#9868 = ( GEOMETRIC_REPRESENTATION_CONTEXT(2) 
PARAMETRIC_REPRESENTATION_CONTEXT() REPRESENTATION_CONTEXT('2D SPACE',''
  ) );
#9869 = PCURVE('',#9870,#9875);
#9870 = CYLINDRICAL_SURFACE('',#9871,0.5);
#9871 = AXIS2_PLACEMENT_3D('',#9872,#9873,#9874);
#9872 = CARTESIAN_POINT('',(-26.5,7.5,-0.1));
#9873 = DIRECTION('',(0.,0.,1.));
#9874 = DIRECTION('',(1.,0.,-0.));
#9875 = DEFINITIONAL_REPRESENTATION('',(#9876),#9880);
#9876 = LINE('',#9877,#9878);
#9877 = CARTESIAN_POINT('',(0.,1.1));
#9878 = VECTOR('',#9879,1.);
#9879 = DIRECTION('',(1.,0.));
#9880 = ( GEOMETRIC_REPRESENTATION_CONTEXT(2) 
PARAMETRIC_REPRESENTATION_CONTEXT() REPRESENTATION_CONTEXT('2D SPACE',''
  ) );
#9881 = ADVANCED_FACE('',(#9882),#9595,.T.);
#9882 = FACE_BOUND('',#9883,.T.);
#9883 = EDGE_LOOP('',(#9884,#9907,#9908,#9909));
#9884 = ORIENTED_EDGE('',*,*,#9885,.F.);
#9885 = EDGE_CURVE('',#9552,#9886,#9888,.T.);
#9886 = VERTEX_POINT('',#9887);
#9887 = CARTESIAN_POINT('',(-25.,11.,0.));
#9888 = SURFACE_CURVE('',#9889,(#9893,#9900),.PCURVE_S1.);
#9889 = LINE('',#9890,#9891);
#9890 = CARTESIAN_POINT('',(-35.,11.,0.));
#9891 = VECTOR('',#9892,1.);
#9892 = DIRECTION('',(1.,0.,0.));
#9893 = PCURVE('',#9595,#9894);
#9894 = DEFINITIONAL_REPRESENTATION('',(#9895),#9899);
#9895 = LINE('',#9896,#9897);
#9896 = CARTESIAN_POINT('',(0.,0.));
#9897 = VECTOR('',#9898,1.);
#9898 = DIRECTION('',(0.,1.));
#9899 = ( GEOMETRIC_REPRESENTATION_CONTEXT(2) 
PARAMETRIC_REPRESENTATION_CONTEXT() REPRESENTATION_CONTEXT('2D SPACE',''
  ) );
#9900 = PCURVE('',#9567,#9901);
#9901 = DEFINITIONAL_REPRESENTATION('',(#9902),#9906);
#9902 = LINE('',#9903,#9904);
#9903 = CARTESIAN_POINT('',(0.,22.));
#9904 = VECTOR('',#9905,1.);
#9905 = DIRECTION('',(1.,0.));
#9906 = ( GEOMETRIC_REPRESENTATION_CONTEXT(2) 
PARAMETRIC_REPRESENTATION_CONTEXT() REPRESENTATION_CONTEXT('2D SPACE',''
  ) );
#9907 = ORIENTED_EDGE('',*,*,#9579,.T.);
#9908 = ORIENTED_EDGE('',*,*,#9737,.T.);
#9909 = ORIENTED_EDGE('',*,*,#9910,.F.);
#9910 = EDGE_CURVE('',#9886,#9715,#9911,.T.);
#9911 = SURFACE_CURVE('',#9912,(#9916,#9923),.PCURVE_S1.);
#9912 = LINE('',#9913,#9914);
#9913 = CARTESIAN_POINT('',(-25.,11.,0.));
#9914 = VECTOR('',#9915,1.);
#9915 = DIRECTION('',(0.,0.,1.));
#9916 = PCURVE('',#9595,#9917);
#9917 = DEFINITIONAL_REPRESENTATION('',(#9918),#9922);
#9918 = LINE('',#9919,#9920);
#9919 = CARTESIAN_POINT('',(0.,10.));
#9920 = VECTOR('',#9921,1.);
#9921 = DIRECTION('',(1.,0.));
#9922 = ( GEOMETRIC_REPRESENTATION_CONTEXT(2) 
PARAMETRIC_REPRESENTATION_CONTEXT() REPRESENTATION_CONTEXT('2D SPACE',''
  ) );
#9923 = PCURVE('',#9697,#9924);
#9924 = DEFINITIONAL_REPRESENTATION('',(#9925),#9929);
#9925 = LINE('',#9926,#9927);
#9926 = CARTESIAN_POINT('',(0.,-22.));
#9927 = VECTOR('',#9928,1.);
#9928 = DIRECTION('',(1.,0.));
#9929 = ( GEOMETRIC_REPRESENTATION_CONTEXT(2) 
PARAMETRIC_REPRESENTATION_CONTEXT() REPRESENTATION_CONTEXT('2D SPACE',''
  ) );
#9930 = ADVANCED_FACE('',(#9931,#9957,#9983,#10009,#10035),#9567,.F.);
#9931 = FACE_BOUND('',#9932,.F.);
#9932 = EDGE_LOOP('',(#9933,#9934,#9935,#9956));
#9933 = ORIENTED_EDGE('',*,*,#9551,.F.);
#9934 = ORIENTED_EDGE('',*,*,#9636,.T.);
#9935 = ORIENTED_EDGE('',*,*,#9936,.T.);
#9936 = EDGE_CURVE('',#9637,#9886,#9937,.T.);
#9937 = SURFACE_CURVE('',#9938,(#9942,#9949),.PCURVE_S1.);
#9938 = LINE('',#9939,#9940);
#9939 = CARTESIAN_POINT('',(-25.,-11.,0.));
#9940 = VECTOR('',#9941,1.);
#9941 = DIRECTION('',(0.,1.,0.));
#9942 = PCURVE('',#9567,#9943);
#9943 = DEFINITIONAL_REPRESENTATION('',(#9944),#9948);
#9944 = LINE('',#9945,#9946);
#9945 = CARTESIAN_POINT('',(10.,0.));
#9946 = VECTOR('',#9947,1.);
#9947 = DIRECTION('',(0.,1.));
#9948 = ( GEOMETRIC_REPRESENTATION_CONTEXT(2) 
PARAMETRIC_REPRESENTATION_CONTEXT() REPRESENTATION_CONTEXT('2D SPACE',''
  ) );
#9949 = PCURVE('',#9697,#9950);
#9950 = DEFINITIONAL_REPRESENTATION('',(#9951),#9955);
#9951 = LINE('',#9952,#9953);
#9952 = CARTESIAN_POINT('',(0.,0.));
#9953 = VECTOR('',#9954,1.);
#9954 = DIRECTION('',(0.,-1.));
#9955 = ( GEOMETRIC_REPRESENTATION_CONTEXT(2) 
PARAMETRIC_REPRESENTATION_CONTEXT() REPRESENTATION_CONTEXT('2D SPACE',''
  ) );
#9956 = ORIENTED_EDGE('',*,*,#9885,.F.);
#9957 = FACE_BOUND('',#9958,.F.);
#9958 = EDGE_LOOP('',(#9959));
#9959 = ORIENTED_EDGE('',*,*,#9960,.F.);
#9960 = EDGE_CURVE('',#9961,#9961,#9963,.T.);
#9961 = VERTEX_POINT('',#9962);
#9962 = CARTESIAN_POINT('',(-26.,-7.5,0.));
#9963 = SURFACE_CURVE('',#9964,(#9969,#9976),.PCURVE_S1.);
#9964 = CIRCLE('',#9965,0.5);
#9965 = AXIS2_PLACEMENT_3D('',#9966,#9967,#9968);
#9966 = CARTESIAN_POINT('',(-26.5,-7.5,0.));
#9967 = DIRECTION('',(0.,0.,1.));
#9968 = DIRECTION('',(1.,0.,-0.));
#9969 = PCURVE('',#9567,#9970);
#9970 = DEFINITIONAL_REPRESENTATION('',(#9971),#9975);
#9971 = CIRCLE('',#9972,0.5);
#9972 = AXIS2_PLACEMENT_2D('',#9973,#9974);
#9973 = CARTESIAN_POINT('',(8.5,3.5));
#9974 = DIRECTION('',(1.,0.));
#9975 = ( GEOMETRIC_REPRESENTATION_CONTEXT(2) 
PARAMETRIC_REPRESENTATION_CONTEXT() REPRESENTATION_CONTEXT('2D SPACE',''
  ) );
#9976 = PCURVE('',#9777,#9977);
#9977 = DEFINITIONAL_REPRESENTATION('',(#9978),#9982);
#9978 = LINE('',#9979,#9980);
#9979 = CARTESIAN_POINT('',(0.,0.1));
#9980 = VECTOR('',#9981,1.);
#9981 = DIRECTION('',(1.,0.));
#9982 = ( GEOMETRIC_REPRESENTATION_CONTEXT(2) 
PARAMETRIC_REPRESENTATION_CONTEXT() REPRESENTATION_CONTEXT('2D SPACE',''
  ) );
#9983 = FACE_BOUND('',#9984,.F.);
#9984 = EDGE_LOOP('',(#9985));
#9985 = ORIENTED_EDGE('',*,*,#9986,.F.);
#9986 = EDGE_CURVE('',#9987,#9987,#9989,.T.);
#9987 = VERTEX_POINT('',#9988);
#9988 = CARTESIAN_POINT('',(-26.,-2.5,0.));
#9989 = SURFACE_CURVE('',#9990,(#9995,#10002),.PCURVE_S1.);
#9990 = CIRCLE('',#9991,0.5);
#9991 = AXIS2_PLACEMENT_3D('',#9992,#9993,#9994);
#9992 = CARTESIAN_POINT('',(-26.5,-2.5,0.));
#9993 = DIRECTION('',(0.,0.,1.));
#9994 = DIRECTION('',(1.,0.,-0.));
#9995 = PCURVE('',#9567,#9996);
#9996 = DEFINITIONAL_REPRESENTATION('',(#9997),#10001);
#9997 = CIRCLE('',#9998,0.5);
#9998 = AXIS2_PLACEMENT_2D('',#9999,#10000);
#9999 = CARTESIAN_POINT('',(8.5,8.5));
#10000 = DIRECTION('',(1.,0.));
#10001 = ( GEOMETRIC_REPRESENTATION_CONTEXT(2) 
PARAMETRIC_REPRESENTATION_CONTEXT() REPRESENTATION_CONTEXT('2D SPACE',''
  ) );
#10002 = PCURVE('',#9808,#10003);
#10003 = DEFINITIONAL_REPRESENTATION('',(#10004),#10008);
#10004 = LINE('',#10005,#10006);
#10005 = CARTESIAN_POINT('',(0.,0.1));
#10006 = VECTOR('',#10007,1.);
#10007 = DIRECTION('',(1.,0.));
#10008 = ( GEOMETRIC_REPRESENTATION_CONTEXT(2) 
PARAMETRIC_REPRESENTATION_CONTEXT() REPRESENTATION_CONTEXT('2D SPACE',''
  ) );
#10009 = FACE_BOUND('',#10010,.F.);
#10010 = EDGE_LOOP('',(#10011));
#10011 = ORIENTED_EDGE('',*,*,#10012,.F.);
#10012 = EDGE_CURVE('',#10013,#10013,#10015,.T.);
#10013 = VERTEX_POINT('',#10014);
#10014 = CARTESIAN_POINT('',(-26.,2.5,0.));
#10015 = SURFACE_CURVE('',#10016,(#10021,#10028),.PCURVE_S1.);
#10016 = CIRCLE('',#10017,0.5);
#10017 = AXIS2_PLACEMENT_3D('',#10018,#10019,#10020);
#10018 = CARTESIAN_POINT('',(-26.5,2.5,0.));
#10019 = DIRECTION('',(0.,0.,1.));
#10020 = DIRECTION('',(1.,0.,-0.));
#10021 = PCURVE('',#9567,#10022);
#10022 = DEFINITIONAL_REPRESENTATION('',(#10023),#10027);
#10023 = CIRCLE('',#10024,0.5);
#10024 = AXIS2_PLACEMENT_2D('',#10025,#10026);
#10025 = CARTESIAN_POINT('',(8.5,13.5));
#10026 = DIRECTION('',(1.,0.));
#10027 = ( GEOMETRIC_REPRESENTATION_CONTEXT(2) 
PARAMETRIC_REPRESENTATION_CONTEXT() REPRESENTATION_CONTEXT('2D SPACE',''
  ) );
#10028 = PCURVE('',#9839,#10029);
#10029 = DEFINITIONAL_REPRESENTATION('',(#10030),#10034);
#10030 = LINE('',#10031,#10032);
#10031 = CARTESIAN_POINT('',(0.,0.1));
#10032 = VECTOR('',#10033,1.);
#10033 = DIRECTION('',(1.,0.));
#10034 = ( GEOMETRIC_REPRESENTATION_CONTEXT(2) 
PARAMETRIC_REPRESENTATION_CONTEXT() REPRESENTATION_CONTEXT('2D SPACE',''
  ) );
#10035 = FACE_BOUND('',#10036,.F.);
#10036 = EDGE_LOOP('',(#10037));
#10037 = ORIENTED_EDGE('',*,*,#10038,.F.);
#10038 = EDGE_CURVE('',#10039,#10039,#10041,.T.);
#10039 = VERTEX_POINT('',#10040);
#10040 = CARTESIAN_POINT('',(-26.,7.5,0.));
#10041 = SURFACE_CURVE('',#10042,(#10047,#10054),.PCURVE_S1.);
#10042 = CIRCLE('',#10043,0.5);
#10043 = AXIS2_PLACEMENT_3D('',#10044,#10045,#10046);
#10044 = CARTESIAN_POINT('',(-26.5,7.5,0.));
#10045 = DIRECTION('',(0.,0.,1.));
#10046 = DIRECTION('',(1.,0.,-0.));
#10047 = PCURVE('',#9567,#10048);
#10048 = DEFINITIONAL_REPRESENTATION('',(#10049),#10053);
#10049 = CIRCLE('',#10050,0.5);
#10050 = AXIS2_PLACEMENT_2D('',#10051,#10052);
#10051 = CARTESIAN_POINT('',(8.5,18.5));
#10052 = DIRECTION('',(1.,0.));
#10053 = ( GEOMETRIC_REPRESENTATION_CONTEXT(2) 
PARAMETRIC_REPRESENTATION_CONTEXT() REPRESENTATION_CONTEXT('2D SPACE',''
  ) );
#10054 = PCURVE('',#9870,#10055);
#10055 = DEFINITIONAL_REPRESENTATION('',(#10056),#10060);
#10056 = LINE('',#10057,#10058);
#10057 = CARTESIAN_POINT('',(0.,0.1));
#10058 = VECTOR('',#10059,1.);
#10059 = DIRECTION('',(1.,0.));
#10060 = ( GEOMETRIC_REPRESENTATION_CONTEXT(2) 
PARAMETRIC_REPRESENTATION_CONTEXT() REPRESENTATION_CONTEXT('2D SPACE',''
  ) );
#10061 = ADVANCED_FACE('',(#10062),#9697,.T.);
#10062 = FACE_BOUND('',#10063,.T.);
#10063 = EDGE_LOOP('',(#10064,#10065,#10066,#10067));
#10064 = ORIENTED_EDGE('',*,*,#9683,.F.);
#10065 = ORIENTED_EDGE('',*,*,#9936,.T.);
#10066 = ORIENTED_EDGE('',*,*,#9910,.T.);
#10067 = ORIENTED_EDGE('',*,*,#9714,.F.);
#10068 = ADVANCED_FACE('',(#10069),#9777,.F.);
#10069 = FACE_BOUND('',#10070,.F.);
#10070 = EDGE_LOOP('',(#10071,#10072,#10093,#10094));
#10071 = ORIENTED_EDGE('',*,*,#9760,.F.);
#10072 = ORIENTED_EDGE('',*,*,#10073,.F.);
#10073 = EDGE_CURVE('',#9961,#9761,#10074,.T.);
#10074 = SEAM_CURVE('',#10075,(#10079,#10086),.PCURVE_S1.);
#10075 = LINE('',#10076,#10077);
#10076 = CARTESIAN_POINT('',(-26.,-7.5,-0.1));
#10077 = VECTOR('',#10078,1.);
#10078 = DIRECTION('',(0.,0.,1.));
#10079 = PCURVE('',#9777,#10080);
#10080 = DEFINITIONAL_REPRESENTATION('',(#10081),#10085);
#10081 = LINE('',#10082,#10083);
#10082 = CARTESIAN_POINT('',(6.28318530718,-0.));
#10083 = VECTOR('',#10084,1.);
#10084 = DIRECTION('',(0.,1.));
#10085 = ( GEOMETRIC_REPRESENTATION_CONTEXT(2) 
PARAMETRIC_REPRESENTATION_CONTEXT() REPRESENTATION_CONTEXT('2D SPACE',''
  ) );
#10086 = PCURVE('',#9777,#10087);
#10087 = DEFINITIONAL_REPRESENTATION('',(#10088),#10092);
#10088 = LINE('',#10089,#10090);
#10089 = CARTESIAN_POINT('',(0.,-0.));
#10090 = VECTOR('',#10091,1.);
#10091 = DIRECTION('',(0.,1.));
#10092 = ( GEOMETRIC_REPRESENTATION_CONTEXT(2) 
PARAMETRIC_REPRESENTATION_CONTEXT() REPRESENTATION_CONTEXT('2D SPACE',''
  ) );
#10093 = ORIENTED_EDGE('',*,*,#9960,.T.);
#10094 = ORIENTED_EDGE('',*,*,#10073,.T.);
#10095 = ADVANCED_FACE('',(#10096),#9808,.F.);
#10096 = FACE_BOUND('',#10097,.F.);
#10097 = EDGE_LOOP('',(#10098,#10099,#10120,#10121));
#10098 = ORIENTED_EDGE('',*,*,#9791,.F.);
#10099 = ORIENTED_EDGE('',*,*,#10100,.F.);
#10100 = EDGE_CURVE('',#9987,#9792,#10101,.T.);
#10101 = SEAM_CURVE('',#10102,(#10106,#10113),.PCURVE_S1.);
#10102 = LINE('',#10103,#10104);
#10103 = CARTESIAN_POINT('',(-26.,-2.5,-0.1));
#10104 = VECTOR('',#10105,1.);
#10105 = DIRECTION('',(0.,0.,1.));
#10106 = PCURVE('',#9808,#10107);
#10107 = DEFINITIONAL_REPRESENTATION('',(#10108),#10112);
#10108 = LINE('',#10109,#10110);
#10109 = CARTESIAN_POINT('',(6.28318530718,-0.));
#10110 = VECTOR('',#10111,1.);
#10111 = DIRECTION('',(0.,1.));
#10112 = ( GEOMETRIC_REPRESENTATION_CONTEXT(2) 
PARAMETRIC_REPRESENTATION_CONTEXT() REPRESENTATION_CONTEXT('2D SPACE',''
  ) );
#10113 = PCURVE('',#9808,#10114);
#10114 = DEFINITIONAL_REPRESENTATION('',(#10115),#10119);
#10115 = LINE('',#10116,#10117);
#10116 = CARTESIAN_POINT('',(0.,-0.));
#10117 = VECTOR('',#10118,1.);
#10118 = DIRECTION('',(0.,1.));
#10119 = ( GEOMETRIC_REPRESENTATION_CONTEXT(2) 
PARAMETRIC_REPRESENTATION_CONTEXT() REPRESENTATION_CONTEXT('2D SPACE',''
  ) );
#10120 = ORIENTED_EDGE('',*,*,#9986,.T.);
#10121 = ORIENTED_EDGE('',*,*,#10100,.T.);
#10122 = ADVANCED_FACE('',(#10123),#9839,.F.);
#10123 = FACE_BOUND('',#10124,.F.);
#10124 = EDGE_LOOP('',(#10125,#10126,#10147,#10148));
#10125 = ORIENTED_EDGE('',*,*,#9822,.F.);
#10126 = ORIENTED_EDGE('',*,*,#10127,.F.);
#10127 = EDGE_CURVE('',#10013,#9823,#10128,.T.);
#10128 = SEAM_CURVE('',#10129,(#10133,#10140),.PCURVE_S1.);
#10129 = LINE('',#10130,#10131);
#10130 = CARTESIAN_POINT('',(-26.,2.5,-0.1));
#10131 = VECTOR('',#10132,1.);
#10132 = DIRECTION('',(0.,0.,1.));
#10133 = PCURVE('',#9839,#10134);
#10134 = DEFINITIONAL_REPRESENTATION('',(#10135),#10139);
#10135 = LINE('',#10136,#10137);
#10136 = CARTESIAN_POINT('',(6.28318530718,-0.));
#10137 = VECTOR('',#10138,1.);
#10138 = DIRECTION('',(0.,1.));
#10139 = ( GEOMETRIC_REPRESENTATION_CONTEXT(2) 
PARAMETRIC_REPRESENTATION_CONTEXT() REPRESENTATION_CONTEXT('2D SPACE',''
  ) );
#10140 = PCURVE('',#9839,#10141);
#10141 = DEFINITIONAL_REPRESENTATION('',(#10142),#10146);
#10142 = LINE('',#10143,#10144);
#10143 = CARTESIAN_POINT('',(0.,-0.));
#10144 = VECTOR('',#10145,1.);
#10145 = DIRECTION('',(0.,1.));
#10146 = ( GEOMETRIC_REPRESENTATION_CONTEXT(2) 
PARAMETRIC_REPRESENTATION_CONTEXT() REPRESENTATION_CONTEXT('2D SPACE',''
  ) );
#10147 = ORIENTED_EDGE('',*,*,#10012,.T.);
#10148 = ORIENTED_EDGE('',*,*,#10127,.T.);
#10149 = ADVANCED_FACE('',(#10150),#9870,.F.);
#10150 = FACE_BOUND('',#10151,.F.);
#10151 = EDGE_LOOP('',(#10152,#10153,#10174,#10175));
#10152 = ORIENTED_EDGE('',*,*,#9853,.F.);
#10153 = ORIENTED_EDGE('',*,*,#10154,.F.);
#10154 = EDGE_CURVE('',#10039,#9854,#10155,.T.);
#10155 = SEAM_CURVE('',#10156,(#10160,#10167),.PCURVE_S1.);
#10156 = LINE('',#10157,#10158);
#10157 = CARTESIAN_POINT('',(-26.,7.5,-0.1));
#10158 = VECTOR('',#10159,1.);
#10159 = DIRECTION('',(0.,0.,1.));
#10160 = PCURVE('',#9870,#10161);
#10161 = DEFINITIONAL_REPRESENTATION('',(#10162),#10166);
#10162 = LINE('',#10163,#10164);
#10163 = CARTESIAN_POINT('',(6.28318530718,-0.));
#10164 = VECTOR('',#10165,1.);
#10165 = DIRECTION('',(0.,1.));
#10166 = ( GEOMETRIC_REPRESENTATION_CONTEXT(2) 
PARAMETRIC_REPRESENTATION_CONTEXT() REPRESENTATION_CONTEXT('2D SPACE',''
  ) );
#10167 = PCURVE('',#9870,#10168);
#10168 = DEFINITIONAL_REPRESENTATION('',(#10169),#10173);
#10169 = LINE('',#10170,#10171);
#10170 = CARTESIAN_POINT('',(0.,-0.));
#10171 = VECTOR('',#10172,1.);
#10172 = DIRECTION('',(0.,1.));
#10173 = ( GEOMETRIC_REPRESENTATION_CONTEXT(2) 
PARAMETRIC_REPRESENTATION_CONTEXT() REPRESENTATION_CONTEXT('2D SPACE',''
  ) );
#10174 = ORIENTED_EDGE('',*,*,#10038,.T.);
#10175 = ORIENTED_EDGE('',*,*,#10154,.T.);
#10176 = ( GEOMETRIC_REPRESENTATION_CONTEXT(3) 
GLOBAL_UNCERTAINTY_ASSIGNED_CONTEXT((#10180)) 
GLOBAL_UNIT_ASSIGNED_CONTEXT((#10177,#10178,#10179)) 
REPRESENTATION_CONTEXT('Context #1',
  '3D Context with UNIT and UNCERTAINTY') );
#10177 = ( LENGTH_UNIT() NAMED_UNIT(*) SI_UNIT(.MILLI.,.METRE.) );
#10178 = ( NAMED_UNIT(*) PLANE_ANGLE_UNIT() SI_UNIT($,.RADIAN.) );
#10179 = ( NAMED_UNIT(*) SI_UNIT($,.STERADIAN.) SOLID_ANGLE_UNIT() );
#10180 = UNCERTAINTY_MEASURE_WITH_UNIT(LENGTH_MEASURE(1.E-07),#10177,
  'distance_accuracy_value','confusion accuracy');
#10181 = CONTEXT_DEPENDENT_SHAPE_REPRESENTATION(#10182,#10184);
#10182 = ( REPRESENTATION_RELATIONSHIP('','',#9509,#10) 
REPRESENTATION_RELATIONSHIP_WITH_TRANSFORMATION(#10183) 
SHAPE_REPRESENTATION_RELATIONSHIP() );
#10183 = ITEM_DEFINED_TRANSFORMATION('','',#11,#59);
#10184 = PRODUCT_DEFINITION_SHAPE('Placement','Placement of an item',
  #10185);
#10185 = NEXT_ASSEMBLY_USAGE_OCCURRENCE('36','tool_contact_board_FR4',''
  ,#5,#9504,$);
#10186 = PRODUCT_RELATED_PRODUCT_CATEGORY('part',$,(#9506));
#10187 = SHAPE_DEFINITION_REPRESENTATION(#10188,#10194);
#10188 = PRODUCT_DEFINITION_SHAPE('','',#10189);
#10189 = PRODUCT_DEFINITION('design','',#10190,#10193);
#10190 = PRODUCT_DEFINITION_FORMATION('','',#10191);
#10191 = PRODUCT('target_pad_P1_GND','target_pad_P1_GND','',(#10192));
#10192 = PRODUCT_CONTEXT('',#2,'mechanical');
#10193 = PRODUCT_DEFINITION_CONTEXT('part definition',#2,'design');
#10194 = ADVANCED_BREP_SHAPE_REPRESENTATION('',(#11,#10195),#10293);
#10195 = MANIFOLD_SOLID_BREP('',#10196);
#10196 = CLOSED_SHELL('',(#10197,#10285,#10289));
#10197 = ADVANCED_FACE('',(#10198),#10212,.T.);
#10198 = FACE_BOUND('',#10199,.F.);
#10199 = EDGE_LOOP('',(#10200,#10230,#10257,#10258));
#10200 = ORIENTED_EDGE('',*,*,#10201,.T.);
#10201 = EDGE_CURVE('',#10202,#10204,#10206,.T.);
#10202 = VERTEX_POINT('',#10203);
#10203 = CARTESIAN_POINT('',(-29.,-7.5,-5.E-02));
#10204 = VERTEX_POINT('',#10205);
#10205 = CARTESIAN_POINT('',(-29.,-7.5,0.));
#10206 = SEAM_CURVE('',#10207,(#10211,#10223),.PCURVE_S1.);
#10207 = LINE('',#10208,#10209);
#10208 = CARTESIAN_POINT('',(-29.,-7.5,-5.E-02));
#10209 = VECTOR('',#10210,1.);
#10210 = DIRECTION('',(0.,0.,1.));
#10211 = PCURVE('',#10212,#10217);
#10212 = CYLINDRICAL_SURFACE('',#10213,2.);
#10213 = AXIS2_PLACEMENT_3D('',#10214,#10215,#10216);
#10214 = CARTESIAN_POINT('',(-31.,-7.5,-5.E-02));
#10215 = DIRECTION('',(-0.,-0.,-1.));
#10216 = DIRECTION('',(1.,0.,0.));
#10217 = DEFINITIONAL_REPRESENTATION('',(#10218),#10222);
#10218 = LINE('',#10219,#10220);
#10219 = CARTESIAN_POINT('',(-0.,0.));
#10220 = VECTOR('',#10221,1.);
#10221 = DIRECTION('',(-0.,-1.));
#10222 = ( GEOMETRIC_REPRESENTATION_CONTEXT(2) 
PARAMETRIC_REPRESENTATION_CONTEXT() REPRESENTATION_CONTEXT('2D SPACE',''
  ) );
#10223 = PCURVE('',#10212,#10224);
#10224 = DEFINITIONAL_REPRESENTATION('',(#10225),#10229);
#10225 = LINE('',#10226,#10227);
#10226 = CARTESIAN_POINT('',(-6.28318530718,0.));
#10227 = VECTOR('',#10228,1.);
#10228 = DIRECTION('',(-0.,-1.));
#10229 = ( GEOMETRIC_REPRESENTATION_CONTEXT(2) 
PARAMETRIC_REPRESENTATION_CONTEXT() REPRESENTATION_CONTEXT('2D SPACE',''
  ) );
#10230 = ORIENTED_EDGE('',*,*,#10231,.T.);
#10231 = EDGE_CURVE('',#10204,#10204,#10232,.T.);
#10232 = SURFACE_CURVE('',#10233,(#10238,#10245),.PCURVE_S1.);
#10233 = CIRCLE('',#10234,2.);
#10234 = AXIS2_PLACEMENT_3D('',#10235,#10236,#10237);
#10235 = CARTESIAN_POINT('',(-31.,-7.5,0.));
#10236 = DIRECTION('',(0.,0.,1.));
#10237 = DIRECTION('',(1.,0.,0.));
#10238 = PCURVE('',#10212,#10239);
#10239 = DEFINITIONAL_REPRESENTATION('',(#10240),#10244);
#10240 = LINE('',#10241,#10242);
#10241 = CARTESIAN_POINT('',(-0.,-5.E-02));
#10242 = VECTOR('',#10243,1.);
#10243 = DIRECTION('',(-1.,0.));
#10244 = ( GEOMETRIC_REPRESENTATION_CONTEXT(2) 
PARAMETRIC_REPRESENTATION_CONTEXT() REPRESENTATION_CONTEXT('2D SPACE',''
  ) );
#10245 = PCURVE('',#10246,#10251);
#10246 = PLANE('',#10247);
#10247 = AXIS2_PLACEMENT_3D('',#10248,#10249,#10250);
#10248 = CARTESIAN_POINT('',(-31.,-7.5,0.));
#10249 = DIRECTION('',(0.,0.,1.));
#10250 = DIRECTION('',(1.,0.,-0.));
#10251 = DEFINITIONAL_REPRESENTATION('',(#10252),#10256);
#10252 = CIRCLE('',#10253,2.);
#10253 = AXIS2_PLACEMENT_2D('',#10254,#10255);
#10254 = CARTESIAN_POINT('',(0.,0.));
#10255 = DIRECTION('',(1.,0.));
#10256 = ( GEOMETRIC_REPRESENTATION_CONTEXT(2) 
PARAMETRIC_REPRESENTATION_CONTEXT() REPRESENTATION_CONTEXT('2D SPACE',''
  ) );
#10257 = ORIENTED_EDGE('',*,*,#10201,.F.);
#10258 = ORIENTED_EDGE('',*,*,#10259,.F.);
#10259 = EDGE_CURVE('',#10202,#10202,#10260,.T.);
#10260 = SURFACE_CURVE('',#10261,(#10266,#10273),.PCURVE_S1.);
#10261 = CIRCLE('',#10262,2.);
#10262 = AXIS2_PLACEMENT_3D('',#10263,#10264,#10265);
#10263 = CARTESIAN_POINT('',(-31.,-7.5,-5.E-02));
#10264 = DIRECTION('',(0.,0.,1.));
#10265 = DIRECTION('',(1.,0.,0.));
#10266 = PCURVE('',#10212,#10267);
#10267 = DEFINITIONAL_REPRESENTATION('',(#10268),#10272);
#10268 = LINE('',#10269,#10270);
#10269 = CARTESIAN_POINT('',(-0.,0.));
#10270 = VECTOR('',#10271,1.);
#10271 = DIRECTION('',(-1.,0.));
#10272 = ( GEOMETRIC_REPRESENTATION_CONTEXT(2) 
PARAMETRIC_REPRESENTATION_CONTEXT() REPRESENTATION_CONTEXT('2D SPACE',''
  ) );
#10273 = PCURVE('',#10274,#10279);
#10274 = PLANE('',#10275);
#10275 = AXIS2_PLACEMENT_3D('',#10276,#10277,#10278);
#10276 = CARTESIAN_POINT('',(-31.,-7.5,-5.E-02));
#10277 = DIRECTION('',(0.,0.,1.));
#10278 = DIRECTION('',(1.,0.,-0.));
#10279 = DEFINITIONAL_REPRESENTATION('',(#10280),#10284);
#10280 = CIRCLE('',#10281,2.);
#10281 = AXIS2_PLACEMENT_2D('',#10282,#10283);
#10282 = CARTESIAN_POINT('',(0.,0.));
#10283 = DIRECTION('',(1.,0.));
#10284 = ( GEOMETRIC_REPRESENTATION_CONTEXT(2) 
PARAMETRIC_REPRESENTATION_CONTEXT() REPRESENTATION_CONTEXT('2D SPACE',''
  ) );
#10285 = ADVANCED_FACE('',(#10286),#10274,.F.);
#10286 = FACE_BOUND('',#10287,.F.);
#10287 = EDGE_LOOP('',(#10288));
#10288 = ORIENTED_EDGE('',*,*,#10259,.T.);
#10289 = ADVANCED_FACE('',(#10290),#10246,.T.);
#10290 = FACE_BOUND('',#10291,.T.);
#10291 = EDGE_LOOP('',(#10292));
#10292 = ORIENTED_EDGE('',*,*,#10231,.T.);
#10293 = ( GEOMETRIC_REPRESENTATION_CONTEXT(3) 
GLOBAL_UNCERTAINTY_ASSIGNED_CONTEXT((#10297)) 
GLOBAL_UNIT_ASSIGNED_CONTEXT((#10294,#10295,#10296)) 
REPRESENTATION_CONTEXT('Context #1',
  '3D Context with UNIT and UNCERTAINTY') );
#10294 = ( LENGTH_UNIT() NAMED_UNIT(*) SI_UNIT(.MILLI.,.METRE.) );
#10295 = ( NAMED_UNIT(*) PLANE_ANGLE_UNIT() SI_UNIT($,.RADIAN.) );
#10296 = ( NAMED_UNIT(*) SI_UNIT($,.STERADIAN.) SOLID_ANGLE_UNIT() );
#10297 = UNCERTAINTY_MEASURE_WITH_UNIT(LENGTH_MEASURE(1.E-07),#10294,
  'distance_accuracy_value','confusion accuracy');
#10298 = CONTEXT_DEPENDENT_SHAPE_REPRESENTATION(#10299,#10301);
#10299 = ( REPRESENTATION_RELATIONSHIP('','',#10194,#10) 
REPRESENTATION_RELATIONSHIP_WITH_TRANSFORMATION(#10300) 
SHAPE_REPRESENTATION_RELATIONSHIP() );
#10300 = ITEM_DEFINED_TRANSFORMATION('','',#11,#63);
#10301 = PRODUCT_DEFINITION_SHAPE('Placement','Placement of an item',
  #10302);
#10302 = NEXT_ASSEMBLY_USAGE_OCCURRENCE('37','target_pad_P1_GND','',#5,
  #10189,$);
#10303 = PRODUCT_RELATED_PRODUCT_CATEGORY('part',$,(#10191));
#10304 = SHAPE_DEFINITION_REPRESENTATION(#10305,#10311);
#10305 = PRODUCT_DEFINITION_SHAPE('','',#10306);
#10306 = PRODUCT_DEFINITION('design','',#10307,#10310);
#10307 = PRODUCT_DEFINITION_FORMATION('','',#10308);
#10308 = PRODUCT('target_pad_P2_+12V','target_pad_P2_+12V','',(#10309));
#10309 = PRODUCT_CONTEXT('',#2,'mechanical');
#10310 = PRODUCT_DEFINITION_CONTEXT('part definition',#2,'design');
#10311 = ADVANCED_BREP_SHAPE_REPRESENTATION('',(#11,#10312),#10410);
#10312 = MANIFOLD_SOLID_BREP('',#10313);
#10313 = CLOSED_SHELL('',(#10314,#10402,#10406));
#10314 = ADVANCED_FACE('',(#10315),#10329,.T.);
#10315 = FACE_BOUND('',#10316,.F.);
#10316 = EDGE_LOOP('',(#10317,#10347,#10374,#10375));
#10317 = ORIENTED_EDGE('',*,*,#10318,.T.);
#10318 = EDGE_CURVE('',#10319,#10321,#10323,.T.);
#10319 = VERTEX_POINT('',#10320);
#10320 = CARTESIAN_POINT('',(-29.,-2.5,-5.E-02));
#10321 = VERTEX_POINT('',#10322);
#10322 = CARTESIAN_POINT('',(-29.,-2.5,0.));
#10323 = SEAM_CURVE('',#10324,(#10328,#10340),.PCURVE_S1.);
#10324 = LINE('',#10325,#10326);
#10325 = CARTESIAN_POINT('',(-29.,-2.5,-5.E-02));
#10326 = VECTOR('',#10327,1.);
#10327 = DIRECTION('',(0.,0.,1.));
#10328 = PCURVE('',#10329,#10334);
#10329 = CYLINDRICAL_SURFACE('',#10330,2.);
#10330 = AXIS2_PLACEMENT_3D('',#10331,#10332,#10333);
#10331 = CARTESIAN_POINT('',(-31.,-2.5,-5.E-02));
#10332 = DIRECTION('',(-0.,-0.,-1.));
#10333 = DIRECTION('',(1.,0.,0.));
#10334 = DEFINITIONAL_REPRESENTATION('',(#10335),#10339);
#10335 = LINE('',#10336,#10337);
#10336 = CARTESIAN_POINT('',(-0.,0.));
#10337 = VECTOR('',#10338,1.);
#10338 = DIRECTION('',(-0.,-1.));
#10339 = ( GEOMETRIC_REPRESENTATION_CONTEXT(2) 
PARAMETRIC_REPRESENTATION_CONTEXT() REPRESENTATION_CONTEXT('2D SPACE',''
  ) );
#10340 = PCURVE('',#10329,#10341);
#10341 = DEFINITIONAL_REPRESENTATION('',(#10342),#10346);
#10342 = LINE('',#10343,#10344);
#10343 = CARTESIAN_POINT('',(-6.28318530718,0.));
#10344 = VECTOR('',#10345,1.);
#10345 = DIRECTION('',(-0.,-1.));
#10346 = ( GEOMETRIC_REPRESENTATION_CONTEXT(2) 
PARAMETRIC_REPRESENTATION_CONTEXT() REPRESENTATION_CONTEXT('2D SPACE',''
  ) );
#10347 = ORIENTED_EDGE('',*,*,#10348,.T.);
#10348 = EDGE_CURVE('',#10321,#10321,#10349,.T.);
#10349 = SURFACE_CURVE('',#10350,(#10355,#10362),.PCURVE_S1.);
#10350 = CIRCLE('',#10351,2.);
#10351 = AXIS2_PLACEMENT_3D('',#10352,#10353,#10354);
#10352 = CARTESIAN_POINT('',(-31.,-2.5,0.));
#10353 = DIRECTION('',(0.,0.,1.));
#10354 = DIRECTION('',(1.,0.,0.));
#10355 = PCURVE('',#10329,#10356);
#10356 = DEFINITIONAL_REPRESENTATION('',(#10357),#10361);
#10357 = LINE('',#10358,#10359);
#10358 = CARTESIAN_POINT('',(-0.,-5.E-02));
#10359 = VECTOR('',#10360,1.);
#10360 = DIRECTION('',(-1.,0.));
#10361 = ( GEOMETRIC_REPRESENTATION_CONTEXT(2) 
PARAMETRIC_REPRESENTATION_CONTEXT() REPRESENTATION_CONTEXT('2D SPACE',''
  ) );
#10362 = PCURVE('',#10363,#10368);
#10363 = PLANE('',#10364);
#10364 = AXIS2_PLACEMENT_3D('',#10365,#10366,#10367);
#10365 = CARTESIAN_POINT('',(-31.,-2.5,0.));
#10366 = DIRECTION('',(0.,0.,1.));
#10367 = DIRECTION('',(1.,0.,-0.));
#10368 = DEFINITIONAL_REPRESENTATION('',(#10369),#10373);
#10369 = CIRCLE('',#10370,2.);
#10370 = AXIS2_PLACEMENT_2D('',#10371,#10372);
#10371 = CARTESIAN_POINT('',(0.,0.));
#10372 = DIRECTION('',(1.,0.));
#10373 = ( GEOMETRIC_REPRESENTATION_CONTEXT(2) 
PARAMETRIC_REPRESENTATION_CONTEXT() REPRESENTATION_CONTEXT('2D SPACE',''
  ) );
#10374 = ORIENTED_EDGE('',*,*,#10318,.F.);
#10375 = ORIENTED_EDGE('',*,*,#10376,.F.);
#10376 = EDGE_CURVE('',#10319,#10319,#10377,.T.);
#10377 = SURFACE_CURVE('',#10378,(#10383,#10390),.PCURVE_S1.);
#10378 = CIRCLE('',#10379,2.);
#10379 = AXIS2_PLACEMENT_3D('',#10380,#10381,#10382);
#10380 = CARTESIAN_POINT('',(-31.,-2.5,-5.E-02));
#10381 = DIRECTION('',(0.,0.,1.));
#10382 = DIRECTION('',(1.,0.,0.));
#10383 = PCURVE('',#10329,#10384);
#10384 = DEFINITIONAL_REPRESENTATION('',(#10385),#10389);
#10385 = LINE('',#10386,#10387);
#10386 = CARTESIAN_POINT('',(-0.,0.));
#10387 = VECTOR('',#10388,1.);
#10388 = DIRECTION('',(-1.,0.));
#10389 = ( GEOMETRIC_REPRESENTATION_CONTEXT(2) 
PARAMETRIC_REPRESENTATION_CONTEXT() REPRESENTATION_CONTEXT('2D SPACE',''
  ) );
#10390 = PCURVE('',#10391,#10396);
#10391 = PLANE('',#10392);
#10392 = AXIS2_PLACEMENT_3D('',#10393,#10394,#10395);
#10393 = CARTESIAN_POINT('',(-31.,-2.5,-5.E-02));
#10394 = DIRECTION('',(0.,0.,1.));
#10395 = DIRECTION('',(1.,0.,-0.));
#10396 = DEFINITIONAL_REPRESENTATION('',(#10397),#10401);
#10397 = CIRCLE('',#10398,2.);
#10398 = AXIS2_PLACEMENT_2D('',#10399,#10400);
#10399 = CARTESIAN_POINT('',(0.,0.));
#10400 = DIRECTION('',(1.,0.));
#10401 = ( GEOMETRIC_REPRESENTATION_CONTEXT(2) 
PARAMETRIC_REPRESENTATION_CONTEXT() REPRESENTATION_CONTEXT('2D SPACE',''
  ) );
#10402 = ADVANCED_FACE('',(#10403),#10391,.F.);
#10403 = FACE_BOUND('',#10404,.F.);
#10404 = EDGE_LOOP('',(#10405));
#10405 = ORIENTED_EDGE('',*,*,#10376,.T.);
#10406 = ADVANCED_FACE('',(#10407),#10363,.T.);
#10407 = FACE_BOUND('',#10408,.T.);
#10408 = EDGE_LOOP('',(#10409));
#10409 = ORIENTED_EDGE('',*,*,#10348,.T.);
#10410 = ( GEOMETRIC_REPRESENTATION_CONTEXT(3) 
GLOBAL_UNCERTAINTY_ASSIGNED_CONTEXT((#10414)) 
GLOBAL_UNIT_ASSIGNED_CONTEXT((#10411,#10412,#10413)) 
REPRESENTATION_CONTEXT('Context #1',
  '3D Context with UNIT and UNCERTAINTY') );
#10411 = ( LENGTH_UNIT() NAMED_UNIT(*) SI_UNIT(.MILLI.,.METRE.) );
#10412 = ( NAMED_UNIT(*) PLANE_ANGLE_UNIT() SI_UNIT($,.RADIAN.) );
#10413 = ( NAMED_UNIT(*) SI_UNIT($,.STERADIAN.) SOLID_ANGLE_UNIT() );
#10414 = UNCERTAINTY_MEASURE_WITH_UNIT(LENGTH_MEASURE(1.E-07),#10411,
  'distance_accuracy_value','confusion accuracy');
#10415 = CONTEXT_DEPENDENT_SHAPE_REPRESENTATION(#10416,#10418);
#10416 = ( REPRESENTATION_RELATIONSHIP('','',#10311,#10) 
REPRESENTATION_RELATIONSHIP_WITH_TRANSFORMATION(#10417) 
SHAPE_REPRESENTATION_RELATIONSHIP() );
#10417 = ITEM_DEFINED_TRANSFORMATION('','',#11,#67);
#10418 = PRODUCT_DEFINITION_SHAPE('Placement','Placement of an item',
  #10419);
#10419 = NEXT_ASSEMBLY_USAGE_OCCURRENCE('38','target_pad_P2_+12V','',#5,
  #10306,$);
#10420 = PRODUCT_RELATED_PRODUCT_CATEGORY('part',$,(#10308));
#10421 = SHAPE_DEFINITION_REPRESENTATION(#10422,#10428);
#10422 = PRODUCT_DEFINITION_SHAPE('','',#10423);
#10423 = PRODUCT_DEFINITION('design','',#10424,#10427);
#10424 = PRODUCT_DEFINITION_FORMATION('','',#10425);
#10425 = PRODUCT('target_pad_P3_TTL_DATA','target_pad_P3_TTL_DATA','',(
    #10426));
#10426 = PRODUCT_CONTEXT('',#2,'mechanical');
#10427 = PRODUCT_DEFINITION_CONTEXT('part definition',#2,'design');
#10428 = ADVANCED_BREP_SHAPE_REPRESENTATION('',(#11,#10429),#10527);
#10429 = MANIFOLD_SOLID_BREP('',#10430);
#10430 = CLOSED_SHELL('',(#10431,#10519,#10523));
#10431 = ADVANCED_FACE('',(#10432),#10446,.T.);
#10432 = FACE_BOUND('',#10433,.F.);
#10433 = EDGE_LOOP('',(#10434,#10464,#10491,#10492));
#10434 = ORIENTED_EDGE('',*,*,#10435,.T.);
#10435 = EDGE_CURVE('',#10436,#10438,#10440,.T.);
#10436 = VERTEX_POINT('',#10437);
#10437 = CARTESIAN_POINT('',(-29.,2.5,-5.E-02));
#10438 = VERTEX_POINT('',#10439);
#10439 = CARTESIAN_POINT('',(-29.,2.5,0.));
#10440 = SEAM_CURVE('',#10441,(#10445,#10457),.PCURVE_S1.);
#10441 = LINE('',#10442,#10443);
#10442 = CARTESIAN_POINT('',(-29.,2.5,-5.E-02));
#10443 = VECTOR('',#10444,1.);
#10444 = DIRECTION('',(0.,0.,1.));
#10445 = PCURVE('',#10446,#10451);
#10446 = CYLINDRICAL_SURFACE('',#10447,2.);
#10447 = AXIS2_PLACEMENT_3D('',#10448,#10449,#10450);
#10448 = CARTESIAN_POINT('',(-31.,2.5,-5.E-02));
#10449 = DIRECTION('',(-0.,-0.,-1.));
#10450 = DIRECTION('',(1.,0.,0.));
#10451 = DEFINITIONAL_REPRESENTATION('',(#10452),#10456);
#10452 = LINE('',#10453,#10454);
#10453 = CARTESIAN_POINT('',(-0.,0.));
#10454 = VECTOR('',#10455,1.);
#10455 = DIRECTION('',(-0.,-1.));
#10456 = ( GEOMETRIC_REPRESENTATION_CONTEXT(2) 
PARAMETRIC_REPRESENTATION_CONTEXT() REPRESENTATION_CONTEXT('2D SPACE',''
  ) );
#10457 = PCURVE('',#10446,#10458);
#10458 = DEFINITIONAL_REPRESENTATION('',(#10459),#10463);
#10459 = LINE('',#10460,#10461);
#10460 = CARTESIAN_POINT('',(-6.28318530718,0.));
#10461 = VECTOR('',#10462,1.);
#10462 = DIRECTION('',(-0.,-1.));
#10463 = ( GEOMETRIC_REPRESENTATION_CONTEXT(2) 
PARAMETRIC_REPRESENTATION_CONTEXT() REPRESENTATION_CONTEXT('2D SPACE',''
  ) );
#10464 = ORIENTED_EDGE('',*,*,#10465,.T.);
#10465 = EDGE_CURVE('',#10438,#10438,#10466,.T.);
#10466 = SURFACE_CURVE('',#10467,(#10472,#10479),.PCURVE_S1.);
#10467 = CIRCLE('',#10468,2.);
#10468 = AXIS2_PLACEMENT_3D('',#10469,#10470,#10471);
#10469 = CARTESIAN_POINT('',(-31.,2.5,0.));
#10470 = DIRECTION('',(0.,0.,1.));
#10471 = DIRECTION('',(1.,0.,0.));
#10472 = PCURVE('',#10446,#10473);
#10473 = DEFINITIONAL_REPRESENTATION('',(#10474),#10478);
#10474 = LINE('',#10475,#10476);
#10475 = CARTESIAN_POINT('',(-0.,-5.E-02));
#10476 = VECTOR('',#10477,1.);
#10477 = DIRECTION('',(-1.,0.));
#10478 = ( GEOMETRIC_REPRESENTATION_CONTEXT(2) 
PARAMETRIC_REPRESENTATION_CONTEXT() REPRESENTATION_CONTEXT('2D SPACE',''
  ) );
#10479 = PCURVE('',#10480,#10485);
#10480 = PLANE('',#10481);
#10481 = AXIS2_PLACEMENT_3D('',#10482,#10483,#10484);
#10482 = CARTESIAN_POINT('',(-31.,2.5,0.));
#10483 = DIRECTION('',(0.,0.,1.));
#10484 = DIRECTION('',(1.,0.,-0.));
#10485 = DEFINITIONAL_REPRESENTATION('',(#10486),#10490);
#10486 = CIRCLE('',#10487,2.);
#10487 = AXIS2_PLACEMENT_2D('',#10488,#10489);
#10488 = CARTESIAN_POINT('',(0.,0.));
#10489 = DIRECTION('',(1.,0.));
#10490 = ( GEOMETRIC_REPRESENTATION_CONTEXT(2) 
PARAMETRIC_REPRESENTATION_CONTEXT() REPRESENTATION_CONTEXT('2D SPACE',''
  ) );
#10491 = ORIENTED_EDGE('',*,*,#10435,.F.);
#10492 = ORIENTED_EDGE('',*,*,#10493,.F.);
#10493 = EDGE_CURVE('',#10436,#10436,#10494,.T.);
#10494 = SURFACE_CURVE('',#10495,(#10500,#10507),.PCURVE_S1.);
#10495 = CIRCLE('',#10496,2.);
#10496 = AXIS2_PLACEMENT_3D('',#10497,#10498,#10499);
#10497 = CARTESIAN_POINT('',(-31.,2.5,-5.E-02));
#10498 = DIRECTION('',(0.,0.,1.));
#10499 = DIRECTION('',(1.,0.,0.));
#10500 = PCURVE('',#10446,#10501);
#10501 = DEFINITIONAL_REPRESENTATION('',(#10502),#10506);
#10502 = LINE('',#10503,#10504);
#10503 = CARTESIAN_POINT('',(-0.,0.));
#10504 = VECTOR('',#10505,1.);
#10505 = DIRECTION('',(-1.,0.));
#10506 = ( GEOMETRIC_REPRESENTATION_CONTEXT(2) 
PARAMETRIC_REPRESENTATION_CONTEXT() REPRESENTATION_CONTEXT('2D SPACE',''
  ) );
#10507 = PCURVE('',#10508,#10513);
#10508 = PLANE('',#10509);
#10509 = AXIS2_PLACEMENT_3D('',#10510,#10511,#10512);
#10510 = CARTESIAN_POINT('',(-31.,2.5,-5.E-02));
#10511 = DIRECTION('',(0.,0.,1.));
#10512 = DIRECTION('',(1.,0.,-0.));
#10513 = DEFINITIONAL_REPRESENTATION('',(#10514),#10518);
#10514 = CIRCLE('',#10515,2.);
#10515 = AXIS2_PLACEMENT_2D('',#10516,#10517);
#10516 = CARTESIAN_POINT('',(0.,0.));
#10517 = DIRECTION('',(1.,0.));
#10518 = ( GEOMETRIC_REPRESENTATION_CONTEXT(2) 
PARAMETRIC_REPRESENTATION_CONTEXT() REPRESENTATION_CONTEXT('2D SPACE',''
  ) );
#10519 = ADVANCED_FACE('',(#10520),#10508,.F.);
#10520 = FACE_BOUND('',#10521,.F.);
#10521 = EDGE_LOOP('',(#10522));
#10522 = ORIENTED_EDGE('',*,*,#10493,.T.);
#10523 = ADVANCED_FACE('',(#10524),#10480,.T.);
#10524 = FACE_BOUND('',#10525,.T.);
#10525 = EDGE_LOOP('',(#10526));
#10526 = ORIENTED_EDGE('',*,*,#10465,.T.);
#10527 = ( GEOMETRIC_REPRESENTATION_CONTEXT(3) 
GLOBAL_UNCERTAINTY_ASSIGNED_CONTEXT((#10531)) 
GLOBAL_UNIT_ASSIGNED_CONTEXT((#10528,#10529,#10530)) 
REPRESENTATION_CONTEXT('Context #1',
  '3D Context with UNIT and UNCERTAINTY') );
#10528 = ( LENGTH_UNIT() NAMED_UNIT(*) SI_UNIT(.MILLI.,.METRE.) );
#10529 = ( NAMED_UNIT(*) PLANE_ANGLE_UNIT() SI_UNIT($,.RADIAN.) );
#10530 = ( NAMED_UNIT(*) SI_UNIT($,.STERADIAN.) SOLID_ANGLE_UNIT() );
#10531 = UNCERTAINTY_MEASURE_WITH_UNIT(LENGTH_MEASURE(1.E-07),#10528,
  'distance_accuracy_value','confusion accuracy');
#10532 = CONTEXT_DEPENDENT_SHAPE_REPRESENTATION(#10533,#10535);
#10533 = ( REPRESENTATION_RELATIONSHIP('','',#10428,#10) 
REPRESENTATION_RELATIONSHIP_WITH_TRANSFORMATION(#10534) 
SHAPE_REPRESENTATION_RELATIONSHIP() );
#10534 = ITEM_DEFINED_TRANSFORMATION('','',#11,#71);
#10535 = PRODUCT_DEFINITION_SHAPE('Placement','Placement of an item',
  #10536);
#10536 = NEXT_ASSEMBLY_USAGE_OCCURRENCE('39','target_pad_P3_TTL_DATA',''
  ,#5,#10423,$);
#10537 = PRODUCT_RELATED_PRODUCT_CATEGORY('part',$,(#10425));
#10538 = SHAPE_DEFINITION_REPRESENTATION(#10539,#10545);
#10539 = PRODUCT_DEFINITION_SHAPE('','',#10540);
#10540 = PRODUCT_DEFINITION('design','',#10541,#10544);
#10541 = PRODUCT_DEFINITION_FORMATION('','',#10542);
#10542 = PRODUCT('target_pad_P4_TOOL_ID_SPARE',
  'target_pad_P4_TOOL_ID_SPARE','',(#10543));
#10543 = PRODUCT_CONTEXT('',#2,'mechanical');
#10544 = PRODUCT_DEFINITION_CONTEXT('part definition',#2,'design');
#10545 = ADVANCED_BREP_SHAPE_REPRESENTATION('',(#11,#10546),#10644);
#10546 = MANIFOLD_SOLID_BREP('',#10547);
#10547 = CLOSED_SHELL('',(#10548,#10636,#10640));
#10548 = ADVANCED_FACE('',(#10549),#10563,.T.);
#10549 = FACE_BOUND('',#10550,.F.);
#10550 = EDGE_LOOP('',(#10551,#10581,#10608,#10609));
#10551 = ORIENTED_EDGE('',*,*,#10552,.T.);
#10552 = EDGE_CURVE('',#10553,#10555,#10557,.T.);
#10553 = VERTEX_POINT('',#10554);
#10554 = CARTESIAN_POINT('',(-29.,7.5,-5.E-02));
#10555 = VERTEX_POINT('',#10556);
#10556 = CARTESIAN_POINT('',(-29.,7.5,0.));
#10557 = SEAM_CURVE('',#10558,(#10562,#10574),.PCURVE_S1.);
#10558 = LINE('',#10559,#10560);
#10559 = CARTESIAN_POINT('',(-29.,7.5,-5.E-02));
#10560 = VECTOR('',#10561,1.);
#10561 = DIRECTION('',(0.,0.,1.));
#10562 = PCURVE('',#10563,#10568);
#10563 = CYLINDRICAL_SURFACE('',#10564,2.);
#10564 = AXIS2_PLACEMENT_3D('',#10565,#10566,#10567);
#10565 = CARTESIAN_POINT('',(-31.,7.5,-5.E-02));
#10566 = DIRECTION('',(-0.,-0.,-1.));
#10567 = DIRECTION('',(1.,0.,0.));
#10568 = DEFINITIONAL_REPRESENTATION('',(#10569),#10573);
#10569 = LINE('',#10570,#10571);
#10570 = CARTESIAN_POINT('',(-0.,0.));
#10571 = VECTOR('',#10572,1.);
#10572 = DIRECTION('',(-0.,-1.));
#10573 = ( GEOMETRIC_REPRESENTATION_CONTEXT(2) 
PARAMETRIC_REPRESENTATION_CONTEXT() REPRESENTATION_CONTEXT('2D SPACE',''
  ) );
#10574 = PCURVE('',#10563,#10575);
#10575 = DEFINITIONAL_REPRESENTATION('',(#10576),#10580);
#10576 = LINE('',#10577,#10578);
#10577 = CARTESIAN_POINT('',(-6.28318530718,0.));
#10578 = VECTOR('',#10579,1.);
#10579 = DIRECTION('',(-0.,-1.));
#10580 = ( GEOMETRIC_REPRESENTATION_CONTEXT(2) 
PARAMETRIC_REPRESENTATION_CONTEXT() REPRESENTATION_CONTEXT('2D SPACE',''
  ) );
#10581 = ORIENTED_EDGE('',*,*,#10582,.T.);
#10582 = EDGE_CURVE('',#10555,#10555,#10583,.T.);
#10583 = SURFACE_CURVE('',#10584,(#10589,#10596),.PCURVE_S1.);
#10584 = CIRCLE('',#10585,2.);
#10585 = AXIS2_PLACEMENT_3D('',#10586,#10587,#10588);
#10586 = CARTESIAN_POINT('',(-31.,7.5,0.));
#10587 = DIRECTION('',(0.,0.,1.));
#10588 = DIRECTION('',(1.,0.,0.));
#10589 = PCURVE('',#10563,#10590);
#10590 = DEFINITIONAL_REPRESENTATION('',(#10591),#10595);
#10591 = LINE('',#10592,#10593);
#10592 = CARTESIAN_POINT('',(-0.,-5.E-02));
#10593 = VECTOR('',#10594,1.);
#10594 = DIRECTION('',(-1.,0.));
#10595 = ( GEOMETRIC_REPRESENTATION_CONTEXT(2) 
PARAMETRIC_REPRESENTATION_CONTEXT() REPRESENTATION_CONTEXT('2D SPACE',''
  ) );
#10596 = PCURVE('',#10597,#10602);
#10597 = PLANE('',#10598);
#10598 = AXIS2_PLACEMENT_3D('',#10599,#10600,#10601);
#10599 = CARTESIAN_POINT('',(-31.,7.5,0.));
#10600 = DIRECTION('',(0.,0.,1.));
#10601 = DIRECTION('',(1.,0.,-0.));
#10602 = DEFINITIONAL_REPRESENTATION('',(#10603),#10607);
#10603 = CIRCLE('',#10604,2.);
#10604 = AXIS2_PLACEMENT_2D('',#10605,#10606);
#10605 = CARTESIAN_POINT('',(0.,0.));
#10606 = DIRECTION('',(1.,0.));
#10607 = ( GEOMETRIC_REPRESENTATION_CONTEXT(2) 
PARAMETRIC_REPRESENTATION_CONTEXT() REPRESENTATION_CONTEXT('2D SPACE',''
  ) );
#10608 = ORIENTED_EDGE('',*,*,#10552,.F.);
#10609 = ORIENTED_EDGE('',*,*,#10610,.F.);
#10610 = EDGE_CURVE('',#10553,#10553,#10611,.T.);
#10611 = SURFACE_CURVE('',#10612,(#10617,#10624),.PCURVE_S1.);
#10612 = CIRCLE('',#10613,2.);
#10613 = AXIS2_PLACEMENT_3D('',#10614,#10615,#10616);
#10614 = CARTESIAN_POINT('',(-31.,7.5,-5.E-02));
#10615 = DIRECTION('',(0.,0.,1.));
#10616 = DIRECTION('',(1.,0.,0.));
#10617 = PCURVE('',#10563,#10618);
#10618 = DEFINITIONAL_REPRESENTATION('',(#10619),#10623);
#10619 = LINE('',#10620,#10621);
#10620 = CARTESIAN_POINT('',(-0.,0.));
#10621 = VECTOR('',#10622,1.);
#10622 = DIRECTION('',(-1.,0.));
#10623 = ( GEOMETRIC_REPRESENTATION_CONTEXT(2) 
PARAMETRIC_REPRESENTATION_CONTEXT() REPRESENTATION_CONTEXT('2D SPACE',''
  ) );
#10624 = PCURVE('',#10625,#10630);
#10625 = PLANE('',#10626);
#10626 = AXIS2_PLACEMENT_3D('',#10627,#10628,#10629);
#10627 = CARTESIAN_POINT('',(-31.,7.5,-5.E-02));
#10628 = DIRECTION('',(0.,0.,1.));
#10629 = DIRECTION('',(1.,0.,-0.));
#10630 = DEFINITIONAL_REPRESENTATION('',(#10631),#10635);
#10631 = CIRCLE('',#10632,2.);
#10632 = AXIS2_PLACEMENT_2D('',#10633,#10634);
#10633 = CARTESIAN_POINT('',(0.,0.));
#10634 = DIRECTION('',(1.,0.));
#10635 = ( GEOMETRIC_REPRESENTATION_CONTEXT(2) 
PARAMETRIC_REPRESENTATION_CONTEXT() REPRESENTATION_CONTEXT('2D SPACE',''
  ) );
#10636 = ADVANCED_FACE('',(#10637),#10625,.F.);
#10637 = FACE_BOUND('',#10638,.F.);
#10638 = EDGE_LOOP('',(#10639));
#10639 = ORIENTED_EDGE('',*,*,#10610,.T.);
#10640 = ADVANCED_FACE('',(#10641),#10597,.T.);
#10641 = FACE_BOUND('',#10642,.T.);
#10642 = EDGE_LOOP('',(#10643));
#10643 = ORIENTED_EDGE('',*,*,#10582,.T.);
#10644 = ( GEOMETRIC_REPRESENTATION_CONTEXT(3) 
GLOBAL_UNCERTAINTY_ASSIGNED_CONTEXT((#10648)) 
GLOBAL_UNIT_ASSIGNED_CONTEXT((#10645,#10646,#10647)) 
REPRESENTATION_CONTEXT('Context #1',
  '3D Context with UNIT and UNCERTAINTY') );
#10645 = ( LENGTH_UNIT() NAMED_UNIT(*) SI_UNIT(.MILLI.,.METRE.) );
#10646 = ( NAMED_UNIT(*) PLANE_ANGLE_UNIT() SI_UNIT($,.RADIAN.) );
#10647 = ( NAMED_UNIT(*) SI_UNIT($,.STERADIAN.) SOLID_ANGLE_UNIT() );
#10648 = UNCERTAINTY_MEASURE_WITH_UNIT(LENGTH_MEASURE(1.E-07),#10645,
  'distance_accuracy_value','confusion accuracy');
#10649 = CONTEXT_DEPENDENT_SHAPE_REPRESENTATION(#10650,#10652);
#10650 = ( REPRESENTATION_RELATIONSHIP('','',#10545,#10) 
REPRESENTATION_RELATIONSHIP_WITH_TRANSFORMATION(#10651) 
SHAPE_REPRESENTATION_RELATIONSHIP() );
#10651 = ITEM_DEFINED_TRANSFORMATION('','',#11,#75);
#10652 = PRODUCT_DEFINITION_SHAPE('Placement','Placement of an item',
  #10653);
#10653 = NEXT_ASSEMBLY_USAGE_OCCURRENCE('40',
  'target_pad_P4_TOOL_ID_SPARE','',#5,#10540,$);
#10654 = PRODUCT_RELATED_PRODUCT_CATEGORY('part',$,(#10542));
#10655 = SHAPE_DEFINITION_REPRESENTATION(#10656,#10662);
#10656 = PRODUCT_DEFINITION_SHAPE('','',#10657);
#10657 = PRODUCT_DEFINITION('design','',#10658,#10661);
#10658 = PRODUCT_DEFINITION_FORMATION('','',#10659);
#10659 = PRODUCT('whisk_printed_carrier','whisk_printed_carrier','',(
    #10660));
#10660 = PRODUCT_CONTEXT('',#2,'mechanical');
#10661 = PRODUCT_DEFINITION_CONTEXT('part definition',#2,'design');
#10662 = SHAPE_REPRESENTATION('',(#11,#10663,#11161),#11343);
#10663 = MANIFOLD_SOLID_BREP('',#10664);
#10664 = CLOSED_SHELL('',(#10665,#10785,#10861,#10932,#11021,#11071,
    #11121,#11148));
#10665 = ADVANCED_FACE('',(#10666),#10680,.F.);
#10666 = FACE_BOUND('',#10667,.F.);
#10667 = EDGE_LOOP('',(#10668,#10703,#10731,#10759));
#10668 = ORIENTED_EDGE('',*,*,#10669,.F.);
#10669 = EDGE_CURVE('',#10670,#10672,#10674,.T.);
#10670 = VERTEX_POINT('',#10671);
#10671 = CARTESIAN_POINT('',(-23.,-19.,17.5));
#10672 = VERTEX_POINT('',#10673);
#10673 = CARTESIAN_POINT('',(-23.,19.,17.5));
#10674 = SURFACE_CURVE('',#10675,(#10679,#10691),.PCURVE_S1.);
#10675 = LINE('',#10676,#10677);
#10676 = CARTESIAN_POINT('',(-23.,-19.,17.5));
#10677 = VECTOR('',#10678,1.);
#10678 = DIRECTION('',(0.,1.,0.));
#10679 = PCURVE('',#10680,#10685);
#10680 = PLANE('',#10681);
#10681 = AXIS2_PLACEMENT_3D('',#10682,#10683,#10684);
#10682 = CARTESIAN_POINT('',(-23.,-19.,9.5));
#10683 = DIRECTION('',(1.,0.,0.));
#10684 = DIRECTION('',(0.,0.,1.));
#10685 = DEFINITIONAL_REPRESENTATION('',(#10686),#10690);
#10686 = LINE('',#10687,#10688);
#10687 = CARTESIAN_POINT('',(8.,0.));
#10688 = VECTOR('',#10689,1.);
#10689 = DIRECTION('',(0.,-1.));
#10690 = ( GEOMETRIC_REPRESENTATION_CONTEXT(2) 
PARAMETRIC_REPRESENTATION_CONTEXT() REPRESENTATION_CONTEXT('2D SPACE',''
  ) );
#10691 = PCURVE('',#10692,#10697);
#10692 = PLANE('',#10693);
#10693 = AXIS2_PLACEMENT_3D('',#10694,#10695,#10696);
#10694 = CARTESIAN_POINT('',(-23.,-19.,17.5));
#10695 = DIRECTION('',(0.,0.,1.));
#10696 = DIRECTION('',(1.,0.,0.));
#10697 = DEFINITIONAL_REPRESENTATION('',(#10698),#10702);
#10698 = LINE('',#10699,#10700);
#10699 = CARTESIAN_POINT('',(0.,0.));
#10700 = VECTOR('',#10701,1.);
#10701 = DIRECTION('',(0.,1.));
#10702 = ( GEOMETRIC_REPRESENTATION_CONTEXT(2) 
PARAMETRIC_REPRESENTATION_CONTEXT() REPRESENTATION_CONTEXT('2D SPACE',''
  ) );
#10703 = ORIENTED_EDGE('',*,*,#10704,.F.);
#10704 = EDGE_CURVE('',#10705,#10670,#10707,.T.);
#10705 = VERTEX_POINT('',#10706);
#10706 = CARTESIAN_POINT('',(-23.,-19.,9.5));
#10707 = SURFACE_CURVE('',#10708,(#10712,#10719),.PCURVE_S1.);
#10708 = LINE('',#10709,#10710);
#10709 = CARTESIAN_POINT('',(-23.,-19.,9.5));
#10710 = VECTOR('',#10711,1.);
#10711 = DIRECTION('',(0.,0.,1.));
#10712 = PCURVE('',#10680,#10713);
#10713 = DEFINITIONAL_REPRESENTATION('',(#10714),#10718);
#10714 = LINE('',#10715,#10716);
#10715 = CARTESIAN_POINT('',(0.,0.));
#10716 = VECTOR('',#10717,1.);
#10717 = DIRECTION('',(1.,0.));
#10718 = ( GEOMETRIC_REPRESENTATION_CONTEXT(2) 
PARAMETRIC_REPRESENTATION_CONTEXT() REPRESENTATION_CONTEXT('2D SPACE',''
  ) );
#10719 = PCURVE('',#10720,#10725);
#10720 = PLANE('',#10721);
#10721 = AXIS2_PLACEMENT_3D('',#10722,#10723,#10724);
#10722 = CARTESIAN_POINT('',(-23.,-19.,9.5));
#10723 = DIRECTION('',(0.,1.,0.));
#10724 = DIRECTION('',(0.,0.,1.));
#10725 = DEFINITIONAL_REPRESENTATION('',(#10726),#10730);
#10726 = LINE('',#10727,#10728);
#10727 = CARTESIAN_POINT('',(0.,0.));
#10728 = VECTOR('',#10729,1.);
#10729 = DIRECTION('',(1.,0.));
#10730 = ( GEOMETRIC_REPRESENTATION_CONTEXT(2) 
PARAMETRIC_REPRESENTATION_CONTEXT() REPRESENTATION_CONTEXT('2D SPACE',''
  ) );
#10731 = ORIENTED_EDGE('',*,*,#10732,.F.);
#10732 = EDGE_CURVE('',#10733,#10705,#10735,.T.);
#10733 = VERTEX_POINT('',#10734);
#10734 = CARTESIAN_POINT('',(-23.,19.,9.5));
#10735 = SURFACE_CURVE('',#10736,(#10740,#10747),.PCURVE_S1.);
#10736 = LINE('',#10737,#10738);
#10737 = CARTESIAN_POINT('',(-23.,19.,9.5));
#10738 = VECTOR('',#10739,1.);
#10739 = DIRECTION('',(0.,-1.,0.));
#10740 = PCURVE('',#10680,#10741);
#10741 = DEFINITIONAL_REPRESENTATION('',(#10742),#10746);
#10742 = LINE('',#10743,#10744);
#10743 = CARTESIAN_POINT('',(0.,-38.));
#10744 = VECTOR('',#10745,1.);
#10745 = DIRECTION('',(0.,1.));
#10746 = ( GEOMETRIC_REPRESENTATION_CONTEXT(2) 
PARAMETRIC_REPRESENTATION_CONTEXT() REPRESENTATION_CONTEXT('2D SPACE',''
  ) );
#10747 = PCURVE('',#10748,#10753);
#10748 = PLANE('',#10749);
#10749 = AXIS2_PLACEMENT_3D('',#10750,#10751,#10752);
#10750 = CARTESIAN_POINT('',(-23.,-19.,9.5));
#10751 = DIRECTION('',(0.,0.,1.));
#10752 = DIRECTION('',(1.,0.,0.));
#10753 = DEFINITIONAL_REPRESENTATION('',(#10754),#10758);
#10754 = LINE('',#10755,#10756);
#10755 = CARTESIAN_POINT('',(0.,38.));
#10756 = VECTOR('',#10757,1.);
#10757 = DIRECTION('',(0.,-1.));
#10758 = ( GEOMETRIC_REPRESENTATION_CONTEXT(2) 
PARAMETRIC_REPRESENTATION_CONTEXT() REPRESENTATION_CONTEXT('2D SPACE',''
  ) );
#10759 = ORIENTED_EDGE('',*,*,#10760,.T.);
#10760 = EDGE_CURVE('',#10733,#10672,#10761,.T.);
#10761 = SURFACE_CURVE('',#10762,(#10766,#10773),.PCURVE_S1.);
#10762 = LINE('',#10763,#10764);
#10763 = CARTESIAN_POINT('',(-23.,19.,9.5));
#10764 = VECTOR('',#10765,1.);
#10765 = DIRECTION('',(0.,0.,1.));
#10766 = PCURVE('',#10680,#10767);
#10767 = DEFINITIONAL_REPRESENTATION('',(#10768),#10772);
#10768 = LINE('',#10769,#10770);
#10769 = CARTESIAN_POINT('',(0.,-38.));
#10770 = VECTOR('',#10771,1.);
#10771 = DIRECTION('',(1.,0.));
#10772 = ( GEOMETRIC_REPRESENTATION_CONTEXT(2) 
PARAMETRIC_REPRESENTATION_CONTEXT() REPRESENTATION_CONTEXT('2D SPACE',''
  ) );
#10773 = PCURVE('',#10774,#10779);
#10774 = PLANE('',#10775);
#10775 = AXIS2_PLACEMENT_3D('',#10776,#10777,#10778);
#10776 = CARTESIAN_POINT('',(-23.,19.,9.5));
#10777 = DIRECTION('',(0.,1.,0.));
#10778 = DIRECTION('',(0.,0.,1.));
#10779 = DEFINITIONAL_REPRESENTATION('',(#10780),#10784);
#10780 = LINE('',#10781,#10782);
#10781 = CARTESIAN_POINT('',(0.,0.));
#10782 = VECTOR('',#10783,1.);
#10783 = DIRECTION('',(1.,0.));
#10784 = ( GEOMETRIC_REPRESENTATION_CONTEXT(2) 
PARAMETRIC_REPRESENTATION_CONTEXT() REPRESENTATION_CONTEXT('2D SPACE',''
  ) );
#10785 = ADVANCED_FACE('',(#10786),#10774,.T.);
#10786 = FACE_BOUND('',#10787,.T.);
#10787 = EDGE_LOOP('',(#10788,#10811,#10812,#10835));
#10788 = ORIENTED_EDGE('',*,*,#10789,.F.);
#10789 = EDGE_CURVE('',#10733,#10790,#10792,.T.);
#10790 = VERTEX_POINT('',#10791);
#10791 = CARTESIAN_POINT('',(23.,19.,9.5));
#10792 = SURFACE_CURVE('',#10793,(#10797,#10804),.PCURVE_S1.);
#10793 = LINE('',#10794,#10795);
#10794 = CARTESIAN_POINT('',(-23.,19.,9.5));
#10795 = VECTOR('',#10796,1.);
#10796 = DIRECTION('',(1.,0.,0.));
#10797 = PCURVE('',#10774,#10798);
#10798 = DEFINITIONAL_REPRESENTATION('',(#10799),#10803);
#10799 = LINE('',#10800,#10801);
#10800 = CARTESIAN_POINT('',(0.,0.));
#10801 = VECTOR('',#10802,1.);
#10802 = DIRECTION('',(0.,1.));
#10803 = ( GEOMETRIC_REPRESENTATION_CONTEXT(2) 
PARAMETRIC_REPRESENTATION_CONTEXT() REPRESENTATION_CONTEXT('2D SPACE',''
  ) );
#10804 = PCURVE('',#10748,#10805);
#10805 = DEFINITIONAL_REPRESENTATION('',(#10806),#10810);
#10806 = LINE('',#10807,#10808);
#10807 = CARTESIAN_POINT('',(0.,38.));
#10808 = VECTOR('',#10809,1.);
#10809 = DIRECTION('',(1.,0.));
#10810 = ( GEOMETRIC_REPRESENTATION_CONTEXT(2) 
PARAMETRIC_REPRESENTATION_CONTEXT() REPRESENTATION_CONTEXT('2D SPACE',''
  ) );
#10811 = ORIENTED_EDGE('',*,*,#10760,.T.);
#10812 = ORIENTED_EDGE('',*,*,#10813,.F.);
#10813 = EDGE_CURVE('',#10814,#10672,#10816,.T.);
#10814 = VERTEX_POINT('',#10815);
#10815 = CARTESIAN_POINT('',(23.,19.,17.5));
#10816 = SURFACE_CURVE('',#10817,(#10821,#10828),.PCURVE_S1.);
#10817 = LINE('',#10818,#10819);
#10818 = CARTESIAN_POINT('',(23.,19.,17.5));
#10819 = VECTOR('',#10820,1.);
#10820 = DIRECTION('',(-1.,0.,0.));
#10821 = PCURVE('',#10774,#10822);
#10822 = DEFINITIONAL_REPRESENTATION('',(#10823),#10827);
#10823 = LINE('',#10824,#10825);
#10824 = CARTESIAN_POINT('',(8.,46.));
#10825 = VECTOR('',#10826,1.);
#10826 = DIRECTION('',(0.,-1.));
#10827 = ( GEOMETRIC_REPRESENTATION_CONTEXT(2) 
PARAMETRIC_REPRESENTATION_CONTEXT() REPRESENTATION_CONTEXT('2D SPACE',''
  ) );
#10828 = PCURVE('',#10692,#10829);
#10829 = DEFINITIONAL_REPRESENTATION('',(#10830),#10834);
#10830 = LINE('',#10831,#10832);
#10831 = CARTESIAN_POINT('',(46.,38.));
#10832 = VECTOR('',#10833,1.);
#10833 = DIRECTION('',(-1.,0.));
#10834 = ( GEOMETRIC_REPRESENTATION_CONTEXT(2) 
PARAMETRIC_REPRESENTATION_CONTEXT() REPRESENTATION_CONTEXT('2D SPACE',''
  ) );
#10835 = ORIENTED_EDGE('',*,*,#10836,.F.);
#10836 = EDGE_CURVE('',#10790,#10814,#10837,.T.);
#10837 = SURFACE_CURVE('',#10838,(#10842,#10849),.PCURVE_S1.);
#10838 = LINE('',#10839,#10840);
#10839 = CARTESIAN_POINT('',(23.,19.,9.5));
#10840 = VECTOR('',#10841,1.);
#10841 = DIRECTION('',(0.,0.,1.));
#10842 = PCURVE('',#10774,#10843);
#10843 = DEFINITIONAL_REPRESENTATION('',(#10844),#10848);
#10844 = LINE('',#10845,#10846);
#10845 = CARTESIAN_POINT('',(0.,46.));
#10846 = VECTOR('',#10847,1.);
#10847 = DIRECTION('',(1.,0.));
#10848 = ( GEOMETRIC_REPRESENTATION_CONTEXT(2) 
PARAMETRIC_REPRESENTATION_CONTEXT() REPRESENTATION_CONTEXT('2D SPACE',''
  ) );
#10849 = PCURVE('',#10850,#10855);
#10850 = PLANE('',#10851);
#10851 = AXIS2_PLACEMENT_3D('',#10852,#10853,#10854);
#10852 = CARTESIAN_POINT('',(23.,-19.,9.5));
#10853 = DIRECTION('',(1.,0.,0.));
#10854 = DIRECTION('',(0.,0.,1.));
#10855 = DEFINITIONAL_REPRESENTATION('',(#10856),#10860);
#10856 = LINE('',#10857,#10858);
#10857 = CARTESIAN_POINT('',(0.,-38.));
#10858 = VECTOR('',#10859,1.);
#10859 = DIRECTION('',(1.,0.));
#10860 = ( GEOMETRIC_REPRESENTATION_CONTEXT(2) 
PARAMETRIC_REPRESENTATION_CONTEXT() REPRESENTATION_CONTEXT('2D SPACE',''
  ) );
#10861 = ADVANCED_FACE('',(#10862),#10850,.T.);
#10862 = FACE_BOUND('',#10863,.T.);
#10863 = EDGE_LOOP('',(#10864,#10887,#10910,#10931));
#10864 = ORIENTED_EDGE('',*,*,#10865,.F.);
#10865 = EDGE_CURVE('',#10866,#10814,#10868,.T.);
#10866 = VERTEX_POINT('',#10867);
#10867 = CARTESIAN_POINT('',(23.,-19.,17.5));
#10868 = SURFACE_CURVE('',#10869,(#10873,#10880),.PCURVE_S1.);
#10869 = LINE('',#10870,#10871);
#10870 = CARTESIAN_POINT('',(23.,-19.,17.5));
#10871 = VECTOR('',#10872,1.);
#10872 = DIRECTION('',(0.,1.,0.));
#10873 = PCURVE('',#10850,#10874);
#10874 = DEFINITIONAL_REPRESENTATION('',(#10875),#10879);
#10875 = LINE('',#10876,#10877);
#10876 = CARTESIAN_POINT('',(8.,0.));
#10877 = VECTOR('',#10878,1.);
#10878 = DIRECTION('',(0.,-1.));
#10879 = ( GEOMETRIC_REPRESENTATION_CONTEXT(2) 
PARAMETRIC_REPRESENTATION_CONTEXT() REPRESENTATION_CONTEXT('2D SPACE',''
  ) );
#10880 = PCURVE('',#10692,#10881);
#10881 = DEFINITIONAL_REPRESENTATION('',(#10882),#10886);
#10882 = LINE('',#10883,#10884);
#10883 = CARTESIAN_POINT('',(46.,0.));
#10884 = VECTOR('',#10885,1.);
#10885 = DIRECTION('',(0.,1.));
#10886 = ( GEOMETRIC_REPRESENTATION_CONTEXT(2) 
PARAMETRIC_REPRESENTATION_CONTEXT() REPRESENTATION_CONTEXT('2D SPACE',''
  ) );
#10887 = ORIENTED_EDGE('',*,*,#10888,.F.);
#10888 = EDGE_CURVE('',#10889,#10866,#10891,.T.);
#10889 = VERTEX_POINT('',#10890);
#10890 = CARTESIAN_POINT('',(23.,-19.,9.5));
#10891 = SURFACE_CURVE('',#10892,(#10896,#10903),.PCURVE_S1.);
#10892 = LINE('',#10893,#10894);
#10893 = CARTESIAN_POINT('',(23.,-19.,9.5));
#10894 = VECTOR('',#10895,1.);
#10895 = DIRECTION('',(0.,0.,1.));
#10896 = PCURVE('',#10850,#10897);
#10897 = DEFINITIONAL_REPRESENTATION('',(#10898),#10902);
#10898 = LINE('',#10899,#10900);
#10899 = CARTESIAN_POINT('',(0.,0.));
#10900 = VECTOR('',#10901,1.);
#10901 = DIRECTION('',(1.,0.));
#10902 = ( GEOMETRIC_REPRESENTATION_CONTEXT(2) 
PARAMETRIC_REPRESENTATION_CONTEXT() REPRESENTATION_CONTEXT('2D SPACE',''
  ) );
#10903 = PCURVE('',#10720,#10904);
#10904 = DEFINITIONAL_REPRESENTATION('',(#10905),#10909);
#10905 = LINE('',#10906,#10907);
#10906 = CARTESIAN_POINT('',(0.,46.));
#10907 = VECTOR('',#10908,1.);
#10908 = DIRECTION('',(1.,0.));
#10909 = ( GEOMETRIC_REPRESENTATION_CONTEXT(2) 
PARAMETRIC_REPRESENTATION_CONTEXT() REPRESENTATION_CONTEXT('2D SPACE',''
  ) );
#10910 = ORIENTED_EDGE('',*,*,#10911,.F.);
#10911 = EDGE_CURVE('',#10790,#10889,#10912,.T.);
#10912 = SURFACE_CURVE('',#10913,(#10917,#10924),.PCURVE_S1.);
#10913 = LINE('',#10914,#10915);
#10914 = CARTESIAN_POINT('',(23.,19.,9.5));
#10915 = VECTOR('',#10916,1.);
#10916 = DIRECTION('',(0.,-1.,0.));
#10917 = PCURVE('',#10850,#10918);
#10918 = DEFINITIONAL_REPRESENTATION('',(#10919),#10923);
#10919 = LINE('',#10920,#10921);
#10920 = CARTESIAN_POINT('',(0.,-38.));
#10921 = VECTOR('',#10922,1.);
#10922 = DIRECTION('',(0.,1.));
#10923 = ( GEOMETRIC_REPRESENTATION_CONTEXT(2) 
PARAMETRIC_REPRESENTATION_CONTEXT() REPRESENTATION_CONTEXT('2D SPACE',''
  ) );
#10924 = PCURVE('',#10748,#10925);
#10925 = DEFINITIONAL_REPRESENTATION('',(#10926),#10930);
#10926 = LINE('',#10927,#10928);
#10927 = CARTESIAN_POINT('',(46.,38.));
#10928 = VECTOR('',#10929,1.);
#10929 = DIRECTION('',(0.,-1.));
#10930 = ( GEOMETRIC_REPRESENTATION_CONTEXT(2) 
PARAMETRIC_REPRESENTATION_CONTEXT() REPRESENTATION_CONTEXT('2D SPACE',''
  ) );
#10931 = ORIENTED_EDGE('',*,*,#10836,.T.);
#10932 = ADVANCED_FACE('',(#10933,#10959,#10990),#10748,.F.);
#10933 = FACE_BOUND('',#10934,.F.);
#10934 = EDGE_LOOP('',(#10935,#10956,#10957,#10958));
#10935 = ORIENTED_EDGE('',*,*,#10936,.F.);
#10936 = EDGE_CURVE('',#10889,#10705,#10937,.T.);
#10937 = SURFACE_CURVE('',#10938,(#10942,#10949),.PCURVE_S1.);
#10938 = LINE('',#10939,#10940);
#10939 = CARTESIAN_POINT('',(23.,-19.,9.5));
#10940 = VECTOR('',#10941,1.);
#10941 = DIRECTION('',(-1.,0.,0.));
#10942 = PCURVE('',#10748,#10943);
#10943 = DEFINITIONAL_REPRESENTATION('',(#10944),#10948);
#10944 = LINE('',#10945,#10946);
#10945 = CARTESIAN_POINT('',(46.,0.));
#10946 = VECTOR('',#10947,1.);
#10947 = DIRECTION('',(-1.,0.));
#10948 = ( GEOMETRIC_REPRESENTATION_CONTEXT(2) 
PARAMETRIC_REPRESENTATION_CONTEXT() REPRESENTATION_CONTEXT('2D SPACE',''
  ) );
#10949 = PCURVE('',#10720,#10950);
#10950 = DEFINITIONAL_REPRESENTATION('',(#10951),#10955);
#10951 = LINE('',#10952,#10953);
#10952 = CARTESIAN_POINT('',(0.,46.));
#10953 = VECTOR('',#10954,1.);
#10954 = DIRECTION('',(0.,-1.));
#10955 = ( GEOMETRIC_REPRESENTATION_CONTEXT(2) 
PARAMETRIC_REPRESENTATION_CONTEXT() REPRESENTATION_CONTEXT('2D SPACE',''
  ) );
#10956 = ORIENTED_EDGE('',*,*,#10911,.F.);
#10957 = ORIENTED_EDGE('',*,*,#10789,.F.);
#10958 = ORIENTED_EDGE('',*,*,#10732,.T.);
#10959 = FACE_BOUND('',#10960,.F.);
#10960 = EDGE_LOOP('',(#10961));
#10961 = ORIENTED_EDGE('',*,*,#10962,.F.);
#10962 = EDGE_CURVE('',#10963,#10963,#10965,.T.);
#10963 = VERTEX_POINT('',#10964);
#10964 = CARTESIAN_POINT('',(13.5,-3.306546357698E-15,9.5));
#10965 = SURFACE_CURVE('',#10966,(#10971,#10978),.PCURVE_S1.);
#10966 = CIRCLE('',#10967,13.5);
#10967 = AXIS2_PLACEMENT_3D('',#10968,#10969,#10970);
#10968 = CARTESIAN_POINT('',(0.,0.,9.5));
#10969 = DIRECTION('',(0.,0.,1.));
#10970 = DIRECTION('',(1.,0.,-0.));
#10971 = PCURVE('',#10748,#10972);
#10972 = DEFINITIONAL_REPRESENTATION('',(#10973),#10977);
#10973 = CIRCLE('',#10974,13.5);
#10974 = AXIS2_PLACEMENT_2D('',#10975,#10976);
#10975 = CARTESIAN_POINT('',(23.,19.));
#10976 = DIRECTION('',(1.,0.));
#10977 = ( GEOMETRIC_REPRESENTATION_CONTEXT(2) 
PARAMETRIC_REPRESENTATION_CONTEXT() REPRESENTATION_CONTEXT('2D SPACE',''
  ) );
#10978 = PCURVE('',#10979,#10984);
#10979 = CYLINDRICAL_SURFACE('',#10980,13.5);
#10980 = AXIS2_PLACEMENT_3D('',#10981,#10982,#10983);
#10981 = CARTESIAN_POINT('',(0.,0.,9.4));
#10982 = DIRECTION('',(0.,0.,1.));
#10983 = DIRECTION('',(1.,0.,-0.));
#10984 = DEFINITIONAL_REPRESENTATION('',(#10985),#10989);
#10985 = LINE('',#10986,#10987);
#10986 = CARTESIAN_POINT('',(0.,1.E-01));
#10987 = VECTOR('',#10988,1.);
#10988 = DIRECTION('',(1.,0.));
#10989 = ( GEOMETRIC_REPRESENTATION_CONTEXT(2) 
PARAMETRIC_REPRESENTATION_CONTEXT() REPRESENTATION_CONTEXT('2D SPACE',''
  ) );
#10990 = FACE_BOUND('',#10991,.F.);
#10991 = EDGE_LOOP('',(#10992));
#10992 = ORIENTED_EDGE('',*,*,#10993,.F.);
#10993 = EDGE_CURVE('',#10994,#10994,#10996,.T.);
#10994 = VERTEX_POINT('',#10995);
#10995 = CARTESIAN_POINT('',(22.95,-1.114428587224E-15,9.5));
#10996 = SURFACE_CURVE('',#10997,(#11002,#11009),.PCURVE_S1.);
#10997 = CIRCLE('',#10998,4.55);
#10998 = AXIS2_PLACEMENT_3D('',#10999,#11000,#11001);
#10999 = CARTESIAN_POINT('',(18.4,0.,9.5));
#11000 = DIRECTION('',(0.,0.,1.));
#11001 = DIRECTION('',(1.,0.,-0.));
#11002 = PCURVE('',#10748,#11003);
#11003 = DEFINITIONAL_REPRESENTATION('',(#11004),#11008);
#11004 = CIRCLE('',#11005,4.55);
#11005 = AXIS2_PLACEMENT_2D('',#11006,#11007);
#11006 = CARTESIAN_POINT('',(41.4,19.));
#11007 = DIRECTION('',(1.,0.));
#11008 = ( GEOMETRIC_REPRESENTATION_CONTEXT(2) 
PARAMETRIC_REPRESENTATION_CONTEXT() REPRESENTATION_CONTEXT('2D SPACE',''
  ) );
#11009 = PCURVE('',#11010,#11015);
#11010 = CYLINDRICAL_SURFACE('',#11011,4.55);
#11011 = AXIS2_PLACEMENT_3D('',#11012,#11013,#11014);
#11012 = CARTESIAN_POINT('',(18.4,0.,9.4));
#11013 = DIRECTION('',(0.,0.,1.));
#11014 = DIRECTION('',(1.,0.,-0.));
#11015 = DEFINITIONAL_REPRESENTATION('',(#11016),#11020);
#11016 = LINE('',#11017,#11018);
#11017 = CARTESIAN_POINT('',(0.,1.E-01));
#11018 = VECTOR('',#11019,1.);
#11019 = DIRECTION('',(1.,0.));
#11020 = ( GEOMETRIC_REPRESENTATION_CONTEXT(2) 
PARAMETRIC_REPRESENTATION_CONTEXT() REPRESENTATION_CONTEXT('2D SPACE',''
  ) );
#11021 = ADVANCED_FACE('',(#11022),#11010,.F.);
#11022 = FACE_BOUND('',#11023,.F.);
#11023 = EDGE_LOOP('',(#11024,#11048,#11069,#11070));
#11024 = ORIENTED_EDGE('',*,*,#11025,.F.);
#11025 = EDGE_CURVE('',#11026,#11026,#11028,.T.);
#11026 = VERTEX_POINT('',#11027);
#11027 = CARTESIAN_POINT('',(22.95,-1.114428587224E-15,17.5));
#11028 = SURFACE_CURVE('',#11029,(#11034,#11041),.PCURVE_S1.);
#11029 = CIRCLE('',#11030,4.55);
#11030 = AXIS2_PLACEMENT_3D('',#11031,#11032,#11033);
#11031 = CARTESIAN_POINT('',(18.4,0.,17.5));
#11032 = DIRECTION('',(0.,0.,1.));
#11033 = DIRECTION('',(1.,0.,-0.));
#11034 = PCURVE('',#11010,#11035);
#11035 = DEFINITIONAL_REPRESENTATION('',(#11036),#11040);
#11036 = LINE('',#11037,#11038);
#11037 = CARTESIAN_POINT('',(0.,8.1));
#11038 = VECTOR('',#11039,1.);
#11039 = DIRECTION('',(1.,0.));
#11040 = ( GEOMETRIC_REPRESENTATION_CONTEXT(2) 
PARAMETRIC_REPRESENTATION_CONTEXT() REPRESENTATION_CONTEXT('2D SPACE',''
  ) );
#11041 = PCURVE('',#10692,#11042);
#11042 = DEFINITIONAL_REPRESENTATION('',(#11043),#11047);
#11043 = CIRCLE('',#11044,4.55);
#11044 = AXIS2_PLACEMENT_2D('',#11045,#11046);
#11045 = CARTESIAN_POINT('',(41.4,19.));
#11046 = DIRECTION('',(1.,0.));
#11047 = ( GEOMETRIC_REPRESENTATION_CONTEXT(2) 
PARAMETRIC_REPRESENTATION_CONTEXT() REPRESENTATION_CONTEXT('2D SPACE',''
  ) );
#11048 = ORIENTED_EDGE('',*,*,#11049,.F.);
#11049 = EDGE_CURVE('',#10994,#11026,#11050,.T.);
#11050 = SEAM_CURVE('',#11051,(#11055,#11062),.PCURVE_S1.);
#11051 = LINE('',#11052,#11053);
#11052 = CARTESIAN_POINT('',(22.95,-1.114428587224E-15,9.4));
#11053 = VECTOR('',#11054,1.);
#11054 = DIRECTION('',(0.,0.,1.));
#11055 = PCURVE('',#11010,#11056);
#11056 = DEFINITIONAL_REPRESENTATION('',(#11057),#11061);
#11057 = LINE('',#11058,#11059);
#11058 = CARTESIAN_POINT('',(6.28318530718,-0.));
#11059 = VECTOR('',#11060,1.);
#11060 = DIRECTION('',(0.,1.));
#11061 = ( GEOMETRIC_REPRESENTATION_CONTEXT(2) 
PARAMETRIC_REPRESENTATION_CONTEXT() REPRESENTATION_CONTEXT('2D SPACE',''
  ) );
#11062 = PCURVE('',#11010,#11063);
#11063 = DEFINITIONAL_REPRESENTATION('',(#11064),#11068);
#11064 = LINE('',#11065,#11066);
#11065 = CARTESIAN_POINT('',(0.,-0.));
#11066 = VECTOR('',#11067,1.);
#11067 = DIRECTION('',(0.,1.));
#11068 = ( GEOMETRIC_REPRESENTATION_CONTEXT(2) 
PARAMETRIC_REPRESENTATION_CONTEXT() REPRESENTATION_CONTEXT('2D SPACE',''
  ) );
#11069 = ORIENTED_EDGE('',*,*,#10993,.T.);
#11070 = ORIENTED_EDGE('',*,*,#11049,.T.);
#11071 = ADVANCED_FACE('',(#11072),#10979,.F.);
#11072 = FACE_BOUND('',#11073,.F.);
#11073 = EDGE_LOOP('',(#11074,#11098,#11119,#11120));
#11074 = ORIENTED_EDGE('',*,*,#11075,.F.);
#11075 = EDGE_CURVE('',#11076,#11076,#11078,.T.);
#11076 = VERTEX_POINT('',#11077);
#11077 = CARTESIAN_POINT('',(13.5,-3.306546357698E-15,17.5));
#11078 = SURFACE_CURVE('',#11079,(#11084,#11091),.PCURVE_S1.);
#11079 = CIRCLE('',#11080,13.5);
#11080 = AXIS2_PLACEMENT_3D('',#11081,#11082,#11083);
#11081 = CARTESIAN_POINT('',(0.,0.,17.5));
#11082 = DIRECTION('',(0.,0.,1.));
#11083 = DIRECTION('',(1.,0.,-0.));
#11084 = PCURVE('',#10979,#11085);
#11085 = DEFINITIONAL_REPRESENTATION('',(#11086),#11090);
#11086 = LINE('',#11087,#11088);
#11087 = CARTESIAN_POINT('',(0.,8.1));
#11088 = VECTOR('',#11089,1.);
#11089 = DIRECTION('',(1.,0.));
#11090 = ( GEOMETRIC_REPRESENTATION_CONTEXT(2) 
PARAMETRIC_REPRESENTATION_CONTEXT() REPRESENTATION_CONTEXT('2D SPACE',''
  ) );
#11091 = PCURVE('',#10692,#11092);
#11092 = DEFINITIONAL_REPRESENTATION('',(#11093),#11097);
#11093 = CIRCLE('',#11094,13.5);
#11094 = AXIS2_PLACEMENT_2D('',#11095,#11096);
#11095 = CARTESIAN_POINT('',(23.,19.));
#11096 = DIRECTION('',(1.,0.));
#11097 = ( GEOMETRIC_REPRESENTATION_CONTEXT(2) 
PARAMETRIC_REPRESENTATION_CONTEXT() REPRESENTATION_CONTEXT('2D SPACE',''
  ) );
#11098 = ORIENTED_EDGE('',*,*,#11099,.F.);
#11099 = EDGE_CURVE('',#10963,#11076,#11100,.T.);
#11100 = SEAM_CURVE('',#11101,(#11105,#11112),.PCURVE_S1.);
#11101 = LINE('',#11102,#11103);
#11102 = CARTESIAN_POINT('',(13.5,-3.306546357698E-15,9.4));
#11103 = VECTOR('',#11104,1.);
#11104 = DIRECTION('',(0.,0.,1.));
#11105 = PCURVE('',#10979,#11106);
#11106 = DEFINITIONAL_REPRESENTATION('',(#11107),#11111);
#11107 = LINE('',#11108,#11109);
#11108 = CARTESIAN_POINT('',(6.28318530718,-0.));
#11109 = VECTOR('',#11110,1.);
#11110 = DIRECTION('',(0.,1.));
#11111 = ( GEOMETRIC_REPRESENTATION_CONTEXT(2) 
PARAMETRIC_REPRESENTATION_CONTEXT() REPRESENTATION_CONTEXT('2D SPACE',''
  ) );
#11112 = PCURVE('',#10979,#11113);
#11113 = DEFINITIONAL_REPRESENTATION('',(#11114),#11118);
#11114 = LINE('',#11115,#11116);
#11115 = CARTESIAN_POINT('',(0.,-0.));
#11116 = VECTOR('',#11117,1.);
#11117 = DIRECTION('',(0.,1.));
#11118 = ( GEOMETRIC_REPRESENTATION_CONTEXT(2) 
PARAMETRIC_REPRESENTATION_CONTEXT() REPRESENTATION_CONTEXT('2D SPACE',''
  ) );
#11119 = ORIENTED_EDGE('',*,*,#10962,.T.);
#11120 = ORIENTED_EDGE('',*,*,#11099,.T.);
#11121 = ADVANCED_FACE('',(#11122),#10720,.F.);
#11122 = FACE_BOUND('',#11123,.F.);
#11123 = EDGE_LOOP('',(#11124,#11125,#11146,#11147));
#11124 = ORIENTED_EDGE('',*,*,#10704,.T.);
#11125 = ORIENTED_EDGE('',*,*,#11126,.T.);
#11126 = EDGE_CURVE('',#10670,#10866,#11127,.T.);
#11127 = SURFACE_CURVE('',#11128,(#11132,#11139),.PCURVE_S1.);
#11128 = LINE('',#11129,#11130);
#11129 = CARTESIAN_POINT('',(-23.,-19.,17.5));
#11130 = VECTOR('',#11131,1.);
#11131 = DIRECTION('',(1.,0.,0.));
#11132 = PCURVE('',#10720,#11133);
#11133 = DEFINITIONAL_REPRESENTATION('',(#11134),#11138);
#11134 = LINE('',#11135,#11136);
#11135 = CARTESIAN_POINT('',(8.,0.));
#11136 = VECTOR('',#11137,1.);
#11137 = DIRECTION('',(0.,1.));
#11138 = ( GEOMETRIC_REPRESENTATION_CONTEXT(2) 
PARAMETRIC_REPRESENTATION_CONTEXT() REPRESENTATION_CONTEXT('2D SPACE',''
  ) );
#11139 = PCURVE('',#10692,#11140);
#11140 = DEFINITIONAL_REPRESENTATION('',(#11141),#11145);
#11141 = LINE('',#11142,#11143);
#11142 = CARTESIAN_POINT('',(0.,0.));
#11143 = VECTOR('',#11144,1.);
#11144 = DIRECTION('',(1.,0.));
#11145 = ( GEOMETRIC_REPRESENTATION_CONTEXT(2) 
PARAMETRIC_REPRESENTATION_CONTEXT() REPRESENTATION_CONTEXT('2D SPACE',''
  ) );
#11146 = ORIENTED_EDGE('',*,*,#10888,.F.);
#11147 = ORIENTED_EDGE('',*,*,#10936,.T.);
#11148 = ADVANCED_FACE('',(#11149,#11155,#11158),#10692,.T.);
#11149 = FACE_BOUND('',#11150,.T.);
#11150 = EDGE_LOOP('',(#11151,#11152,#11153,#11154));
#11151 = ORIENTED_EDGE('',*,*,#10669,.F.);
#11152 = ORIENTED_EDGE('',*,*,#11126,.T.);
#11153 = ORIENTED_EDGE('',*,*,#10865,.T.);
#11154 = ORIENTED_EDGE('',*,*,#10813,.T.);
#11155 = FACE_BOUND('',#11156,.T.);
#11156 = EDGE_LOOP('',(#11157));
#11157 = ORIENTED_EDGE('',*,*,#11075,.F.);
#11158 = FACE_BOUND('',#11159,.T.);
#11159 = EDGE_LOOP('',(#11160));
#11160 = ORIENTED_EDGE('',*,*,#11025,.F.);
#11161 = MANIFOLD_SOLID_BREP('',#11162);
#11162 = CLOSED_SHELL('',(#11163,#11251,#11286,#11316));
#11163 = ADVANCED_FACE('',(#11164),#11177,.T.);
#11164 = FACE_BOUND('',#11165,.T.);
#11165 = EDGE_LOOP('',(#11166,#11200,#11223,#11250));
#11166 = ORIENTED_EDGE('',*,*,#11167,.F.);
#11167 = EDGE_CURVE('',#11168,#11168,#11170,.T.);
#11168 = VERTEX_POINT('',#11169);
#11169 = CARTESIAN_POINT('',(9.,-2.204364238465E-15,49.5));
#11170 = SURFACE_CURVE('',#11171,(#11176,#11188),.PCURVE_S1.);
#11171 = CIRCLE('',#11172,9.);
#11172 = AXIS2_PLACEMENT_3D('',#11173,#11174,#11175);
#11173 = CARTESIAN_POINT('',(0.,0.,49.5));
#11174 = DIRECTION('',(0.,0.,1.));
#11175 = DIRECTION('',(1.,0.,-0.));
#11176 = PCURVE('',#11177,#11182);
#11177 = CYLINDRICAL_SURFACE('',#11178,9.);
#11178 = AXIS2_PLACEMENT_3D('',#11179,#11180,#11181);
#11179 = CARTESIAN_POINT('',(0.,0.,17.));
#11180 = DIRECTION('',(0.,0.,1.));
#11181 = DIRECTION('',(1.,0.,-0.));
#11182 = DEFINITIONAL_REPRESENTATION('',(#11183),#11187);
#11183 = LINE('',#11184,#11185);
#11184 = CARTESIAN_POINT('',(0.,32.5));
#11185 = VECTOR('',#11186,1.);
#11186 = DIRECTION('',(1.,0.));
#11187 = ( GEOMETRIC_REPRESENTATION_CONTEXT(2) 
PARAMETRIC_REPRESENTATION_CONTEXT() REPRESENTATION_CONTEXT('2D SPACE',''
  ) );
#11188 = PCURVE('',#11189,#11194);
#11189 = PLANE('',#11190);
#11190 = AXIS2_PLACEMENT_3D('',#11191,#11192,#11193);
#11191 = CARTESIAN_POINT('',(0.,0.,49.5));
#11192 = DIRECTION('',(0.,0.,1.));
#11193 = DIRECTION('',(1.,0.,-0.));
#11194 = DEFINITIONAL_REPRESENTATION('',(#11195),#11199);
#11195 = CIRCLE('',#11196,9.);
#11196 = AXIS2_PLACEMENT_2D('',#11197,#11198);
#11197 = CARTESIAN_POINT('',(0.,0.));
#11198 = DIRECTION('',(1.,0.));
#11199 = ( GEOMETRIC_REPRESENTATION_CONTEXT(2) 
PARAMETRIC_REPRESENTATION_CONTEXT() REPRESENTATION_CONTEXT('2D SPACE',''
  ) );
#11200 = ORIENTED_EDGE('',*,*,#11201,.F.);
#11201 = EDGE_CURVE('',#11202,#11168,#11204,.T.);
#11202 = VERTEX_POINT('',#11203);
#11203 = CARTESIAN_POINT('',(9.,-2.204364238465E-15,17.));
#11204 = SEAM_CURVE('',#11205,(#11209,#11216),.PCURVE_S1.);
#11205 = LINE('',#11206,#11207);
#11206 = CARTESIAN_POINT('',(9.,-2.204364238465E-15,17.));
#11207 = VECTOR('',#11208,1.);
#11208 = DIRECTION('',(0.,0.,1.));
#11209 = PCURVE('',#11177,#11210);
#11210 = DEFINITIONAL_REPRESENTATION('',(#11211),#11215);
#11211 = LINE('',#11212,#11213);
#11212 = CARTESIAN_POINT('',(6.28318530718,-0.));
#11213 = VECTOR('',#11214,1.);
#11214 = DIRECTION('',(0.,1.));
#11215 = ( GEOMETRIC_REPRESENTATION_CONTEXT(2) 
PARAMETRIC_REPRESENTATION_CONTEXT() REPRESENTATION_CONTEXT('2D SPACE',''
  ) );
#11216 = PCURVE('',#11177,#11217);
#11217 = DEFINITIONAL_REPRESENTATION('',(#11218),#11222);
#11218 = LINE('',#11219,#11220);
#11219 = CARTESIAN_POINT('',(0.,-0.));
#11220 = VECTOR('',#11221,1.);
#11221 = DIRECTION('',(0.,1.));
#11222 = ( GEOMETRIC_REPRESENTATION_CONTEXT(2) 
PARAMETRIC_REPRESENTATION_CONTEXT() REPRESENTATION_CONTEXT('2D SPACE',''
  ) );
#11223 = ORIENTED_EDGE('',*,*,#11224,.T.);
#11224 = EDGE_CURVE('',#11202,#11202,#11225,.T.);
#11225 = SURFACE_CURVE('',#11226,(#11231,#11238),.PCURVE_S1.);
#11226 = CIRCLE('',#11227,9.);
#11227 = AXIS2_PLACEMENT_3D('',#11228,#11229,#11230);
#11228 = CARTESIAN_POINT('',(0.,0.,17.));
#11229 = DIRECTION('',(0.,0.,1.));
#11230 = DIRECTION('',(1.,0.,-0.));
#11231 = PCURVE('',#11177,#11232);
#11232 = DEFINITIONAL_REPRESENTATION('',(#11233),#11237);
#11233 = LINE('',#11234,#11235);
#11234 = CARTESIAN_POINT('',(0.,0.));
#11235 = VECTOR('',#11236,1.);
#11236 = DIRECTION('',(1.,0.));
#11237 = ( GEOMETRIC_REPRESENTATION_CONTEXT(2) 
PARAMETRIC_REPRESENTATION_CONTEXT() REPRESENTATION_CONTEXT('2D SPACE',''
  ) );
#11238 = PCURVE('',#11239,#11244);
#11239 = PLANE('',#11240);
#11240 = AXIS2_PLACEMENT_3D('',#11241,#11242,#11243);
#11241 = CARTESIAN_POINT('',(0.,0.,17.));
#11242 = DIRECTION('',(0.,0.,1.));
#11243 = DIRECTION('',(1.,0.,-0.));
#11244 = DEFINITIONAL_REPRESENTATION('',(#11245),#11249);
#11245 = CIRCLE('',#11246,9.);
#11246 = AXIS2_PLACEMENT_2D('',#11247,#11248);
#11247 = CARTESIAN_POINT('',(0.,0.));
#11248 = DIRECTION('',(1.,0.));
#11249 = ( GEOMETRIC_REPRESENTATION_CONTEXT(2) 
PARAMETRIC_REPRESENTATION_CONTEXT() REPRESENTATION_CONTEXT('2D SPACE',''
  ) );
#11250 = ORIENTED_EDGE('',*,*,#11201,.T.);
#11251 = ADVANCED_FACE('',(#11252,#11255),#11189,.T.);
#11252 = FACE_BOUND('',#11253,.T.);
#11253 = EDGE_LOOP('',(#11254));
#11254 = ORIENTED_EDGE('',*,*,#11167,.T.);
#11255 = FACE_BOUND('',#11256,.T.);
#11256 = EDGE_LOOP('',(#11257));
#11257 = ORIENTED_EDGE('',*,*,#11258,.F.);
#11258 = EDGE_CURVE('',#11259,#11259,#11261,.T.);
#11259 = VERTEX_POINT('',#11260);
#11260 = CARTESIAN_POINT('',(6.6,-1.616533774875E-15,49.5));
#11261 = SURFACE_CURVE('',#11262,(#11267,#11274),.PCURVE_S1.);
#11262 = CIRCLE('',#11263,6.6);
#11263 = AXIS2_PLACEMENT_3D('',#11264,#11265,#11266);
#11264 = CARTESIAN_POINT('',(0.,0.,49.5));
#11265 = DIRECTION('',(0.,0.,1.));
#11266 = DIRECTION('',(1.,0.,-0.));
#11267 = PCURVE('',#11189,#11268);
#11268 = DEFINITIONAL_REPRESENTATION('',(#11269),#11273);
#11269 = CIRCLE('',#11270,6.6);
#11270 = AXIS2_PLACEMENT_2D('',#11271,#11272);
#11271 = CARTESIAN_POINT('',(0.,0.));
#11272 = DIRECTION('',(1.,0.));
#11273 = ( GEOMETRIC_REPRESENTATION_CONTEXT(2) 
PARAMETRIC_REPRESENTATION_CONTEXT() REPRESENTATION_CONTEXT('2D SPACE',''
  ) );
#11274 = PCURVE('',#11275,#11280);
#11275 = CYLINDRICAL_SURFACE('',#11276,6.6);
#11276 = AXIS2_PLACEMENT_3D('',#11277,#11278,#11279);
#11277 = CARTESIAN_POINT('',(0.,0.,16.9));
#11278 = DIRECTION('',(0.,0.,1.));
#11279 = DIRECTION('',(1.,0.,-0.));
#11280 = DEFINITIONAL_REPRESENTATION('',(#11281),#11285);
#11281 = LINE('',#11282,#11283);
#11282 = CARTESIAN_POINT('',(0.,32.6));
#11283 = VECTOR('',#11284,1.);
#11284 = DIRECTION('',(1.,0.));
#11285 = ( GEOMETRIC_REPRESENTATION_CONTEXT(2) 
PARAMETRIC_REPRESENTATION_CONTEXT() REPRESENTATION_CONTEXT('2D SPACE',''
  ) );
#11286 = ADVANCED_FACE('',(#11287,#11290),#11239,.F.);
#11287 = FACE_BOUND('',#11288,.F.);
#11288 = EDGE_LOOP('',(#11289));
#11289 = ORIENTED_EDGE('',*,*,#11224,.T.);
#11290 = FACE_BOUND('',#11291,.F.);
#11291 = EDGE_LOOP('',(#11292));
#11292 = ORIENTED_EDGE('',*,*,#11293,.F.);
#11293 = EDGE_CURVE('',#11294,#11294,#11296,.T.);
#11294 = VERTEX_POINT('',#11295);
#11295 = CARTESIAN_POINT('',(6.6,-1.616533774875E-15,17.));
#11296 = SURFACE_CURVE('',#11297,(#11302,#11309),.PCURVE_S1.);
#11297 = CIRCLE('',#11298,6.6);
#11298 = AXIS2_PLACEMENT_3D('',#11299,#11300,#11301);
#11299 = CARTESIAN_POINT('',(0.,0.,17.));
#11300 = DIRECTION('',(0.,0.,1.));
#11301 = DIRECTION('',(1.,0.,-0.));
#11302 = PCURVE('',#11239,#11303);
#11303 = DEFINITIONAL_REPRESENTATION('',(#11304),#11308);
#11304 = CIRCLE('',#11305,6.6);
#11305 = AXIS2_PLACEMENT_2D('',#11306,#11307);
#11306 = CARTESIAN_POINT('',(0.,0.));
#11307 = DIRECTION('',(1.,0.));
#11308 = ( GEOMETRIC_REPRESENTATION_CONTEXT(2) 
PARAMETRIC_REPRESENTATION_CONTEXT() REPRESENTATION_CONTEXT('2D SPACE',''
  ) );
#11309 = PCURVE('',#11275,#11310);
#11310 = DEFINITIONAL_REPRESENTATION('',(#11311),#11315);
#11311 = LINE('',#11312,#11313);
#11312 = CARTESIAN_POINT('',(0.,0.1));
#11313 = VECTOR('',#11314,1.);
#11314 = DIRECTION('',(1.,0.));
#11315 = ( GEOMETRIC_REPRESENTATION_CONTEXT(2) 
PARAMETRIC_REPRESENTATION_CONTEXT() REPRESENTATION_CONTEXT('2D SPACE',''
  ) );
#11316 = ADVANCED_FACE('',(#11317),#11275,.F.);
#11317 = FACE_BOUND('',#11318,.F.);
#11318 = EDGE_LOOP('',(#11319,#11320,#11341,#11342));
#11319 = ORIENTED_EDGE('',*,*,#11258,.F.);
#11320 = ORIENTED_EDGE('',*,*,#11321,.F.);
#11321 = EDGE_CURVE('',#11294,#11259,#11322,.T.);
#11322 = SEAM_CURVE('',#11323,(#11327,#11334),.PCURVE_S1.);
#11323 = LINE('',#11324,#11325);
#11324 = CARTESIAN_POINT('',(6.6,-1.616533774875E-15,16.9));
#11325 = VECTOR('',#11326,1.);
#11326 = DIRECTION('',(0.,0.,1.));
#11327 = PCURVE('',#11275,#11328);
#11328 = DEFINITIONAL_REPRESENTATION('',(#11329),#11333);
#11329 = LINE('',#11330,#11331);
#11330 = CARTESIAN_POINT('',(6.28318530718,-0.));
#11331 = VECTOR('',#11332,1.);
#11332 = DIRECTION('',(0.,1.));
#11333 = ( GEOMETRIC_REPRESENTATION_CONTEXT(2) 
PARAMETRIC_REPRESENTATION_CONTEXT() REPRESENTATION_CONTEXT('2D SPACE',''
  ) );
#11334 = PCURVE('',#11275,#11335);
#11335 = DEFINITIONAL_REPRESENTATION('',(#11336),#11340);
#11336 = LINE('',#11337,#11338);
#11337 = CARTESIAN_POINT('',(0.,-0.));
#11338 = VECTOR('',#11339,1.);
#11339 = DIRECTION('',(0.,1.));
#11340 = ( GEOMETRIC_REPRESENTATION_CONTEXT(2) 
PARAMETRIC_REPRESENTATION_CONTEXT() REPRESENTATION_CONTEXT('2D SPACE',''
  ) );
#11341 = ORIENTED_EDGE('',*,*,#11293,.T.);
#11342 = ORIENTED_EDGE('',*,*,#11321,.T.);
#11343 = ( GEOMETRIC_REPRESENTATION_CONTEXT(3) 
GLOBAL_UNCERTAINTY_ASSIGNED_CONTEXT((#11347)) 
GLOBAL_UNIT_ASSIGNED_CONTEXT((#11344,#11345,#11346)) 
REPRESENTATION_CONTEXT('Context #1',
  '3D Context with UNIT and UNCERTAINTY') );
#11344 = ( LENGTH_UNIT() NAMED_UNIT(*) SI_UNIT(.MILLI.,.METRE.) );
#11345 = ( NAMED_UNIT(*) PLANE_ANGLE_UNIT() SI_UNIT($,.RADIAN.) );
#11346 = ( NAMED_UNIT(*) SI_UNIT($,.STERADIAN.) SOLID_ANGLE_UNIT() );
#11347 = UNCERTAINTY_MEASURE_WITH_UNIT(LENGTH_MEASURE(1.E-07),#11344,
  'distance_accuracy_value','confusion accuracy');
#11348 = CONTEXT_DEPENDENT_SHAPE_REPRESENTATION(#11349,#11351);
#11349 = ( REPRESENTATION_RELATIONSHIP('','',#10662,#10) 
REPRESENTATION_RELATIONSHIP_WITH_TRANSFORMATION(#11350) 
SHAPE_REPRESENTATION_RELATIONSHIP() );
#11350 = ITEM_DEFINED_TRANSFORMATION('','',#11,#79);
#11351 = PRODUCT_DEFINITION_SHAPE('Placement','Placement of an item',
  #11352);
#11352 = NEXT_ASSEMBLY_USAGE_OCCURRENCE('41','whisk_printed_carrier','',
  #5,#10657,$);
#11353 = PRODUCT_RELATED_PRODUCT_CATEGORY('part',$,(#10659));
#11354 = SHAPE_DEFINITION_REPRESENTATION(#11355,#11361);
#11355 = PRODUCT_DEFINITION_SHAPE('','',#11356);
#11356 = PRODUCT_DEFINITION('design','',#11357,#11360);
#11357 = PRODUCT_DEFINITION_FORMATION('','',#11358);
#11358 = PRODUCT('whisk_motor_12V_envelope','whisk_motor_12V_envelope',
  '',(#11359));
#11359 = PRODUCT_CONTEXT('',#2,'mechanical');
#11360 = PRODUCT_DEFINITION_CONTEXT('part definition',#2,'design');
#11361 = ADVANCED_BREP_SHAPE_REPRESENTATION('',(#11,#11362),#11460);
#11362 = MANIFOLD_SOLID_BREP('',#11363);
#11363 = CLOSED_SHELL('',(#11364,#11452,#11456));
#11364 = ADVANCED_FACE('',(#11365),#11378,.T.);
#11365 = FACE_BOUND('',#11366,.T.);
#11366 = EDGE_LOOP('',(#11367,#11401,#11424,#11451));
#11367 = ORIENTED_EDGE('',*,*,#11368,.F.);
#11368 = EDGE_CURVE('',#11369,#11369,#11371,.T.);
#11369 = VERTEX_POINT('',#11370);
#11370 = CARTESIAN_POINT('',(12.5,-3.061616997868E-15,49.5));
#11371 = SURFACE_CURVE('',#11372,(#11377,#11389),.PCURVE_S1.);
#11372 = CIRCLE('',#11373,12.5);
#11373 = AXIS2_PLACEMENT_3D('',#11374,#11375,#11376);
#11374 = CARTESIAN_POINT('',(0.,0.,49.5));
#11375 = DIRECTION('',(0.,0.,1.));
#11376 = DIRECTION('',(1.,0.,-0.));
#11377 = PCURVE('',#11378,#11383);
#11378 = CYLINDRICAL_SURFACE('',#11379,12.5);
#11379 = AXIS2_PLACEMENT_3D('',#11380,#11381,#11382);
#11380 = CARTESIAN_POINT('',(0.,0.,17.));
#11381 = DIRECTION('',(0.,0.,1.));
#11382 = DIRECTION('',(1.,0.,-0.));
#11383 = DEFINITIONAL_REPRESENTATION('',(#11384),#11388);
#11384 = LINE('',#11385,#11386);
#11385 = CARTESIAN_POINT('',(0.,32.5));
#11386 = VECTOR('',#11387,1.);
#11387 = DIRECTION('',(1.,0.));
#11388 = ( GEOMETRIC_REPRESENTATION_CONTEXT(2) 
PARAMETRIC_REPRESENTATION_CONTEXT() REPRESENTATION_CONTEXT('2D SPACE',''
  ) );
#11389 = PCURVE('',#11390,#11395);
#11390 = PLANE('',#11391);
#11391 = AXIS2_PLACEMENT_3D('',#11392,#11393,#11394);
#11392 = CARTESIAN_POINT('',(0.,0.,49.5));
#11393 = DIRECTION('',(0.,0.,1.));
#11394 = DIRECTION('',(1.,0.,-0.));
#11395 = DEFINITIONAL_REPRESENTATION('',(#11396),#11400);
#11396 = CIRCLE('',#11397,12.5);
#11397 = AXIS2_PLACEMENT_2D('',#11398,#11399);
#11398 = CARTESIAN_POINT('',(0.,0.));
#11399 = DIRECTION('',(1.,0.));
#11400 = ( GEOMETRIC_REPRESENTATION_CONTEXT(2) 
PARAMETRIC_REPRESENTATION_CONTEXT() REPRESENTATION_CONTEXT('2D SPACE',''
  ) );
#11401 = ORIENTED_EDGE('',*,*,#11402,.F.);
#11402 = EDGE_CURVE('',#11403,#11369,#11405,.T.);
#11403 = VERTEX_POINT('',#11404);
#11404 = CARTESIAN_POINT('',(12.5,-3.061616997868E-15,17.));
#11405 = SEAM_CURVE('',#11406,(#11410,#11417),.PCURVE_S1.);
#11406 = LINE('',#11407,#11408);
#11407 = CARTESIAN_POINT('',(12.5,-3.061616997868E-15,17.));
#11408 = VECTOR('',#11409,1.);
#11409 = DIRECTION('',(0.,0.,1.));
#11410 = PCURVE('',#11378,#11411);
#11411 = DEFINITIONAL_REPRESENTATION('',(#11412),#11416);
#11412 = LINE('',#11413,#11414);
#11413 = CARTESIAN_POINT('',(6.28318530718,-0.));
#11414 = VECTOR('',#11415,1.);
#11415 = DIRECTION('',(0.,1.));
#11416 = ( GEOMETRIC_REPRESENTATION_CONTEXT(2) 
PARAMETRIC_REPRESENTATION_CONTEXT() REPRESENTATION_CONTEXT('2D SPACE',''
  ) );
#11417 = PCURVE('',#11378,#11418);
#11418 = DEFINITIONAL_REPRESENTATION('',(#11419),#11423);
#11419 = LINE('',#11420,#11421);
#11420 = CARTESIAN_POINT('',(0.,-0.));
#11421 = VECTOR('',#11422,1.);
#11422 = DIRECTION('',(0.,1.));
#11423 = ( GEOMETRIC_REPRESENTATION_CONTEXT(2) 
PARAMETRIC_REPRESENTATION_CONTEXT() REPRESENTATION_CONTEXT('2D SPACE',''
  ) );
#11424 = ORIENTED_EDGE('',*,*,#11425,.T.);
#11425 = EDGE_CURVE('',#11403,#11403,#11426,.T.);
#11426 = SURFACE_CURVE('',#11427,(#11432,#11439),.PCURVE_S1.);
#11427 = CIRCLE('',#11428,12.5);
#11428 = AXIS2_PLACEMENT_3D('',#11429,#11430,#11431);
#11429 = CARTESIAN_POINT('',(0.,0.,17.));
#11430 = DIRECTION('',(0.,0.,1.));
#11431 = DIRECTION('',(1.,0.,-0.));
#11432 = PCURVE('',#11378,#11433);
#11433 = DEFINITIONAL_REPRESENTATION('',(#11434),#11438);
#11434 = LINE('',#11435,#11436);
#11435 = CARTESIAN_POINT('',(0.,0.));
#11436 = VECTOR('',#11437,1.);
#11437 = DIRECTION('',(1.,0.));
#11438 = ( GEOMETRIC_REPRESENTATION_CONTEXT(2) 
PARAMETRIC_REPRESENTATION_CONTEXT() REPRESENTATION_CONTEXT('2D SPACE',''
  ) );
#11439 = PCURVE('',#11440,#11445);
#11440 = PLANE('',#11441);
#11441 = AXIS2_PLACEMENT_3D('',#11442,#11443,#11444);
#11442 = CARTESIAN_POINT('',(0.,0.,17.));
#11443 = DIRECTION('',(0.,0.,1.));
#11444 = DIRECTION('',(1.,0.,-0.));
#11445 = DEFINITIONAL_REPRESENTATION('',(#11446),#11450);
#11446 = CIRCLE('',#11447,12.5);
#11447 = AXIS2_PLACEMENT_2D('',#11448,#11449);
#11448 = CARTESIAN_POINT('',(0.,0.));
#11449 = DIRECTION('',(1.,0.));
#11450 = ( GEOMETRIC_REPRESENTATION_CONTEXT(2) 
PARAMETRIC_REPRESENTATION_CONTEXT() REPRESENTATION_CONTEXT('2D SPACE',''
  ) );
#11451 = ORIENTED_EDGE('',*,*,#11402,.T.);
#11452 = ADVANCED_FACE('',(#11453),#11390,.T.);
#11453 = FACE_BOUND('',#11454,.T.);
#11454 = EDGE_LOOP('',(#11455));
#11455 = ORIENTED_EDGE('',*,*,#11368,.T.);
#11456 = ADVANCED_FACE('',(#11457),#11440,.F.);
#11457 = FACE_BOUND('',#11458,.T.);
#11458 = EDGE_LOOP('',(#11459));
#11459 = ORIENTED_EDGE('',*,*,#11425,.F.);
#11460 = ( GEOMETRIC_REPRESENTATION_CONTEXT(3) 
GLOBAL_UNCERTAINTY_ASSIGNED_CONTEXT((#11464)) 
GLOBAL_UNIT_ASSIGNED_CONTEXT((#11461,#11462,#11463)) 
REPRESENTATION_CONTEXT('Context #1',
  '3D Context with UNIT and UNCERTAINTY') );
#11461 = ( LENGTH_UNIT() NAMED_UNIT(*) SI_UNIT(.MILLI.,.METRE.) );
#11462 = ( NAMED_UNIT(*) PLANE_ANGLE_UNIT() SI_UNIT($,.RADIAN.) );
#11463 = ( NAMED_UNIT(*) SI_UNIT($,.STERADIAN.) SOLID_ANGLE_UNIT() );
#11464 = UNCERTAINTY_MEASURE_WITH_UNIT(LENGTH_MEASURE(1.E-07),#11461,
  'distance_accuracy_value','confusion accuracy');
#11465 = CONTEXT_DEPENDENT_SHAPE_REPRESENTATION(#11466,#11468);
#11466 = ( REPRESENTATION_RELATIONSHIP('','',#11361,#10) 
REPRESENTATION_RELATIONSHIP_WITH_TRANSFORMATION(#11467) 
SHAPE_REPRESENTATION_RELATIONSHIP() );
#11467 = ITEM_DEFINED_TRANSFORMATION('','',#11,#83);
#11468 = PRODUCT_DEFINITION_SHAPE('Placement','Placement of an item',
  #11469);
#11469 = NEXT_ASSEMBLY_USAGE_OCCURRENCE('42','whisk_motor_12V_envelope',
  '',#5,#11356,$);
#11470 = PRODUCT_RELATED_PRODUCT_CATEGORY('part',$,(#11358));
#11471 = SHAPE_DEFINITION_REPRESENTATION(#11472,#11478);
#11472 = PRODUCT_DEFINITION_SHAPE('','',#11473);
#11473 = PRODUCT_DEFINITION('design','',#11474,#11477);
#11474 = PRODUCT_DEFINITION_FORMATION('','',#11475);
#11475 = PRODUCT('whisk_motor_shaft','whisk_motor_shaft','',(#11476));
#11476 = PRODUCT_CONTEXT('',#2,'mechanical');
#11477 = PRODUCT_DEFINITION_CONTEXT('part definition',#2,'design');
#11478 = ADVANCED_BREP_SHAPE_REPRESENTATION('',(#11,#11479),#11577);
#11479 = MANIFOLD_SOLID_BREP('',#11480);
#11480 = CLOSED_SHELL('',(#11481,#11569,#11573));
#11481 = ADVANCED_FACE('',(#11482),#11495,.T.);
#11482 = FACE_BOUND('',#11483,.T.);
#11483 = EDGE_LOOP('',(#11484,#11518,#11541,#11568));
#11484 = ORIENTED_EDGE('',*,*,#11485,.F.);
#11485 = EDGE_CURVE('',#11486,#11486,#11488,.T.);
#11486 = VERTEX_POINT('',#11487);
#11487 = CARTESIAN_POINT('',(2.,-4.898587196589E-16,55.5));
#11488 = SURFACE_CURVE('',#11489,(#11494,#11506),.PCURVE_S1.);
#11489 = CIRCLE('',#11490,2.);
#11490 = AXIS2_PLACEMENT_3D('',#11491,#11492,#11493);
#11491 = CARTESIAN_POINT('',(0.,0.,55.5));
#11492 = DIRECTION('',(0.,0.,1.));
#11493 = DIRECTION('',(1.,0.,-0.));
#11494 = PCURVE('',#11495,#11500);
#11495 = CYLINDRICAL_SURFACE('',#11496,2.);
#11496 = AXIS2_PLACEMENT_3D('',#11497,#11498,#11499);
#11497 = CARTESIAN_POINT('',(0.,0.,49.5));
#11498 = DIRECTION('',(0.,0.,1.));
#11499 = DIRECTION('',(1.,0.,-0.));
#11500 = DEFINITIONAL_REPRESENTATION('',(#11501),#11505);
#11501 = LINE('',#11502,#11503);
#11502 = CARTESIAN_POINT('',(0.,6.));
#11503 = VECTOR('',#11504,1.);
#11504 = DIRECTION('',(1.,0.));
#11505 = ( GEOMETRIC_REPRESENTATION_CONTEXT(2) 
PARAMETRIC_REPRESENTATION_CONTEXT() REPRESENTATION_CONTEXT('2D SPACE',''
  ) );
#11506 = PCURVE('',#11507,#11512);
#11507 = PLANE('',#11508);
#11508 = AXIS2_PLACEMENT_3D('',#11509,#11510,#11511);
#11509 = CARTESIAN_POINT('',(0.,0.,55.5));
#11510 = DIRECTION('',(0.,0.,1.));
#11511 = DIRECTION('',(1.,0.,-0.));
#11512 = DEFINITIONAL_REPRESENTATION('',(#11513),#11517);
#11513 = CIRCLE('',#11514,2.);
#11514 = AXIS2_PLACEMENT_2D('',#11515,#11516);
#11515 = CARTESIAN_POINT('',(0.,0.));
#11516 = DIRECTION('',(1.,0.));
#11517 = ( GEOMETRIC_REPRESENTATION_CONTEXT(2) 
PARAMETRIC_REPRESENTATION_CONTEXT() REPRESENTATION_CONTEXT('2D SPACE',''
  ) );
#11518 = ORIENTED_EDGE('',*,*,#11519,.F.);
#11519 = EDGE_CURVE('',#11520,#11486,#11522,.T.);
#11520 = VERTEX_POINT('',#11521);
#11521 = CARTESIAN_POINT('',(2.,-4.898587196589E-16,49.5));
#11522 = SEAM_CURVE('',#11523,(#11527,#11534),.PCURVE_S1.);
#11523 = LINE('',#11524,#11525);
#11524 = CARTESIAN_POINT('',(2.,-4.898587196589E-16,49.5));
#11525 = VECTOR('',#11526,1.);
#11526 = DIRECTION('',(0.,0.,1.));
#11527 = PCURVE('',#11495,#11528);
#11528 = DEFINITIONAL_REPRESENTATION('',(#11529),#11533);
#11529 = LINE('',#11530,#11531);
#11530 = CARTESIAN_POINT('',(6.28318530718,-0.));
#11531 = VECTOR('',#11532,1.);
#11532 = DIRECTION('',(0.,1.));
#11533 = ( GEOMETRIC_REPRESENTATION_CONTEXT(2) 
PARAMETRIC_REPRESENTATION_CONTEXT() REPRESENTATION_CONTEXT('2D SPACE',''
  ) );
#11534 = PCURVE('',#11495,#11535);
#11535 = DEFINITIONAL_REPRESENTATION('',(#11536),#11540);
#11536 = LINE('',#11537,#11538);
#11537 = CARTESIAN_POINT('',(0.,-0.));
#11538 = VECTOR('',#11539,1.);
#11539 = DIRECTION('',(0.,1.));
#11540 = ( GEOMETRIC_REPRESENTATION_CONTEXT(2) 
PARAMETRIC_REPRESENTATION_CONTEXT() REPRESENTATION_CONTEXT('2D SPACE',''
  ) );
#11541 = ORIENTED_EDGE('',*,*,#11542,.T.);
#11542 = EDGE_CURVE('',#11520,#11520,#11543,.T.);
#11543 = SURFACE_CURVE('',#11544,(#11549,#11556),.PCURVE_S1.);
#11544 = CIRCLE('',#11545,2.);
#11545 = AXIS2_PLACEMENT_3D('',#11546,#11547,#11548);
#11546 = CARTESIAN_POINT('',(0.,0.,49.5));
#11547 = DIRECTION('',(0.,0.,1.));
#11548 = DIRECTION('',(1.,0.,-0.));
#11549 = PCURVE('',#11495,#11550);
#11550 = DEFINITIONAL_REPRESENTATION('',(#11551),#11555);
#11551 = LINE('',#11552,#11553);
#11552 = CARTESIAN_POINT('',(0.,0.));
#11553 = VECTOR('',#11554,1.);
#11554 = DIRECTION('',(1.,0.));
#11555 = ( GEOMETRIC_REPRESENTATION_CONTEXT(2) 
PARAMETRIC_REPRESENTATION_CONTEXT() REPRESENTATION_CONTEXT('2D SPACE',''
  ) );
#11556 = PCURVE('',#11557,#11562);
#11557 = PLANE('',#11558);
#11558 = AXIS2_PLACEMENT_3D('',#11559,#11560,#11561);
#11559 = CARTESIAN_POINT('',(0.,0.,49.5));
#11560 = DIRECTION('',(0.,0.,1.));
#11561 = DIRECTION('',(1.,0.,-0.));
#11562 = DEFINITIONAL_REPRESENTATION('',(#11563),#11567);
#11563 = CIRCLE('',#11564,2.);
#11564 = AXIS2_PLACEMENT_2D('',#11565,#11566);
#11565 = CARTESIAN_POINT('',(0.,0.));
#11566 = DIRECTION('',(1.,0.));
#11567 = ( GEOMETRIC_REPRESENTATION_CONTEXT(2) 
PARAMETRIC_REPRESENTATION_CONTEXT() REPRESENTATION_CONTEXT('2D SPACE',''
  ) );
#11568 = ORIENTED_EDGE('',*,*,#11519,.T.);
#11569 = ADVANCED_FACE('',(#11570),#11507,.T.);
#11570 = FACE_BOUND('',#11571,.T.);
#11571 = EDGE_LOOP('',(#11572));
#11572 = ORIENTED_EDGE('',*,*,#11485,.T.);
#11573 = ADVANCED_FACE('',(#11574),#11557,.F.);
#11574 = FACE_BOUND('',#11575,.T.);
#11575 = EDGE_LOOP('',(#11576));
#11576 = ORIENTED_EDGE('',*,*,#11542,.F.);
#11577 = ( GEOMETRIC_REPRESENTATION_CONTEXT(3) 
GLOBAL_UNCERTAINTY_ASSIGNED_CONTEXT((#11581)) 
GLOBAL_UNIT_ASSIGNED_CONTEXT((#11578,#11579,#11580)) 
REPRESENTATION_CONTEXT('Context #1',
  '3D Context with UNIT and UNCERTAINTY') );
#11578 = ( LENGTH_UNIT() NAMED_UNIT(*) SI_UNIT(.MILLI.,.METRE.) );
#11579 = ( NAMED_UNIT(*) PLANE_ANGLE_UNIT() SI_UNIT($,.RADIAN.) );
#11580 = ( NAMED_UNIT(*) SI_UNIT($,.STERADIAN.) SOLID_ANGLE_UNIT() );
#11581 = UNCERTAINTY_MEASURE_WITH_UNIT(LENGTH_MEASURE(1.E-07),#11578,
  'distance_accuracy_value','confusion accuracy');
#11582 = CONTEXT_DEPENDENT_SHAPE_REPRESENTATION(#11583,#11585);
#11583 = ( REPRESENTATION_RELATIONSHIP('','',#11478,#10) 
REPRESENTATION_RELATIONSHIP_WITH_TRANSFORMATION(#11584) 
SHAPE_REPRESENTATION_RELATIONSHIP() );
#11584 = ITEM_DEFINED_TRANSFORMATION('','',#11,#87);
#11585 = PRODUCT_DEFINITION_SHAPE('Placement','Placement of an item',
  #11586);
#11586 = NEXT_ASSEMBLY_USAGE_OCCURRENCE('43','whisk_motor_shaft','',#5,
  #11473,$);
#11587 = PRODUCT_RELATED_PRODUCT_CATEGORY('part',$,(#11475));
#11588 = SHAPE_DEFINITION_REPRESENTATION(#11589,#11595);
#11589 = PRODUCT_DEFINITION_SHAPE('','',#11590);
#11590 = PRODUCT_DEFINITION('design','',#11591,#11594);
#11591 = PRODUCT_DEFINITION_FORMATION('','',#11592);
#11592 = PRODUCT('whisk_eccentric_rotor','whisk_eccentric_rotor','',(
    #11593));
#11593 = PRODUCT_CONTEXT('',#2,'mechanical');
#11594 = PRODUCT_DEFINITION_CONTEXT('part definition',#2,'design');
#11595 = ADVANCED_BREP_SHAPE_REPRESENTATION('',(#11,#11596),#11694);
#11596 = MANIFOLD_SOLID_BREP('',#11597);
#11597 = CLOSED_SHELL('',(#11598,#11686,#11690));
#11598 = ADVANCED_FACE('',(#11599),#11612,.T.);
#11599 = FACE_BOUND('',#11600,.T.);
#11600 = EDGE_LOOP('',(#11601,#11635,#11658,#11685));
#11601 = ORIENTED_EDGE('',*,*,#11602,.F.);
#11602 = EDGE_CURVE('',#11603,#11603,#11605,.T.);
#11603 = VERTEX_POINT('',#11604);
#11604 = CARTESIAN_POINT('',(10.,-2.449293598295E-15,57.5));
#11605 = SURFACE_CURVE('',#11606,(#11611,#11623),.PCURVE_S1.);
#11606 = CIRCLE('',#11607,10.);
#11607 = AXIS2_PLACEMENT_3D('',#11608,#11609,#11610);
#11608 = CARTESIAN_POINT('',(0.,0.,57.5));
#11609 = DIRECTION('',(0.,0.,1.));
#11610 = DIRECTION('',(1.,0.,-0.));
#11611 = PCURVE('',#11612,#11617);
#11612 = CYLINDRICAL_SURFACE('',#11613,10.);
#11613 = AXIS2_PLACEMENT_3D('',#11614,#11615,#11616);
#11614 = CARTESIAN_POINT('',(0.,0.,53.5));
#11615 = DIRECTION('',(0.,0.,1.));
#11616 = DIRECTION('',(1.,0.,-0.));
#11617 = DEFINITIONAL_REPRESENTATION('',(#11618),#11622);
#11618 = LINE('',#11619,#11620);
#11619 = CARTESIAN_POINT('',(0.,4.));
#11620 = VECTOR('',#11621,1.);
#11621 = DIRECTION('',(1.,0.));
#11622 = ( GEOMETRIC_REPRESENTATION_CONTEXT(2) 
PARAMETRIC_REPRESENTATION_CONTEXT() REPRESENTATION_CONTEXT('2D SPACE',''
  ) );
#11623 = PCURVE('',#11624,#11629);
#11624 = PLANE('',#11625);
#11625 = AXIS2_PLACEMENT_3D('',#11626,#11627,#11628);
#11626 = CARTESIAN_POINT('',(0.,0.,57.5));
#11627 = DIRECTION('',(0.,0.,1.));
#11628 = DIRECTION('',(1.,0.,-0.));
#11629 = DEFINITIONAL_REPRESENTATION('',(#11630),#11634);
#11630 = CIRCLE('',#11631,10.);
#11631 = AXIS2_PLACEMENT_2D('',#11632,#11633);
#11632 = CARTESIAN_POINT('',(0.,0.));
#11633 = DIRECTION('',(1.,0.));
#11634 = ( GEOMETRIC_REPRESENTATION_CONTEXT(2) 
PARAMETRIC_REPRESENTATION_CONTEXT() REPRESENTATION_CONTEXT('2D SPACE',''
  ) );
#11635 = ORIENTED_EDGE('',*,*,#11636,.F.);
#11636 = EDGE_CURVE('',#11637,#11603,#11639,.T.);
#11637 = VERTEX_POINT('',#11638);
#11638 = CARTESIAN_POINT('',(10.,-2.449293598295E-15,53.5));
#11639 = SEAM_CURVE('',#11640,(#11644,#11651),.PCURVE_S1.);
#11640 = LINE('',#11641,#11642);
#11641 = CARTESIAN_POINT('',(10.,-2.449293598295E-15,53.5));
#11642 = VECTOR('',#11643,1.);
#11643 = DIRECTION('',(0.,0.,1.));
#11644 = PCURVE('',#11612,#11645);
#11645 = DEFINITIONAL_REPRESENTATION('',(#11646),#11650);
#11646 = LINE('',#11647,#11648);
#11647 = CARTESIAN_POINT('',(6.28318530718,-0.));
#11648 = VECTOR('',#11649,1.);
#11649 = DIRECTION('',(0.,1.));
#11650 = ( GEOMETRIC_REPRESENTATION_CONTEXT(2) 
PARAMETRIC_REPRESENTATION_CONTEXT() REPRESENTATION_CONTEXT('2D SPACE',''
  ) );
#11651 = PCURVE('',#11612,#11652);
#11652 = DEFINITIONAL_REPRESENTATION('',(#11653),#11657);
#11653 = LINE('',#11654,#11655);
#11654 = CARTESIAN_POINT('',(0.,-0.));
#11655 = VECTOR('',#11656,1.);
#11656 = DIRECTION('',(0.,1.));
#11657 = ( GEOMETRIC_REPRESENTATION_CONTEXT(2) 
PARAMETRIC_REPRESENTATION_CONTEXT() REPRESENTATION_CONTEXT('2D SPACE',''
  ) );
#11658 = ORIENTED_EDGE('',*,*,#11659,.T.);
#11659 = EDGE_CURVE('',#11637,#11637,#11660,.T.);
#11660 = SURFACE_CURVE('',#11661,(#11666,#11673),.PCURVE_S1.);
#11661 = CIRCLE('',#11662,10.);
#11662 = AXIS2_PLACEMENT_3D('',#11663,#11664,#11665);
#11663 = CARTESIAN_POINT('',(0.,0.,53.5));
#11664 = DIRECTION('',(0.,0.,1.));
#11665 = DIRECTION('',(1.,0.,-0.));
#11666 = PCURVE('',#11612,#11667);
#11667 = DEFINITIONAL_REPRESENTATION('',(#11668),#11672);
#11668 = LINE('',#11669,#11670);
#11669 = CARTESIAN_POINT('',(0.,0.));
#11670 = VECTOR('',#11671,1.);
#11671 = DIRECTION('',(1.,0.));
#11672 = ( GEOMETRIC_REPRESENTATION_CONTEXT(2) 
PARAMETRIC_REPRESENTATION_CONTEXT() REPRESENTATION_CONTEXT('2D SPACE',''
  ) );
#11673 = PCURVE('',#11674,#11679);
#11674 = PLANE('',#11675);
#11675 = AXIS2_PLACEMENT_3D('',#11676,#11677,#11678);
#11676 = CARTESIAN_POINT('',(0.,0.,53.5));
#11677 = DIRECTION('',(0.,0.,1.));
#11678 = DIRECTION('',(1.,0.,-0.));
#11679 = DEFINITIONAL_REPRESENTATION('',(#11680),#11684);
#11680 = CIRCLE('',#11681,10.);
#11681 = AXIS2_PLACEMENT_2D('',#11682,#11683);
#11682 = CARTESIAN_POINT('',(0.,0.));
#11683 = DIRECTION('',(1.,0.));
#11684 = ( GEOMETRIC_REPRESENTATION_CONTEXT(2) 
PARAMETRIC_REPRESENTATION_CONTEXT() REPRESENTATION_CONTEXT('2D SPACE',''
  ) );
#11685 = ORIENTED_EDGE('',*,*,#11636,.T.);
#11686 = ADVANCED_FACE('',(#11687),#11624,.T.);
#11687 = FACE_BOUND('',#11688,.T.);
#11688 = EDGE_LOOP('',(#11689));
#11689 = ORIENTED_EDGE('',*,*,#11602,.T.);
#11690 = ADVANCED_FACE('',(#11691),#11674,.F.);
#11691 = FACE_BOUND('',#11692,.T.);
#11692 = EDGE_LOOP('',(#11693));
#11693 = ORIENTED_EDGE('',*,*,#11659,.F.);
#11694 = ( GEOMETRIC_REPRESENTATION_CONTEXT(3) 
GLOBAL_UNCERTAINTY_ASSIGNED_CONTEXT((#11698)) 
GLOBAL_UNIT_ASSIGNED_CONTEXT((#11695,#11696,#11697)) 
REPRESENTATION_CONTEXT('Context #1',
  '3D Context with UNIT and UNCERTAINTY') );
#11695 = ( LENGTH_UNIT() NAMED_UNIT(*) SI_UNIT(.MILLI.,.METRE.) );
#11696 = ( NAMED_UNIT(*) PLANE_ANGLE_UNIT() SI_UNIT($,.RADIAN.) );
#11697 = ( NAMED_UNIT(*) SI_UNIT($,.STERADIAN.) SOLID_ANGLE_UNIT() );
#11698 = UNCERTAINTY_MEASURE_WITH_UNIT(LENGTH_MEASURE(1.E-07),#11695,
  'distance_accuracy_value','confusion accuracy');
#11699 = CONTEXT_DEPENDENT_SHAPE_REPRESENTATION(#11700,#11702);
#11700 = ( REPRESENTATION_RELATIONSHIP('','',#11595,#10) 
REPRESENTATION_RELATIONSHIP_WITH_TRANSFORMATION(#11701) 
SHAPE_REPRESENTATION_RELATIONSHIP() );
#11701 = ITEM_DEFINED_TRANSFORMATION('','',#11,#91);
#11702 = PRODUCT_DEFINITION_SHAPE('Placement','Placement of an item',
  #11703);
#11703 = NEXT_ASSEMBLY_USAGE_OCCURRENCE('44','whisk_eccentric_rotor','',
  #5,#11590,$);
#11704 = PRODUCT_RELATED_PRODUCT_CATEGORY('part',$,(#11592));
#11705 = SHAPE_DEFINITION_REPRESENTATION(#11706,#11712);
#11706 = PRODUCT_DEFINITION_SHAPE('','',#11707);
#11707 = PRODUCT_DEFINITION('design','',#11708,#11711);
#11708 = PRODUCT_DEFINITION_FORMATION('','',#11709);
#11709 = PRODUCT('whisk_eccentric_pin','whisk_eccentric_pin','',(#11710)
  );
#11710 = PRODUCT_CONTEXT('',#2,'mechanical');
#11711 = PRODUCT_DEFINITION_CONTEXT('part definition',#2,'design');
#11712 = ADVANCED_BREP_SHAPE_REPRESENTATION('',(#11,#11713),#11811);
#11713 = MANIFOLD_SOLID_BREP('',#11714);
#11714 = CLOSED_SHELL('',(#11715,#11803,#11807));
#11715 = ADVANCED_FACE('',(#11716),#11729,.T.);
#11716 = FACE_BOUND('',#11717,.T.);
#11717 = EDGE_LOOP('',(#11718,#11752,#11775,#11802));
#11718 = ORIENTED_EDGE('',*,*,#11719,.F.);
#11719 = EDGE_CURVE('',#11720,#11720,#11722,.T.);
#11720 = VERTEX_POINT('',#11721);
#11721 = CARTESIAN_POINT('',(6.,-4.898587196589E-16,64.5));
#11722 = SURFACE_CURVE('',#11723,(#11728,#11740),.PCURVE_S1.);
#11723 = CIRCLE('',#11724,2.);
#11724 = AXIS2_PLACEMENT_3D('',#11725,#11726,#11727);
#11725 = CARTESIAN_POINT('',(4.,0.,64.5));
#11726 = DIRECTION('',(0.,0.,1.));
#11727 = DIRECTION('',(1.,0.,-0.));
#11728 = PCURVE('',#11729,#11734);
#11729 = CYLINDRICAL_SURFACE('',#11730,2.);
#11730 = AXIS2_PLACEMENT_3D('',#11731,#11732,#11733);
#11731 = CARTESIAN_POINT('',(4.,0.,57.5));
#11732 = DIRECTION('',(0.,0.,1.));
#11733 = DIRECTION('',(1.,0.,-0.));
#11734 = DEFINITIONAL_REPRESENTATION('',(#11735),#11739);
#11735 = LINE('',#11736,#11737);
#11736 = CARTESIAN_POINT('',(0.,7.));
#11737 = VECTOR('',#11738,1.);
#11738 = DIRECTION('',(1.,0.));
#11739 = ( GEOMETRIC_REPRESENTATION_CONTEXT(2) 
PARAMETRIC_REPRESENTATION_CONTEXT() REPRESENTATION_CONTEXT('2D SPACE',''
  ) );
#11740 = PCURVE('',#11741,#11746);
#11741 = PLANE('',#11742);
#11742 = AXIS2_PLACEMENT_3D('',#11743,#11744,#11745);
#11743 = CARTESIAN_POINT('',(4.,0.,64.5));
#11744 = DIRECTION('',(0.,0.,1.));
#11745 = DIRECTION('',(1.,0.,-0.));
#11746 = DEFINITIONAL_REPRESENTATION('',(#11747),#11751);
#11747 = CIRCLE('',#11748,2.);
#11748 = AXIS2_PLACEMENT_2D('',#11749,#11750);
#11749 = CARTESIAN_POINT('',(0.,0.));
#11750 = DIRECTION('',(1.,0.));
#11751 = ( GEOMETRIC_REPRESENTATION_CONTEXT(2) 
PARAMETRIC_REPRESENTATION_CONTEXT() REPRESENTATION_CONTEXT('2D SPACE',''
  ) );
#11752 = ORIENTED_EDGE('',*,*,#11753,.F.);
#11753 = EDGE_CURVE('',#11754,#11720,#11756,.T.);
#11754 = VERTEX_POINT('',#11755);
#11755 = CARTESIAN_POINT('',(6.,-4.898587196589E-16,57.5));
#11756 = SEAM_CURVE('',#11757,(#11761,#11768),.PCURVE_S1.);
#11757 = LINE('',#11758,#11759);
#11758 = CARTESIAN_POINT('',(6.,-4.898587196589E-16,57.5));
#11759 = VECTOR('',#11760,1.);
#11760 = DIRECTION('',(0.,0.,1.));
#11761 = PCURVE('',#11729,#11762);
#11762 = DEFINITIONAL_REPRESENTATION('',(#11763),#11767);
#11763 = LINE('',#11764,#11765);
#11764 = CARTESIAN_POINT('',(6.28318530718,-0.));
#11765 = VECTOR('',#11766,1.);
#11766 = DIRECTION('',(0.,1.));
#11767 = ( GEOMETRIC_REPRESENTATION_CONTEXT(2) 
PARAMETRIC_REPRESENTATION_CONTEXT() REPRESENTATION_CONTEXT('2D SPACE',''
  ) );
#11768 = PCURVE('',#11729,#11769);
#11769 = DEFINITIONAL_REPRESENTATION('',(#11770),#11774);
#11770 = LINE('',#11771,#11772);
#11771 = CARTESIAN_POINT('',(0.,-0.));
#11772 = VECTOR('',#11773,1.);
#11773 = DIRECTION('',(0.,1.));
#11774 = ( GEOMETRIC_REPRESENTATION_CONTEXT(2) 
PARAMETRIC_REPRESENTATION_CONTEXT() REPRESENTATION_CONTEXT('2D SPACE',''
  ) );
#11775 = ORIENTED_EDGE('',*,*,#11776,.T.);
#11776 = EDGE_CURVE('',#11754,#11754,#11777,.T.);
#11777 = SURFACE_CURVE('',#11778,(#11783,#11790),.PCURVE_S1.);
#11778 = CIRCLE('',#11779,2.);
#11779 = AXIS2_PLACEMENT_3D('',#11780,#11781,#11782);
#11780 = CARTESIAN_POINT('',(4.,0.,57.5));
#11781 = DIRECTION('',(0.,0.,1.));
#11782 = DIRECTION('',(1.,0.,-0.));
#11783 = PCURVE('',#11729,#11784);
#11784 = DEFINITIONAL_REPRESENTATION('',(#11785),#11789);
#11785 = LINE('',#11786,#11787);
#11786 = CARTESIAN_POINT('',(0.,0.));
#11787 = VECTOR('',#11788,1.);
#11788 = DIRECTION('',(1.,0.));
#11789 = ( GEOMETRIC_REPRESENTATION_CONTEXT(2) 
PARAMETRIC_REPRESENTATION_CONTEXT() REPRESENTATION_CONTEXT('2D SPACE',''
  ) );
#11790 = PCURVE('',#11791,#11796);
#11791 = PLANE('',#11792);
#11792 = AXIS2_PLACEMENT_3D('',#11793,#11794,#11795);
#11793 = CARTESIAN_POINT('',(4.,0.,57.5));
#11794 = DIRECTION('',(0.,0.,1.));
#11795 = DIRECTION('',(1.,0.,-0.));
#11796 = DEFINITIONAL_REPRESENTATION('',(#11797),#11801);
#11797 = CIRCLE('',#11798,2.);
#11798 = AXIS2_PLACEMENT_2D('',#11799,#11800);
#11799 = CARTESIAN_POINT('',(0.,0.));
#11800 = DIRECTION('',(1.,0.));
#11801 = ( GEOMETRIC_REPRESENTATION_CONTEXT(2) 
PARAMETRIC_REPRESENTATION_CONTEXT() REPRESENTATION_CONTEXT('2D SPACE',''
  ) );
#11802 = ORIENTED_EDGE('',*,*,#11753,.T.);
#11803 = ADVANCED_FACE('',(#11804),#11741,.T.);
#11804 = FACE_BOUND('',#11805,.T.);
#11805 = EDGE_LOOP('',(#11806));
#11806 = ORIENTED_EDGE('',*,*,#11719,.T.);
#11807 = ADVANCED_FACE('',(#11808),#11791,.F.);
#11808 = FACE_BOUND('',#11809,.T.);
#11809 = EDGE_LOOP('',(#11810));
#11810 = ORIENTED_EDGE('',*,*,#11776,.F.);
#11811 = ( GEOMETRIC_REPRESENTATION_CONTEXT(3) 
GLOBAL_UNCERTAINTY_ASSIGNED_CONTEXT((#11815)) 
GLOBAL_UNIT_ASSIGNED_CONTEXT((#11812,#11813,#11814)) 
REPRESENTATION_CONTEXT('Context #1',
  '3D Context with UNIT and UNCERTAINTY') );
#11812 = ( LENGTH_UNIT() NAMED_UNIT(*) SI_UNIT(.MILLI.,.METRE.) );
#11813 = ( NAMED_UNIT(*) PLANE_ANGLE_UNIT() SI_UNIT($,.RADIAN.) );
#11814 = ( NAMED_UNIT(*) SI_UNIT($,.STERADIAN.) SOLID_ANGLE_UNIT() );
#11815 = UNCERTAINTY_MEASURE_WITH_UNIT(LENGTH_MEASURE(1.E-07),#11812,
  'distance_accuracy_value','confusion accuracy');
#11816 = CONTEXT_DEPENDENT_SHAPE_REPRESENTATION(#11817,#11819);
#11817 = ( REPRESENTATION_RELATIONSHIP('','',#11712,#10) 
REPRESENTATION_RELATIONSHIP_WITH_TRANSFORMATION(#11818) 
SHAPE_REPRESENTATION_RELATIONSHIP() );
#11818 = ITEM_DEFINED_TRANSFORMATION('','',#11,#95);
#11819 = PRODUCT_DEFINITION_SHAPE('Placement','Placement of an item',
  #11820);
#11820 = NEXT_ASSEMBLY_USAGE_OCCURRENCE('45','whisk_eccentric_pin','',#5
  ,#11707,$);
#11821 = PRODUCT_RELATED_PRODUCT_CATEGORY('part',$,(#11709));
#11822 = SHAPE_DEFINITION_REPRESENTATION(#11823,#11829);
#11823 = PRODUCT_DEFINITION_SHAPE('','',#11824);
#11824 = PRODUCT_DEFINITION('design','',#11825,#11828);
#11825 = PRODUCT_DEFINITION_FORMATION('','',#11826);
#11826 = PRODUCT('whisk_rotor_counterweight','whisk_rotor_counterweight'
  ,'',(#11827));
#11827 = PRODUCT_CONTEXT('',#2,'mechanical');
#11828 = PRODUCT_DEFINITION_CONTEXT('part definition',#2,'design');
#11829 = ADVANCED_BREP_SHAPE_REPRESENTATION('',(#11,#11830),#12160);
#11830 = MANIFOLD_SOLID_BREP('',#11831);
#11831 = CLOSED_SHELL('',(#11832,#11952,#12052,#12099,#12146,#12153));
#11832 = ADVANCED_FACE('',(#11833),#11847,.F.);
#11833 = FACE_BOUND('',#11834,.F.);
#11834 = EDGE_LOOP('',(#11835,#11870,#11898,#11926));
#11835 = ORIENTED_EDGE('',*,*,#11836,.F.);
#11836 = EDGE_CURVE('',#11837,#11839,#11841,.T.);
#11837 = VERTEX_POINT('',#11838);
#11838 = CARTESIAN_POINT('',(-9.,-3.,53.5));
#11839 = VERTEX_POINT('',#11840);
#11840 = CARTESIAN_POINT('',(-9.,-3.,57.5));
#11841 = SURFACE_CURVE('',#11842,(#11846,#11858),.PCURVE_S1.);
#11842 = LINE('',#11843,#11844);
#11843 = CARTESIAN_POINT('',(-9.,-3.,53.5));
#11844 = VECTOR('',#11845,1.);
#11845 = DIRECTION('',(0.,0.,1.));
#11846 = PCURVE('',#11847,#11852);
#11847 = PLANE('',#11848);
#11848 = AXIS2_PLACEMENT_3D('',#11849,#11850,#11851);
#11849 = CARTESIAN_POINT('',(-9.,-3.,53.5));
#11850 = DIRECTION('',(1.,0.,0.));
#11851 = DIRECTION('',(0.,0.,1.));
#11852 = DEFINITIONAL_REPRESENTATION('',(#11853),#11857);
#11853 = LINE('',#11854,#11855);
#11854 = CARTESIAN_POINT('',(0.,0.));
#11855 = VECTOR('',#11856,1.);
#11856 = DIRECTION('',(1.,0.));
#11857 = ( GEOMETRIC_REPRESENTATION_CONTEXT(2) 
PARAMETRIC_REPRESENTATION_CONTEXT() REPRESENTATION_CONTEXT('2D SPACE',''
  ) );
#11858 = PCURVE('',#11859,#11864);
#11859 = PLANE('',#11860);
#11860 = AXIS2_PLACEMENT_3D('',#11861,#11862,#11863);
#11861 = CARTESIAN_POINT('',(-9.,-3.,53.5));
#11862 = DIRECTION('',(0.,1.,0.));
#11863 = DIRECTION('',(0.,0.,1.));
#11864 = DEFINITIONAL_REPRESENTATION('',(#11865),#11869);
#11865 = LINE('',#11866,#11867);
#11866 = CARTESIAN_POINT('',(0.,0.));
#11867 = VECTOR('',#11868,1.);
#11868 = DIRECTION('',(1.,0.));
#11869 = ( GEOMETRIC_REPRESENTATION_CONTEXT(2) 
PARAMETRIC_REPRESENTATION_CONTEXT() REPRESENTATION_CONTEXT('2D SPACE',''
  ) );
#11870 = ORIENTED_EDGE('',*,*,#11871,.T.);
#11871 = EDGE_CURVE('',#11837,#11872,#11874,.T.);
#11872 = VERTEX_POINT('',#11873);
#11873 = CARTESIAN_POINT('',(-9.,3.,53.5));
#11874 = SURFACE_CURVE('',#11875,(#11879,#11886),.PCURVE_S1.);
#11875 = LINE('',#11876,#11877);
#11876 = CARTESIAN_POINT('',(-9.,-3.,53.5));
#11877 = VECTOR('',#11878,1.);
#11878 = DIRECTION('',(0.,1.,0.));
#11879 = PCURVE('',#11847,#11880);
#11880 = DEFINITIONAL_REPRESENTATION('',(#11881),#11885);
#11881 = LINE('',#11882,#11883);
#11882 = CARTESIAN_POINT('',(0.,0.));
#11883 = VECTOR('',#11884,1.);
#11884 = DIRECTION('',(0.,-1.));
#11885 = ( GEOMETRIC_REPRESENTATION_CONTEXT(2) 
PARAMETRIC_REPRESENTATION_CONTEXT() REPRESENTATION_CONTEXT('2D SPACE',''
  ) );
#11886 = PCURVE('',#11887,#11892);
#11887 = PLANE('',#11888);
#11888 = AXIS2_PLACEMENT_3D('',#11889,#11890,#11891);
#11889 = CARTESIAN_POINT('',(-9.,-3.,53.5));
#11890 = DIRECTION('',(0.,0.,1.));
#11891 = DIRECTION('',(1.,0.,0.));
#11892 = DEFINITIONAL_REPRESENTATION('',(#11893),#11897);
#11893 = LINE('',#11894,#11895);
#11894 = CARTESIAN_POINT('',(0.,0.));
#11895 = VECTOR('',#11896,1.);
#11896 = DIRECTION('',(0.,1.));
#11897 = ( GEOMETRIC_REPRESENTATION_CONTEXT(2) 
PARAMETRIC_REPRESENTATION_CONTEXT() REPRESENTATION_CONTEXT('2D SPACE',''
  ) );
#11898 = ORIENTED_EDGE('',*,*,#11899,.T.);
#11899 = EDGE_CURVE('',#11872,#11900,#11902,.T.);
#11900 = VERTEX_POINT('',#11901);
#11901 = CARTESIAN_POINT('',(-9.,3.,57.5));
#11902 = SURFACE_CURVE('',#11903,(#11907,#11914),.PCURVE_S1.);
#11903 = LINE('',#11904,#11905);
#11904 = CARTESIAN_POINT('',(-9.,3.,53.5));
#11905 = VECTOR('',#11906,1.);
#11906 = DIRECTION('',(0.,0.,1.));
#11907 = PCURVE('',#11847,#11908);
#11908 = DEFINITIONAL_REPRESENTATION('',(#11909),#11913);
#11909 = LINE('',#11910,#11911);
#11910 = CARTESIAN_POINT('',(0.,-6.));
#11911 = VECTOR('',#11912,1.);
#11912 = DIRECTION('',(1.,0.));
#11913 = ( GEOMETRIC_REPRESENTATION_CONTEXT(2) 
PARAMETRIC_REPRESENTATION_CONTEXT() REPRESENTATION_CONTEXT('2D SPACE',''
  ) );
#11914 = PCURVE('',#11915,#11920);
#11915 = PLANE('',#11916);
#11916 = AXIS2_PLACEMENT_3D('',#11917,#11918,#11919);
#11917 = CARTESIAN_POINT('',(-9.,3.,53.5));
#11918 = DIRECTION('',(0.,1.,0.));
#11919 = DIRECTION('',(0.,0.,1.));
#11920 = DEFINITIONAL_REPRESENTATION('',(#11921),#11925);
#11921 = LINE('',#11922,#11923);
#11922 = CARTESIAN_POINT('',(0.,0.));
#11923 = VECTOR('',#11924,1.);
#11924 = DIRECTION('',(1.,0.));
#11925 = ( GEOMETRIC_REPRESENTATION_CONTEXT(2) 
PARAMETRIC_REPRESENTATION_CONTEXT() REPRESENTATION_CONTEXT('2D SPACE',''
  ) );
#11926 = ORIENTED_EDGE('',*,*,#11927,.F.);
#11927 = EDGE_CURVE('',#11839,#11900,#11928,.T.);
#11928 = SURFACE_CURVE('',#11929,(#11933,#11940),.PCURVE_S1.);
#11929 = LINE('',#11930,#11931);
#11930 = CARTESIAN_POINT('',(-9.,-3.,57.5));
#11931 = VECTOR('',#11932,1.);
#11932 = DIRECTION('',(0.,1.,0.));
#11933 = PCURVE('',#11847,#11934);
#11934 = DEFINITIONAL_REPRESENTATION('',(#11935),#11939);
#11935 = LINE('',#11936,#11937);
#11936 = CARTESIAN_POINT('',(4.,0.));
#11937 = VECTOR('',#11938,1.);
#11938 = DIRECTION('',(0.,-1.));
#11939 = ( GEOMETRIC_REPRESENTATION_CONTEXT(2) 
PARAMETRIC_REPRESENTATION_CONTEXT() REPRESENTATION_CONTEXT('2D SPACE',''
  ) );
#11940 = PCURVE('',#11941,#11946);
#11941 = PLANE('',#11942);
#11942 = AXIS2_PLACEMENT_3D('',#11943,#11944,#11945);
#11943 = CARTESIAN_POINT('',(-9.,-3.,57.5));
#11944 = DIRECTION('',(0.,0.,1.));
#11945 = DIRECTION('',(1.,0.,0.));
#11946 = DEFINITIONAL_REPRESENTATION('',(#11947),#11951);
#11947 = LINE('',#11948,#11949);
#11948 = CARTESIAN_POINT('',(0.,0.));
#11949 = VECTOR('',#11950,1.);
#11950 = DIRECTION('',(0.,1.));
#11951 = ( GEOMETRIC_REPRESENTATION_CONTEXT(2) 
PARAMETRIC_REPRESENTATION_CONTEXT() REPRESENTATION_CONTEXT('2D SPACE',''
  ) );
#11952 = ADVANCED_FACE('',(#11953),#11967,.T.);
#11953 = FACE_BOUND('',#11954,.T.);
#11954 = EDGE_LOOP('',(#11955,#11985,#12008,#12031));
#11955 = ORIENTED_EDGE('',*,*,#11956,.F.);
#11956 = EDGE_CURVE('',#11957,#11959,#11961,.T.);
#11957 = VERTEX_POINT('',#11958);
#11958 = CARTESIAN_POINT('',(-2.,-3.,53.5));
#11959 = VERTEX_POINT('',#11960);
#11960 = CARTESIAN_POINT('',(-2.,-3.,57.5));
#11961 = SURFACE_CURVE('',#11962,(#11966,#11978),.PCURVE_S1.);
#11962 = LINE('',#11963,#11964);
#11963 = CARTESIAN_POINT('',(-2.,-3.,53.5));
#11964 = VECTOR('',#11965,1.);
#11965 = DIRECTION('',(0.,0.,1.));
#11966 = PCURVE('',#11967,#11972);
#11967 = PLANE('',#11968);
#11968 = AXIS2_PLACEMENT_3D('',#11969,#11970,#11971);
#11969 = CARTESIAN_POINT('',(-2.,-3.,53.5));
#11970 = DIRECTION('',(1.,0.,0.));
#11971 = DIRECTION('',(0.,0.,1.));
#11972 = DEFINITIONAL_REPRESENTATION('',(#11973),#11977);
#11973 = LINE('',#11974,#11975);
#11974 = CARTESIAN_POINT('',(0.,0.));
#11975 = VECTOR('',#11976,1.);
#11976 = DIRECTION('',(1.,0.));
#11977 = ( GEOMETRIC_REPRESENTATION_CONTEXT(2) 
PARAMETRIC_REPRESENTATION_CONTEXT() REPRESENTATION_CONTEXT('2D SPACE',''
  ) );
#11978 = PCURVE('',#11859,#11979);
#11979 = DEFINITIONAL_REPRESENTATION('',(#11980),#11984);
#11980 = LINE('',#11981,#11982);
#11981 = CARTESIAN_POINT('',(0.,7.));
#11982 = VECTOR('',#11983,1.);
#11983 = DIRECTION('',(1.,0.));
#11984 = ( GEOMETRIC_REPRESENTATION_CONTEXT(2) 
PARAMETRIC_REPRESENTATION_CONTEXT() REPRESENTATION_CONTEXT('2D SPACE',''
  ) );
#11985 = ORIENTED_EDGE('',*,*,#11986,.T.);
#11986 = EDGE_CURVE('',#11957,#11987,#11989,.T.);
#11987 = VERTEX_POINT('',#11988);
#11988 = CARTESIAN_POINT('',(-2.,3.,53.5));
#11989 = SURFACE_CURVE('',#11990,(#11994,#12001),.PCURVE_S1.);
#11990 = LINE('',#11991,#11992);
#11991 = CARTESIAN_POINT('',(-2.,-3.,53.5));
#11992 = VECTOR('',#11993,1.);
#11993 = DIRECTION('',(0.,1.,0.));
#11994 = PCURVE('',#11967,#11995);
#11995 = DEFINITIONAL_REPRESENTATION('',(#11996),#12000);
#11996 = LINE('',#11997,#11998);
#11997 = CARTESIAN_POINT('',(0.,0.));
#11998 = VECTOR('',#11999,1.);
#11999 = DIRECTION('',(0.,-1.));
#12000 = ( GEOMETRIC_REPRESENTATION_CONTEXT(2) 
PARAMETRIC_REPRESENTATION_CONTEXT() REPRESENTATION_CONTEXT('2D SPACE',''
  ) );
#12001 = PCURVE('',#11887,#12002);
#12002 = DEFINITIONAL_REPRESENTATION('',(#12003),#12007);
#12003 = LINE('',#12004,#12005);
#12004 = CARTESIAN_POINT('',(7.,0.));
#12005 = VECTOR('',#12006,1.);
#12006 = DIRECTION('',(0.,1.));
#12007 = ( GEOMETRIC_REPRESENTATION_CONTEXT(2) 
PARAMETRIC_REPRESENTATION_CONTEXT() REPRESENTATION_CONTEXT('2D SPACE',''
  ) );
#12008 = ORIENTED_EDGE('',*,*,#12009,.T.);
#12009 = EDGE_CURVE('',#11987,#12010,#12012,.T.);
#12010 = VERTEX_POINT('',#12011);
#12011 = CARTESIAN_POINT('',(-2.,3.,57.5));
#12012 = SURFACE_CURVE('',#12013,(#12017,#12024),.PCURVE_S1.);
#12013 = LINE('',#12014,#12015);
#12014 = CARTESIAN_POINT('',(-2.,3.,53.5));
#12015 = VECTOR('',#12016,1.);
#12016 = DIRECTION('',(0.,0.,1.));
#12017 = PCURVE('',#11967,#12018);
#12018 = DEFINITIONAL_REPRESENTATION('',(#12019),#12023);
#12019 = LINE('',#12020,#12021);
#12020 = CARTESIAN_POINT('',(0.,-6.));
#12021 = VECTOR('',#12022,1.);
#12022 = DIRECTION('',(1.,0.));
#12023 = ( GEOMETRIC_REPRESENTATION_CONTEXT(2) 
PARAMETRIC_REPRESENTATION_CONTEXT() REPRESENTATION_CONTEXT('2D SPACE',''
  ) );
#12024 = PCURVE('',#11915,#12025);
#12025 = DEFINITIONAL_REPRESENTATION('',(#12026),#12030);
#12026 = LINE('',#12027,#12028);
#12027 = CARTESIAN_POINT('',(0.,7.));
#12028 = VECTOR('',#12029,1.);
#12029 = DIRECTION('',(1.,0.));
#12030 = ( GEOMETRIC_REPRESENTATION_CONTEXT(2) 
PARAMETRIC_REPRESENTATION_CONTEXT() REPRESENTATION_CONTEXT('2D SPACE',''
  ) );
#12031 = ORIENTED_EDGE('',*,*,#12032,.F.);
#12032 = EDGE_CURVE('',#11959,#12010,#12033,.T.);
#12033 = SURFACE_CURVE('',#12034,(#12038,#12045),.PCURVE_S1.);
#12034 = LINE('',#12035,#12036);
#12035 = CARTESIAN_POINT('',(-2.,-3.,57.5));
#12036 = VECTOR('',#12037,1.);
#12037 = DIRECTION('',(0.,1.,0.));
#12038 = PCURVE('',#11967,#12039);
#12039 = DEFINITIONAL_REPRESENTATION('',(#12040),#12044);
#12040 = LINE('',#12041,#12042);
#12041 = CARTESIAN_POINT('',(4.,0.));
#12042 = VECTOR('',#12043,1.);
#12043 = DIRECTION('',(0.,-1.));
#12044 = ( GEOMETRIC_REPRESENTATION_CONTEXT(2) 
PARAMETRIC_REPRESENTATION_CONTEXT() REPRESENTATION_CONTEXT('2D SPACE',''
  ) );
#12045 = PCURVE('',#11941,#12046);
#12046 = DEFINITIONAL_REPRESENTATION('',(#12047),#12051);
#12047 = LINE('',#12048,#12049);
#12048 = CARTESIAN_POINT('',(7.,0.));
#12049 = VECTOR('',#12050,1.);
#12050 = DIRECTION('',(0.,1.));
#12051 = ( GEOMETRIC_REPRESENTATION_CONTEXT(2) 
PARAMETRIC_REPRESENTATION_CONTEXT() REPRESENTATION_CONTEXT('2D SPACE',''
  ) );
#12052 = ADVANCED_FACE('',(#12053),#11859,.F.);
#12053 = FACE_BOUND('',#12054,.F.);
#12054 = EDGE_LOOP('',(#12055,#12076,#12077,#12098));
#12055 = ORIENTED_EDGE('',*,*,#12056,.F.);
#12056 = EDGE_CURVE('',#11837,#11957,#12057,.T.);
#12057 = SURFACE_CURVE('',#12058,(#12062,#12069),.PCURVE_S1.);
#12058 = LINE('',#12059,#12060);
#12059 = CARTESIAN_POINT('',(-9.,-3.,53.5));
#12060 = VECTOR('',#12061,1.);
#12061 = DIRECTION('',(1.,0.,0.));
#12062 = PCURVE('',#11859,#12063);
#12063 = DEFINITIONAL_REPRESENTATION('',(#12064),#12068);
#12064 = LINE('',#12065,#12066);
#12065 = CARTESIAN_POINT('',(0.,0.));
#12066 = VECTOR('',#12067,1.);
#12067 = DIRECTION('',(0.,1.));
#12068 = ( GEOMETRIC_REPRESENTATION_CONTEXT(2) 
PARAMETRIC_REPRESENTATION_CONTEXT() REPRESENTATION_CONTEXT('2D SPACE',''
  ) );
#12069 = PCURVE('',#11887,#12070);
#12070 = DEFINITIONAL_REPRESENTATION('',(#12071),#12075);
#12071 = LINE('',#12072,#12073);
#12072 = CARTESIAN_POINT('',(0.,0.));
#12073 = VECTOR('',#12074,1.);
#12074 = DIRECTION('',(1.,0.));
#12075 = ( GEOMETRIC_REPRESENTATION_CONTEXT(2) 
PARAMETRIC_REPRESENTATION_CONTEXT() REPRESENTATION_CONTEXT('2D SPACE',''
  ) );
#12076 = ORIENTED_EDGE('',*,*,#11836,.T.);
#12077 = ORIENTED_EDGE('',*,*,#12078,.T.);
#12078 = EDGE_CURVE('',#11839,#11959,#12079,.T.);
#12079 = SURFACE_CURVE('',#12080,(#12084,#12091),.PCURVE_S1.);
#12080 = LINE('',#12081,#12082);
#12081 = CARTESIAN_POINT('',(-9.,-3.,57.5));
#12082 = VECTOR('',#12083,1.);
#12083 = DIRECTION('',(1.,0.,0.));
#12084 = PCURVE('',#11859,#12085);
#12085 = DEFINITIONAL_REPRESENTATION('',(#12086),#12090);
#12086 = LINE('',#12087,#12088);
#12087 = CARTESIAN_POINT('',(4.,0.));
#12088 = VECTOR('',#12089,1.);
#12089 = DIRECTION('',(0.,1.));
#12090 = ( GEOMETRIC_REPRESENTATION_CONTEXT(2) 
PARAMETRIC_REPRESENTATION_CONTEXT() REPRESENTATION_CONTEXT('2D SPACE',''
  ) );
#12091 = PCURVE('',#11941,#12092);
#12092 = DEFINITIONAL_REPRESENTATION('',(#12093),#12097);
#12093 = LINE('',#12094,#12095);
#12094 = CARTESIAN_POINT('',(0.,0.));
#12095 = VECTOR('',#12096,1.);
#12096 = DIRECTION('',(1.,0.));
#12097 = ( GEOMETRIC_REPRESENTATION_CONTEXT(2) 
PARAMETRIC_REPRESENTATION_CONTEXT() REPRESENTATION_CONTEXT('2D SPACE',''
  ) );
#12098 = ORIENTED_EDGE('',*,*,#11956,.F.);
#12099 = ADVANCED_FACE('',(#12100),#11915,.T.);
#12100 = FACE_BOUND('',#12101,.T.);
#12101 = EDGE_LOOP('',(#12102,#12123,#12124,#12145));
#12102 = ORIENTED_EDGE('',*,*,#12103,.F.);
#12103 = EDGE_CURVE('',#11872,#11987,#12104,.T.);
#12104 = SURFACE_CURVE('',#12105,(#12109,#12116),.PCURVE_S1.);
#12105 = LINE('',#12106,#12107);
#12106 = CARTESIAN_POINT('',(-9.,3.,53.5));
#12107 = VECTOR('',#12108,1.);
#12108 = DIRECTION('',(1.,0.,0.));
#12109 = PCURVE('',#11915,#12110);
#12110 = DEFINITIONAL_REPRESENTATION('',(#12111),#12115);
#12111 = LINE('',#12112,#12113);
#12112 = CARTESIAN_POINT('',(0.,0.));
#12113 = VECTOR('',#12114,1.);
#12114 = DIRECTION('',(0.,1.));
#12115 = ( GEOMETRIC_REPRESENTATION_CONTEXT(2) 
PARAMETRIC_REPRESENTATION_CONTEXT() REPRESENTATION_CONTEXT('2D SPACE',''
  ) );
#12116 = PCURVE('',#11887,#12117);
#12117 = DEFINITIONAL_REPRESENTATION('',(#12118),#12122);
#12118 = LINE('',#12119,#12120);
#12119 = CARTESIAN_POINT('',(0.,6.));
#12120 = VECTOR('',#12121,1.);
#12121 = DIRECTION('',(1.,0.));
#12122 = ( GEOMETRIC_REPRESENTATION_CONTEXT(2) 
PARAMETRIC_REPRESENTATION_CONTEXT() REPRESENTATION_CONTEXT('2D SPACE',''
  ) );
#12123 = ORIENTED_EDGE('',*,*,#11899,.T.);
#12124 = ORIENTED_EDGE('',*,*,#12125,.T.);
#12125 = EDGE_CURVE('',#11900,#12010,#12126,.T.);
#12126 = SURFACE_CURVE('',#12127,(#12131,#12138),.PCURVE_S1.);
#12127 = LINE('',#12128,#12129);
#12128 = CARTESIAN_POINT('',(-9.,3.,57.5));
#12129 = VECTOR('',#12130,1.);
#12130 = DIRECTION('',(1.,0.,0.));
#12131 = PCURVE('',#11915,#12132);
#12132 = DEFINITIONAL_REPRESENTATION('',(#12133),#12137);
#12133 = LINE('',#12134,#12135);
#12134 = CARTESIAN_POINT('',(4.,0.));
#12135 = VECTOR('',#12136,1.);
#12136 = DIRECTION('',(0.,1.));
#12137 = ( GEOMETRIC_REPRESENTATION_CONTEXT(2) 
PARAMETRIC_REPRESENTATION_CONTEXT() REPRESENTATION_CONTEXT('2D SPACE',''
  ) );
#12138 = PCURVE('',#11941,#12139);
#12139 = DEFINITIONAL_REPRESENTATION('',(#12140),#12144);
#12140 = LINE('',#12141,#12142);
#12141 = CARTESIAN_POINT('',(0.,6.));
#12142 = VECTOR('',#12143,1.);
#12143 = DIRECTION('',(1.,0.));
#12144 = ( GEOMETRIC_REPRESENTATION_CONTEXT(2) 
PARAMETRIC_REPRESENTATION_CONTEXT() REPRESENTATION_CONTEXT('2D SPACE',''
  ) );
#12145 = ORIENTED_EDGE('',*,*,#12009,.F.);
#12146 = ADVANCED_FACE('',(#12147),#11887,.F.);
#12147 = FACE_BOUND('',#12148,.F.);
#12148 = EDGE_LOOP('',(#12149,#12150,#12151,#12152));
#12149 = ORIENTED_EDGE('',*,*,#11871,.F.);
#12150 = ORIENTED_EDGE('',*,*,#12056,.T.);
#12151 = ORIENTED_EDGE('',*,*,#11986,.T.);
#12152 = ORIENTED_EDGE('',*,*,#12103,.F.);
#12153 = ADVANCED_FACE('',(#12154),#11941,.T.);
#12154 = FACE_BOUND('',#12155,.T.);
#12155 = EDGE_LOOP('',(#12156,#12157,#12158,#12159));
#12156 = ORIENTED_EDGE('',*,*,#11927,.F.);
#12157 = ORIENTED_EDGE('',*,*,#12078,.T.);
#12158 = ORIENTED_EDGE('',*,*,#12032,.T.);
#12159 = ORIENTED_EDGE('',*,*,#12125,.F.);
#12160 = ( GEOMETRIC_REPRESENTATION_CONTEXT(3) 
GLOBAL_UNCERTAINTY_ASSIGNED_CONTEXT((#12164)) 
GLOBAL_UNIT_ASSIGNED_CONTEXT((#12161,#12162,#12163)) 
REPRESENTATION_CONTEXT('Context #1',
  '3D Context with UNIT and UNCERTAINTY') );
#12161 = ( LENGTH_UNIT() NAMED_UNIT(*) SI_UNIT(.MILLI.,.METRE.) );
#12162 = ( NAMED_UNIT(*) PLANE_ANGLE_UNIT() SI_UNIT($,.RADIAN.) );
#12163 = ( NAMED_UNIT(*) SI_UNIT($,.STERADIAN.) SOLID_ANGLE_UNIT() );
#12164 = UNCERTAINTY_MEASURE_WITH_UNIT(LENGTH_MEASURE(1.E-07),#12161,
  'distance_accuracy_value','confusion accuracy');
#12165 = CONTEXT_DEPENDENT_SHAPE_REPRESENTATION(#12166,#12168);
#12166 = ( REPRESENTATION_RELATIONSHIP('','',#11829,#10) 
REPRESENTATION_RELATIONSHIP_WITH_TRANSFORMATION(#12167) 
SHAPE_REPRESENTATION_RELATIONSHIP() );
#12167 = ITEM_DEFINED_TRANSFORMATION('','',#11,#99);
#12168 = PRODUCT_DEFINITION_SHAPE('Placement','Placement of an item',
  #12169);
#12169 = NEXT_ASSEMBLY_USAGE_OCCURRENCE('46','whisk_rotor_counterweight'
  ,'',#5,#11824,$);
#12170 = PRODUCT_RELATED_PRODUCT_CATEGORY('part',$,(#11826));
#12171 = SHAPE_DEFINITION_REPRESENTATION(#12172,#12178);
#12172 = PRODUCT_DEFINITION_SHAPE('','',#12173);
#12173 = PRODUCT_DEFINITION('design','',#12174,#12177);
#12174 = PRODUCT_DEFINITION_FORMATION('','',#12175);
#12175 = PRODUCT('whisk_carriage_x','whisk_carriage_x','',(#12176));
#12176 = PRODUCT_CONTEXT('',#2,'mechanical');
#12177 = PRODUCT_DEFINITION_CONTEXT('part definition',#2,'design');
#12178 = ADVANCED_BREP_SHAPE_REPRESENTATION('',(#11,#12179),#12837);
#12179 = MANIFOLD_SOLID_BREP('',#12180);
#12180 = CLOSED_SHELL('',(#12181,#12301,#12377,#12546,#12595,#12722,
    #12729,#12776,#12803,#12830));
#12181 = ADVANCED_FACE('',(#12182),#12196,.F.);
#12182 = FACE_BOUND('',#12183,.F.);
#12183 = EDGE_LOOP('',(#12184,#12219,#12247,#12275));
#12184 = ORIENTED_EDGE('',*,*,#12185,.F.);
#12185 = EDGE_CURVE('',#12186,#12188,#12190,.T.);
#12186 = VERTEX_POINT('',#12187);
#12187 = CARTESIAN_POINT('',(-13.,-6.5,61.));
#12188 = VERTEX_POINT('',#12189);
#12189 = CARTESIAN_POINT('',(-13.,-6.5,66.));
#12190 = SURFACE_CURVE('',#12191,(#12195,#12207),.PCURVE_S1.);
#12191 = LINE('',#12192,#12193);
#12192 = CARTESIAN_POINT('',(-13.,-6.5,61.));
#12193 = VECTOR('',#12194,1.);
#12194 = DIRECTION('',(0.,0.,1.));
#12195 = PCURVE('',#12196,#12201);
#12196 = PLANE('',#12197);
#12197 = AXIS2_PLACEMENT_3D('',#12198,#12199,#12200);
#12198 = CARTESIAN_POINT('',(-13.,-6.5,61.));
#12199 = DIRECTION('',(1.,0.,0.));
#12200 = DIRECTION('',(0.,0.,1.));
#12201 = DEFINITIONAL_REPRESENTATION('',(#12202),#12206);
#12202 = LINE('',#12203,#12204);
#12203 = CARTESIAN_POINT('',(0.,0.));
#12204 = VECTOR('',#12205,1.);
#12205 = DIRECTION('',(1.,0.));
#12206 = ( GEOMETRIC_REPRESENTATION_CONTEXT(2) 
PARAMETRIC_REPRESENTATION_CONTEXT() REPRESENTATION_CONTEXT('2D SPACE',''
  ) );
#12207 = PCURVE('',#12208,#12213);
#12208 = PLANE('',#12209);
#12209 = AXIS2_PLACEMENT_3D('',#12210,#12211,#12212);
#12210 = CARTESIAN_POINT('',(-13.,-6.5,61.));
#12211 = DIRECTION('',(0.,1.,0.));
#12212 = DIRECTION('',(0.,0.,1.));
#12213 = DEFINITIONAL_REPRESENTATION('',(#12214),#12218);
#12214 = LINE('',#12215,#12216);
#12215 = CARTESIAN_POINT('',(0.,0.));
#12216 = VECTOR('',#12217,1.);
#12217 = DIRECTION('',(1.,0.));
#12218 = ( GEOMETRIC_REPRESENTATION_CONTEXT(2) 
PARAMETRIC_REPRESENTATION_CONTEXT() REPRESENTATION_CONTEXT('2D SPACE',''
  ) );
#12219 = ORIENTED_EDGE('',*,*,#12220,.T.);
#12220 = EDGE_CURVE('',#12186,#12221,#12223,.T.);
#12221 = VERTEX_POINT('',#12222);
#12222 = CARTESIAN_POINT('',(-13.,6.5,61.));
#12223 = SURFACE_CURVE('',#12224,(#12228,#12235),.PCURVE_S1.);
#12224 = LINE('',#12225,#12226);
#12225 = CARTESIAN_POINT('',(-13.,-6.5,61.));
#12226 = VECTOR('',#12227,1.);
#12227 = DIRECTION('',(0.,1.,0.));
#12228 = PCURVE('',#12196,#12229);
#12229 = DEFINITIONAL_REPRESENTATION('',(#12230),#12234);
#12230 = LINE('',#12231,#12232);
#12231 = CARTESIAN_POINT('',(0.,0.));
#12232 = VECTOR('',#12233,1.);
#12233 = DIRECTION('',(0.,-1.));
#12234 = ( GEOMETRIC_REPRESENTATION_CONTEXT(2) 
PARAMETRIC_REPRESENTATION_CONTEXT() REPRESENTATION_CONTEXT('2D SPACE',''
  ) );
#12235 = PCURVE('',#12236,#12241);
#12236 = PLANE('',#12237);
#12237 = AXIS2_PLACEMENT_3D('',#12238,#12239,#12240);
#12238 = CARTESIAN_POINT('',(-13.,-6.5,61.));
#12239 = DIRECTION('',(0.,0.,1.));
#12240 = DIRECTION('',(1.,0.,0.));
#12241 = DEFINITIONAL_REPRESENTATION('',(#12242),#12246);
#12242 = LINE('',#12243,#12244);
#12243 = CARTESIAN_POINT('',(0.,0.));
#12244 = VECTOR('',#12245,1.);
#12245 = DIRECTION('',(0.,1.));
#12246 = ( GEOMETRIC_REPRESENTATION_CONTEXT(2) 
PARAMETRIC_REPRESENTATION_CONTEXT() REPRESENTATION_CONTEXT('2D SPACE',''
  ) );
#12247 = ORIENTED_EDGE('',*,*,#12248,.T.);
#12248 = EDGE_CURVE('',#12221,#12249,#12251,.T.);
#12249 = VERTEX_POINT('',#12250);
#12250 = CARTESIAN_POINT('',(-13.,6.5,66.));
#12251 = SURFACE_CURVE('',#12252,(#12256,#12263),.PCURVE_S1.);
#12252 = LINE('',#12253,#12254);
#12253 = CARTESIAN_POINT('',(-13.,6.5,61.));
#12254 = VECTOR('',#12255,1.);
#12255 = DIRECTION('',(0.,0.,1.));
#12256 = PCURVE('',#12196,#12257);
#12257 = DEFINITIONAL_REPRESENTATION('',(#12258),#12262);
#12258 = LINE('',#12259,#12260);
#12259 = CARTESIAN_POINT('',(0.,-13.));
#12260 = VECTOR('',#12261,1.);
#12261 = DIRECTION('',(1.,0.));
#12262 = ( GEOMETRIC_REPRESENTATION_CONTEXT(2) 
PARAMETRIC_REPRESENTATION_CONTEXT() REPRESENTATION_CONTEXT('2D SPACE',''
  ) );
#12263 = PCURVE('',#12264,#12269);
#12264 = PLANE('',#12265);
#12265 = AXIS2_PLACEMENT_3D('',#12266,#12267,#12268);
#12266 = CARTESIAN_POINT('',(-13.,6.5,61.));
#12267 = DIRECTION('',(0.,1.,0.));
#12268 = DIRECTION('',(0.,0.,1.));
#12269 = DEFINITIONAL_REPRESENTATION('',(#12270),#12274);
#12270 = LINE('',#12271,#12272);
#12271 = CARTESIAN_POINT('',(0.,0.));
#12272 = VECTOR('',#12273,1.);
#12273 = DIRECTION('',(1.,0.));
#12274 = ( GEOMETRIC_REPRESENTATION_CONTEXT(2) 
PARAMETRIC_REPRESENTATION_CONTEXT() REPRESENTATION_CONTEXT('2D SPACE',''
  ) );
#12275 = ORIENTED_EDGE('',*,*,#12276,.F.);
#12276 = EDGE_CURVE('',#12188,#12249,#12277,.T.);
#12277 = SURFACE_CURVE('',#12278,(#12282,#12289),.PCURVE_S1.);
#12278 = LINE('',#12279,#12280);
#12279 = CARTESIAN_POINT('',(-13.,-6.5,66.));
#12280 = VECTOR('',#12281,1.);
#12281 = DIRECTION('',(0.,1.,0.));
#12282 = PCURVE('',#12196,#12283);
#12283 = DEFINITIONAL_REPRESENTATION('',(#12284),#12288);
#12284 = LINE('',#12285,#12286);
#12285 = CARTESIAN_POINT('',(5.,0.));
#12286 = VECTOR('',#12287,1.);
#12287 = DIRECTION('',(0.,-1.));
#12288 = ( GEOMETRIC_REPRESENTATION_CONTEXT(2) 
PARAMETRIC_REPRESENTATION_CONTEXT() REPRESENTATION_CONTEXT('2D SPACE',''
  ) );
#12289 = PCURVE('',#12290,#12295);
#12290 = PLANE('',#12291);
#12291 = AXIS2_PLACEMENT_3D('',#12292,#12293,#12294);
#12292 = CARTESIAN_POINT('',(-13.,-6.5,66.));
#12293 = DIRECTION('',(0.,0.,1.));
#12294 = DIRECTION('',(1.,0.,0.));
#12295 = DEFINITIONAL_REPRESENTATION('',(#12296),#12300);
#12296 = LINE('',#12297,#12298);
#12297 = CARTESIAN_POINT('',(0.,0.));
#12298 = VECTOR('',#12299,1.);
#12299 = DIRECTION('',(0.,1.));
#12300 = ( GEOMETRIC_REPRESENTATION_CONTEXT(2) 
PARAMETRIC_REPRESENTATION_CONTEXT() REPRESENTATION_CONTEXT('2D SPACE',''
  ) );
#12301 = ADVANCED_FACE('',(#12302),#12208,.F.);
#12302 = FACE_BOUND('',#12303,.F.);
#12303 = EDGE_LOOP('',(#12304,#12327,#12328,#12351));
#12304 = ORIENTED_EDGE('',*,*,#12305,.F.);
#12305 = EDGE_CURVE('',#12186,#12306,#12308,.T.);
#12306 = VERTEX_POINT('',#12307);
#12307 = CARTESIAN_POINT('',(13.,-6.5,61.));
#12308 = SURFACE_CURVE('',#12309,(#12313,#12320),.PCURVE_S1.);
#12309 = LINE('',#12310,#12311);
#12310 = CARTESIAN_POINT('',(-13.,-6.5,61.));
#12311 = VECTOR('',#12312,1.);
#12312 = DIRECTION('',(1.,0.,0.));
#12313 = PCURVE('',#12208,#12314);
#12314 = DEFINITIONAL_REPRESENTATION('',(#12315),#12319);
#12315 = LINE('',#12316,#12317);
#12316 = CARTESIAN_POINT('',(0.,0.));
#12317 = VECTOR('',#12318,1.);
#12318 = DIRECTION('',(0.,1.));
#12319 = ( GEOMETRIC_REPRESENTATION_CONTEXT(2) 
PARAMETRIC_REPRESENTATION_CONTEXT() REPRESENTATION_CONTEXT('2D SPACE',''
  ) );
#12320 = PCURVE('',#12236,#12321);
#12321 = DEFINITIONAL_REPRESENTATION('',(#12322),#12326);
#12322 = LINE('',#12323,#12324);
#12323 = CARTESIAN_POINT('',(0.,0.));
#12324 = VECTOR('',#12325,1.);
#12325 = DIRECTION('',(1.,0.));
#12326 = ( GEOMETRIC_REPRESENTATION_CONTEXT(2) 
PARAMETRIC_REPRESENTATION_CONTEXT() REPRESENTATION_CONTEXT('2D SPACE',''
  ) );
#12327 = ORIENTED_EDGE('',*,*,#12185,.T.);
#12328 = ORIENTED_EDGE('',*,*,#12329,.T.);
#12329 = EDGE_CURVE('',#12188,#12330,#12332,.T.);
#12330 = VERTEX_POINT('',#12331);
#12331 = CARTESIAN_POINT('',(13.,-6.5,66.));
#12332 = SURFACE_CURVE('',#12333,(#12337,#12344),.PCURVE_S1.);
#12333 = LINE('',#12334,#12335);
#12334 = CARTESIAN_POINT('',(-13.,-6.5,66.));
#12335 = VECTOR('',#12336,1.);
#12336 = DIRECTION('',(1.,0.,0.));
#12337 = PCURVE('',#12208,#12338);
#12338 = DEFINITIONAL_REPRESENTATION('',(#12339),#12343);
#12339 = LINE('',#12340,#12341);
#12340 = CARTESIAN_POINT('',(5.,0.));
#12341 = VECTOR('',#12342,1.);
#12342 = DIRECTION('',(0.,1.));
#12343 = ( GEOMETRIC_REPRESENTATION_CONTEXT(2) 
PARAMETRIC_REPRESENTATION_CONTEXT() REPRESENTATION_CONTEXT('2D SPACE',''
  ) );
#12344 = PCURVE('',#12290,#12345);
#12345 = DEFINITIONAL_REPRESENTATION('',(#12346),#12350);
#12346 = LINE('',#12347,#12348);
#12347 = CARTESIAN_POINT('',(0.,0.));
#12348 = VECTOR('',#12349,1.);
#12349 = DIRECTION('',(1.,0.));
#12350 = ( GEOMETRIC_REPRESENTATION_CONTEXT(2) 
PARAMETRIC_REPRESENTATION_CONTEXT() REPRESENTATION_CONTEXT('2D SPACE',''
  ) );
#12351 = ORIENTED_EDGE('',*,*,#12352,.F.);
#12352 = EDGE_CURVE('',#12306,#12330,#12353,.T.);
#12353 = SURFACE_CURVE('',#12354,(#12358,#12365),.PCURVE_S1.);
#12354 = LINE('',#12355,#12356);
#12355 = CARTESIAN_POINT('',(13.,-6.5,61.));
#12356 = VECTOR('',#12357,1.);
#12357 = DIRECTION('',(0.,0.,1.));
#12358 = PCURVE('',#12208,#12359);
#12359 = DEFINITIONAL_REPRESENTATION('',(#12360),#12364);
#12360 = LINE('',#12361,#12362);
#12361 = CARTESIAN_POINT('',(0.,26.));
#12362 = VECTOR('',#12363,1.);
#12363 = DIRECTION('',(1.,0.));
#12364 = ( GEOMETRIC_REPRESENTATION_CONTEXT(2) 
PARAMETRIC_REPRESENTATION_CONTEXT() REPRESENTATION_CONTEXT('2D SPACE',''
  ) );
#12365 = PCURVE('',#12366,#12371);
#12366 = PLANE('',#12367);
#12367 = AXIS2_PLACEMENT_3D('',#12368,#12369,#12370);
#12368 = CARTESIAN_POINT('',(13.,-6.5,61.));
#12369 = DIRECTION('',(1.,0.,0.));
#12370 = DIRECTION('',(0.,0.,1.));
#12371 = DEFINITIONAL_REPRESENTATION('',(#12372),#12376);
#12372 = LINE('',#12373,#12374);
#12373 = CARTESIAN_POINT('',(0.,0.));
#12374 = VECTOR('',#12375,1.);
#12375 = DIRECTION('',(1.,0.));
#12376 = ( GEOMETRIC_REPRESENTATION_CONTEXT(2) 
PARAMETRIC_REPRESENTATION_CONTEXT() REPRESENTATION_CONTEXT('2D SPACE',''
  ) );
#12377 = ADVANCED_FACE('',(#12378,#12426),#12290,.T.);
#12378 = FACE_BOUND('',#12379,.T.);
#12379 = EDGE_LOOP('',(#12380,#12381,#12382,#12405));
#12380 = ORIENTED_EDGE('',*,*,#12276,.F.);
#12381 = ORIENTED_EDGE('',*,*,#12329,.T.);
#12382 = ORIENTED_EDGE('',*,*,#12383,.T.);
#12383 = EDGE_CURVE('',#12330,#12384,#12386,.T.);
#12384 = VERTEX_POINT('',#12385);
#12385 = CARTESIAN_POINT('',(13.,6.5,66.));
#12386 = SURFACE_CURVE('',#12387,(#12391,#12398),.PCURVE_S1.);
#12387 = LINE('',#12388,#12389);
#12388 = CARTESIAN_POINT('',(13.,-6.5,66.));
#12389 = VECTOR('',#12390,1.);
#12390 = DIRECTION('',(0.,1.,0.));
#12391 = PCURVE('',#12290,#12392);
#12392 = DEFINITIONAL_REPRESENTATION('',(#12393),#12397);
#12393 = LINE('',#12394,#12395);
#12394 = CARTESIAN_POINT('',(26.,0.));
#12395 = VECTOR('',#12396,1.);
#12396 = DIRECTION('',(0.,1.));
#12397 = ( GEOMETRIC_REPRESENTATION_CONTEXT(2) 
PARAMETRIC_REPRESENTATION_CONTEXT() REPRESENTATION_CONTEXT('2D SPACE',''
  ) );
#12398 = PCURVE('',#12366,#12399);
#12399 = DEFINITIONAL_REPRESENTATION('',(#12400),#12404);
#12400 = LINE('',#12401,#12402);
#12401 = CARTESIAN_POINT('',(5.,0.));
#12402 = VECTOR('',#12403,1.);
#12403 = DIRECTION('',(0.,-1.));
#12404 = ( GEOMETRIC_REPRESENTATION_CONTEXT(2) 
PARAMETRIC_REPRESENTATION_CONTEXT() REPRESENTATION_CONTEXT('2D SPACE',''
  ) );
#12405 = ORIENTED_EDGE('',*,*,#12406,.F.);
#12406 = EDGE_CURVE('',#12249,#12384,#12407,.T.);
#12407 = SURFACE_CURVE('',#12408,(#12412,#12419),.PCURVE_S1.);
#12408 = LINE('',#12409,#12410);
#12409 = CARTESIAN_POINT('',(-13.,6.5,66.));
#12410 = VECTOR('',#12411,1.);
#12411 = DIRECTION('',(1.,0.,0.));
#12412 = PCURVE('',#12290,#12413);
#12413 = DEFINITIONAL_REPRESENTATION('',(#12414),#12418);
#12414 = LINE('',#12415,#12416);
#12415 = CARTESIAN_POINT('',(0.,13.));
#12416 = VECTOR('',#12417,1.);
#12417 = DIRECTION('',(1.,0.));
#12418 = ( GEOMETRIC_REPRESENTATION_CONTEXT(2) 
PARAMETRIC_REPRESENTATION_CONTEXT() REPRESENTATION_CONTEXT('2D SPACE',''
  ) );
#12419 = PCURVE('',#12264,#12420);
#12420 = DEFINITIONAL_REPRESENTATION('',(#12421),#12425);
#12421 = LINE('',#12422,#12423);
#12422 = CARTESIAN_POINT('',(5.,0.));
#12423 = VECTOR('',#12424,1.);
#12424 = DIRECTION('',(0.,1.));
#12425 = ( GEOMETRIC_REPRESENTATION_CONTEXT(2) 
PARAMETRIC_REPRESENTATION_CONTEXT() REPRESENTATION_CONTEXT('2D SPACE',''
  ) );
#12426 = FACE_BOUND('',#12427,.T.);
#12427 = EDGE_LOOP('',(#12428,#12456,#12489,#12515));
#12428 = ORIENTED_EDGE('',*,*,#12429,.F.);
#12429 = EDGE_CURVE('',#12430,#12432,#12434,.T.);
#12430 = VERTEX_POINT('',#12431);
#12431 = CARTESIAN_POINT('',(-2.2,4.,66.));
#12432 = VERTEX_POINT('',#12433);
#12433 = CARTESIAN_POINT('',(-2.2,-4.,66.));
#12434 = SURFACE_CURVE('',#12435,(#12439,#12445),.PCURVE_S1.);
#12435 = LINE('',#12436,#12437);
#12436 = CARTESIAN_POINT('',(-2.2,-5.25,66.));
#12437 = VECTOR('',#12438,1.);
#12438 = DIRECTION('',(-1.110223024625E-16,-1.,0.));
#12439 = PCURVE('',#12290,#12440);
#12440 = DEFINITIONAL_REPRESENTATION('',(#12441),#12444);
#12441 = B_SPLINE_CURVE_WITH_KNOTS('',1,(#12442,#12443),.UNSPECIFIED.,
  .F.,.F.,(2,2),(-9.25,-1.25),.PIECEWISE_BEZIER_KNOTS.);
#12442 = CARTESIAN_POINT('',(10.8,10.5));
#12443 = CARTESIAN_POINT('',(10.8,2.5));
#12444 = ( GEOMETRIC_REPRESENTATION_CONTEXT(2) 
PARAMETRIC_REPRESENTATION_CONTEXT() REPRESENTATION_CONTEXT('2D SPACE',''
  ) );
#12445 = PCURVE('',#12446,#12451);
#12446 = PLANE('',#12447);
#12447 = AXIS2_PLACEMENT_3D('',#12448,#12449,#12450);
#12448 = CARTESIAN_POINT('',(-2.2,-4.,60.9));
#12449 = DIRECTION('',(-1.,1.110223024625E-16,0.));
#12450 = DIRECTION('',(1.110223024625E-16,1.,0.));
#12451 = DEFINITIONAL_REPRESENTATION('',(#12452),#12455);
#12452 = B_SPLINE_CURVE_WITH_KNOTS('',1,(#12453,#12454),.UNSPECIFIED.,
  .F.,.F.,(2,2),(-9.25,-1.25),.PIECEWISE_BEZIER_KNOTS.);
#12453 = CARTESIAN_POINT('',(8.,-5.1));
#12454 = CARTESIAN_POINT('',(0.,-5.1));
#12455 = ( GEOMETRIC_REPRESENTATION_CONTEXT(2) 
PARAMETRIC_REPRESENTATION_CONTEXT() REPRESENTATION_CONTEXT('2D SPACE',''
  ) );
#12456 = ORIENTED_EDGE('',*,*,#12457,.T.);
#12457 = EDGE_CURVE('',#12430,#12458,#12460,.T.);
#12458 = VERTEX_POINT('',#12459);
#12459 = CARTESIAN_POINT('',(2.2,4.,66.));
#12460 = SURFACE_CURVE('',#12461,(#12466,#12477),.PCURVE_S1.);
#12461 = CIRCLE('',#12462,2.2);
#12462 = AXIS2_PLACEMENT_3D('',#12463,#12464,#12465);
#12463 = CARTESIAN_POINT('',(4.440892098501E-16,4.,66.));
#12464 = DIRECTION('',(0.,0.,-1.));
#12465 = DIRECTION('',(-1.,5.147397659626E-16,0.));
#12466 = PCURVE('',#12290,#12467);
#12467 = DEFINITIONAL_REPRESENTATION('',(#12468),#12476);
#12468 = ( BOUNDED_CURVE() B_SPLINE_CURVE(2,(#12469,#12470,#12471,#12472
    ,#12473,#12474,#12475),.UNSPECIFIED.,.T.,.F.) 
B_SPLINE_CURVE_WITH_KNOTS((1,2,2,2,2,1),(-2.094395102393,0.,
    2.094395102393,4.188790204786,6.28318530718,8.377580409573),
.UNSPECIFIED.) CURVE() GEOMETRIC_REPRESENTATION_ITEM() 
RATIONAL_B_SPLINE_CURVE((1.,0.5,1.,0.5,1.,0.5,1.)) REPRESENTATION_ITEM(
  '') );
#12469 = CARTESIAN_POINT('',(10.8,10.5));
#12470 = CARTESIAN_POINT('',(10.8,14.310511776652));
#12471 = CARTESIAN_POINT('',(14.1,12.405255888326));
#12472 = CARTESIAN_POINT('',(17.4,10.5));
#12473 = CARTESIAN_POINT('',(14.1,8.594744111674));
#12474 = CARTESIAN_POINT('',(10.8,6.689488223348));
#12475 = CARTESIAN_POINT('',(10.8,10.5));
#12476 = ( GEOMETRIC_REPRESENTATION_CONTEXT(2) 
PARAMETRIC_REPRESENTATION_CONTEXT() REPRESENTATION_CONTEXT('2D SPACE',''
  ) );
#12477 = PCURVE('',#12478,#12483);
#12478 = CYLINDRICAL_SURFACE('',#12479,2.2);
#12479 = AXIS2_PLACEMENT_3D('',#12480,#12481,#12482);
#12480 = CARTESIAN_POINT('',(4.440892098501E-16,4.,60.9));
#12481 = DIRECTION('',(0.,0.,-1.));
#12482 = DIRECTION('',(-1.,5.147397659626E-16,0.));
#12483 = DEFINITIONAL_REPRESENTATION('',(#12484),#12488);
#12484 = LINE('',#12485,#12486);
#12485 = CARTESIAN_POINT('',(0.,-5.1));
#12486 = VECTOR('',#12487,1.);
#12487 = DIRECTION('',(1.,0.));
#12488 = ( GEOMETRIC_REPRESENTATION_CONTEXT(2) 
PARAMETRIC_REPRESENTATION_CONTEXT() REPRESENTATION_CONTEXT('2D SPACE',''
  ) );
#12489 = ORIENTED_EDGE('',*,*,#12490,.F.);
#12490 = EDGE_CURVE('',#12491,#12458,#12493,.T.);
#12491 = VERTEX_POINT('',#12492);
#12492 = CARTESIAN_POINT('',(2.2,-4.,66.));
#12493 = SURFACE_CURVE('',#12494,(#12498,#12504),.PCURVE_S1.);
#12494 = LINE('',#12495,#12496);
#12495 = CARTESIAN_POINT('',(2.2,-1.25,66.));
#12496 = VECTOR('',#12497,1.);
#12497 = DIRECTION('',(1.110223024625E-16,1.,-0.));
#12498 = PCURVE('',#12290,#12499);
#12499 = DEFINITIONAL_REPRESENTATION('',(#12500),#12503);
#12500 = B_SPLINE_CURVE_WITH_KNOTS('',1,(#12501,#12502),.UNSPECIFIED.,
  .F.,.F.,(2,2),(-2.75,5.25),.PIECEWISE_BEZIER_KNOTS.);
#12501 = CARTESIAN_POINT('',(15.2,2.5));
#12502 = CARTESIAN_POINT('',(15.2,10.5));
#12503 = ( GEOMETRIC_REPRESENTATION_CONTEXT(2) 
PARAMETRIC_REPRESENTATION_CONTEXT() REPRESENTATION_CONTEXT('2D SPACE',''
  ) );
#12504 = PCURVE('',#12505,#12510);
#12505 = PLANE('',#12506);
#12506 = AXIS2_PLACEMENT_3D('',#12507,#12508,#12509);
#12507 = CARTESIAN_POINT('',(2.2,4.,60.9));
#12508 = DIRECTION('',(1.,-1.110223024625E-16,0.));
#12509 = DIRECTION('',(-1.110223024625E-16,-1.,0.));
#12510 = DEFINITIONAL_REPRESENTATION('',(#12511),#12514);
#12511 = B_SPLINE_CURVE_WITH_KNOTS('',1,(#12512,#12513),.UNSPECIFIED.,
  .F.,.F.,(2,2),(-2.75,5.25),.PIECEWISE_BEZIER_KNOTS.);
#12512 = CARTESIAN_POINT('',(8.,-5.1));
#12513 = CARTESIAN_POINT('',(0.,-5.1));
#12514 = ( GEOMETRIC_REPRESENTATION_CONTEXT(2) 
PARAMETRIC_REPRESENTATION_CONTEXT() REPRESENTATION_CONTEXT('2D SPACE',''
  ) );
#12515 = ORIENTED_EDGE('',*,*,#12516,.T.);
#12516 = EDGE_CURVE('',#12491,#12432,#12517,.T.);
#12517 = SURFACE_CURVE('',#12518,(#12523,#12534),.PCURVE_S1.);
#12518 = CIRCLE('',#12519,2.2);
#12519 = AXIS2_PLACEMENT_3D('',#12520,#12521,#12522);
#12520 = CARTESIAN_POINT('',(-4.440892098501E-16,-4.,66.));
#12521 = DIRECTION('',(-0.,0.,-1.));
#12522 = DIRECTION('',(1.,-5.147397659626E-16,-0.));
#12523 = PCURVE('',#12290,#12524);
#12524 = DEFINITIONAL_REPRESENTATION('',(#12525),#12533);
#12525 = ( BOUNDED_CURVE() B_SPLINE_CURVE(2,(#12526,#12527,#12528,#12529
    ,#12530,#12531,#12532),.UNSPECIFIED.,.T.,.F.) 
B_SPLINE_CURVE_WITH_KNOTS((1,2,2,2,2,1),(-2.094395102393,0.,
    2.094395102393,4.188790204786,6.28318530718,8.377580409573),
.UNSPECIFIED.) CURVE() GEOMETRIC_REPRESENTATION_ITEM() 
RATIONAL_B_SPLINE_CURVE((1.,0.5,1.,0.5,1.,0.5,1.)) REPRESENTATION_ITEM(
  '') );
#12526 = CARTESIAN_POINT('',(15.2,2.5));
#12527 = CARTESIAN_POINT('',(15.2,-1.310511776652));
#12528 = CARTESIAN_POINT('',(11.9,0.594744111674));
#12529 = CARTESIAN_POINT('',(8.6,2.5));
#12530 = CARTESIAN_POINT('',(11.9,4.405255888326));
#12531 = CARTESIAN_POINT('',(15.2,6.310511776652));
#12532 = CARTESIAN_POINT('',(15.2,2.5));
#12533 = ( GEOMETRIC_REPRESENTATION_CONTEXT(2) 
PARAMETRIC_REPRESENTATION_CONTEXT() REPRESENTATION_CONTEXT('2D SPACE',''
  ) );
#12534 = PCURVE('',#12535,#12540);
#12535 = CYLINDRICAL_SURFACE('',#12536,2.2);
#12536 = AXIS2_PLACEMENT_3D('',#12537,#12538,#12539);
#12537 = CARTESIAN_POINT('',(-4.440892098501E-16,-4.,60.9));
#12538 = DIRECTION('',(-0.,0.,-1.));
#12539 = DIRECTION('',(1.,-5.147397659626E-16,-0.));
#12540 = DEFINITIONAL_REPRESENTATION('',(#12541),#12545);
#12541 = LINE('',#12542,#12543);
#12542 = CARTESIAN_POINT('',(0.,-5.1));
#12543 = VECTOR('',#12544,1.);
#12544 = DIRECTION('',(1.,0.));
#12545 = ( GEOMETRIC_REPRESENTATION_CONTEXT(2) 
PARAMETRIC_REPRESENTATION_CONTEXT() REPRESENTATION_CONTEXT('2D SPACE',''
  ) );
#12546 = ADVANCED_FACE('',(#12547),#12264,.T.);
#12547 = FACE_BOUND('',#12548,.T.);
#12548 = EDGE_LOOP('',(#12549,#12572,#12573,#12574));
#12549 = ORIENTED_EDGE('',*,*,#12550,.F.);
#12550 = EDGE_CURVE('',#12221,#12551,#12553,.T.);
#12551 = VERTEX_POINT('',#12552);
#12552 = CARTESIAN_POINT('',(13.,6.5,61.));
#12553 = SURFACE_CURVE('',#12554,(#12558,#12565),.PCURVE_S1.);
#12554 = LINE('',#12555,#12556);
#12555 = CARTESIAN_POINT('',(-13.,6.5,61.));
#12556 = VECTOR('',#12557,1.);
#12557 = DIRECTION('',(1.,0.,0.));
#12558 = PCURVE('',#12264,#12559);
#12559 = DEFINITIONAL_REPRESENTATION('',(#12560),#12564);
#12560 = LINE('',#12561,#12562);
#12561 = CARTESIAN_POINT('',(0.,0.));
#12562 = VECTOR('',#12563,1.);
#12563 = DIRECTION('',(0.,1.));
#12564 = ( GEOMETRIC_REPRESENTATION_CONTEXT(2) 
PARAMETRIC_REPRESENTATION_CONTEXT() REPRESENTATION_CONTEXT('2D SPACE',''
  ) );
#12565 = PCURVE('',#12236,#12566);
#12566 = DEFINITIONAL_REPRESENTATION('',(#12567),#12571);
#12567 = LINE('',#12568,#12569);
#12568 = CARTESIAN_POINT('',(0.,13.));
#12569 = VECTOR('',#12570,1.);
#12570 = DIRECTION('',(1.,0.));
#12571 = ( GEOMETRIC_REPRESENTATION_CONTEXT(2) 
PARAMETRIC_REPRESENTATION_CONTEXT() REPRESENTATION_CONTEXT('2D SPACE',''
  ) );
#12572 = ORIENTED_EDGE('',*,*,#12248,.T.);
#12573 = ORIENTED_EDGE('',*,*,#12406,.T.);
#12574 = ORIENTED_EDGE('',*,*,#12575,.F.);
#12575 = EDGE_CURVE('',#12551,#12384,#12576,.T.);
#12576 = SURFACE_CURVE('',#12577,(#12581,#12588),.PCURVE_S1.);
#12577 = LINE('',#12578,#12579);
#12578 = CARTESIAN_POINT('',(13.,6.5,61.));
#12579 = VECTOR('',#12580,1.);
#12580 = DIRECTION('',(0.,0.,1.));
#12581 = PCURVE('',#12264,#12582);
#12582 = DEFINITIONAL_REPRESENTATION('',(#12583),#12587);
#12583 = LINE('',#12584,#12585);
#12584 = CARTESIAN_POINT('',(0.,26.));
#12585 = VECTOR('',#12586,1.);
#12586 = DIRECTION('',(1.,0.));
#12587 = ( GEOMETRIC_REPRESENTATION_CONTEXT(2) 
PARAMETRIC_REPRESENTATION_CONTEXT() REPRESENTATION_CONTEXT('2D SPACE',''
  ) );
#12588 = PCURVE('',#12366,#12589);
#12589 = DEFINITIONAL_REPRESENTATION('',(#12590),#12594);
#12590 = LINE('',#12591,#12592);
#12591 = CARTESIAN_POINT('',(0.,-13.));
#12592 = VECTOR('',#12593,1.);
#12593 = DIRECTION('',(1.,0.));
#12594 = ( GEOMETRIC_REPRESENTATION_CONTEXT(2) 
PARAMETRIC_REPRESENTATION_CONTEXT() REPRESENTATION_CONTEXT('2D SPACE',''
  ) );
#12595 = ADVANCED_FACE('',(#12596,#12622),#12236,.F.);
#12596 = FACE_BOUND('',#12597,.F.);
#12597 = EDGE_LOOP('',(#12598,#12599,#12600,#12621));
#12598 = ORIENTED_EDGE('',*,*,#12220,.F.);
#12599 = ORIENTED_EDGE('',*,*,#12305,.T.);
#12600 = ORIENTED_EDGE('',*,*,#12601,.T.);
#12601 = EDGE_CURVE('',#12306,#12551,#12602,.T.);
#12602 = SURFACE_CURVE('',#12603,(#12607,#12614),.PCURVE_S1.);
#12603 = LINE('',#12604,#12605);
#12604 = CARTESIAN_POINT('',(13.,-6.5,61.));
#12605 = VECTOR('',#12606,1.);
#12606 = DIRECTION('',(0.,1.,0.));
#12607 = PCURVE('',#12236,#12608);
#12608 = DEFINITIONAL_REPRESENTATION('',(#12609),#12613);
#12609 = LINE('',#12610,#12611);
#12610 = CARTESIAN_POINT('',(26.,0.));
#12611 = VECTOR('',#12612,1.);
#12612 = DIRECTION('',(0.,1.));
#12613 = ( GEOMETRIC_REPRESENTATION_CONTEXT(2) 
PARAMETRIC_REPRESENTATION_CONTEXT() REPRESENTATION_CONTEXT('2D SPACE',''
  ) );
#12614 = PCURVE('',#12366,#12615);
#12615 = DEFINITIONAL_REPRESENTATION('',(#12616),#12620);
#12616 = LINE('',#12617,#12618);
#12617 = CARTESIAN_POINT('',(0.,0.));
#12618 = VECTOR('',#12619,1.);
#12619 = DIRECTION('',(0.,-1.));
#12620 = ( GEOMETRIC_REPRESENTATION_CONTEXT(2) 
PARAMETRIC_REPRESENTATION_CONTEXT() REPRESENTATION_CONTEXT('2D SPACE',''
  ) );
#12621 = ORIENTED_EDGE('',*,*,#12550,.F.);
#12622 = FACE_BOUND('',#12623,.F.);
#12623 = EDGE_LOOP('',(#12624,#12647,#12675,#12696));
#12624 = ORIENTED_EDGE('',*,*,#12625,.F.);
#12625 = EDGE_CURVE('',#12626,#12628,#12630,.T.);
#12626 = VERTEX_POINT('',#12627);
#12627 = CARTESIAN_POINT('',(-2.2,4.,61.));
#12628 = VERTEX_POINT('',#12629);
#12629 = CARTESIAN_POINT('',(-2.2,-4.,61.));
#12630 = SURFACE_CURVE('',#12631,(#12635,#12641),.PCURVE_S1.);
#12631 = LINE('',#12632,#12633);
#12632 = CARTESIAN_POINT('',(-2.2,-5.25,61.));
#12633 = VECTOR('',#12634,1.);
#12634 = DIRECTION('',(-1.110223024625E-16,-1.,0.));
#12635 = PCURVE('',#12236,#12636);
#12636 = DEFINITIONAL_REPRESENTATION('',(#12637),#12640);
#12637 = B_SPLINE_CURVE_WITH_KNOTS('',1,(#12638,#12639),.UNSPECIFIED.,
  .F.,.F.,(2,2),(-9.25,-1.25),.PIECEWISE_BEZIER_KNOTS.);
#12638 = CARTESIAN_POINT('',(10.8,10.5));
#12639 = CARTESIAN_POINT('',(10.8,2.5));
#12640 = ( GEOMETRIC_REPRESENTATION_CONTEXT(2) 
PARAMETRIC_REPRESENTATION_CONTEXT() REPRESENTATION_CONTEXT('2D SPACE',''
  ) );
#12641 = PCURVE('',#12446,#12642);
#12642 = DEFINITIONAL_REPRESENTATION('',(#12643),#12646);
#12643 = B_SPLINE_CURVE_WITH_KNOTS('',1,(#12644,#12645),.UNSPECIFIED.,
  .F.,.F.,(2,2),(-9.25,-1.25),.PIECEWISE_BEZIER_KNOTS.);
#12644 = CARTESIAN_POINT('',(8.,-0.1));
#12645 = CARTESIAN_POINT('',(0.,-0.1));
#12646 = ( GEOMETRIC_REPRESENTATION_CONTEXT(2) 
PARAMETRIC_REPRESENTATION_CONTEXT() REPRESENTATION_CONTEXT('2D SPACE',''
  ) );
#12647 = ORIENTED_EDGE('',*,*,#12648,.T.);
#12648 = EDGE_CURVE('',#12626,#12649,#12651,.T.);
#12649 = VERTEX_POINT('',#12650);
#12650 = CARTESIAN_POINT('',(2.2,4.,61.));
#12651 = SURFACE_CURVE('',#12652,(#12657,#12668),.PCURVE_S1.);
#12652 = CIRCLE('',#12653,2.2);
#12653 = AXIS2_PLACEMENT_3D('',#12654,#12655,#12656);
#12654 = CARTESIAN_POINT('',(4.440892098501E-16,4.,61.));
#12655 = DIRECTION('',(0.,0.,-1.));
#12656 = DIRECTION('',(-1.,5.147397659626E-16,0.));
#12657 = PCURVE('',#12236,#12658);
#12658 = DEFINITIONAL_REPRESENTATION('',(#12659),#12667);
#12659 = ( BOUNDED_CURVE() B_SPLINE_CURVE(2,(#12660,#12661,#12662,#12663
    ,#12664,#12665,#12666),.UNSPECIFIED.,.T.,.F.) 
B_SPLINE_CURVE_WITH_KNOTS((1,2,2,2,2,1),(-2.094395102393,0.,
    2.094395102393,4.188790204786,6.28318530718,8.377580409573),
.UNSPECIFIED.) CURVE() GEOMETRIC_REPRESENTATION_ITEM() 
RATIONAL_B_SPLINE_CURVE((1.,0.5,1.,0.5,1.,0.5,1.)) REPRESENTATION_ITEM(
  '') );
#12660 = CARTESIAN_POINT('',(10.8,10.5));
#12661 = CARTESIAN_POINT('',(10.8,14.310511776652));
#12662 = CARTESIAN_POINT('',(14.1,12.405255888326));
#12663 = CARTESIAN_POINT('',(17.4,10.5));
#12664 = CARTESIAN_POINT('',(14.1,8.594744111674));
#12665 = CARTESIAN_POINT('',(10.8,6.689488223348));
#12666 = CARTESIAN_POINT('',(10.8,10.5));
#12667 = ( GEOMETRIC_REPRESENTATION_CONTEXT(2) 
PARAMETRIC_REPRESENTATION_CONTEXT() REPRESENTATION_CONTEXT('2D SPACE',''
  ) );
#12668 = PCURVE('',#12478,#12669);
#12669 = DEFINITIONAL_REPRESENTATION('',(#12670),#12674);
#12670 = LINE('',#12671,#12672);
#12671 = CARTESIAN_POINT('',(0.,-0.1));
#12672 = VECTOR('',#12673,1.);
#12673 = DIRECTION('',(1.,0.));
#12674 = ( GEOMETRIC_REPRESENTATION_CONTEXT(2) 
PARAMETRIC_REPRESENTATION_CONTEXT() REPRESENTATION_CONTEXT('2D SPACE',''
  ) );
#12675 = ORIENTED_EDGE('',*,*,#12676,.F.);
#12676 = EDGE_CURVE('',#12677,#12649,#12679,.T.);
#12677 = VERTEX_POINT('',#12678);
#12678 = CARTESIAN_POINT('',(2.2,-4.,61.));
#12679 = SURFACE_CURVE('',#12680,(#12684,#12690),.PCURVE_S1.);
#12680 = LINE('',#12681,#12682);
#12681 = CARTESIAN_POINT('',(2.2,-1.25,61.));
#12682 = VECTOR('',#12683,1.);
#12683 = DIRECTION('',(1.110223024625E-16,1.,-0.));
#12684 = PCURVE('',#12236,#12685);
#12685 = DEFINITIONAL_REPRESENTATION('',(#12686),#12689);
#12686 = B_SPLINE_CURVE_WITH_KNOTS('',1,(#12687,#12688),.UNSPECIFIED.,
  .F.,.F.,(2,2),(-2.75,5.25),.PIECEWISE_BEZIER_KNOTS.);
#12687 = CARTESIAN_POINT('',(15.2,2.5));
#12688 = CARTESIAN_POINT('',(15.2,10.5));
#12689 = ( GEOMETRIC_REPRESENTATION_CONTEXT(2) 
PARAMETRIC_REPRESENTATION_CONTEXT() REPRESENTATION_CONTEXT('2D SPACE',''
  ) );
#12690 = PCURVE('',#12505,#12691);
#12691 = DEFINITIONAL_REPRESENTATION('',(#12692),#12695);
#12692 = B_SPLINE_CURVE_WITH_KNOTS('',1,(#12693,#12694),.UNSPECIFIED.,
  .F.,.F.,(2,2),(-2.75,5.25),.PIECEWISE_BEZIER_KNOTS.);
#12693 = CARTESIAN_POINT('',(8.,-0.1));
#12694 = CARTESIAN_POINT('',(0.,-0.1));
#12695 = ( GEOMETRIC_REPRESENTATION_CONTEXT(2) 
PARAMETRIC_REPRESENTATION_CONTEXT() REPRESENTATION_CONTEXT('2D SPACE',''
  ) );
#12696 = ORIENTED_EDGE('',*,*,#12697,.T.);
#12697 = EDGE_CURVE('',#12677,#12628,#12698,.T.);
#12698 = SURFACE_CURVE('',#12699,(#12704,#12715),.PCURVE_S1.);
#12699 = CIRCLE('',#12700,2.2);
#12700 = AXIS2_PLACEMENT_3D('',#12701,#12702,#12703);
#12701 = CARTESIAN_POINT('',(-4.440892098501E-16,-4.,61.));
#12702 = DIRECTION('',(-0.,0.,-1.));
#12703 = DIRECTION('',(1.,-5.147397659626E-16,-0.));
#12704 = PCURVE('',#12236,#12705);
#12705 = DEFINITIONAL_REPRESENTATION('',(#12706),#12714);
#12706 = ( BOUNDED_CURVE() B_SPLINE_CURVE(2,(#12707,#12708,#12709,#12710
    ,#12711,#12712,#12713),.UNSPECIFIED.,.T.,.F.) 
B_SPLINE_CURVE_WITH_KNOTS((1,2,2,2,2,1),(-2.094395102393,0.,
    2.094395102393,4.188790204786,6.28318530718,8.377580409573),
.UNSPECIFIED.) CURVE() GEOMETRIC_REPRESENTATION_ITEM() 
RATIONAL_B_SPLINE_CURVE((1.,0.5,1.,0.5,1.,0.5,1.)) REPRESENTATION_ITEM(
  '') );
#12707 = CARTESIAN_POINT('',(15.2,2.5));
#12708 = CARTESIAN_POINT('',(15.2,-1.310511776652));
#12709 = CARTESIAN_POINT('',(11.9,0.594744111674));
#12710 = CARTESIAN_POINT('',(8.6,2.5));
#12711 = CARTESIAN_POINT('',(11.9,4.405255888326));
#12712 = CARTESIAN_POINT('',(15.2,6.310511776652));
#12713 = CARTESIAN_POINT('',(15.2,2.5));
#12714 = ( GEOMETRIC_REPRESENTATION_CONTEXT(2) 
PARAMETRIC_REPRESENTATION_CONTEXT() REPRESENTATION_CONTEXT('2D SPACE',''
  ) );
#12715 = PCURVE('',#12535,#12716);
#12716 = DEFINITIONAL_REPRESENTATION('',(#12717),#12721);
#12717 = LINE('',#12718,#12719);
#12718 = CARTESIAN_POINT('',(0.,-0.1));
#12719 = VECTOR('',#12720,1.);
#12720 = DIRECTION('',(1.,0.));
#12721 = ( GEOMETRIC_REPRESENTATION_CONTEXT(2) 
PARAMETRIC_REPRESENTATION_CONTEXT() REPRESENTATION_CONTEXT('2D SPACE',''
  ) );
#12722 = ADVANCED_FACE('',(#12723),#12366,.T.);
#12723 = FACE_BOUND('',#12724,.T.);
#12724 = EDGE_LOOP('',(#12725,#12726,#12727,#12728));
#12725 = ORIENTED_EDGE('',*,*,#12352,.F.);
#12726 = ORIENTED_EDGE('',*,*,#12601,.T.);
#12727 = ORIENTED_EDGE('',*,*,#12575,.T.);
#12728 = ORIENTED_EDGE('',*,*,#12383,.F.);
#12729 = ADVANCED_FACE('',(#12730),#12446,.F.);
#12730 = FACE_BOUND('',#12731,.F.);
#12731 = EDGE_LOOP('',(#12732,#12733,#12754,#12755));
#12732 = ORIENTED_EDGE('',*,*,#12625,.T.);
#12733 = ORIENTED_EDGE('',*,*,#12734,.T.);
#12734 = EDGE_CURVE('',#12628,#12432,#12735,.T.);
#12735 = SURFACE_CURVE('',#12736,(#12740,#12747),.PCURVE_S1.);
#12736 = LINE('',#12737,#12738);
#12737 = CARTESIAN_POINT('',(-2.2,-4.,60.9));
#12738 = VECTOR('',#12739,1.);
#12739 = DIRECTION('',(0.,0.,1.));
#12740 = PCURVE('',#12446,#12741);
#12741 = DEFINITIONAL_REPRESENTATION('',(#12742),#12746);
#12742 = LINE('',#12743,#12744);
#12743 = CARTESIAN_POINT('',(0.,0.));
#12744 = VECTOR('',#12745,1.);
#12745 = DIRECTION('',(0.,-1.));
#12746 = ( GEOMETRIC_REPRESENTATION_CONTEXT(2) 
PARAMETRIC_REPRESENTATION_CONTEXT() REPRESENTATION_CONTEXT('2D SPACE',''
  ) );
#12747 = PCURVE('',#12535,#12748);
#12748 = DEFINITIONAL_REPRESENTATION('',(#12749),#12753);
#12749 = LINE('',#12750,#12751);
#12750 = CARTESIAN_POINT('',(3.14159265359,0.));
#12751 = VECTOR('',#12752,1.);
#12752 = DIRECTION('',(0.,-1.));
#12753 = ( GEOMETRIC_REPRESENTATION_CONTEXT(2) 
PARAMETRIC_REPRESENTATION_CONTEXT() REPRESENTATION_CONTEXT('2D SPACE',''
  ) );
#12754 = ORIENTED_EDGE('',*,*,#12429,.F.);
#12755 = ORIENTED_EDGE('',*,*,#12756,.F.);
#12756 = EDGE_CURVE('',#12626,#12430,#12757,.T.);
#12757 = SURFACE_CURVE('',#12758,(#12762,#12769),.PCURVE_S1.);
#12758 = LINE('',#12759,#12760);
#12759 = CARTESIAN_POINT('',(-2.2,4.,60.9));
#12760 = VECTOR('',#12761,1.);
#12761 = DIRECTION('',(0.,0.,1.));
#12762 = PCURVE('',#12446,#12763);
#12763 = DEFINITIONAL_REPRESENTATION('',(#12764),#12768);
#12764 = LINE('',#12765,#12766);
#12765 = CARTESIAN_POINT('',(8.,0.));
#12766 = VECTOR('',#12767,1.);
#12767 = DIRECTION('',(0.,-1.));
#12768 = ( GEOMETRIC_REPRESENTATION_CONTEXT(2) 
PARAMETRIC_REPRESENTATION_CONTEXT() REPRESENTATION_CONTEXT('2D SPACE',''
  ) );
#12769 = PCURVE('',#12478,#12770);
#12770 = DEFINITIONAL_REPRESENTATION('',(#12771),#12775);
#12771 = LINE('',#12772,#12773);
#12772 = CARTESIAN_POINT('',(0.,0.));
#12773 = VECTOR('',#12774,1.);
#12774 = DIRECTION('',(0.,-1.));
#12775 = ( GEOMETRIC_REPRESENTATION_CONTEXT(2) 
PARAMETRIC_REPRESENTATION_CONTEXT() REPRESENTATION_CONTEXT('2D SPACE',''
  ) );
#12776 = ADVANCED_FACE('',(#12777),#12535,.F.);
#12777 = FACE_BOUND('',#12778,.F.);
#12778 = EDGE_LOOP('',(#12779,#12780,#12801,#12802));
#12779 = ORIENTED_EDGE('',*,*,#12697,.F.);
#12780 = ORIENTED_EDGE('',*,*,#12781,.T.);
#12781 = EDGE_CURVE('',#12677,#12491,#12782,.T.);
#12782 = SURFACE_CURVE('',#12783,(#12787,#12794),.PCURVE_S1.);
#12783 = LINE('',#12784,#12785);
#12784 = CARTESIAN_POINT('',(2.2,-4.,60.9));
#12785 = VECTOR('',#12786,1.);
#12786 = DIRECTION('',(0.,0.,1.));
#12787 = PCURVE('',#12535,#12788);
#12788 = DEFINITIONAL_REPRESENTATION('',(#12789),#12793);
#12789 = LINE('',#12790,#12791);
#12790 = CARTESIAN_POINT('',(0.,0.));
#12791 = VECTOR('',#12792,1.);
#12792 = DIRECTION('',(0.,-1.));
#12793 = ( GEOMETRIC_REPRESENTATION_CONTEXT(2) 
PARAMETRIC_REPRESENTATION_CONTEXT() REPRESENTATION_CONTEXT('2D SPACE',''
  ) );
#12794 = PCURVE('',#12505,#12795);
#12795 = DEFINITIONAL_REPRESENTATION('',(#12796),#12800);
#12796 = LINE('',#12797,#12798);
#12797 = CARTESIAN_POINT('',(8.,0.));
#12798 = VECTOR('',#12799,1.);
#12799 = DIRECTION('',(0.,-1.));
#12800 = ( GEOMETRIC_REPRESENTATION_CONTEXT(2) 
PARAMETRIC_REPRESENTATION_CONTEXT() REPRESENTATION_CONTEXT('2D SPACE',''
  ) );
#12801 = ORIENTED_EDGE('',*,*,#12516,.T.);
#12802 = ORIENTED_EDGE('',*,*,#12734,.F.);
#12803 = ADVANCED_FACE('',(#12804),#12505,.F.);
#12804 = FACE_BOUND('',#12805,.F.);
#12805 = EDGE_LOOP('',(#12806,#12807,#12828,#12829));
#12806 = ORIENTED_EDGE('',*,*,#12676,.T.);
#12807 = ORIENTED_EDGE('',*,*,#12808,.T.);
#12808 = EDGE_CURVE('',#12649,#12458,#12809,.T.);
#12809 = SURFACE_CURVE('',#12810,(#12814,#12821),.PCURVE_S1.);
#12810 = LINE('',#12811,#12812);
#12811 = CARTESIAN_POINT('',(2.2,4.,60.9));
#12812 = VECTOR('',#12813,1.);
#12813 = DIRECTION('',(0.,0.,1.));
#12814 = PCURVE('',#12505,#12815);
#12815 = DEFINITIONAL_REPRESENTATION('',(#12816),#12820);
#12816 = LINE('',#12817,#12818);
#12817 = CARTESIAN_POINT('',(0.,0.));
#12818 = VECTOR('',#12819,1.);
#12819 = DIRECTION('',(0.,-1.));
#12820 = ( GEOMETRIC_REPRESENTATION_CONTEXT(2) 
PARAMETRIC_REPRESENTATION_CONTEXT() REPRESENTATION_CONTEXT('2D SPACE',''
  ) );
#12821 = PCURVE('',#12478,#12822);
#12822 = DEFINITIONAL_REPRESENTATION('',(#12823),#12827);
#12823 = LINE('',#12824,#12825);
#12824 = CARTESIAN_POINT('',(3.14159265359,0.));
#12825 = VECTOR('',#12826,1.);
#12826 = DIRECTION('',(0.,-1.));
#12827 = ( GEOMETRIC_REPRESENTATION_CONTEXT(2) 
PARAMETRIC_REPRESENTATION_CONTEXT() REPRESENTATION_CONTEXT('2D SPACE',''
  ) );
#12828 = ORIENTED_EDGE('',*,*,#12490,.F.);
#12829 = ORIENTED_EDGE('',*,*,#12781,.F.);
#12830 = ADVANCED_FACE('',(#12831),#12478,.F.);
#12831 = FACE_BOUND('',#12832,.F.);
#12832 = EDGE_LOOP('',(#12833,#12834,#12835,#12836));
#12833 = ORIENTED_EDGE('',*,*,#12648,.F.);
#12834 = ORIENTED_EDGE('',*,*,#12756,.T.);
#12835 = ORIENTED_EDGE('',*,*,#12457,.T.);
#12836 = ORIENTED_EDGE('',*,*,#12808,.F.);
#12837 = ( GEOMETRIC_REPRESENTATION_CONTEXT(3) 
GLOBAL_UNCERTAINTY_ASSIGNED_CONTEXT((#12841)) 
GLOBAL_UNIT_ASSIGNED_CONTEXT((#12838,#12839,#12840)) 
REPRESENTATION_CONTEXT('Context #1',
  '3D Context with UNIT and UNCERTAINTY') );
#12838 = ( LENGTH_UNIT() NAMED_UNIT(*) SI_UNIT(.MILLI.,.METRE.) );
#12839 = ( NAMED_UNIT(*) PLANE_ANGLE_UNIT() SI_UNIT($,.RADIAN.) );
#12840 = ( NAMED_UNIT(*) SI_UNIT($,.STERADIAN.) SOLID_ANGLE_UNIT() );
#12841 = UNCERTAINTY_MEASURE_WITH_UNIT(LENGTH_MEASURE(1.E-07),#12838,
  'distance_accuracy_value','confusion accuracy');
#12842 = CONTEXT_DEPENDENT_SHAPE_REPRESENTATION(#12843,#12845);
#12843 = ( REPRESENTATION_RELATIONSHIP('','',#12178,#10) 
REPRESENTATION_RELATIONSHIP_WITH_TRANSFORMATION(#12844) 
SHAPE_REPRESENTATION_RELATIONSHIP() );
#12844 = ITEM_DEFINED_TRANSFORMATION('','',#11,#103);
#12845 = PRODUCT_DEFINITION_SHAPE('Placement','Placement of an item',
  #12846);
#12846 = NEXT_ASSEMBLY_USAGE_OCCURRENCE('47','whisk_carriage_x','',#5,
  #12173,$);
#12847 = PRODUCT_RELATED_PRODUCT_CATEGORY('part',$,(#12175));
#12848 = SHAPE_DEFINITION_REPRESENTATION(#12849,#12855);
#12849 = PRODUCT_DEFINITION_SHAPE('','',#12850);
#12850 = PRODUCT_DEFINITION('design','',#12851,#12854);
#12851 = PRODUCT_DEFINITION_FORMATION('','',#12852);
#12852 = PRODUCT('whisk_compliance_carriage','whisk_compliance_carriage'
  ,'',(#12853));
#12853 = PRODUCT_CONTEXT('',#2,'mechanical');
#12854 = PRODUCT_DEFINITION_CONTEXT('part definition',#2,'design');
#12855 = ADVANCED_BREP_SHAPE_REPRESENTATION('',(#11,#12856),#13038);
#12856 = MANIFOLD_SOLID_BREP('',#12857);
#12857 = CLOSED_SHELL('',(#12858,#12946,#12981,#13011));
#12858 = ADVANCED_FACE('',(#12859),#12872,.T.);
#12859 = FACE_BOUND('',#12860,.T.);
#12860 = EDGE_LOOP('',(#12861,#12895,#12918,#12945));
#12861 = ORIENTED_EDGE('',*,*,#12862,.F.);
#12862 = EDGE_CURVE('',#12863,#12863,#12865,.T.);
#12863 = VERTEX_POINT('',#12864);
#12864 = CARTESIAN_POINT('',(7.,-1.714505518806E-15,86.));
#12865 = SURFACE_CURVE('',#12866,(#12871,#12883),.PCURVE_S1.);
#12866 = CIRCLE('',#12867,7.);
#12867 = AXIS2_PLACEMENT_3D('',#12868,#12869,#12870);
#12868 = CARTESIAN_POINT('',(0.,0.,86.));
#12869 = DIRECTION('',(0.,0.,1.));
#12870 = DIRECTION('',(1.,0.,-0.));
#12871 = PCURVE('',#12872,#12877);
#12872 = CYLINDRICAL_SURFACE('',#12873,7.);
#12873 = AXIS2_PLACEMENT_3D('',#12874,#12875,#12876);
#12874 = CARTESIAN_POINT('',(0.,0.,66.));
#12875 = DIRECTION('',(0.,0.,1.));
#12876 = DIRECTION('',(1.,0.,-0.));
#12877 = DEFINITIONAL_REPRESENTATION('',(#12878),#12882);
#12878 = LINE('',#12879,#12880);
#12879 = CARTESIAN_POINT('',(0.,20.));
#12880 = VECTOR('',#12881,1.);
#12881 = DIRECTION('',(1.,0.));
#12882 = ( GEOMETRIC_REPRESENTATION_CONTEXT(2) 
PARAMETRIC_REPRESENTATION_CONTEXT() REPRESENTATION_CONTEXT('2D SPACE',''
  ) );
#12883 = PCURVE('',#12884,#12889);
#12884 = PLANE('',#12885);
#12885 = AXIS2_PLACEMENT_3D('',#12886,#12887,#12888);
#12886 = CARTESIAN_POINT('',(0.,0.,86.));
#12887 = DIRECTION('',(0.,0.,1.));
#12888 = DIRECTION('',(1.,0.,-0.));
#12889 = DEFINITIONAL_REPRESENTATION('',(#12890),#12894);
#12890 = CIRCLE('',#12891,7.);
#12891 = AXIS2_PLACEMENT_2D('',#12892,#12893);
#12892 = CARTESIAN_POINT('',(0.,0.));
#12893 = DIRECTION('',(1.,0.));
#12894 = ( GEOMETRIC_REPRESENTATION_CONTEXT(2) 
PARAMETRIC_REPRESENTATION_CONTEXT() REPRESENTATION_CONTEXT('2D SPACE',''
  ) );
#12895 = ORIENTED_EDGE('',*,*,#12896,.F.);
#12896 = EDGE_CURVE('',#12897,#12863,#12899,.T.);
#12897 = VERTEX_POINT('',#12898);
#12898 = CARTESIAN_POINT('',(7.,-1.714505518806E-15,66.));
#12899 = SEAM_CURVE('',#12900,(#12904,#12911),.PCURVE_S1.);
#12900 = LINE('',#12901,#12902);
#12901 = CARTESIAN_POINT('',(7.,-1.714505518806E-15,66.));
#12902 = VECTOR('',#12903,1.);
#12903 = DIRECTION('',(0.,0.,1.));
#12904 = PCURVE('',#12872,#12905);
#12905 = DEFINITIONAL_REPRESENTATION('',(#12906),#12910);
#12906 = LINE('',#12907,#12908);
#12907 = CARTESIAN_POINT('',(6.28318530718,-0.));
#12908 = VECTOR('',#12909,1.);
#12909 = DIRECTION('',(0.,1.));
#12910 = ( GEOMETRIC_REPRESENTATION_CONTEXT(2) 
PARAMETRIC_REPRESENTATION_CONTEXT() REPRESENTATION_CONTEXT('2D SPACE',''
  ) );
#12911 = PCURVE('',#12872,#12912);
#12912 = DEFINITIONAL_REPRESENTATION('',(#12913),#12917);
#12913 = LINE('',#12914,#12915);
#12914 = CARTESIAN_POINT('',(0.,-0.));
#12915 = VECTOR('',#12916,1.);
#12916 = DIRECTION('',(0.,1.));
#12917 = ( GEOMETRIC_REPRESENTATION_CONTEXT(2) 
PARAMETRIC_REPRESENTATION_CONTEXT() REPRESENTATION_CONTEXT('2D SPACE',''
  ) );
#12918 = ORIENTED_EDGE('',*,*,#12919,.T.);
#12919 = EDGE_CURVE('',#12897,#12897,#12920,.T.);
#12920 = SURFACE_CURVE('',#12921,(#12926,#12933),.PCURVE_S1.);
#12921 = CIRCLE('',#12922,7.);
#12922 = AXIS2_PLACEMENT_3D('',#12923,#12924,#12925);
#12923 = CARTESIAN_POINT('',(0.,0.,66.));
#12924 = DIRECTION('',(0.,0.,1.));
#12925 = DIRECTION('',(1.,0.,-0.));
#12926 = PCURVE('',#12872,#12927);
#12927 = DEFINITIONAL_REPRESENTATION('',(#12928),#12932);
#12928 = LINE('',#12929,#12930);
#12929 = CARTESIAN_POINT('',(0.,0.));
#12930 = VECTOR('',#12931,1.);
#12931 = DIRECTION('',(1.,0.));
#12932 = ( GEOMETRIC_REPRESENTATION_CONTEXT(2) 
PARAMETRIC_REPRESENTATION_CONTEXT() REPRESENTATION_CONTEXT('2D SPACE',''
  ) );
#12933 = PCURVE('',#12934,#12939);
#12934 = PLANE('',#12935);
#12935 = AXIS2_PLACEMENT_3D('',#12936,#12937,#12938);
#12936 = CARTESIAN_POINT('',(0.,0.,66.));
#12937 = DIRECTION('',(0.,0.,1.));
#12938 = DIRECTION('',(1.,0.,-0.));
#12939 = DEFINITIONAL_REPRESENTATION('',(#12940),#12944);
#12940 = CIRCLE('',#12941,7.);
#12941 = AXIS2_PLACEMENT_2D('',#12942,#12943);
#12942 = CARTESIAN_POINT('',(0.,0.));
#12943 = DIRECTION('',(1.,0.));
#12944 = ( GEOMETRIC_REPRESENTATION_CONTEXT(2) 
PARAMETRIC_REPRESENTATION_CONTEXT() REPRESENTATION_CONTEXT('2D SPACE',''
  ) );
#12945 = ORIENTED_EDGE('',*,*,#12896,.T.);
#12946 = ADVANCED_FACE('',(#12947,#12950),#12884,.T.);
#12947 = FACE_BOUND('',#12948,.T.);
#12948 = EDGE_LOOP('',(#12949));
#12949 = ORIENTED_EDGE('',*,*,#12862,.T.);
#12950 = FACE_BOUND('',#12951,.T.);
#12951 = EDGE_LOOP('',(#12952));
#12952 = ORIENTED_EDGE('',*,*,#12953,.F.);
#12953 = EDGE_CURVE('',#12954,#12954,#12956,.T.);
#12954 = VERTEX_POINT('',#12955);
#12955 = CARTESIAN_POINT('',(4.1,-1.004210375301E-15,86.));
#12956 = SURFACE_CURVE('',#12957,(#12962,#12969),.PCURVE_S1.);
#12957 = CIRCLE('',#12958,4.1);
#12958 = AXIS2_PLACEMENT_3D('',#12959,#12960,#12961);
#12959 = CARTESIAN_POINT('',(0.,0.,86.));
#12960 = DIRECTION('',(0.,0.,1.));
#12961 = DIRECTION('',(1.,0.,-0.));
#12962 = PCURVE('',#12884,#12963);
#12963 = DEFINITIONAL_REPRESENTATION('',(#12964),#12968);
#12964 = CIRCLE('',#12965,4.1);
#12965 = AXIS2_PLACEMENT_2D('',#12966,#12967);
#12966 = CARTESIAN_POINT('',(0.,0.));
#12967 = DIRECTION('',(1.,0.));
#12968 = ( GEOMETRIC_REPRESENTATION_CONTEXT(2) 
PARAMETRIC_REPRESENTATION_CONTEXT() REPRESENTATION_CONTEXT('2D SPACE',''
  ) );
#12969 = PCURVE('',#12970,#12975);
#12970 = CYLINDRICAL_SURFACE('',#12971,4.1);
#12971 = AXIS2_PLACEMENT_3D('',#12972,#12973,#12974);
#12972 = CARTESIAN_POINT('',(0.,0.,65.9));
#12973 = DIRECTION('',(0.,0.,1.));
#12974 = DIRECTION('',(1.,0.,-0.));
#12975 = DEFINITIONAL_REPRESENTATION('',(#12976),#12980);
#12976 = LINE('',#12977,#12978);
#12977 = CARTESIAN_POINT('',(0.,20.1));
#12978 = VECTOR('',#12979,1.);
#12979 = DIRECTION('',(1.,0.));
#12980 = ( GEOMETRIC_REPRESENTATION_CONTEXT(2) 
PARAMETRIC_REPRESENTATION_CONTEXT() REPRESENTATION_CONTEXT('2D SPACE',''
  ) );
#12981 = ADVANCED_FACE('',(#12982,#12985),#12934,.F.);
#12982 = FACE_BOUND('',#12983,.F.);
#12983 = EDGE_LOOP('',(#12984));
#12984 = ORIENTED_EDGE('',*,*,#12919,.T.);
#12985 = FACE_BOUND('',#12986,.F.);
#12986 = EDGE_LOOP('',(#12987));
#12987 = ORIENTED_EDGE('',*,*,#12988,.F.);
#12988 = EDGE_CURVE('',#12989,#12989,#12991,.T.);
#12989 = VERTEX_POINT('',#12990);
#12990 = CARTESIAN_POINT('',(4.1,-1.004210375301E-15,66.));
#12991 = SURFACE_CURVE('',#12992,(#12997,#13004),.PCURVE_S1.);
#12992 = CIRCLE('',#12993,4.1);
#12993 = AXIS2_PLACEMENT_3D('',#12994,#12995,#12996);
#12994 = CARTESIAN_POINT('',(0.,0.,66.));
#12995 = DIRECTION('',(0.,0.,1.));
#12996 = DIRECTION('',(1.,0.,-0.));
#12997 = PCURVE('',#12934,#12998);
#12998 = DEFINITIONAL_REPRESENTATION('',(#12999),#13003);
#12999 = CIRCLE('',#13000,4.1);
#13000 = AXIS2_PLACEMENT_2D('',#13001,#13002);
#13001 = CARTESIAN_POINT('',(0.,0.));
#13002 = DIRECTION('',(1.,0.));
#13003 = ( GEOMETRIC_REPRESENTATION_CONTEXT(2) 
PARAMETRIC_REPRESENTATION_CONTEXT() REPRESENTATION_CONTEXT('2D SPACE',''
  ) );
#13004 = PCURVE('',#12970,#13005);
#13005 = DEFINITIONAL_REPRESENTATION('',(#13006),#13010);
#13006 = LINE('',#13007,#13008);
#13007 = CARTESIAN_POINT('',(0.,9.999999999999E-02));
#13008 = VECTOR('',#13009,1.);
#13009 = DIRECTION('',(1.,0.));
#13010 = ( GEOMETRIC_REPRESENTATION_CONTEXT(2) 
PARAMETRIC_REPRESENTATION_CONTEXT() REPRESENTATION_CONTEXT('2D SPACE',''
  ) );
#13011 = ADVANCED_FACE('',(#13012),#12970,.F.);
#13012 = FACE_BOUND('',#13013,.F.);
#13013 = EDGE_LOOP('',(#13014,#13015,#13036,#13037));
#13014 = ORIENTED_EDGE('',*,*,#12953,.F.);
#13015 = ORIENTED_EDGE('',*,*,#13016,.F.);
#13016 = EDGE_CURVE('',#12989,#12954,#13017,.T.);
#13017 = SEAM_CURVE('',#13018,(#13022,#13029),.PCURVE_S1.);
#13018 = LINE('',#13019,#13020);
#13019 = CARTESIAN_POINT('',(4.1,-1.004210375301E-15,65.9));
#13020 = VECTOR('',#13021,1.);
#13021 = DIRECTION('',(0.,0.,1.));
#13022 = PCURVE('',#12970,#13023);
#13023 = DEFINITIONAL_REPRESENTATION('',(#13024),#13028);
#13024 = LINE('',#13025,#13026);
#13025 = CARTESIAN_POINT('',(6.28318530718,-0.));
#13026 = VECTOR('',#13027,1.);
#13027 = DIRECTION('',(0.,1.));
#13028 = ( GEOMETRIC_REPRESENTATION_CONTEXT(2) 
PARAMETRIC_REPRESENTATION_CONTEXT() REPRESENTATION_CONTEXT('2D SPACE',''
  ) );
#13029 = PCURVE('',#12970,#13030);
#13030 = DEFINITIONAL_REPRESENTATION('',(#13031),#13035);
#13031 = LINE('',#13032,#13033);
#13032 = CARTESIAN_POINT('',(0.,-0.));
#13033 = VECTOR('',#13034,1.);
#13034 = DIRECTION('',(0.,1.));
#13035 = ( GEOMETRIC_REPRESENTATION_CONTEXT(2) 
PARAMETRIC_REPRESENTATION_CONTEXT() REPRESENTATION_CONTEXT('2D SPACE',''
  ) );
#13036 = ORIENTED_EDGE('',*,*,#12988,.T.);
#13037 = ORIENTED_EDGE('',*,*,#13016,.T.);
#13038 = ( GEOMETRIC_REPRESENTATION_CONTEXT(3) 
GLOBAL_UNCERTAINTY_ASSIGNED_CONTEXT((#13042)) 
GLOBAL_UNIT_ASSIGNED_CONTEXT((#13039,#13040,#13041)) 
REPRESENTATION_CONTEXT('Context #1',
  '3D Context with UNIT and UNCERTAINTY') );
#13039 = ( LENGTH_UNIT() NAMED_UNIT(*) SI_UNIT(.MILLI.,.METRE.) );
#13040 = ( NAMED_UNIT(*) PLANE_ANGLE_UNIT() SI_UNIT($,.RADIAN.) );
#13041 = ( NAMED_UNIT(*) SI_UNIT($,.STERADIAN.) SOLID_ANGLE_UNIT() );
#13042 = UNCERTAINTY_MEASURE_WITH_UNIT(LENGTH_MEASURE(1.E-07),#13039,
  'distance_accuracy_value','confusion accuracy');
#13043 = CONTEXT_DEPENDENT_SHAPE_REPRESENTATION(#13044,#13046);
#13044 = ( REPRESENTATION_RELATIONSHIP('','',#12855,#10) 
REPRESENTATION_RELATIONSHIP_WITH_TRANSFORMATION(#13045) 
SHAPE_REPRESENTATION_RELATIONSHIP() );
#13045 = ITEM_DEFINED_TRANSFORMATION('','',#11,#107);
#13046 = PRODUCT_DEFINITION_SHAPE('Placement','Placement of an item',
  #13047);
#13047 = NEXT_ASSEMBLY_USAGE_OCCURRENCE('48','whisk_compliance_carriage'
  ,'',#5,#12850,$);
#13048 = PRODUCT_RELATED_PRODUCT_CATEGORY('part',$,(#12852));
#13049 = SHAPE_DEFINITION_REPRESENTATION(#13050,#13056);
#13050 = PRODUCT_DEFINITION_SHAPE('','',#13051);
#13051 = PRODUCT_DEFINITION('design','',#13052,#13055);
#13052 = PRODUCT_DEFINITION_FORMATION('','',#13053);
#13053 = PRODUCT('whisk_compliance_spring','whisk_compliance_spring','',
  (#13054));
#13054 = PRODUCT_CONTEXT('',#2,'mechanical');
#13055 = PRODUCT_DEFINITION_CONTEXT('part definition',#2,'design');
#13056 = ADVANCED_BREP_SHAPE_REPRESENTATION('',(#11,#13057),#13239);
#13057 = MANIFOLD_SOLID_BREP('',#13058);
#13058 = CLOSED_SHELL('',(#13059,#13147,#13182,#13212));
#13059 = ADVANCED_FACE('',(#13060),#13073,.T.);
#13060 = FACE_BOUND('',#13061,.T.);
#13061 = EDGE_LOOP('',(#13062,#13096,#13119,#13146));
#13062 = ORIENTED_EDGE('',*,*,#13063,.F.);
#13063 = EDGE_CURVE('',#13064,#13064,#13066,.T.);
#13064 = VERTEX_POINT('',#13065);
#13065 = CARTESIAN_POINT('',(5.,-1.224646799147E-15,82.));
#13066 = SURFACE_CURVE('',#13067,(#13072,#13084),.PCURVE_S1.);
#13067 = CIRCLE('',#13068,5.);
#13068 = AXIS2_PLACEMENT_3D('',#13069,#13070,#13071);
#13069 = CARTESIAN_POINT('',(0.,0.,82.));
#13070 = DIRECTION('',(0.,0.,1.));
#13071 = DIRECTION('',(1.,0.,-0.));
#13072 = PCURVE('',#13073,#13078);
#13073 = CYLINDRICAL_SURFACE('',#13074,5.);
#13074 = AXIS2_PLACEMENT_3D('',#13075,#13076,#13077);
#13075 = CARTESIAN_POINT('',(0.,0.,67.));
#13076 = DIRECTION('',(0.,0.,1.));
#13077 = DIRECTION('',(1.,0.,-0.));
#13078 = DEFINITIONAL_REPRESENTATION('',(#13079),#13083);
#13079 = LINE('',#13080,#13081);
#13080 = CARTESIAN_POINT('',(0.,15.));
#13081 = VECTOR('',#13082,1.);
#13082 = DIRECTION('',(1.,0.));
#13083 = ( GEOMETRIC_REPRESENTATION_CONTEXT(2) 
PARAMETRIC_REPRESENTATION_CONTEXT() REPRESENTATION_CONTEXT('2D SPACE',''
  ) );
#13084 = PCURVE('',#13085,#13090);
#13085 = PLANE('',#13086);
#13086 = AXIS2_PLACEMENT_3D('',#13087,#13088,#13089);
#13087 = CARTESIAN_POINT('',(0.,0.,82.));
#13088 = DIRECTION('',(0.,0.,1.));
#13089 = DIRECTION('',(1.,0.,-0.));
#13090 = DEFINITIONAL_REPRESENTATION('',(#13091),#13095);
#13091 = CIRCLE('',#13092,5.);
#13092 = AXIS2_PLACEMENT_2D('',#13093,#13094);
#13093 = CARTESIAN_POINT('',(0.,0.));
#13094 = DIRECTION('',(1.,0.));
#13095 = ( GEOMETRIC_REPRESENTATION_CONTEXT(2) 
PARAMETRIC_REPRESENTATION_CONTEXT() REPRESENTATION_CONTEXT('2D SPACE',''
  ) );
#13096 = ORIENTED_EDGE('',*,*,#13097,.F.);
#13097 = EDGE_CURVE('',#13098,#13064,#13100,.T.);
#13098 = VERTEX_POINT('',#13099);
#13099 = CARTESIAN_POINT('',(5.,-1.224646799147E-15,67.));
#13100 = SEAM_CURVE('',#13101,(#13105,#13112),.PCURVE_S1.);
#13101 = LINE('',#13102,#13103);
#13102 = CARTESIAN_POINT('',(5.,-1.224646799147E-15,67.));
#13103 = VECTOR('',#13104,1.);
#13104 = DIRECTION('',(0.,0.,1.));
#13105 = PCURVE('',#13073,#13106);
#13106 = DEFINITIONAL_REPRESENTATION('',(#13107),#13111);
#13107 = LINE('',#13108,#13109);
#13108 = CARTESIAN_POINT('',(6.28318530718,-0.));
#13109 = VECTOR('',#13110,1.);
#13110 = DIRECTION('',(0.,1.));
#13111 = ( GEOMETRIC_REPRESENTATION_CONTEXT(2) 
PARAMETRIC_REPRESENTATION_CONTEXT() REPRESENTATION_CONTEXT('2D SPACE',''
  ) );
#13112 = PCURVE('',#13073,#13113);
#13113 = DEFINITIONAL_REPRESENTATION('',(#13114),#13118);
#13114 = LINE('',#13115,#13116);
#13115 = CARTESIAN_POINT('',(0.,-0.));
#13116 = VECTOR('',#13117,1.);
#13117 = DIRECTION('',(0.,1.));
#13118 = ( GEOMETRIC_REPRESENTATION_CONTEXT(2) 
PARAMETRIC_REPRESENTATION_CONTEXT() REPRESENTATION_CONTEXT('2D SPACE',''
  ) );
#13119 = ORIENTED_EDGE('',*,*,#13120,.T.);
#13120 = EDGE_CURVE('',#13098,#13098,#13121,.T.);
#13121 = SURFACE_CURVE('',#13122,(#13127,#13134),.PCURVE_S1.);
#13122 = CIRCLE('',#13123,5.);
#13123 = AXIS2_PLACEMENT_3D('',#13124,#13125,#13126);
#13124 = CARTESIAN_POINT('',(0.,0.,67.));
#13125 = DIRECTION('',(0.,0.,1.));
#13126 = DIRECTION('',(1.,0.,-0.));
#13127 = PCURVE('',#13073,#13128);
#13128 = DEFINITIONAL_REPRESENTATION('',(#13129),#13133);
#13129 = LINE('',#13130,#13131);
#13130 = CARTESIAN_POINT('',(0.,0.));
#13131 = VECTOR('',#13132,1.);
#13132 = DIRECTION('',(1.,0.));
#13133 = ( GEOMETRIC_REPRESENTATION_CONTEXT(2) 
PARAMETRIC_REPRESENTATION_CONTEXT() REPRESENTATION_CONTEXT('2D SPACE',''
  ) );
#13134 = PCURVE('',#13135,#13140);
#13135 = PLANE('',#13136);
#13136 = AXIS2_PLACEMENT_3D('',#13137,#13138,#13139);
#13137 = CARTESIAN_POINT('',(0.,0.,67.));
#13138 = DIRECTION('',(0.,0.,1.));
#13139 = DIRECTION('',(1.,0.,-0.));
#13140 = DEFINITIONAL_REPRESENTATION('',(#13141),#13145);
#13141 = CIRCLE('',#13142,5.);
#13142 = AXIS2_PLACEMENT_2D('',#13143,#13144);
#13143 = CARTESIAN_POINT('',(0.,0.));
#13144 = DIRECTION('',(1.,0.));
#13145 = ( GEOMETRIC_REPRESENTATION_CONTEXT(2) 
PARAMETRIC_REPRESENTATION_CONTEXT() REPRESENTATION_CONTEXT('2D SPACE',''
  ) );
#13146 = ORIENTED_EDGE('',*,*,#13097,.T.);
#13147 = ADVANCED_FACE('',(#13148,#13151),#13085,.T.);
#13148 = FACE_BOUND('',#13149,.T.);
#13149 = EDGE_LOOP('',(#13150));
#13150 = ORIENTED_EDGE('',*,*,#13063,.T.);
#13151 = FACE_BOUND('',#13152,.T.);
#13152 = EDGE_LOOP('',(#13153));
#13153 = ORIENTED_EDGE('',*,*,#13154,.F.);
#13154 = EDGE_CURVE('',#13155,#13155,#13157,.T.);
#13155 = VERTEX_POINT('',#13156);
#13156 = CARTESIAN_POINT('',(4.2,-1.028703311284E-15,82.));
#13157 = SURFACE_CURVE('',#13158,(#13163,#13170),.PCURVE_S1.);
#13158 = CIRCLE('',#13159,4.2);
#13159 = AXIS2_PLACEMENT_3D('',#13160,#13161,#13162);
#13160 = CARTESIAN_POINT('',(0.,0.,82.));
#13161 = DIRECTION('',(0.,0.,1.));
#13162 = DIRECTION('',(1.,0.,-0.));
#13163 = PCURVE('',#13085,#13164);
#13164 = DEFINITIONAL_REPRESENTATION('',(#13165),#13169);
#13165 = CIRCLE('',#13166,4.2);
#13166 = AXIS2_PLACEMENT_2D('',#13167,#13168);
#13167 = CARTESIAN_POINT('',(0.,0.));
#13168 = DIRECTION('',(1.,0.));
#13169 = ( GEOMETRIC_REPRESENTATION_CONTEXT(2) 
PARAMETRIC_REPRESENTATION_CONTEXT() REPRESENTATION_CONTEXT('2D SPACE',''
  ) );
#13170 = PCURVE('',#13171,#13176);
#13171 = CYLINDRICAL_SURFACE('',#13172,4.2);
#13172 = AXIS2_PLACEMENT_3D('',#13173,#13174,#13175);
#13173 = CARTESIAN_POINT('',(0.,0.,66.9));
#13174 = DIRECTION('',(0.,0.,1.));
#13175 = DIRECTION('',(1.,0.,-0.));
#13176 = DEFINITIONAL_REPRESENTATION('',(#13177),#13181);
#13177 = LINE('',#13178,#13179);
#13178 = CARTESIAN_POINT('',(0.,15.1));
#13179 = VECTOR('',#13180,1.);
#13180 = DIRECTION('',(1.,0.));
#13181 = ( GEOMETRIC_REPRESENTATION_CONTEXT(2) 
PARAMETRIC_REPRESENTATION_CONTEXT() REPRESENTATION_CONTEXT('2D SPACE',''
  ) );
#13182 = ADVANCED_FACE('',(#13183,#13186),#13135,.F.);
#13183 = FACE_BOUND('',#13184,.F.);
#13184 = EDGE_LOOP('',(#13185));
#13185 = ORIENTED_EDGE('',*,*,#13120,.T.);
#13186 = FACE_BOUND('',#13187,.F.);
#13187 = EDGE_LOOP('',(#13188));
#13188 = ORIENTED_EDGE('',*,*,#13189,.F.);
#13189 = EDGE_CURVE('',#13190,#13190,#13192,.T.);
#13190 = VERTEX_POINT('',#13191);
#13191 = CARTESIAN_POINT('',(4.2,-1.028703311284E-15,67.));
#13192 = SURFACE_CURVE('',#13193,(#13198,#13205),.PCURVE_S1.);
#13193 = CIRCLE('',#13194,4.2);
#13194 = AXIS2_PLACEMENT_3D('',#13195,#13196,#13197);
#13195 = CARTESIAN_POINT('',(0.,0.,67.));
#13196 = DIRECTION('',(0.,0.,1.));
#13197 = DIRECTION('',(1.,0.,-0.));
#13198 = PCURVE('',#13135,#13199);
#13199 = DEFINITIONAL_REPRESENTATION('',(#13200),#13204);
#13200 = CIRCLE('',#13201,4.2);
#13201 = AXIS2_PLACEMENT_2D('',#13202,#13203);
#13202 = CARTESIAN_POINT('',(0.,0.));
#13203 = DIRECTION('',(1.,0.));
#13204 = ( GEOMETRIC_REPRESENTATION_CONTEXT(2) 
PARAMETRIC_REPRESENTATION_CONTEXT() REPRESENTATION_CONTEXT('2D SPACE',''
  ) );
#13205 = PCURVE('',#13171,#13206);
#13206 = DEFINITIONAL_REPRESENTATION('',(#13207),#13211);
#13207 = LINE('',#13208,#13209);
#13208 = CARTESIAN_POINT('',(0.,9.999999999999E-02));
#13209 = VECTOR('',#13210,1.);
#13210 = DIRECTION('',(1.,0.));
#13211 = ( GEOMETRIC_REPRESENTATION_CONTEXT(2) 
PARAMETRIC_REPRESENTATION_CONTEXT() REPRESENTATION_CONTEXT('2D SPACE',''
  ) );
#13212 = ADVANCED_FACE('',(#13213),#13171,.F.);
#13213 = FACE_BOUND('',#13214,.F.);
#13214 = EDGE_LOOP('',(#13215,#13216,#13237,#13238));
#13215 = ORIENTED_EDGE('',*,*,#13154,.F.);
#13216 = ORIENTED_EDGE('',*,*,#13217,.F.);
#13217 = EDGE_CURVE('',#13190,#13155,#13218,.T.);
#13218 = SEAM_CURVE('',#13219,(#13223,#13230),.PCURVE_S1.);
#13219 = LINE('',#13220,#13221);
#13220 = CARTESIAN_POINT('',(4.2,-1.028703311284E-15,66.9));
#13221 = VECTOR('',#13222,1.);
#13222 = DIRECTION('',(0.,0.,1.));
#13223 = PCURVE('',#13171,#13224);
#13224 = DEFINITIONAL_REPRESENTATION('',(#13225),#13229);
#13225 = LINE('',#13226,#13227);
#13226 = CARTESIAN_POINT('',(6.28318530718,-0.));
#13227 = VECTOR('',#13228,1.);
#13228 = DIRECTION('',(0.,1.));
#13229 = ( GEOMETRIC_REPRESENTATION_CONTEXT(2) 
PARAMETRIC_REPRESENTATION_CONTEXT() REPRESENTATION_CONTEXT('2D SPACE',''
  ) );
#13230 = PCURVE('',#13171,#13231);
#13231 = DEFINITIONAL_REPRESENTATION('',(#13232),#13236);
#13232 = LINE('',#13233,#13234);
#13233 = CARTESIAN_POINT('',(0.,-0.));
#13234 = VECTOR('',#13235,1.);
#13235 = DIRECTION('',(0.,1.));
#13236 = ( GEOMETRIC_REPRESENTATION_CONTEXT(2) 
PARAMETRIC_REPRESENTATION_CONTEXT() REPRESENTATION_CONTEXT('2D SPACE',''
  ) );
#13237 = ORIENTED_EDGE('',*,*,#13189,.T.);
#13238 = ORIENTED_EDGE('',*,*,#13217,.T.);
#13239 = ( GEOMETRIC_REPRESENTATION_CONTEXT(3) 
GLOBAL_UNCERTAINTY_ASSIGNED_CONTEXT((#13243)) 
GLOBAL_UNIT_ASSIGNED_CONTEXT((#13240,#13241,#13242)) 
REPRESENTATION_CONTEXT('Context #1',
  '3D Context with UNIT and UNCERTAINTY') );
#13240 = ( LENGTH_UNIT() NAMED_UNIT(*) SI_UNIT(.MILLI.,.METRE.) );
#13241 = ( NAMED_UNIT(*) PLANE_ANGLE_UNIT() SI_UNIT($,.RADIAN.) );
#13242 = ( NAMED_UNIT(*) SI_UNIT($,.STERADIAN.) SOLID_ANGLE_UNIT() );
#13243 = UNCERTAINTY_MEASURE_WITH_UNIT(LENGTH_MEASURE(1.E-07),#13240,
  'distance_accuracy_value','confusion accuracy');
#13244 = CONTEXT_DEPENDENT_SHAPE_REPRESENTATION(#13245,#13247);
#13245 = ( REPRESENTATION_RELATIONSHIP('','',#13056,#10) 
REPRESENTATION_RELATIONSHIP_WITH_TRANSFORMATION(#13246) 
SHAPE_REPRESENTATION_RELATIONSHIP() );
#13246 = ITEM_DEFINED_TRANSFORMATION('','',#11,#111);
#13247 = PRODUCT_DEFINITION_SHAPE('Placement','Placement of an item',
  #13248);
#13248 = NEXT_ASSEMBLY_USAGE_OCCURRENCE('49','whisk_compliance_spring',
  '',#5,#13051,$);
#13249 = PRODUCT_RELATED_PRODUCT_CATEGORY('part',$,(#13053));
#13250 = SHAPE_DEFINITION_REPRESENTATION(#13251,#13257);
#13251 = PRODUCT_DEFINITION_SHAPE('','',#13252);
#13252 = PRODUCT_DEFINITION('design','',#13253,#13256);
#13253 = PRODUCT_DEFINITION_FORMATION('','',#13254);
#13254 = PRODUCT('whisk_food_grade_bellows','whisk_food_grade_bellows',
  '',(#13255));
#13255 = PRODUCT_CONTEXT('',#2,'mechanical');
#13256 = PRODUCT_DEFINITION_CONTEXT('part definition',#2,'design');
#13257 = ADVANCED_BREP_SHAPE_REPRESENTATION('',(#11,#13258),#13440);
#13258 = MANIFOLD_SOLID_BREP('',#13259);
#13259 = CLOSED_SHELL('',(#13260,#13348,#13383,#13413));
#13260 = ADVANCED_FACE('',(#13261),#13274,.T.);
#13261 = FACE_BOUND('',#13262,.T.);
#13262 = EDGE_LOOP('',(#13263,#13297,#13320,#13347));
#13263 = ORIENTED_EDGE('',*,*,#13264,.F.);
#13264 = EDGE_CURVE('',#13265,#13265,#13267,.T.);
#13265 = VERTEX_POINT('',#13266);
#13266 = CARTESIAN_POINT('',(19.,-4.65365783676E-15,91.));
#13267 = SURFACE_CURVE('',#13268,(#13273,#13285),.PCURVE_S1.);
#13268 = CIRCLE('',#13269,19.);
#13269 = AXIS2_PLACEMENT_3D('',#13270,#13271,#13272);
#13270 = CARTESIAN_POINT('',(0.,0.,91.));
#13271 = DIRECTION('',(0.,0.,1.));
#13272 = DIRECTION('',(1.,0.,-0.));
#13273 = PCURVE('',#13274,#13279);
#13274 = CYLINDRICAL_SURFACE('',#13275,19.);
#13275 = AXIS2_PLACEMENT_3D('',#13276,#13277,#13278);
#13276 = CARTESIAN_POINT('',(0.,0.,49.5));
#13277 = DIRECTION('',(0.,0.,1.));
#13278 = DIRECTION('',(1.,0.,-0.));
#13279 = DEFINITIONAL_REPRESENTATION('',(#13280),#13284);
#13280 = LINE('',#13281,#13282);
#13281 = CARTESIAN_POINT('',(0.,41.5));
#13282 = VECTOR('',#13283,1.);
#13283 = DIRECTION('',(1.,0.));
#13284 = ( GEOMETRIC_REPRESENTATION_CONTEXT(2) 
PARAMETRIC_REPRESENTATION_CONTEXT() REPRESENTATION_CONTEXT('2D SPACE',''
  ) );
#13285 = PCURVE('',#13286,#13291);
#13286 = PLANE('',#13287);
#13287 = AXIS2_PLACEMENT_3D('',#13288,#13289,#13290);
#13288 = CARTESIAN_POINT('',(0.,0.,91.));
#13289 = DIRECTION('',(0.,0.,1.));
#13290 = DIRECTION('',(1.,0.,-0.));
#13291 = DEFINITIONAL_REPRESENTATION('',(#13292),#13296);
#13292 = CIRCLE('',#13293,19.);
#13293 = AXIS2_PLACEMENT_2D('',#13294,#13295);
#13294 = CARTESIAN_POINT('',(0.,0.));
#13295 = DIRECTION('',(1.,0.));
#13296 = ( GEOMETRIC_REPRESENTATION_CONTEXT(2) 
PARAMETRIC_REPRESENTATION_CONTEXT() REPRESENTATION_CONTEXT('2D SPACE',''
  ) );
#13297 = ORIENTED_EDGE('',*,*,#13298,.F.);
#13298 = EDGE_CURVE('',#13299,#13265,#13301,.T.);
#13299 = VERTEX_POINT('',#13300);
#13300 = CARTESIAN_POINT('',(19.,-4.65365783676E-15,49.5));
#13301 = SEAM_CURVE('',#13302,(#13306,#13313),.PCURVE_S1.);
#13302 = LINE('',#13303,#13304);
#13303 = CARTESIAN_POINT('',(19.,-4.65365783676E-15,49.5));
#13304 = VECTOR('',#13305,1.);
#13305 = DIRECTION('',(0.,0.,1.));
#13306 = PCURVE('',#13274,#13307);
#13307 = DEFINITIONAL_REPRESENTATION('',(#13308),#13312);
#13308 = LINE('',#13309,#13310);
#13309 = CARTESIAN_POINT('',(6.28318530718,-0.));
#13310 = VECTOR('',#13311,1.);
#13311 = DIRECTION('',(0.,1.));
#13312 = ( GEOMETRIC_REPRESENTATION_CONTEXT(2) 
PARAMETRIC_REPRESENTATION_CONTEXT() REPRESENTATION_CONTEXT('2D SPACE',''
  ) );
#13313 = PCURVE('',#13274,#13314);
#13314 = DEFINITIONAL_REPRESENTATION('',(#13315),#13319);
#13315 = LINE('',#13316,#13317);
#13316 = CARTESIAN_POINT('',(0.,-0.));
#13317 = VECTOR('',#13318,1.);
#13318 = DIRECTION('',(0.,1.));
#13319 = ( GEOMETRIC_REPRESENTATION_CONTEXT(2) 
PARAMETRIC_REPRESENTATION_CONTEXT() REPRESENTATION_CONTEXT('2D SPACE',''
  ) );
#13320 = ORIENTED_EDGE('',*,*,#13321,.T.);
#13321 = EDGE_CURVE('',#13299,#13299,#13322,.T.);
#13322 = SURFACE_CURVE('',#13323,(#13328,#13335),.PCURVE_S1.);
#13323 = CIRCLE('',#13324,19.);
#13324 = AXIS2_PLACEMENT_3D('',#13325,#13326,#13327);
#13325 = CARTESIAN_POINT('',(0.,0.,49.5));
#13326 = DIRECTION('',(0.,0.,1.));
#13327 = DIRECTION('',(1.,0.,-0.));
#13328 = PCURVE('',#13274,#13329);
#13329 = DEFINITIONAL_REPRESENTATION('',(#13330),#13334);
#13330 = LINE('',#13331,#13332);
#13331 = CARTESIAN_POINT('',(0.,0.));
#13332 = VECTOR('',#13333,1.);
#13333 = DIRECTION('',(1.,0.));
#13334 = ( GEOMETRIC_REPRESENTATION_CONTEXT(2) 
PARAMETRIC_REPRESENTATION_CONTEXT() REPRESENTATION_CONTEXT('2D SPACE',''
  ) );
#13335 = PCURVE('',#13336,#13341);
#13336 = PLANE('',#13337);
#13337 = AXIS2_PLACEMENT_3D('',#13338,#13339,#13340);
#13338 = CARTESIAN_POINT('',(0.,0.,49.5));
#13339 = DIRECTION('',(0.,0.,1.));
#13340 = DIRECTION('',(1.,0.,-0.));
#13341 = DEFINITIONAL_REPRESENTATION('',(#13342),#13346);
#13342 = CIRCLE('',#13343,19.);
#13343 = AXIS2_PLACEMENT_2D('',#13344,#13345);
#13344 = CARTESIAN_POINT('',(0.,0.));
#13345 = DIRECTION('',(1.,0.));
#13346 = ( GEOMETRIC_REPRESENTATION_CONTEXT(2) 
PARAMETRIC_REPRESENTATION_CONTEXT() REPRESENTATION_CONTEXT('2D SPACE',''
  ) );
#13347 = ORIENTED_EDGE('',*,*,#13298,.T.);
#13348 = ADVANCED_FACE('',(#13349,#13352),#13286,.T.);
#13349 = FACE_BOUND('',#13350,.T.);
#13350 = EDGE_LOOP('',(#13351));
#13351 = ORIENTED_EDGE('',*,*,#13264,.T.);
#13352 = FACE_BOUND('',#13353,.T.);
#13353 = EDGE_LOOP('',(#13354));
#13354 = ORIENTED_EDGE('',*,*,#13355,.F.);
#13355 = EDGE_CURVE('',#13356,#13356,#13358,.T.);
#13356 = VERTEX_POINT('',#13357);
#13357 = CARTESIAN_POINT('',(17.2,-4.212784989067E-15,91.));
#13358 = SURFACE_CURVE('',#13359,(#13364,#13371),.PCURVE_S1.);
#13359 = CIRCLE('',#13360,17.2);
#13360 = AXIS2_PLACEMENT_3D('',#13361,#13362,#13363);
#13361 = CARTESIAN_POINT('',(0.,0.,91.));
#13362 = DIRECTION('',(0.,0.,1.));
#13363 = DIRECTION('',(1.,0.,-0.));
#13364 = PCURVE('',#13286,#13365);
#13365 = DEFINITIONAL_REPRESENTATION('',(#13366),#13370);
#13366 = CIRCLE('',#13367,17.2);
#13367 = AXIS2_PLACEMENT_2D('',#13368,#13369);
#13368 = CARTESIAN_POINT('',(0.,0.));
#13369 = DIRECTION('',(1.,0.));
#13370 = ( GEOMETRIC_REPRESENTATION_CONTEXT(2) 
PARAMETRIC_REPRESENTATION_CONTEXT() REPRESENTATION_CONTEXT('2D SPACE',''
  ) );
#13371 = PCURVE('',#13372,#13377);
#13372 = CYLINDRICAL_SURFACE('',#13373,17.2);
#13373 = AXIS2_PLACEMENT_3D('',#13374,#13375,#13376);
#13374 = CARTESIAN_POINT('',(0.,0.,49.4));
#13375 = DIRECTION('',(0.,0.,1.));
#13376 = DIRECTION('',(1.,0.,-0.));
#13377 = DEFINITIONAL_REPRESENTATION('',(#13378),#13382);
#13378 = LINE('',#13379,#13380);
#13379 = CARTESIAN_POINT('',(0.,41.6));
#13380 = VECTOR('',#13381,1.);
#13381 = DIRECTION('',(1.,0.));
#13382 = ( GEOMETRIC_REPRESENTATION_CONTEXT(2) 
PARAMETRIC_REPRESENTATION_CONTEXT() REPRESENTATION_CONTEXT('2D SPACE',''
  ) );
#13383 = ADVANCED_FACE('',(#13384,#13387),#13336,.F.);
#13384 = FACE_BOUND('',#13385,.F.);
#13385 = EDGE_LOOP('',(#13386));
#13386 = ORIENTED_EDGE('',*,*,#13321,.T.);
#13387 = FACE_BOUND('',#13388,.F.);
#13388 = EDGE_LOOP('',(#13389));
#13389 = ORIENTED_EDGE('',*,*,#13390,.F.);
#13390 = EDGE_CURVE('',#13391,#13391,#13393,.T.);
#13391 = VERTEX_POINT('',#13392);
#13392 = CARTESIAN_POINT('',(17.2,-4.212784989067E-15,49.5));
#13393 = SURFACE_CURVE('',#13394,(#13399,#13406),.PCURVE_S1.);
#13394 = CIRCLE('',#13395,17.2);
#13395 = AXIS2_PLACEMENT_3D('',#13396,#13397,#13398);
#13396 = CARTESIAN_POINT('',(0.,0.,49.5));
#13397 = DIRECTION('',(0.,0.,1.));
#13398 = DIRECTION('',(1.,0.,-0.));
#13399 = PCURVE('',#13336,#13400);
#13400 = DEFINITIONAL_REPRESENTATION('',(#13401),#13405);
#13401 = CIRCLE('',#13402,17.2);
#13402 = AXIS2_PLACEMENT_2D('',#13403,#13404);
#13403 = CARTESIAN_POINT('',(0.,0.));
#13404 = DIRECTION('',(1.,0.));
#13405 = ( GEOMETRIC_REPRESENTATION_CONTEXT(2) 
PARAMETRIC_REPRESENTATION_CONTEXT() REPRESENTATION_CONTEXT('2D SPACE',''
  ) );
#13406 = PCURVE('',#13372,#13407);
#13407 = DEFINITIONAL_REPRESENTATION('',(#13408),#13412);
#13408 = LINE('',#13409,#13410);
#13409 = CARTESIAN_POINT('',(0.,0.1));
#13410 = VECTOR('',#13411,1.);
#13411 = DIRECTION('',(1.,0.));
#13412 = ( GEOMETRIC_REPRESENTATION_CONTEXT(2) 
PARAMETRIC_REPRESENTATION_CONTEXT() REPRESENTATION_CONTEXT('2D SPACE',''
  ) );
#13413 = ADVANCED_FACE('',(#13414),#13372,.F.);
#13414 = FACE_BOUND('',#13415,.F.);
#13415 = EDGE_LOOP('',(#13416,#13417,#13438,#13439));
#13416 = ORIENTED_EDGE('',*,*,#13355,.F.);
#13417 = ORIENTED_EDGE('',*,*,#13418,.F.);
#13418 = EDGE_CURVE('',#13391,#13356,#13419,.T.);
#13419 = SEAM_CURVE('',#13420,(#13424,#13431),.PCURVE_S1.);
#13420 = LINE('',#13421,#13422);
#13421 = CARTESIAN_POINT('',(17.2,-4.212784989067E-15,49.4));
#13422 = VECTOR('',#13423,1.);
#13423 = DIRECTION('',(0.,0.,1.));
#13424 = PCURVE('',#13372,#13425);
#13425 = DEFINITIONAL_REPRESENTATION('',(#13426),#13430);
#13426 = LINE('',#13427,#13428);
#13427 = CARTESIAN_POINT('',(6.28318530718,-0.));
#13428 = VECTOR('',#13429,1.);
#13429 = DIRECTION('',(0.,1.));
#13430 = ( GEOMETRIC_REPRESENTATION_CONTEXT(2) 
PARAMETRIC_REPRESENTATION_CONTEXT() REPRESENTATION_CONTEXT('2D SPACE',''
  ) );
#13431 = PCURVE('',#13372,#13432);
#13432 = DEFINITIONAL_REPRESENTATION('',(#13433),#13437);
#13433 = LINE('',#13434,#13435);
#13434 = CARTESIAN_POINT('',(0.,-0.));
#13435 = VECTOR('',#13436,1.);
#13436 = DIRECTION('',(0.,1.));
#13437 = ( GEOMETRIC_REPRESENTATION_CONTEXT(2) 
PARAMETRIC_REPRESENTATION_CONTEXT() REPRESENTATION_CONTEXT('2D SPACE',''
  ) );
#13438 = ORIENTED_EDGE('',*,*,#13390,.T.);
#13439 = ORIENTED_EDGE('',*,*,#13418,.T.);
#13440 = ( GEOMETRIC_REPRESENTATION_CONTEXT(3) 
GLOBAL_UNCERTAINTY_ASSIGNED_CONTEXT((#13444)) 
GLOBAL_UNIT_ASSIGNED_CONTEXT((#13441,#13442,#13443)) 
REPRESENTATION_CONTEXT('Context #1',
  '3D Context with UNIT and UNCERTAINTY') );
#13441 = ( LENGTH_UNIT() NAMED_UNIT(*) SI_UNIT(.MILLI.,.METRE.) );
#13442 = ( NAMED_UNIT(*) PLANE_ANGLE_UNIT() SI_UNIT($,.RADIAN.) );
#13443 = ( NAMED_UNIT(*) SI_UNIT($,.STERADIAN.) SOLID_ANGLE_UNIT() );
#13444 = UNCERTAINTY_MEASURE_WITH_UNIT(LENGTH_MEASURE(1.E-07),#13441,
  'distance_accuracy_value','confusion accuracy');
#13445 = CONTEXT_DEPENDENT_SHAPE_REPRESENTATION(#13446,#13448);
#13446 = ( REPRESENTATION_RELATIONSHIP('','',#13257,#10) 
REPRESENTATION_RELATIONSHIP_WITH_TRANSFORMATION(#13447) 
SHAPE_REPRESENTATION_RELATIONSHIP() );
#13447 = ITEM_DEFINED_TRANSFORMATION('','',#11,#115);
#13448 = PRODUCT_DEFINITION_SHAPE('Placement','Placement of an item',
  #13449);
#13449 = NEXT_ASSEMBLY_USAGE_OCCURRENCE('50','whisk_food_grade_bellows',
  '',#5,#13252,$);
#13450 = PRODUCT_RELATED_PRODUCT_CATEGORY('part',$,(#13254));
#13451 = SHAPE_DEFINITION_REPRESENTATION(#13452,#13458);
#13452 = PRODUCT_DEFINITION_SHAPE('','',#13453);
#13453 = PRODUCT_DEFINITION('design','',#13454,#13457);
#13454 = PRODUCT_DEFINITION_FORMATION('','',#13455);
#13455 = PRODUCT('whisk_brush_hub','whisk_brush_hub','',(#13456));
#13456 = PRODUCT_CONTEXT('',#2,'mechanical');
#13457 = PRODUCT_DEFINITION_CONTEXT('part definition',#2,'design');
#13458 = ADVANCED_BREP_SHAPE_REPRESENTATION('',(#11,#13459),#13557);
#13459 = MANIFOLD_SOLID_BREP('',#13460);
#13460 = CLOSED_SHELL('',(#13461,#13549,#13553));
#13461 = ADVANCED_FACE('',(#13462),#13475,.T.);
#13462 = FACE_BOUND('',#13463,.T.);
#13463 = EDGE_LOOP('',(#13464,#13498,#13521,#13548));
#13464 = ORIENTED_EDGE('',*,*,#13465,.F.);
#13465 = EDGE_CURVE('',#13466,#13466,#13468,.T.);
#13466 = VERTEX_POINT('',#13467);
#13467 = CARTESIAN_POINT('',(7.,-1.714505518806E-15,98.));
#13468 = SURFACE_CURVE('',#13469,(#13474,#13486),.PCURVE_S1.);
#13469 = CIRCLE('',#13470,7.);
#13470 = AXIS2_PLACEMENT_3D('',#13471,#13472,#13473);
#13471 = CARTESIAN_POINT('',(0.,0.,98.));
#13472 = DIRECTION('',(0.,0.,1.));
#13473 = DIRECTION('',(1.,0.,-0.));
#13474 = PCURVE('',#13475,#13480);
#13475 = CYLINDRICAL_SURFACE('',#13476,7.);
#13476 = AXIS2_PLACEMENT_3D('',#13477,#13478,#13479);
#13477 = CARTESIAN_POINT('',(0.,0.,86.));
#13478 = DIRECTION('',(0.,0.,1.));
#13479 = DIRECTION('',(1.,0.,-0.));
#13480 = DEFINITIONAL_REPRESENTATION('',(#13481),#13485);
#13481 = LINE('',#13482,#13483);
#13482 = CARTESIAN_POINT('',(0.,12.));
#13483 = VECTOR('',#13484,1.);
#13484 = DIRECTION('',(1.,0.));
#13485 = ( GEOMETRIC_REPRESENTATION_CONTEXT(2) 
PARAMETRIC_REPRESENTATION_CONTEXT() REPRESENTATION_CONTEXT('2D SPACE',''
  ) );
#13486 = PCURVE('',#13487,#13492);
#13487 = PLANE('',#13488);
#13488 = AXIS2_PLACEMENT_3D('',#13489,#13490,#13491);
#13489 = CARTESIAN_POINT('',(0.,0.,98.));
#13490 = DIRECTION('',(0.,0.,1.));
#13491 = DIRECTION('',(1.,0.,-0.));
#13492 = DEFINITIONAL_REPRESENTATION('',(#13493),#13497);
#13493 = CIRCLE('',#13494,7.);
#13494 = AXIS2_PLACEMENT_2D('',#13495,#13496);
#13495 = CARTESIAN_POINT('',(0.,0.));
#13496 = DIRECTION('',(1.,0.));
#13497 = ( GEOMETRIC_REPRESENTATION_CONTEXT(2) 
PARAMETRIC_REPRESENTATION_CONTEXT() REPRESENTATION_CONTEXT('2D SPACE',''
  ) );
#13498 = ORIENTED_EDGE('',*,*,#13499,.F.);
#13499 = EDGE_CURVE('',#13500,#13466,#13502,.T.);
#13500 = VERTEX_POINT('',#13501);
#13501 = CARTESIAN_POINT('',(7.,-1.714505518806E-15,86.));
#13502 = SEAM_CURVE('',#13503,(#13507,#13514),.PCURVE_S1.);
#13503 = LINE('',#13504,#13505);
#13504 = CARTESIAN_POINT('',(7.,-1.714505518806E-15,86.));
#13505 = VECTOR('',#13506,1.);
#13506 = DIRECTION('',(0.,0.,1.));
#13507 = PCURVE('',#13475,#13508);
#13508 = DEFINITIONAL_REPRESENTATION('',(#13509),#13513);
#13509 = LINE('',#13510,#13511);
#13510 = CARTESIAN_POINT('',(6.28318530718,-0.));
#13511 = VECTOR('',#13512,1.);
#13512 = DIRECTION('',(0.,1.));
#13513 = ( GEOMETRIC_REPRESENTATION_CONTEXT(2) 
PARAMETRIC_REPRESENTATION_CONTEXT() REPRESENTATION_CONTEXT('2D SPACE',''
  ) );
#13514 = PCURVE('',#13475,#13515);
#13515 = DEFINITIONAL_REPRESENTATION('',(#13516),#13520);
#13516 = LINE('',#13517,#13518);
#13517 = CARTESIAN_POINT('',(0.,-0.));
#13518 = VECTOR('',#13519,1.);
#13519 = DIRECTION('',(0.,1.));
#13520 = ( GEOMETRIC_REPRESENTATION_CONTEXT(2) 
PARAMETRIC_REPRESENTATION_CONTEXT() REPRESENTATION_CONTEXT('2D SPACE',''
  ) );
#13521 = ORIENTED_EDGE('',*,*,#13522,.T.);
#13522 = EDGE_CURVE('',#13500,#13500,#13523,.T.);
#13523 = SURFACE_CURVE('',#13524,(#13529,#13536),.PCURVE_S1.);
#13524 = CIRCLE('',#13525,7.);
#13525 = AXIS2_PLACEMENT_3D('',#13526,#13527,#13528);
#13526 = CARTESIAN_POINT('',(0.,0.,86.));
#13527 = DIRECTION('',(0.,0.,1.));
#13528 = DIRECTION('',(1.,0.,-0.));
#13529 = PCURVE('',#13475,#13530);
#13530 = DEFINITIONAL_REPRESENTATION('',(#13531),#13535);
#13531 = LINE('',#13532,#13533);
#13532 = CARTESIAN_POINT('',(0.,0.));
#13533 = VECTOR('',#13534,1.);
#13534 = DIRECTION('',(1.,0.));
#13535 = ( GEOMETRIC_REPRESENTATION_CONTEXT(2) 
PARAMETRIC_REPRESENTATION_CONTEXT() REPRESENTATION_CONTEXT('2D SPACE',''
  ) );
#13536 = PCURVE('',#13537,#13542);
#13537 = PLANE('',#13538);
#13538 = AXIS2_PLACEMENT_3D('',#13539,#13540,#13541);
#13539 = CARTESIAN_POINT('',(0.,0.,86.));
#13540 = DIRECTION('',(0.,0.,1.));
#13541 = DIRECTION('',(1.,0.,-0.));
#13542 = DEFINITIONAL_REPRESENTATION('',(#13543),#13547);
#13543 = CIRCLE('',#13544,7.);
#13544 = AXIS2_PLACEMENT_2D('',#13545,#13546);
#13545 = CARTESIAN_POINT('',(0.,0.));
#13546 = DIRECTION('',(1.,0.));
#13547 = ( GEOMETRIC_REPRESENTATION_CONTEXT(2) 
PARAMETRIC_REPRESENTATION_CONTEXT() REPRESENTATION_CONTEXT('2D SPACE',''
  ) );
#13548 = ORIENTED_EDGE('',*,*,#13499,.T.);
#13549 = ADVANCED_FACE('',(#13550),#13487,.T.);
#13550 = FACE_BOUND('',#13551,.T.);
#13551 = EDGE_LOOP('',(#13552));
#13552 = ORIENTED_EDGE('',*,*,#13465,.T.);
#13553 = ADVANCED_FACE('',(#13554),#13537,.F.);
#13554 = FACE_BOUND('',#13555,.T.);
#13555 = EDGE_LOOP('',(#13556));
#13556 = ORIENTED_EDGE('',*,*,#13522,.F.);
#13557 = ( GEOMETRIC_REPRESENTATION_CONTEXT(3) 
GLOBAL_UNCERTAINTY_ASSIGNED_CONTEXT((#13561)) 
GLOBAL_UNIT_ASSIGNED_CONTEXT((#13558,#13559,#13560)) 
REPRESENTATION_CONTEXT('Context #1',
  '3D Context with UNIT and UNCERTAINTY') );
#13558 = ( LENGTH_UNIT() NAMED_UNIT(*) SI_UNIT(.MILLI.,.METRE.) );
#13559 = ( NAMED_UNIT(*) PLANE_ANGLE_UNIT() SI_UNIT($,.RADIAN.) );
#13560 = ( NAMED_UNIT(*) SI_UNIT($,.STERADIAN.) SOLID_ANGLE_UNIT() );
#13561 = UNCERTAINTY_MEASURE_WITH_UNIT(LENGTH_MEASURE(1.E-07),#13558,
  'distance_accuracy_value','confusion accuracy');
#13562 = CONTEXT_DEPENDENT_SHAPE_REPRESENTATION(#13563,#13565);
#13563 = ( REPRESENTATION_RELATIONSHIP('','',#13458,#10) 
REPRESENTATION_RELATIONSHIP_WITH_TRANSFORMATION(#13564) 
SHAPE_REPRESENTATION_RELATIONSHIP() );
#13564 = ITEM_DEFINED_TRANSFORMATION('','',#11,#119);
#13565 = PRODUCT_DEFINITION_SHAPE('Placement','Placement of an item',
  #13566);
#13566 = NEXT_ASSEMBLY_USAGE_OCCURRENCE('51','whisk_brush_hub','',#5,
  #13453,$);
#13567 = PRODUCT_RELATED_PRODUCT_CATEGORY('part',$,(#13455));
#13568 = SHAPE_DEFINITION_REPRESENTATION(#13569,#13575);
#13569 = PRODUCT_DEFINITION_SHAPE('','',#13570);
#13570 = PRODUCT_DEFINITION('design','',#13571,#13574);
#13571 = PRODUCT_DEFINITION_FORMATION('','',#13572);
#13572 = PRODUCT('whisk_bamboo_bristles','whisk_bamboo_bristles','',(
    #13573));
#13573 = PRODUCT_CONTEXT('',#2,'mechanical');
#13574 = PRODUCT_DEFINITION_CONTEXT('part definition',#2,'design');
#13575 = SHAPE_REPRESENTATION('',(#11,#13576,#13674,#13772,#13870,#13968
    ,#14066,#14164,#14262,#14360,#14458,#14556,#14654,#14752,#14850,
    #14948,#15046),#15144);
#13576 = MANIFOLD_SOLID_BREP('',#13577);
#13577 = CLOSED_SHELL('',(#13578,#13666,#13670));
#13578 = ADVANCED_FACE('',(#13579),#13592,.T.);
#13579 = FACE_BOUND('',#13580,.T.);
#13580 = EDGE_LOOP('',(#13581,#13615,#13638,#13665));
#13581 = ORIENTED_EDGE('',*,*,#13582,.F.);
#13582 = EDGE_CURVE('',#13583,#13583,#13585,.T.);
#13583 = VERTEX_POINT('',#13584);
#13584 = CARTESIAN_POINT('',(7.948287172873,-1.102182119233E-16,
    136.96077487237));
#13585 = SURFACE_CURVE('',#13586,(#13591,#13603),.PCURVE_S1.);
#13586 = CIRCLE('',#13587,0.45);
#13587 = AXIS2_PLACEMENT_3D('',#13588,#13589,#13590);
#13588 = CARTESIAN_POINT('',(7.5,0.,137.));
#13589 = DIRECTION('',(8.716695028091E-02,0.,0.996193717496));
#13590 = DIRECTION('',(0.996193717496,0.,-8.716695028091E-02));
#13591 = PCURVE('',#13592,#13597);
#13592 = CYLINDRICAL_SURFACE('',#13593,0.45);
#13593 = AXIS2_PLACEMENT_3D('',#13594,#13595,#13596);
#13594 = CARTESIAN_POINT('',(4.,0.,97.));
#13595 = DIRECTION('',(8.716695028091E-02,0.,0.996193717496));
#13596 = DIRECTION('',(0.996193717496,0.,-8.716695028091E-02));
#13597 = DEFINITIONAL_REPRESENTATION('',(#13598),#13602);
#13598 = LINE('',#13599,#13600);
#13599 = CARTESIAN_POINT('',(0.,40.152833025828));
#13600 = VECTOR('',#13601,1.);
#13601 = DIRECTION('',(1.,0.));
#13602 = ( GEOMETRIC_REPRESENTATION_CONTEXT(2) 
PARAMETRIC_REPRESENTATION_CONTEXT() REPRESENTATION_CONTEXT('2D SPACE',''
  ) );
#13603 = PCURVE('',#13604,#13609);
#13604 = PLANE('',#13605);
#13605 = AXIS2_PLACEMENT_3D('',#13606,#13607,#13608);
#13606 = CARTESIAN_POINT('',(7.5,0.,137.));
#13607 = DIRECTION('',(8.716695028091E-02,0.,0.996193717496));
#13608 = DIRECTION('',(0.996193717496,0.,-8.716695028091E-02));
#13609 = DEFINITIONAL_REPRESENTATION('',(#13610),#13614);
#13610 = CIRCLE('',#13611,0.45);
#13611 = AXIS2_PLACEMENT_2D('',#13612,#13613);
#13612 = CARTESIAN_POINT('',(0.,0.));
#13613 = DIRECTION('',(1.,0.));
#13614 = ( GEOMETRIC_REPRESENTATION_CONTEXT(2) 
PARAMETRIC_REPRESENTATION_CONTEXT() REPRESENTATION_CONTEXT('2D SPACE',''
  ) );
#13615 = ORIENTED_EDGE('',*,*,#13616,.F.);
#13616 = EDGE_CURVE('',#13617,#13583,#13619,.T.);
#13617 = VERTEX_POINT('',#13618);
#13618 = CARTESIAN_POINT('',(4.448287172873,-1.102182119233E-16,
    96.960774872374));
#13619 = SEAM_CURVE('',#13620,(#13624,#13631),.PCURVE_S1.);
#13620 = LINE('',#13621,#13622);
#13621 = CARTESIAN_POINT('',(4.448287172873,-1.102182119233E-16,
    96.960774872374));
#13622 = VECTOR('',#13623,1.);
#13623 = DIRECTION('',(8.716695028091E-02,-3.08148791102E-33,
    0.996193717496));
#13624 = PCURVE('',#13592,#13625);
#13625 = DEFINITIONAL_REPRESENTATION('',(#13626),#13630);
#13626 = LINE('',#13627,#13628);
#13627 = CARTESIAN_POINT('',(6.28318530718,-0.));
#13628 = VECTOR('',#13629,1.);
#13629 = DIRECTION('',(0.,1.));
#13630 = ( GEOMETRIC_REPRESENTATION_CONTEXT(2) 
PARAMETRIC_REPRESENTATION_CONTEXT() REPRESENTATION_CONTEXT('2D SPACE',''
  ) );
#13631 = PCURVE('',#13592,#13632);
#13632 = DEFINITIONAL_REPRESENTATION('',(#13633),#13637);
#13633 = LINE('',#13634,#13635);
#13634 = CARTESIAN_POINT('',(0.,-0.));
#13635 = VECTOR('',#13636,1.);
#13636 = DIRECTION('',(0.,1.));
#13637 = ( GEOMETRIC_REPRESENTATION_CONTEXT(2) 
PARAMETRIC_REPRESENTATION_CONTEXT() REPRESENTATION_CONTEXT('2D SPACE',''
  ) );
#13638 = ORIENTED_EDGE('',*,*,#13639,.T.);
#13639 = EDGE_CURVE('',#13617,#13617,#13640,.T.);
#13640 = SURFACE_CURVE('',#13641,(#13646,#13653),.PCURVE_S1.);
#13641 = CIRCLE('',#13642,0.45);
#13642 = AXIS2_PLACEMENT_3D('',#13643,#13644,#13645);
#13643 = CARTESIAN_POINT('',(4.,0.,97.));
#13644 = DIRECTION('',(8.716695028091E-02,0.,0.996193717496));
#13645 = DIRECTION('',(0.996193717496,0.,-8.716695028091E-02));
#13646 = PCURVE('',#13592,#13647);
#13647 = DEFINITIONAL_REPRESENTATION('',(#13648),#13652);
#13648 = LINE('',#13649,#13650);
#13649 = CARTESIAN_POINT('',(0.,0.));
#13650 = VECTOR('',#13651,1.);
#13651 = DIRECTION('',(1.,0.));
#13652 = ( GEOMETRIC_REPRESENTATION_CONTEXT(2) 
PARAMETRIC_REPRESENTATION_CONTEXT() REPRESENTATION_CONTEXT('2D SPACE',''
  ) );
#13653 = PCURVE('',#13654,#13659);
#13654 = PLANE('',#13655);
#13655 = AXIS2_PLACEMENT_3D('',#13656,#13657,#13658);
#13656 = CARTESIAN_POINT('',(4.,0.,97.));
#13657 = DIRECTION('',(8.716695028091E-02,0.,0.996193717496));
#13658 = DIRECTION('',(0.996193717496,0.,-8.716695028091E-02));
#13659 = DEFINITIONAL_REPRESENTATION('',(#13660),#13664);
#13660 = CIRCLE('',#13661,0.45);
#13661 = AXIS2_PLACEMENT_2D('',#13662,#13663);
#13662 = CARTESIAN_POINT('',(0.,0.));
#13663 = DIRECTION('',(1.,0.));
#13664 = ( GEOMETRIC_REPRESENTATION_CONTEXT(2) 
PARAMETRIC_REPRESENTATION_CONTEXT() REPRESENTATION_CONTEXT('2D SPACE',''
  ) );
#13665 = ORIENTED_EDGE('',*,*,#13616,.T.);
#13666 = ADVANCED_FACE('',(#13667),#13604,.T.);
#13667 = FACE_BOUND('',#13668,.T.);
#13668 = EDGE_LOOP('',(#13669));
#13669 = ORIENTED_EDGE('',*,*,#13582,.T.);
#13670 = ADVANCED_FACE('',(#13671),#13654,.F.);
#13671 = FACE_BOUND('',#13672,.T.);
#13672 = EDGE_LOOP('',(#13673));
#13673 = ORIENTED_EDGE('',*,*,#13639,.F.);
#13674 = MANIFOLD_SOLID_BREP('',#13675);
#13675 = CLOSED_SHELL('',(#13676,#13764,#13768));
#13676 = ADVANCED_FACE('',(#13677),#13690,.T.);
#13677 = FACE_BOUND('',#13678,.T.);
#13678 = EDGE_LOOP('',(#13679,#13713,#13736,#13763));
#13679 = ORIENTED_EDGE('',*,*,#13680,.F.);
#13680 = EDGE_CURVE('',#13681,#13681,#13683,.T.);
#13681 = VERTEX_POINT('',#13682);
#13682 = CARTESIAN_POINT('',(7.377633282444,2.870125742738,
    136.96374052862));
#13683 = SURFACE_CURVE('',#13684,(#13689,#13701),.PCURVE_S1.);
#13684 = CIRCLE('',#13685,0.45);
#13685 = AXIS2_PLACEMENT_3D('',#13686,#13687,#13688);
#13686 = CARTESIAN_POINT('',(6.929096493835,2.870125742738,137.));
#13687 = DIRECTION('',(8.053176127596E-02,3.33573477223E-02,
    0.996193717496));
#13688 = DIRECTION('',(0.996748419131,4.336808689942E-19,
    -8.057660305608E-02));
#13689 = PCURVE('',#13690,#13695);
#13690 = CYLINDRICAL_SURFACE('',#13691,0.45);
#13691 = AXIS2_PLACEMENT_3D('',#13692,#13693,#13694);
#13692 = CARTESIAN_POINT('',(3.695518130045,1.53073372946,97.));
#13693 = DIRECTION('',(8.053176127596E-02,3.33573477223E-02,
    0.996193717496));
#13694 = DIRECTION('',(0.996748419131,4.336808689942E-19,
    -8.057660305608E-02));
#13695 = DEFINITIONAL_REPRESENTATION('',(#13696),#13700);
#13696 = LINE('',#13697,#13698);
#13697 = CARTESIAN_POINT('',(0.,40.152833025828));
#13698 = VECTOR('',#13699,1.);
#13699 = DIRECTION('',(1.,0.));
#13700 = ( GEOMETRIC_REPRESENTATION_CONTEXT(2) 
PARAMETRIC_REPRESENTATION_CONTEXT() REPRESENTATION_CONTEXT('2D SPACE',''
  ) );
#13701 = PCURVE('',#13702,#13707);
#13702 = PLANE('',#13703);
#13703 = AXIS2_PLACEMENT_3D('',#13704,#13705,#13706);
#13704 = CARTESIAN_POINT('',(6.929096493835,2.870125742738,137.));
#13705 = DIRECTION('',(8.053176127596E-02,3.33573477223E-02,
    0.996193717496));
#13706 = DIRECTION('',(0.996748419131,4.336808689942E-19,
    -8.057660305608E-02));
#13707 = DEFINITIONAL_REPRESENTATION('',(#13708),#13712);
#13708 = CIRCLE('',#13709,0.45);
#13709 = AXIS2_PLACEMENT_2D('',#13710,#13711);
#13710 = CARTESIAN_POINT('',(0.,0.));
#13711 = DIRECTION('',(1.,0.));
#13712 = ( GEOMETRIC_REPRESENTATION_CONTEXT(2) 
PARAMETRIC_REPRESENTATION_CONTEXT() REPRESENTATION_CONTEXT('2D SPACE',''
  ) );
#13713 = ORIENTED_EDGE('',*,*,#13714,.F.);
#13714 = EDGE_CURVE('',#13715,#13681,#13717,.T.);
#13715 = VERTEX_POINT('',#13716);
#13716 = CARTESIAN_POINT('',(4.144054918654,1.53073372946,
    96.963740528625));
#13717 = SEAM_CURVE('',#13718,(#13722,#13729),.PCURVE_S1.);
#13718 = LINE('',#13719,#13720);
#13719 = CARTESIAN_POINT('',(4.144054918654,1.53073372946,
    96.963740528625));
#13720 = VECTOR('',#13721,1.);
#13721 = DIRECTION('',(8.053176127596E-02,3.33573477223E-02,
    0.996193717496));
#13722 = PCURVE('',#13690,#13723);
#13723 = DEFINITIONAL_REPRESENTATION('',(#13724),#13728);
#13724 = LINE('',#13725,#13726);
#13725 = CARTESIAN_POINT('',(6.28318530718,-0.));
#13726 = VECTOR('',#13727,1.);
#13727 = DIRECTION('',(0.,1.));
#13728 = ( GEOMETRIC_REPRESENTATION_CONTEXT(2) 
PARAMETRIC_REPRESENTATION_CONTEXT() REPRESENTATION_CONTEXT('2D SPACE',''
  ) );
#13729 = PCURVE('',#13690,#13730);
#13730 = DEFINITIONAL_REPRESENTATION('',(#13731),#13735);
#13731 = LINE('',#13732,#13733);
#13732 = CARTESIAN_POINT('',(0.,-0.));
#13733 = VECTOR('',#13734,1.);
#13734 = DIRECTION('',(0.,1.));
#13735 = ( GEOMETRIC_REPRESENTATION_CONTEXT(2) 
PARAMETRIC_REPRESENTATION_CONTEXT() REPRESENTATION_CONTEXT('2D SPACE',''
  ) );
#13736 = ORIENTED_EDGE('',*,*,#13737,.T.);
#13737 = EDGE_CURVE('',#13715,#13715,#13738,.T.);
#13738 = SURFACE_CURVE('',#13739,(#13744,#13751),.PCURVE_S1.);
#13739 = CIRCLE('',#13740,0.45);
#13740 = AXIS2_PLACEMENT_3D('',#13741,#13742,#13743);
#13741 = CARTESIAN_POINT('',(3.695518130045,1.53073372946,97.));
#13742 = DIRECTION('',(8.053176127596E-02,3.33573477223E-02,
    0.996193717496));
#13743 = DIRECTION('',(0.996748419131,4.336808689942E-19,
    -8.057660305608E-02));
#13744 = PCURVE('',#13690,#13745);
#13745 = DEFINITIONAL_REPRESENTATION('',(#13746),#13750);
#13746 = LINE('',#13747,#13748);
#13747 = CARTESIAN_POINT('',(0.,0.));
#13748 = VECTOR('',#13749,1.);
#13749 = DIRECTION('',(1.,0.));
#13750 = ( GEOMETRIC_REPRESENTATION_CONTEXT(2) 
PARAMETRIC_REPRESENTATION_CONTEXT() REPRESENTATION_CONTEXT('2D SPACE',''
  ) );
#13751 = PCURVE('',#13752,#13757);
#13752 = PLANE('',#13753);
#13753 = AXIS2_PLACEMENT_3D('',#13754,#13755,#13756);
#13754 = CARTESIAN_POINT('',(3.695518130045,1.53073372946,97.));
#13755 = DIRECTION('',(8.053176127596E-02,3.33573477223E-02,
    0.996193717496));
#13756 = DIRECTION('',(0.996748419131,4.336808689942E-19,
    -8.057660305608E-02));
#13757 = DEFINITIONAL_REPRESENTATION('',(#13758),#13762);
#13758 = CIRCLE('',#13759,0.45);
#13759 = AXIS2_PLACEMENT_2D('',#13760,#13761);
#13760 = CARTESIAN_POINT('',(0.,0.));
#13761 = DIRECTION('',(1.,0.));
#13762 = ( GEOMETRIC_REPRESENTATION_CONTEXT(2) 
PARAMETRIC_REPRESENTATION_CONTEXT() REPRESENTATION_CONTEXT('2D SPACE',''
  ) );
#13763 = ORIENTED_EDGE('',*,*,#13714,.T.);
#13764 = ADVANCED_FACE('',(#13765),#13702,.T.);
#13765 = FACE_BOUND('',#13766,.T.);
#13766 = EDGE_LOOP('',(#13767));
#13767 = ORIENTED_EDGE('',*,*,#13680,.T.);
#13768 = ADVANCED_FACE('',(#13769),#13752,.F.);
#13769 = FACE_BOUND('',#13770,.T.);
#13770 = EDGE_LOOP('',(#13771));
#13771 = ORIENTED_EDGE('',*,*,#13737,.F.);
#13772 = MANIFOLD_SOLID_BREP('',#13773);
#13773 = CLOSED_SHELL('',(#13774,#13862,#13866));
#13774 = ADVANCED_FACE('',(#13775),#13788,.T.);
#13775 = FACE_BOUND('',#13776,.T.);
#13776 = EDGE_LOOP('',(#13777,#13811,#13834,#13861));
#13777 = ORIENTED_EDGE('',*,*,#13778,.F.);
#13778 = EDGE_CURVE('',#13779,#13779,#13781,.T.);
#13779 = VERTEX_POINT('',#13780);
#13780 = CARTESIAN_POINT('',(5.752441995865,5.303300858899,
    136.97221080993));
#13781 = SURFACE_CURVE('',#13782,(#13787,#13799),.PCURVE_S1.);
#13782 = CIRCLE('',#13783,0.45);
#13783 = AXIS2_PLACEMENT_3D('',#13784,#13785,#13786);
#13784 = CARTESIAN_POINT('',(5.303300858899,5.303300858899,137.));
#13785 = DIRECTION('',(6.163634163898E-02,6.163634163898E-02,
    0.996193717496));
#13786 = DIRECTION('',(0.99809141548,-4.336808689942E-19,
    -6.175375571139E-02));
#13787 = PCURVE('',#13788,#13793);
#13788 = CYLINDRICAL_SURFACE('',#13789,0.45);
#13789 = AXIS2_PLACEMENT_3D('',#13790,#13791,#13792);
#13790 = CARTESIAN_POINT('',(2.828427124746,2.828427124746,97.));
#13791 = DIRECTION('',(6.163634163898E-02,6.163634163898E-02,
    0.996193717496));
#13792 = DIRECTION('',(0.99809141548,0.,-6.175375571139E-02));
#13793 = DEFINITIONAL_REPRESENTATION('',(#13794),#13798);
#13794 = LINE('',#13795,#13796);
#13795 = CARTESIAN_POINT('',(0.,40.152833025828));
#13796 = VECTOR('',#13797,1.);
#13797 = DIRECTION('',(1.,0.));
#13798 = ( GEOMETRIC_REPRESENTATION_CONTEXT(2) 
PARAMETRIC_REPRESENTATION_CONTEXT() REPRESENTATION_CONTEXT('2D SPACE',''
  ) );
#13799 = PCURVE('',#13800,#13805);
#13800 = PLANE('',#13801);
#13801 = AXIS2_PLACEMENT_3D('',#13802,#13803,#13804);
#13802 = CARTESIAN_POINT('',(5.303300858899,5.303300858899,137.));
#13803 = DIRECTION('',(6.163634163898E-02,6.163634163898E-02,
    0.996193717496));
#13804 = DIRECTION('',(0.99809141548,0.,-6.175375571139E-02));
#13805 = DEFINITIONAL_REPRESENTATION('',(#13806),#13810);
#13806 = CIRCLE('',#13807,0.45);
#13807 = AXIS2_PLACEMENT_2D('',#13808,#13809);
#13808 = CARTESIAN_POINT('',(0.,0.));
#13809 = DIRECTION('',(1.,0.));
#13810 = ( GEOMETRIC_REPRESENTATION_CONTEXT(2) 
PARAMETRIC_REPRESENTATION_CONTEXT() REPRESENTATION_CONTEXT('2D SPACE',''
  ) );
#13811 = ORIENTED_EDGE('',*,*,#13812,.F.);
#13812 = EDGE_CURVE('',#13813,#13779,#13815,.T.);
#13813 = VERTEX_POINT('',#13814);
#13814 = CARTESIAN_POINT('',(3.277568261712,2.828427124746,
    96.97221080993));
#13815 = SEAM_CURVE('',#13816,(#13820,#13827),.PCURVE_S1.);
#13816 = LINE('',#13817,#13818);
#13817 = CARTESIAN_POINT('',(3.277568261712,2.828427124746,
    96.97221080993));
#13818 = VECTOR('',#13819,1.);
#13819 = DIRECTION('',(6.163634163898E-02,6.163634163898E-02,
    0.996193717496));
#13820 = PCURVE('',#13788,#13821);
#13821 = DEFINITIONAL_REPRESENTATION('',(#13822),#13826);
#13822 = LINE('',#13823,#13824);
#13823 = CARTESIAN_POINT('',(6.28318530718,-0.));
#13824 = VECTOR('',#13825,1.);
#13825 = DIRECTION('',(0.,1.));
#13826 = ( GEOMETRIC_REPRESENTATION_CONTEXT(2) 
PARAMETRIC_REPRESENTATION_CONTEXT() REPRESENTATION_CONTEXT('2D SPACE',''
  ) );
#13827 = PCURVE('',#13788,#13828);
#13828 = DEFINITIONAL_REPRESENTATION('',(#13829),#13833);
#13829 = LINE('',#13830,#13831);
#13830 = CARTESIAN_POINT('',(0.,-0.));
#13831 = VECTOR('',#13832,1.);
#13832 = DIRECTION('',(0.,1.));
#13833 = ( GEOMETRIC_REPRESENTATION_CONTEXT(2) 
PARAMETRIC_REPRESENTATION_CONTEXT() REPRESENTATION_CONTEXT('2D SPACE',''
  ) );
#13834 = ORIENTED_EDGE('',*,*,#13835,.T.);
#13835 = EDGE_CURVE('',#13813,#13813,#13836,.T.);
#13836 = SURFACE_CURVE('',#13837,(#13842,#13849),.PCURVE_S1.);
#13837 = CIRCLE('',#13838,0.45);
#13838 = AXIS2_PLACEMENT_3D('',#13839,#13840,#13841);
#13839 = CARTESIAN_POINT('',(2.828427124746,2.828427124746,97.));
#13840 = DIRECTION('',(6.163634163898E-02,6.163634163898E-02,
    0.996193717496));
#13841 = DIRECTION('',(0.99809141548,-4.336808689942E-19,
    -6.175375571139E-02));
#13842 = PCURVE('',#13788,#13843);
#13843 = DEFINITIONAL_REPRESENTATION('',(#13844),#13848);
#13844 = LINE('',#13845,#13846);
#13845 = CARTESIAN_POINT('',(0.,0.));
#13846 = VECTOR('',#13847,1.);
#13847 = DIRECTION('',(1.,0.));
#13848 = ( GEOMETRIC_REPRESENTATION_CONTEXT(2) 
PARAMETRIC_REPRESENTATION_CONTEXT() REPRESENTATION_CONTEXT('2D SPACE',''
  ) );
#13849 = PCURVE('',#13850,#13855);
#13850 = PLANE('',#13851);
#13851 = AXIS2_PLACEMENT_3D('',#13852,#13853,#13854);
#13852 = CARTESIAN_POINT('',(2.828427124746,2.828427124746,97.));
#13853 = DIRECTION('',(6.163634163898E-02,6.163634163898E-02,
    0.996193717496));
#13854 = DIRECTION('',(0.99809141548,0.,-6.175375571139E-02));
#13855 = DEFINITIONAL_REPRESENTATION('',(#13856),#13860);
#13856 = CIRCLE('',#13857,0.45);
#13857 = AXIS2_PLACEMENT_2D('',#13858,#13859);
#13858 = CARTESIAN_POINT('',(0.,0.));
#13859 = DIRECTION('',(1.,0.));
#13860 = ( GEOMETRIC_REPRESENTATION_CONTEXT(2) 
PARAMETRIC_REPRESENTATION_CONTEXT() REPRESENTATION_CONTEXT('2D SPACE',''
  ) );
#13861 = ORIENTED_EDGE('',*,*,#13812,.T.);
#13862 = ADVANCED_FACE('',(#13863),#13800,.T.);
#13863 = FACE_BOUND('',#13864,.T.);
#13864 = EDGE_LOOP('',(#13865));
#13865 = ORIENTED_EDGE('',*,*,#13778,.T.);
#13866 = ADVANCED_FACE('',(#13867),#13850,.F.);
#13867 = FACE_BOUND('',#13868,.T.);
#13868 = EDGE_LOOP('',(#13869));
#13869 = ORIENTED_EDGE('',*,*,#13835,.F.);
#13870 = MANIFOLD_SOLID_BREP('',#13871);
#13871 = CLOSED_SHELL('',(#13872,#13960,#13964));
#13872 = ADVANCED_FACE('',(#13873),#13886,.T.);
#13873 = FACE_BOUND('',#13874,.T.);
#13874 = EDGE_LOOP('',(#13875,#13909,#13932,#13959));
#13875 = ORIENTED_EDGE('',*,*,#13876,.F.);
#13876 = EDGE_CURVE('',#13877,#13877,#13879,.T.);
#13877 = VERTEX_POINT('',#13878);
#13878 = CARTESIAN_POINT('',(2.870125742738,7.377633282444,
    136.96374052862));
#13879 = SURFACE_CURVE('',#13880,(#13885,#13897),.PCURVE_S1.);
#13880 = CIRCLE('',#13881,0.45);
#13881 = AXIS2_PLACEMENT_3D('',#13882,#13883,#13884);
#13882 = CARTESIAN_POINT('',(2.870125742738,6.929096493835,137.));
#13883 = DIRECTION('',(3.33573477223E-02,8.053176127596E-02,
    0.996193717496));
#13884 = DIRECTION('',(4.336808689942E-19,0.996748419131,
    -8.057660305608E-02));
#13885 = PCURVE('',#13886,#13891);
#13886 = CYLINDRICAL_SURFACE('',#13887,0.45);
#13887 = AXIS2_PLACEMENT_3D('',#13888,#13889,#13890);
#13888 = CARTESIAN_POINT('',(1.53073372946,3.695518130045,97.));
#13889 = DIRECTION('',(3.33573477223E-02,8.053176127596E-02,
    0.996193717496));
#13890 = DIRECTION('',(4.336808689942E-19,0.996748419131,
    -8.057660305608E-02));
#13891 = DEFINITIONAL_REPRESENTATION('',(#13892),#13896);
#13892 = LINE('',#13893,#13894);
#13893 = CARTESIAN_POINT('',(0.,40.152833025828));
#13894 = VECTOR('',#13895,1.);
#13895 = DIRECTION('',(1.,0.));
#13896 = ( GEOMETRIC_REPRESENTATION_CONTEXT(2) 
PARAMETRIC_REPRESENTATION_CONTEXT() REPRESENTATION_CONTEXT('2D SPACE',''
  ) );
#13897 = PCURVE('',#13898,#13903);
#13898 = PLANE('',#13899);
#13899 = AXIS2_PLACEMENT_3D('',#13900,#13901,#13902);
#13900 = CARTESIAN_POINT('',(2.870125742738,6.929096493835,137.));
#13901 = DIRECTION('',(3.33573477223E-02,8.053176127596E-02,
    0.996193717496));
#13902 = DIRECTION('',(4.336808689942E-19,0.996748419131,
    -8.057660305608E-02));
#13903 = DEFINITIONAL_REPRESENTATION('',(#13904),#13908);
#13904 = CIRCLE('',#13905,0.45);
#13905 = AXIS2_PLACEMENT_2D('',#13906,#13907);
#13906 = CARTESIAN_POINT('',(0.,0.));
#13907 = DIRECTION('',(1.,0.));
#13908 = ( GEOMETRIC_REPRESENTATION_CONTEXT(2) 
PARAMETRIC_REPRESENTATION_CONTEXT() REPRESENTATION_CONTEXT('2D SPACE',''
  ) );
#13909 = ORIENTED_EDGE('',*,*,#13910,.F.);
#13910 = EDGE_CURVE('',#13911,#13877,#13913,.T.);
#13911 = VERTEX_POINT('',#13912);
#13912 = CARTESIAN_POINT('',(1.53073372946,4.144054918654,
    96.963740528625));
#13913 = SEAM_CURVE('',#13914,(#13918,#13925),.PCURVE_S1.);
#13914 = LINE('',#13915,#13916);
#13915 = CARTESIAN_POINT('',(1.53073372946,4.144054918654,
    96.963740528625));
#13916 = VECTOR('',#13917,1.);
#13917 = DIRECTION('',(3.33573477223E-02,8.053176127596E-02,
    0.996193717496));
#13918 = PCURVE('',#13886,#13919);
#13919 = DEFINITIONAL_REPRESENTATION('',(#13920),#13924);
#13920 = LINE('',#13921,#13922);
#13921 = CARTESIAN_POINT('',(6.28318530718,-0.));
#13922 = VECTOR('',#13923,1.);
#13923 = DIRECTION('',(0.,1.));
#13924 = ( GEOMETRIC_REPRESENTATION_CONTEXT(2) 
PARAMETRIC_REPRESENTATION_CONTEXT() REPRESENTATION_CONTEXT('2D SPACE',''
  ) );
#13925 = PCURVE('',#13886,#13926);
#13926 = DEFINITIONAL_REPRESENTATION('',(#13927),#13931);
#13927 = LINE('',#13928,#13929);
#13928 = CARTESIAN_POINT('',(0.,-0.));
#13929 = VECTOR('',#13930,1.);
#13930 = DIRECTION('',(0.,1.));
#13931 = ( GEOMETRIC_REPRESENTATION_CONTEXT(2) 
PARAMETRIC_REPRESENTATION_CONTEXT() REPRESENTATION_CONTEXT('2D SPACE',''
  ) );
#13932 = ORIENTED_EDGE('',*,*,#13933,.T.);
#13933 = EDGE_CURVE('',#13911,#13911,#13934,.T.);
#13934 = SURFACE_CURVE('',#13935,(#13940,#13947),.PCURVE_S1.);
#13935 = CIRCLE('',#13936,0.45);
#13936 = AXIS2_PLACEMENT_3D('',#13937,#13938,#13939);
#13937 = CARTESIAN_POINT('',(1.53073372946,3.695518130045,97.));
#13938 = DIRECTION('',(3.33573477223E-02,8.053176127596E-02,
    0.996193717496));
#13939 = DIRECTION('',(4.336808689942E-19,0.996748419131,
    -8.057660305608E-02));
#13940 = PCURVE('',#13886,#13941);
#13941 = DEFINITIONAL_REPRESENTATION('',(#13942),#13946);
#13942 = LINE('',#13943,#13944);
#13943 = CARTESIAN_POINT('',(0.,0.));
#13944 = VECTOR('',#13945,1.);
#13945 = DIRECTION('',(1.,0.));
#13946 = ( GEOMETRIC_REPRESENTATION_CONTEXT(2) 
PARAMETRIC_REPRESENTATION_CONTEXT() REPRESENTATION_CONTEXT('2D SPACE',''
  ) );
#13947 = PCURVE('',#13948,#13953);
#13948 = PLANE('',#13949);
#13949 = AXIS2_PLACEMENT_3D('',#13950,#13951,#13952);
#13950 = CARTESIAN_POINT('',(1.53073372946,3.695518130045,97.));
#13951 = DIRECTION('',(3.33573477223E-02,8.053176127596E-02,
    0.996193717496));
#13952 = DIRECTION('',(4.336808689942E-19,0.996748419131,
    -8.057660305608E-02));
#13953 = DEFINITIONAL_REPRESENTATION('',(#13954),#13958);
#13954 = CIRCLE('',#13955,0.45);
#13955 = AXIS2_PLACEMENT_2D('',#13956,#13957);
#13956 = CARTESIAN_POINT('',(0.,0.));
#13957 = DIRECTION('',(1.,0.));
#13958 = ( GEOMETRIC_REPRESENTATION_CONTEXT(2) 
PARAMETRIC_REPRESENTATION_CONTEXT() REPRESENTATION_CONTEXT('2D SPACE',''
  ) );
#13959 = ORIENTED_EDGE('',*,*,#13910,.T.);
#13960 = ADVANCED_FACE('',(#13961),#13898,.T.);
#13961 = FACE_BOUND('',#13962,.T.);
#13962 = EDGE_LOOP('',(#13963));
#13963 = ORIENTED_EDGE('',*,*,#13876,.T.);
#13964 = ADVANCED_FACE('',(#13965),#13948,.F.);
#13965 = FACE_BOUND('',#13966,.T.);
#13966 = EDGE_LOOP('',(#13967));
#13967 = ORIENTED_EDGE('',*,*,#13933,.F.);
#13968 = MANIFOLD_SOLID_BREP('',#13969);
#13969 = CLOSED_SHELL('',(#13970,#14058,#14062));
#13970 = ADVANCED_FACE('',(#13971),#13984,.T.);
#13971 = FACE_BOUND('',#13972,.T.);
#13972 = EDGE_LOOP('',(#13973,#14007,#14030,#14057));
#13973 = ORIENTED_EDGE('',*,*,#13974,.F.);
#13974 = EDGE_CURVE('',#13975,#13975,#13977,.T.);
#13975 = VERTEX_POINT('',#13976);
#13976 = CARTESIAN_POINT('',(5.694607616035E-16,7.948287172873,
    136.96077487237));
#13977 = SURFACE_CURVE('',#13978,(#13983,#13995),.PCURVE_S1.);
#13978 = CIRCLE('',#13979,0.45);
#13979 = AXIS2_PLACEMENT_3D('',#13980,#13981,#13982);
#13980 = CARTESIAN_POINT('',(4.592425496803E-16,7.5,137.));
#13981 = DIRECTION('',(5.337436332648E-18,8.716695028091E-02,
    0.996193717496));
#13982 = DIRECTION('',(0.,0.996193717496,-8.716695028091E-02));
#13983 = PCURVE('',#13984,#13989);
#13984 = CYLINDRICAL_SURFACE('',#13985,0.45);
#13985 = AXIS2_PLACEMENT_3D('',#13986,#13987,#13988);
#13986 = CARTESIAN_POINT('',(2.449293598295E-16,4.,97.));
#13987 = DIRECTION('',(5.337436332648E-18,8.716695028091E-02,
    0.996193717496));
#13988 = DIRECTION('',(0.,0.996193717496,-8.716695028091E-02));
#13989 = DEFINITIONAL_REPRESENTATION('',(#13990),#13994);
#13990 = LINE('',#13991,#13992);
#13991 = CARTESIAN_POINT('',(0.,40.152833025828));
#13992 = VECTOR('',#13993,1.);
#13993 = DIRECTION('',(1.,0.));
#13994 = ( GEOMETRIC_REPRESENTATION_CONTEXT(2) 
PARAMETRIC_REPRESENTATION_CONTEXT() REPRESENTATION_CONTEXT('2D SPACE',''
  ) );
#13995 = PCURVE('',#13996,#14001);
#13996 = PLANE('',#13997);
#13997 = AXIS2_PLACEMENT_3D('',#13998,#13999,#14000);
#13998 = CARTESIAN_POINT('',(4.592425496803E-16,7.5,137.));
#13999 = DIRECTION('',(5.337436332648E-18,8.716695028091E-02,
    0.996193717496));
#14000 = DIRECTION('',(0.,0.996193717496,-8.716695028091E-02));
#14001 = DEFINITIONAL_REPRESENTATION('',(#14002),#14006);
#14002 = CIRCLE('',#14003,0.45);
#14003 = AXIS2_PLACEMENT_2D('',#14004,#14005);
#14004 = CARTESIAN_POINT('',(0.,0.));
#14005 = DIRECTION('',(1.,0.));
#14006 = ( GEOMETRIC_REPRESENTATION_CONTEXT(2) 
PARAMETRIC_REPRESENTATION_CONTEXT() REPRESENTATION_CONTEXT('2D SPACE',''
  ) );
#14007 = ORIENTED_EDGE('',*,*,#14008,.F.);
#14008 = EDGE_CURVE('',#14009,#13975,#14011,.T.);
#14009 = VERTEX_POINT('',#14010);
#14010 = CARTESIAN_POINT('',(3.551475717527E-16,4.448287172873,
    96.960774872374));
#14011 = SEAM_CURVE('',#14012,(#14016,#14023),.PCURVE_S1.);
#14012 = LINE('',#14013,#14014);
#14013 = CARTESIAN_POINT('',(3.551475717527E-16,4.448287172873,
    96.960774872374));
#14014 = VECTOR('',#14015,1.);
#14015 = DIRECTION('',(5.337436332648E-18,8.716695028091E-02,
    0.996193717496));
#14016 = PCURVE('',#13984,#14017);
#14017 = DEFINITIONAL_REPRESENTATION('',(#14018),#14022);
#14018 = LINE('',#14019,#14020);
#14019 = CARTESIAN_POINT('',(6.28318530718,-0.));
#14020 = VECTOR('',#14021,1.);
#14021 = DIRECTION('',(0.,1.));
#14022 = ( GEOMETRIC_REPRESENTATION_CONTEXT(2) 
PARAMETRIC_REPRESENTATION_CONTEXT() REPRESENTATION_CONTEXT('2D SPACE',''
  ) );
#14023 = PCURVE('',#13984,#14024);
#14024 = DEFINITIONAL_REPRESENTATION('',(#14025),#14029);
#14025 = LINE('',#14026,#14027);
#14026 = CARTESIAN_POINT('',(0.,-0.));
#14027 = VECTOR('',#14028,1.);
#14028 = DIRECTION('',(0.,1.));
#14029 = ( GEOMETRIC_REPRESENTATION_CONTEXT(2) 
PARAMETRIC_REPRESENTATION_CONTEXT() REPRESENTATION_CONTEXT('2D SPACE',''
  ) );
#14030 = ORIENTED_EDGE('',*,*,#14031,.T.);
#14031 = EDGE_CURVE('',#14009,#14009,#14032,.T.);
#14032 = SURFACE_CURVE('',#14033,(#14038,#14045),.PCURVE_S1.);
#14033 = CIRCLE('',#14034,0.45);
#14034 = AXIS2_PLACEMENT_3D('',#14035,#14036,#14037);
#14035 = CARTESIAN_POINT('',(2.449293598295E-16,4.,97.));
#14036 = DIRECTION('',(5.337436332648E-18,8.716695028091E-02,
    0.996193717496));
#14037 = DIRECTION('',(0.,0.996193717496,-8.716695028091E-02));
#14038 = PCURVE('',#13984,#14039);
#14039 = DEFINITIONAL_REPRESENTATION('',(#14040),#14044);
#14040 = LINE('',#14041,#14042);
#14041 = CARTESIAN_POINT('',(0.,0.));
#14042 = VECTOR('',#14043,1.);
#14043 = DIRECTION('',(1.,0.));
#14044 = ( GEOMETRIC_REPRESENTATION_CONTEXT(2) 
PARAMETRIC_REPRESENTATION_CONTEXT() REPRESENTATION_CONTEXT('2D SPACE',''
  ) );
#14045 = PCURVE('',#14046,#14051);
#14046 = PLANE('',#14047);
#14047 = AXIS2_PLACEMENT_3D('',#14048,#14049,#14050);
#14048 = CARTESIAN_POINT('',(2.449293598295E-16,4.,97.));
#14049 = DIRECTION('',(5.337436332648E-18,8.716695028091E-02,
    0.996193717496));
#14050 = DIRECTION('',(0.,0.996193717496,-8.716695028091E-02));
#14051 = DEFINITIONAL_REPRESENTATION('',(#14052),#14056);
#14052 = CIRCLE('',#14053,0.45);
#14053 = AXIS2_PLACEMENT_2D('',#14054,#14055);
#14054 = CARTESIAN_POINT('',(0.,0.));
#14055 = DIRECTION('',(1.,0.));
#14056 = ( GEOMETRIC_REPRESENTATION_CONTEXT(2) 
PARAMETRIC_REPRESENTATION_CONTEXT() REPRESENTATION_CONTEXT('2D SPACE',''
  ) );
#14057 = ORIENTED_EDGE('',*,*,#14008,.T.);
#14058 = ADVANCED_FACE('',(#14059),#13996,.T.);
#14059 = FACE_BOUND('',#14060,.T.);
#14060 = EDGE_LOOP('',(#14061));
#14061 = ORIENTED_EDGE('',*,*,#13974,.T.);
#14062 = ADVANCED_FACE('',(#14063),#14046,.F.);
#14063 = FACE_BOUND('',#14064,.T.);
#14064 = EDGE_LOOP('',(#14065));
#14065 = ORIENTED_EDGE('',*,*,#14031,.F.);
#14066 = MANIFOLD_SOLID_BREP('',#14067);
#14067 = CLOSED_SHELL('',(#14068,#14156,#14160));
#14068 = ADVANCED_FACE('',(#14069),#14082,.T.);
#14069 = FACE_BOUND('',#14070,.T.);
#14070 = EDGE_LOOP('',(#14071,#14105,#14128,#14155));
#14071 = ORIENTED_EDGE('',*,*,#14072,.F.);
#14072 = EDGE_CURVE('',#14073,#14073,#14075,.T.);
#14073 = VERTEX_POINT('',#14074);
#14074 = CARTESIAN_POINT('',(-2.870125742738,7.377633282444,
    136.96374052862));
#14075 = SURFACE_CURVE('',#14076,(#14081,#14093),.PCURVE_S1.);
#14076 = CIRCLE('',#14077,0.45);
#14077 = AXIS2_PLACEMENT_3D('',#14078,#14079,#14080);
#14078 = CARTESIAN_POINT('',(-2.870125742738,6.929096493835,137.));
#14079 = DIRECTION('',(-3.33573477223E-02,8.053176127596E-02,
    0.996193717496));
#14080 = DIRECTION('',(4.336808689942E-19,0.996748419131,
    -8.057660305608E-02));
#14081 = PCURVE('',#14082,#14087);
#14082 = CYLINDRICAL_SURFACE('',#14083,0.45);
#14083 = AXIS2_PLACEMENT_3D('',#14084,#14085,#14086);
#14084 = CARTESIAN_POINT('',(-1.53073372946,3.695518130045,97.));
#14085 = DIRECTION('',(-3.33573477223E-02,8.053176127596E-02,
    0.996193717496));
#14086 = DIRECTION('',(0.,0.996748419131,-8.057660305608E-02));
#14087 = DEFINITIONAL_REPRESENTATION('',(#14088),#14092);
#14088 = LINE('',#14089,#14090);
#14089 = CARTESIAN_POINT('',(0.,40.152833025828));
#14090 = VECTOR('',#14091,1.);
#14091 = DIRECTION('',(1.,0.));
#14092 = ( GEOMETRIC_REPRESENTATION_CONTEXT(2) 
PARAMETRIC_REPRESENTATION_CONTEXT() REPRESENTATION_CONTEXT('2D SPACE',''
  ) );
#14093 = PCURVE('',#14094,#14099);
#14094 = PLANE('',#14095);
#14095 = AXIS2_PLACEMENT_3D('',#14096,#14097,#14098);
#14096 = CARTESIAN_POINT('',(-2.870125742738,6.929096493835,137.));
#14097 = DIRECTION('',(-3.33573477223E-02,8.053176127596E-02,
    0.996193717496));
#14098 = DIRECTION('',(0.,0.996748419131,-8.057660305608E-02));
#14099 = DEFINITIONAL_REPRESENTATION('',(#14100),#14104);
#14100 = CIRCLE('',#14101,0.45);
#14101 = AXIS2_PLACEMENT_2D('',#14102,#14103);
#14102 = CARTESIAN_POINT('',(0.,0.));
#14103 = DIRECTION('',(1.,0.));
#14104 = ( GEOMETRIC_REPRESENTATION_CONTEXT(2) 
PARAMETRIC_REPRESENTATION_CONTEXT() REPRESENTATION_CONTEXT('2D SPACE',''
  ) );
#14105 = ORIENTED_EDGE('',*,*,#14106,.F.);
#14106 = EDGE_CURVE('',#14107,#14073,#14109,.T.);
#14107 = VERTEX_POINT('',#14108);
#14108 = CARTESIAN_POINT('',(-1.53073372946,4.144054918654,
    96.963740528625));
#14109 = SEAM_CURVE('',#14110,(#14114,#14121),.PCURVE_S1.);
#14110 = LINE('',#14111,#14112);
#14111 = CARTESIAN_POINT('',(-1.53073372946,4.144054918654,
    96.963740528625));
#14112 = VECTOR('',#14113,1.);
#14113 = DIRECTION('',(-3.33573477223E-02,8.053176127596E-02,
    0.996193717496));
#14114 = PCURVE('',#14082,#14115);
#14115 = DEFINITIONAL_REPRESENTATION('',(#14116),#14120);
#14116 = LINE('',#14117,#14118);
#14117 = CARTESIAN_POINT('',(6.28318530718,-0.));
#14118 = VECTOR('',#14119,1.);
#14119 = DIRECTION('',(0.,1.));
#14120 = ( GEOMETRIC_REPRESENTATION_CONTEXT(2) 
PARAMETRIC_REPRESENTATION_CONTEXT() REPRESENTATION_CONTEXT('2D SPACE',''
  ) );
#14121 = PCURVE('',#14082,#14122);
#14122 = DEFINITIONAL_REPRESENTATION('',(#14123),#14127);
#14123 = LINE('',#14124,#14125);
#14124 = CARTESIAN_POINT('',(0.,-0.));
#14125 = VECTOR('',#14126,1.);
#14126 = DIRECTION('',(0.,1.));
#14127 = ( GEOMETRIC_REPRESENTATION_CONTEXT(2) 
PARAMETRIC_REPRESENTATION_CONTEXT() REPRESENTATION_CONTEXT('2D SPACE',''
  ) );
#14128 = ORIENTED_EDGE('',*,*,#14129,.T.);
#14129 = EDGE_CURVE('',#14107,#14107,#14130,.T.);
#14130 = SURFACE_CURVE('',#14131,(#14136,#14143),.PCURVE_S1.);
#14131 = CIRCLE('',#14132,0.45);
#14132 = AXIS2_PLACEMENT_3D('',#14133,#14134,#14135);
#14133 = CARTESIAN_POINT('',(-1.53073372946,3.695518130045,97.));
#14134 = DIRECTION('',(-3.33573477223E-02,8.053176127596E-02,
    0.996193717496));
#14135 = DIRECTION('',(4.336808689942E-19,0.996748419131,
    -8.057660305608E-02));
#14136 = PCURVE('',#14082,#14137);
#14137 = DEFINITIONAL_REPRESENTATION('',(#14138),#14142);
#14138 = LINE('',#14139,#14140);
#14139 = CARTESIAN_POINT('',(0.,0.));
#14140 = VECTOR('',#14141,1.);
#14141 = DIRECTION('',(1.,0.));
#14142 = ( GEOMETRIC_REPRESENTATION_CONTEXT(2) 
PARAMETRIC_REPRESENTATION_CONTEXT() REPRESENTATION_CONTEXT('2D SPACE',''
  ) );
#14143 = PCURVE('',#14144,#14149);
#14144 = PLANE('',#14145);
#14145 = AXIS2_PLACEMENT_3D('',#14146,#14147,#14148);
#14146 = CARTESIAN_POINT('',(-1.53073372946,3.695518130045,97.));
#14147 = DIRECTION('',(-3.33573477223E-02,8.053176127596E-02,
    0.996193717496));
#14148 = DIRECTION('',(0.,0.996748419131,-8.057660305608E-02));
#14149 = DEFINITIONAL_REPRESENTATION('',(#14150),#14154);
#14150 = CIRCLE('',#14151,0.45);
#14151 = AXIS2_PLACEMENT_2D('',#14152,#14153);
#14152 = CARTESIAN_POINT('',(0.,0.));
#14153 = DIRECTION('',(1.,0.));
#14154 = ( GEOMETRIC_REPRESENTATION_CONTEXT(2) 
PARAMETRIC_REPRESENTATION_CONTEXT() REPRESENTATION_CONTEXT('2D SPACE',''
  ) );
#14155 = ORIENTED_EDGE('',*,*,#14106,.T.);
#14156 = ADVANCED_FACE('',(#14157),#14094,.T.);
#14157 = FACE_BOUND('',#14158,.T.);
#14158 = EDGE_LOOP('',(#14159));
#14159 = ORIENTED_EDGE('',*,*,#14072,.T.);
#14160 = ADVANCED_FACE('',(#14161),#14144,.F.);
#14161 = FACE_BOUND('',#14162,.T.);
#14162 = EDGE_LOOP('',(#14163));
#14163 = ORIENTED_EDGE('',*,*,#14129,.F.);
#14164 = MANIFOLD_SOLID_BREP('',#14165);
#14165 = CLOSED_SHELL('',(#14166,#14254,#14258));
#14166 = ADVANCED_FACE('',(#14167),#14180,.T.);
#14167 = FACE_BOUND('',#14168,.T.);
#14168 = EDGE_LOOP('',(#14169,#14203,#14226,#14253));
#14169 = ORIENTED_EDGE('',*,*,#14170,.F.);
#14170 = EDGE_CURVE('',#14171,#14171,#14173,.T.);
#14171 = VERTEX_POINT('',#14172);
#14172 = CARTESIAN_POINT('',(-5.303300858899,5.752441995865,
    136.97221080993));
#14173 = SURFACE_CURVE('',#14174,(#14179,#14191),.PCURVE_S1.);
#14174 = CIRCLE('',#14175,0.45);
#14175 = AXIS2_PLACEMENT_3D('',#14176,#14177,#14178);
#14176 = CARTESIAN_POINT('',(-5.303300858899,5.303300858899,137.));
#14177 = DIRECTION('',(-6.163634163898E-02,6.163634163898E-02,
    0.996193717496));
#14178 = DIRECTION('',(4.336808689942E-19,0.99809141548,
    -6.175375571139E-02));
#14179 = PCURVE('',#14180,#14185);
#14180 = CYLINDRICAL_SURFACE('',#14181,0.45);
#14181 = AXIS2_PLACEMENT_3D('',#14182,#14183,#14184);
#14182 = CARTESIAN_POINT('',(-2.828427124746,2.828427124746,97.));
#14183 = DIRECTION('',(-6.163634163898E-02,6.163634163898E-02,
    0.996193717496));
#14184 = DIRECTION('',(0.,0.99809141548,-6.175375571139E-02));
#14185 = DEFINITIONAL_REPRESENTATION('',(#14186),#14190);
#14186 = LINE('',#14187,#14188);
#14187 = CARTESIAN_POINT('',(0.,40.152833025828));
#14188 = VECTOR('',#14189,1.);
#14189 = DIRECTION('',(1.,0.));
#14190 = ( GEOMETRIC_REPRESENTATION_CONTEXT(2) 
PARAMETRIC_REPRESENTATION_CONTEXT() REPRESENTATION_CONTEXT('2D SPACE',''
  ) );
#14191 = PCURVE('',#14192,#14197);
#14192 = PLANE('',#14193);
#14193 = AXIS2_PLACEMENT_3D('',#14194,#14195,#14196);
#14194 = CARTESIAN_POINT('',(-5.303300858899,5.303300858899,137.));
#14195 = DIRECTION('',(-6.163634163898E-02,6.163634163898E-02,
    0.996193717496));
#14196 = DIRECTION('',(0.,0.99809141548,-6.175375571139E-02));
#14197 = DEFINITIONAL_REPRESENTATION('',(#14198),#14202);
#14198 = CIRCLE('',#14199,0.45);
#14199 = AXIS2_PLACEMENT_2D('',#14200,#14201);
#14200 = CARTESIAN_POINT('',(0.,0.));
#14201 = DIRECTION('',(1.,0.));
#14202 = ( GEOMETRIC_REPRESENTATION_CONTEXT(2) 
PARAMETRIC_REPRESENTATION_CONTEXT() REPRESENTATION_CONTEXT('2D SPACE',''
  ) );
#14203 = ORIENTED_EDGE('',*,*,#14204,.F.);
#14204 = EDGE_CURVE('',#14205,#14171,#14207,.T.);
#14205 = VERTEX_POINT('',#14206);
#14206 = CARTESIAN_POINT('',(-2.828427124746,3.277568261712,
    96.97221080993));
#14207 = SEAM_CURVE('',#14208,(#14212,#14219),.PCURVE_S1.);
#14208 = LINE('',#14209,#14210);
#14209 = CARTESIAN_POINT('',(-2.828427124746,3.277568261712,
    96.97221080993));
#14210 = VECTOR('',#14211,1.);
#14211 = DIRECTION('',(-6.163634163898E-02,6.163634163898E-02,
    0.996193717496));
#14212 = PCURVE('',#14180,#14213);
#14213 = DEFINITIONAL_REPRESENTATION('',(#14214),#14218);
#14214 = LINE('',#14215,#14216);
#14215 = CARTESIAN_POINT('',(6.28318530718,-0.));
#14216 = VECTOR('',#14217,1.);
#14217 = DIRECTION('',(0.,1.));
#14218 = ( GEOMETRIC_REPRESENTATION_CONTEXT(2) 
PARAMETRIC_REPRESENTATION_CONTEXT() REPRESENTATION_CONTEXT('2D SPACE',''
  ) );
#14219 = PCURVE('',#14180,#14220);
#14220 = DEFINITIONAL_REPRESENTATION('',(#14221),#14225);
#14221 = LINE('',#14222,#14223);
#14222 = CARTESIAN_POINT('',(0.,-0.));
#14223 = VECTOR('',#14224,1.);
#14224 = DIRECTION('',(0.,1.));
#14225 = ( GEOMETRIC_REPRESENTATION_CONTEXT(2) 
PARAMETRIC_REPRESENTATION_CONTEXT() REPRESENTATION_CONTEXT('2D SPACE',''
  ) );
#14226 = ORIENTED_EDGE('',*,*,#14227,.T.);
#14227 = EDGE_CURVE('',#14205,#14205,#14228,.T.);
#14228 = SURFACE_CURVE('',#14229,(#14234,#14241),.PCURVE_S1.);
#14229 = CIRCLE('',#14230,0.45);
#14230 = AXIS2_PLACEMENT_3D('',#14231,#14232,#14233);
#14231 = CARTESIAN_POINT('',(-2.828427124746,2.828427124746,97.));
#14232 = DIRECTION('',(-6.163634163898E-02,6.163634163898E-02,
    0.996193717496));
#14233 = DIRECTION('',(4.336808689942E-19,0.99809141548,
    -6.175375571139E-02));
#14234 = PCURVE('',#14180,#14235);
#14235 = DEFINITIONAL_REPRESENTATION('',(#14236),#14240);
#14236 = LINE('',#14237,#14238);
#14237 = CARTESIAN_POINT('',(0.,0.));
#14238 = VECTOR('',#14239,1.);
#14239 = DIRECTION('',(1.,0.));
#14240 = ( GEOMETRIC_REPRESENTATION_CONTEXT(2) 
PARAMETRIC_REPRESENTATION_CONTEXT() REPRESENTATION_CONTEXT('2D SPACE',''
  ) );
#14241 = PCURVE('',#14242,#14247);
#14242 = PLANE('',#14243);
#14243 = AXIS2_PLACEMENT_3D('',#14244,#14245,#14246);
#14244 = CARTESIAN_POINT('',(-2.828427124746,2.828427124746,97.));
#14245 = DIRECTION('',(-6.163634163898E-02,6.163634163898E-02,
    0.996193717496));
#14246 = DIRECTION('',(0.,0.99809141548,-6.175375571139E-02));
#14247 = DEFINITIONAL_REPRESENTATION('',(#14248),#14252);
#14248 = CIRCLE('',#14249,0.45);
#14249 = AXIS2_PLACEMENT_2D('',#14250,#14251);
#14250 = CARTESIAN_POINT('',(0.,0.));
#14251 = DIRECTION('',(1.,0.));
#14252 = ( GEOMETRIC_REPRESENTATION_CONTEXT(2) 
PARAMETRIC_REPRESENTATION_CONTEXT() REPRESENTATION_CONTEXT('2D SPACE',''
  ) );
#14253 = ORIENTED_EDGE('',*,*,#14204,.T.);
#14254 = ADVANCED_FACE('',(#14255),#14192,.T.);
#14255 = FACE_BOUND('',#14256,.T.);
#14256 = EDGE_LOOP('',(#14257));
#14257 = ORIENTED_EDGE('',*,*,#14170,.T.);
#14258 = ADVANCED_FACE('',(#14259),#14242,.F.);
#14259 = FACE_BOUND('',#14260,.T.);
#14260 = EDGE_LOOP('',(#14261));
#14261 = ORIENTED_EDGE('',*,*,#14227,.F.);
#14262 = MANIFOLD_SOLID_BREP('',#14263);
#14263 = CLOSED_SHELL('',(#14264,#14352,#14356));
#14264 = ADVANCED_FACE('',(#14265),#14278,.T.);
#14265 = FACE_BOUND('',#14266,.T.);
#14266 = EDGE_LOOP('',(#14267,#14301,#14324,#14351));
#14267 = ORIENTED_EDGE('',*,*,#14268,.F.);
#14268 = EDGE_CURVE('',#14269,#14269,#14271,.T.);
#14269 = VERTEX_POINT('',#14270);
#14270 = CARTESIAN_POINT('',(-6.480559705226,2.870125742738,
    137.03625947137));
#14271 = SURFACE_CURVE('',#14272,(#14277,#14289),.PCURVE_S1.);
#14272 = CIRCLE('',#14273,0.45);
#14273 = AXIS2_PLACEMENT_3D('',#14274,#14275,#14276);
#14274 = CARTESIAN_POINT('',(-6.929096493835,2.870125742738,137.));
#14275 = DIRECTION('',(-8.053176127596E-02,3.33573477223E-02,
    0.996193717496));
#14276 = DIRECTION('',(0.996748419131,0.,8.057660305608E-02));
#14277 = PCURVE('',#14278,#14283);
#14278 = CYLINDRICAL_SURFACE('',#14279,0.45);
#14279 = AXIS2_PLACEMENT_3D('',#14280,#14281,#14282);
#14280 = CARTESIAN_POINT('',(-3.695518130045,1.53073372946,97.));
#14281 = DIRECTION('',(-8.053176127596E-02,3.33573477223E-02,
    0.996193717496));
#14282 = DIRECTION('',(0.996748419131,-4.336808689942E-19,
    8.057660305608E-02));
#14283 = DEFINITIONAL_REPRESENTATION('',(#14284),#14288);
#14284 = LINE('',#14285,#14286);
#14285 = CARTESIAN_POINT('',(0.,40.152833025828));
#14286 = VECTOR('',#14287,1.);
#14287 = DIRECTION('',(1.,0.));
#14288 = ( GEOMETRIC_REPRESENTATION_CONTEXT(2) 
PARAMETRIC_REPRESENTATION_CONTEXT() REPRESENTATION_CONTEXT('2D SPACE',''
  ) );
#14289 = PCURVE('',#14290,#14295);
#14290 = PLANE('',#14291);
#14291 = AXIS2_PLACEMENT_3D('',#14292,#14293,#14294);
#14292 = CARTESIAN_POINT('',(-6.929096493835,2.870125742738,137.));
#14293 = DIRECTION('',(-8.053176127596E-02,3.33573477223E-02,
    0.996193717496));
#14294 = DIRECTION('',(0.996748419131,-4.336808689942E-19,
    8.057660305608E-02));
#14295 = DEFINITIONAL_REPRESENTATION('',(#14296),#14300);
#14296 = CIRCLE('',#14297,0.45);
#14297 = AXIS2_PLACEMENT_2D('',#14298,#14299);
#14298 = CARTESIAN_POINT('',(0.,0.));
#14299 = DIRECTION('',(1.,0.));
#14300 = ( GEOMETRIC_REPRESENTATION_CONTEXT(2) 
PARAMETRIC_REPRESENTATION_CONTEXT() REPRESENTATION_CONTEXT('2D SPACE',''
  ) );
#14301 = ORIENTED_EDGE('',*,*,#14302,.F.);
#14302 = EDGE_CURVE('',#14303,#14269,#14305,.T.);
#14303 = VERTEX_POINT('',#14304);
#14304 = CARTESIAN_POINT('',(-3.246981341436,1.53073372946,
    97.036259471375));
#14305 = SEAM_CURVE('',#14306,(#14310,#14317),.PCURVE_S1.);
#14306 = LINE('',#14307,#14308);
#14307 = CARTESIAN_POINT('',(-3.246981341436,1.53073372946,
    97.036259471375));
#14308 = VECTOR('',#14309,1.);
#14309 = DIRECTION('',(-8.053176127596E-02,3.33573477223E-02,
    0.996193717496));
#14310 = PCURVE('',#14278,#14311);
#14311 = DEFINITIONAL_REPRESENTATION('',(#14312),#14316);
#14312 = LINE('',#14313,#14314);
#14313 = CARTESIAN_POINT('',(6.28318530718,-0.));
#14314 = VECTOR('',#14315,1.);
#14315 = DIRECTION('',(0.,1.));
#14316 = ( GEOMETRIC_REPRESENTATION_CONTEXT(2) 
PARAMETRIC_REPRESENTATION_CONTEXT() REPRESENTATION_CONTEXT('2D SPACE',''
  ) );
#14317 = PCURVE('',#14278,#14318);
#14318 = DEFINITIONAL_REPRESENTATION('',(#14319),#14323);
#14319 = LINE('',#14320,#14321);
#14320 = CARTESIAN_POINT('',(0.,-0.));
#14321 = VECTOR('',#14322,1.);
#14322 = DIRECTION('',(0.,1.));
#14323 = ( GEOMETRIC_REPRESENTATION_CONTEXT(2) 
PARAMETRIC_REPRESENTATION_CONTEXT() REPRESENTATION_CONTEXT('2D SPACE',''
  ) );
#14324 = ORIENTED_EDGE('',*,*,#14325,.T.);
#14325 = EDGE_CURVE('',#14303,#14303,#14326,.T.);
#14326 = SURFACE_CURVE('',#14327,(#14332,#14339),.PCURVE_S1.);
#14327 = CIRCLE('',#14328,0.45);
#14328 = AXIS2_PLACEMENT_3D('',#14329,#14330,#14331);
#14329 = CARTESIAN_POINT('',(-3.695518130045,1.53073372946,97.));
#14330 = DIRECTION('',(-8.053176127596E-02,3.33573477223E-02,
    0.996193717496));
#14331 = DIRECTION('',(0.996748419131,0.,8.057660305608E-02));
#14332 = PCURVE('',#14278,#14333);
#14333 = DEFINITIONAL_REPRESENTATION('',(#14334),#14338);
#14334 = LINE('',#14335,#14336);
#14335 = CARTESIAN_POINT('',(0.,0.));
#14336 = VECTOR('',#14337,1.);
#14337 = DIRECTION('',(1.,0.));
#14338 = ( GEOMETRIC_REPRESENTATION_CONTEXT(2) 
PARAMETRIC_REPRESENTATION_CONTEXT() REPRESENTATION_CONTEXT('2D SPACE',''
  ) );
#14339 = PCURVE('',#14340,#14345);
#14340 = PLANE('',#14341);
#14341 = AXIS2_PLACEMENT_3D('',#14342,#14343,#14344);
#14342 = CARTESIAN_POINT('',(-3.695518130045,1.53073372946,97.));
#14343 = DIRECTION('',(-8.053176127596E-02,3.33573477223E-02,
    0.996193717496));
#14344 = DIRECTION('',(0.996748419131,-4.336808689942E-19,
    8.057660305608E-02));
#14345 = DEFINITIONAL_REPRESENTATION('',(#14346),#14350);
#14346 = CIRCLE('',#14347,0.45);
#14347 = AXIS2_PLACEMENT_2D('',#14348,#14349);
#14348 = CARTESIAN_POINT('',(0.,0.));
#14349 = DIRECTION('',(1.,0.));
#14350 = ( GEOMETRIC_REPRESENTATION_CONTEXT(2) 
PARAMETRIC_REPRESENTATION_CONTEXT() REPRESENTATION_CONTEXT('2D SPACE',''
  ) );
#14351 = ORIENTED_EDGE('',*,*,#14302,.T.);
#14352 = ADVANCED_FACE('',(#14353),#14290,.T.);
#14353 = FACE_BOUND('',#14354,.T.);
#14354 = EDGE_LOOP('',(#14355));
#14355 = ORIENTED_EDGE('',*,*,#14268,.T.);
#14356 = ADVANCED_FACE('',(#14357),#14340,.F.);
#14357 = FACE_BOUND('',#14358,.T.);
#14358 = EDGE_LOOP('',(#14359));
#14359 = ORIENTED_EDGE('',*,*,#14325,.F.);
#14360 = MANIFOLD_SOLID_BREP('',#14361);
#14361 = CLOSED_SHELL('',(#14362,#14450,#14454));
#14362 = ADVANCED_FACE('',(#14363),#14376,.T.);
#14363 = FACE_BOUND('',#14364,.T.);
#14364 = EDGE_LOOP('',(#14365,#14399,#14422,#14449));
#14365 = ORIENTED_EDGE('',*,*,#14366,.F.);
#14366 = EDGE_CURVE('',#14367,#14367,#14369,.T.);
#14367 = VERTEX_POINT('',#14368);
#14368 = CARTESIAN_POINT('',(-7.051712827127,8.082668874373E-16,
    137.03922512762));
#14369 = SURFACE_CURVE('',#14370,(#14375,#14387),.PCURVE_S1.);
#14370 = CIRCLE('',#14371,0.45);
#14371 = AXIS2_PLACEMENT_3D('',#14372,#14373,#14374);
#14372 = CARTESIAN_POINT('',(-7.5,9.184850993605E-16,137.));
#14373 = DIRECTION('',(-8.716695028091E-02,1.06748726653E-17,
    0.996193717496));
#14374 = DIRECTION('',(0.996193717496,0.,8.716695028091E-02));
#14375 = PCURVE('',#14376,#14381);
#14376 = CYLINDRICAL_SURFACE('',#14377,0.45);
#14377 = AXIS2_PLACEMENT_3D('',#14378,#14379,#14380);
#14378 = CARTESIAN_POINT('',(-4.,4.898587196589E-16,97.));
#14379 = DIRECTION('',(-8.716695028091E-02,1.06748726653E-17,
    0.996193717496));
#14380 = DIRECTION('',(0.996193717496,0.,8.716695028091E-02));
#14381 = DEFINITIONAL_REPRESENTATION('',(#14382),#14386);
#14382 = LINE('',#14383,#14384);
#14383 = CARTESIAN_POINT('',(0.,40.152833025828));
#14384 = VECTOR('',#14385,1.);
#14385 = DIRECTION('',(1.,0.));
#14386 = ( GEOMETRIC_REPRESENTATION_CONTEXT(2) 
PARAMETRIC_REPRESENTATION_CONTEXT() REPRESENTATION_CONTEXT('2D SPACE',''
  ) );
#14387 = PCURVE('',#14388,#14393);
#14388 = PLANE('',#14389);
#14389 = AXIS2_PLACEMENT_3D('',#14390,#14391,#14392);
#14390 = CARTESIAN_POINT('',(-7.5,9.184850993605E-16,137.));
#14391 = DIRECTION('',(-8.716695028091E-02,1.06748726653E-17,
    0.996193717496));
#14392 = DIRECTION('',(0.996193717496,0.,8.716695028091E-02));
#14393 = DEFINITIONAL_REPRESENTATION('',(#14394),#14398);
#14394 = CIRCLE('',#14395,0.45);
#14395 = AXIS2_PLACEMENT_2D('',#14396,#14397);
#14396 = CARTESIAN_POINT('',(0.,0.));
#14397 = DIRECTION('',(1.,0.));
#14398 = ( GEOMETRIC_REPRESENTATION_CONTEXT(2) 
PARAMETRIC_REPRESENTATION_CONTEXT() REPRESENTATION_CONTEXT('2D SPACE',''
  ) );
#14399 = ORIENTED_EDGE('',*,*,#14400,.F.);
#14400 = EDGE_CURVE('',#14401,#14367,#14403,.T.);
#14401 = VERTEX_POINT('',#14402);
#14402 = CARTESIAN_POINT('',(-3.551712827127,3.796405077357E-16,
    97.039225127626));
#14403 = SEAM_CURVE('',#14404,(#14408,#14415),.PCURVE_S1.);
#14404 = LINE('',#14405,#14406);
#14405 = CARTESIAN_POINT('',(-3.551712827127,3.796405077357E-16,
    97.039225127626));
#14406 = VECTOR('',#14407,1.);
#14407 = DIRECTION('',(-8.716695028091E-02,1.06748726653E-17,
    0.996193717496));
#14408 = PCURVE('',#14376,#14409);
#14409 = DEFINITIONAL_REPRESENTATION('',(#14410),#14414);
#14410 = LINE('',#14411,#14412);
#14411 = CARTESIAN_POINT('',(6.28318530718,-0.));
#14412 = VECTOR('',#14413,1.);
#14413 = DIRECTION('',(0.,1.));
#14414 = ( GEOMETRIC_REPRESENTATION_CONTEXT(2) 
PARAMETRIC_REPRESENTATION_CONTEXT() REPRESENTATION_CONTEXT('2D SPACE',''
  ) );
#14415 = PCURVE('',#14376,#14416);
#14416 = DEFINITIONAL_REPRESENTATION('',(#14417),#14421);
#14417 = LINE('',#14418,#14419);
#14418 = CARTESIAN_POINT('',(0.,-0.));
#14419 = VECTOR('',#14420,1.);
#14420 = DIRECTION('',(0.,1.));
#14421 = ( GEOMETRIC_REPRESENTATION_CONTEXT(2) 
PARAMETRIC_REPRESENTATION_CONTEXT() REPRESENTATION_CONTEXT('2D SPACE',''
  ) );
#14422 = ORIENTED_EDGE('',*,*,#14423,.T.);
#14423 = EDGE_CURVE('',#14401,#14401,#14424,.T.);
#14424 = SURFACE_CURVE('',#14425,(#14430,#14437),.PCURVE_S1.);
#14425 = CIRCLE('',#14426,0.45);
#14426 = AXIS2_PLACEMENT_3D('',#14427,#14428,#14429);
#14427 = CARTESIAN_POINT('',(-4.,4.898587196589E-16,97.));
#14428 = DIRECTION('',(-8.716695028091E-02,1.06748726653E-17,
    0.996193717496));
#14429 = DIRECTION('',(0.996193717496,0.,8.716695028091E-02));
#14430 = PCURVE('',#14376,#14431);
#14431 = DEFINITIONAL_REPRESENTATION('',(#14432),#14436);
#14432 = LINE('',#14433,#14434);
#14433 = CARTESIAN_POINT('',(0.,0.));
#14434 = VECTOR('',#14435,1.);
#14435 = DIRECTION('',(1.,0.));
#14436 = ( GEOMETRIC_REPRESENTATION_CONTEXT(2) 
PARAMETRIC_REPRESENTATION_CONTEXT() REPRESENTATION_CONTEXT('2D SPACE',''
  ) );
#14437 = PCURVE('',#14438,#14443);
#14438 = PLANE('',#14439);
#14439 = AXIS2_PLACEMENT_3D('',#14440,#14441,#14442);
#14440 = CARTESIAN_POINT('',(-4.,4.898587196589E-16,97.));
#14441 = DIRECTION('',(-8.716695028091E-02,1.06748726653E-17,
    0.996193717496));
#14442 = DIRECTION('',(0.996193717496,0.,8.716695028091E-02));
#14443 = DEFINITIONAL_REPRESENTATION('',(#14444),#14448);
#14444 = CIRCLE('',#14445,0.45);
#14445 = AXIS2_PLACEMENT_2D('',#14446,#14447);
#14446 = CARTESIAN_POINT('',(0.,0.));
#14447 = DIRECTION('',(1.,0.));
#14448 = ( GEOMETRIC_REPRESENTATION_CONTEXT(2) 
PARAMETRIC_REPRESENTATION_CONTEXT() REPRESENTATION_CONTEXT('2D SPACE',''
  ) );
#14449 = ORIENTED_EDGE('',*,*,#14400,.T.);
#14450 = ADVANCED_FACE('',(#14451),#14388,.T.);
#14451 = FACE_BOUND('',#14452,.T.);
#14452 = EDGE_LOOP('',(#14453));
#14453 = ORIENTED_EDGE('',*,*,#14366,.T.);
#14454 = ADVANCED_FACE('',(#14455),#14438,.F.);
#14455 = FACE_BOUND('',#14456,.T.);
#14456 = EDGE_LOOP('',(#14457));
#14457 = ORIENTED_EDGE('',*,*,#14423,.F.);
#14458 = MANIFOLD_SOLID_BREP('',#14459);
#14459 = CLOSED_SHELL('',(#14460,#14548,#14552));
#14460 = ADVANCED_FACE('',(#14461),#14474,.T.);
#14461 = FACE_BOUND('',#14462,.T.);
#14462 = EDGE_LOOP('',(#14463,#14497,#14520,#14547));
#14463 = ORIENTED_EDGE('',*,*,#14464,.F.);
#14464 = EDGE_CURVE('',#14465,#14465,#14467,.T.);
#14465 = VERTEX_POINT('',#14466);
#14466 = CARTESIAN_POINT('',(-6.480559705226,-2.870125742738,
    137.03625947137));
#14467 = SURFACE_CURVE('',#14468,(#14473,#14485),.PCURVE_S1.);
#14468 = CIRCLE('',#14469,0.45);
#14469 = AXIS2_PLACEMENT_3D('',#14470,#14471,#14472);
#14470 = CARTESIAN_POINT('',(-6.929096493835,-2.870125742738,137.));
#14471 = DIRECTION('',(-8.053176127596E-02,-3.33573477223E-02,
    0.996193717496));
#14472 = DIRECTION('',(0.996748419131,0.,8.057660305608E-02));
#14473 = PCURVE('',#14474,#14479);
#14474 = CYLINDRICAL_SURFACE('',#14475,0.45);
#14475 = AXIS2_PLACEMENT_3D('',#14476,#14477,#14478);
#14476 = CARTESIAN_POINT('',(-3.695518130045,-1.53073372946,97.));
#14477 = DIRECTION('',(-8.053176127596E-02,-3.33573477223E-02,
    0.996193717496));
#14478 = DIRECTION('',(0.996748419131,4.336808689942E-19,
    8.057660305608E-02));
#14479 = DEFINITIONAL_REPRESENTATION('',(#14480),#14484);
#14480 = LINE('',#14481,#14482);
#14481 = CARTESIAN_POINT('',(0.,40.152833025828));
#14482 = VECTOR('',#14483,1.);
#14483 = DIRECTION('',(1.,0.));
#14484 = ( GEOMETRIC_REPRESENTATION_CONTEXT(2) 
PARAMETRIC_REPRESENTATION_CONTEXT() REPRESENTATION_CONTEXT('2D SPACE',''
  ) );
#14485 = PCURVE('',#14486,#14491);
#14486 = PLANE('',#14487);
#14487 = AXIS2_PLACEMENT_3D('',#14488,#14489,#14490);
#14488 = CARTESIAN_POINT('',(-6.929096493835,-2.870125742738,137.));
#14489 = DIRECTION('',(-8.053176127596E-02,-3.33573477223E-02,
    0.996193717496));
#14490 = DIRECTION('',(0.996748419131,4.336808689942E-19,
    8.057660305608E-02));
#14491 = DEFINITIONAL_REPRESENTATION('',(#14492),#14496);
#14492 = CIRCLE('',#14493,0.45);
#14493 = AXIS2_PLACEMENT_2D('',#14494,#14495);
#14494 = CARTESIAN_POINT('',(0.,0.));
#14495 = DIRECTION('',(1.,0.));
#14496 = ( GEOMETRIC_REPRESENTATION_CONTEXT(2) 
PARAMETRIC_REPRESENTATION_CONTEXT() REPRESENTATION_CONTEXT('2D SPACE',''
  ) );
#14497 = ORIENTED_EDGE('',*,*,#14498,.F.);
#14498 = EDGE_CURVE('',#14499,#14465,#14501,.T.);
#14499 = VERTEX_POINT('',#14500);
#14500 = CARTESIAN_POINT('',(-3.246981341436,-1.53073372946,
    97.036259471375));
#14501 = SEAM_CURVE('',#14502,(#14506,#14513),.PCURVE_S1.);
#14502 = LINE('',#14503,#14504);
#14503 = CARTESIAN_POINT('',(-3.246981341436,-1.53073372946,
    97.036259471375));
#14504 = VECTOR('',#14505,1.);
#14505 = DIRECTION('',(-8.053176127596E-02,-3.33573477223E-02,
    0.996193717496));
#14506 = PCURVE('',#14474,#14507);
#14507 = DEFINITIONAL_REPRESENTATION('',(#14508),#14512);
#14508 = LINE('',#14509,#14510);
#14509 = CARTESIAN_POINT('',(6.28318530718,-0.));
#14510 = VECTOR('',#14511,1.);
#14511 = DIRECTION('',(0.,1.));
#14512 = ( GEOMETRIC_REPRESENTATION_CONTEXT(2) 
PARAMETRIC_REPRESENTATION_CONTEXT() REPRESENTATION_CONTEXT('2D SPACE',''
  ) );
#14513 = PCURVE('',#14474,#14514);
#14514 = DEFINITIONAL_REPRESENTATION('',(#14515),#14519);
#14515 = LINE('',#14516,#14517);
#14516 = CARTESIAN_POINT('',(0.,-0.));
#14517 = VECTOR('',#14518,1.);
#14518 = DIRECTION('',(0.,1.));
#14519 = ( GEOMETRIC_REPRESENTATION_CONTEXT(2) 
PARAMETRIC_REPRESENTATION_CONTEXT() REPRESENTATION_CONTEXT('2D SPACE',''
  ) );
#14520 = ORIENTED_EDGE('',*,*,#14521,.T.);
#14521 = EDGE_CURVE('',#14499,#14499,#14522,.T.);
#14522 = SURFACE_CURVE('',#14523,(#14528,#14535),.PCURVE_S1.);
#14523 = CIRCLE('',#14524,0.45);
#14524 = AXIS2_PLACEMENT_3D('',#14525,#14526,#14527);
#14525 = CARTESIAN_POINT('',(-3.695518130045,-1.53073372946,97.));
#14526 = DIRECTION('',(-8.053176127596E-02,-3.33573477223E-02,
    0.996193717496));
#14527 = DIRECTION('',(0.996748419131,0.,8.057660305608E-02));
#14528 = PCURVE('',#14474,#14529);
#14529 = DEFINITIONAL_REPRESENTATION('',(#14530),#14534);
#14530 = LINE('',#14531,#14532);
#14531 = CARTESIAN_POINT('',(0.,0.));
#14532 = VECTOR('',#14533,1.);
#14533 = DIRECTION('',(1.,0.));
#14534 = ( GEOMETRIC_REPRESENTATION_CONTEXT(2) 
PARAMETRIC_REPRESENTATION_CONTEXT() REPRESENTATION_CONTEXT('2D SPACE',''
  ) );
#14535 = PCURVE('',#14536,#14541);
#14536 = PLANE('',#14537);
#14537 = AXIS2_PLACEMENT_3D('',#14538,#14539,#14540);
#14538 = CARTESIAN_POINT('',(-3.695518130045,-1.53073372946,97.));
#14539 = DIRECTION('',(-8.053176127596E-02,-3.33573477223E-02,
    0.996193717496));
#14540 = DIRECTION('',(0.996748419131,4.336808689942E-19,
    8.057660305608E-02));
#14541 = DEFINITIONAL_REPRESENTATION('',(#14542),#14546);
#14542 = CIRCLE('',#14543,0.45);
#14543 = AXIS2_PLACEMENT_2D('',#14544,#14545);
#14544 = CARTESIAN_POINT('',(0.,0.));
#14545 = DIRECTION('',(1.,0.));
#14546 = ( GEOMETRIC_REPRESENTATION_CONTEXT(2) 
PARAMETRIC_REPRESENTATION_CONTEXT() REPRESENTATION_CONTEXT('2D SPACE',''
  ) );
#14547 = ORIENTED_EDGE('',*,*,#14498,.T.);
#14548 = ADVANCED_FACE('',(#14549),#14486,.T.);
#14549 = FACE_BOUND('',#14550,.T.);
#14550 = EDGE_LOOP('',(#14551));
#14551 = ORIENTED_EDGE('',*,*,#14464,.T.);
#14552 = ADVANCED_FACE('',(#14553),#14536,.F.);
#14553 = FACE_BOUND('',#14554,.T.);
#14554 = EDGE_LOOP('',(#14555));
#14555 = ORIENTED_EDGE('',*,*,#14521,.F.);
#14556 = MANIFOLD_SOLID_BREP('',#14557);
#14557 = CLOSED_SHELL('',(#14558,#14646,#14650));
#14558 = ADVANCED_FACE('',(#14559),#14572,.T.);
#14559 = FACE_BOUND('',#14560,.T.);
#14560 = EDGE_LOOP('',(#14561,#14595,#14618,#14645));
#14561 = ORIENTED_EDGE('',*,*,#14562,.F.);
#14562 = EDGE_CURVE('',#14563,#14563,#14565,.T.);
#14563 = VERTEX_POINT('',#14564);
#14564 = CARTESIAN_POINT('',(-4.854159721933,-5.303300858899,
    137.02778919007));
#14565 = SURFACE_CURVE('',#14566,(#14571,#14583),.PCURVE_S1.);
#14566 = CIRCLE('',#14567,0.45);
#14567 = AXIS2_PLACEMENT_3D('',#14568,#14569,#14570);
#14568 = CARTESIAN_POINT('',(-5.303300858899,-5.303300858899,137.));
#14569 = DIRECTION('',(-6.163634163898E-02,-6.163634163898E-02,
    0.996193717496));
#14570 = DIRECTION('',(0.99809141548,-8.673617379884E-19,
    6.175375571139E-02));
#14571 = PCURVE('',#14572,#14577);
#14572 = CYLINDRICAL_SURFACE('',#14573,0.45);
#14573 = AXIS2_PLACEMENT_3D('',#14574,#14575,#14576);
#14574 = CARTESIAN_POINT('',(-2.828427124746,-2.828427124746,97.));
#14575 = DIRECTION('',(-6.163634163898E-02,-6.163634163898E-02,
    0.996193717496));
#14576 = DIRECTION('',(0.99809141548,-4.336808689942E-19,
    6.175375571139E-02));
#14577 = DEFINITIONAL_REPRESENTATION('',(#14578),#14582);
#14578 = LINE('',#14579,#14580);
#14579 = CARTESIAN_POINT('',(0.,40.152833025828));
#14580 = VECTOR('',#14581,1.);
#14581 = DIRECTION('',(1.,0.));
#14582 = ( GEOMETRIC_REPRESENTATION_CONTEXT(2) 
PARAMETRIC_REPRESENTATION_CONTEXT() REPRESENTATION_CONTEXT('2D SPACE',''
  ) );
#14583 = PCURVE('',#14584,#14589);
#14584 = PLANE('',#14585);
#14585 = AXIS2_PLACEMENT_3D('',#14586,#14587,#14588);
#14586 = CARTESIAN_POINT('',(-5.303300858899,-5.303300858899,137.));
#14587 = DIRECTION('',(-6.163634163898E-02,-6.163634163898E-02,
    0.996193717496));
#14588 = DIRECTION('',(0.99809141548,-4.336808689942E-19,
    6.175375571139E-02));
#14589 = DEFINITIONAL_REPRESENTATION('',(#14590),#14594);
#14590 = CIRCLE('',#14591,0.45);
#14591 = AXIS2_PLACEMENT_2D('',#14592,#14593);
#14592 = CARTESIAN_POINT('',(0.,0.));
#14593 = DIRECTION('',(1.,0.));
#14594 = ( GEOMETRIC_REPRESENTATION_CONTEXT(2) 
PARAMETRIC_REPRESENTATION_CONTEXT() REPRESENTATION_CONTEXT('2D SPACE',''
  ) );
#14595 = ORIENTED_EDGE('',*,*,#14596,.F.);
#14596 = EDGE_CURVE('',#14597,#14563,#14599,.T.);
#14597 = VERTEX_POINT('',#14598);
#14598 = CARTESIAN_POINT('',(-2.37928598778,-2.828427124746,
    97.02778919007));
#14599 = SEAM_CURVE('',#14600,(#14604,#14611),.PCURVE_S1.);
#14600 = LINE('',#14601,#14602);
#14601 = CARTESIAN_POINT('',(-2.37928598778,-2.828427124746,
    97.02778919007));
#14602 = VECTOR('',#14603,1.);
#14603 = DIRECTION('',(-6.163634163898E-02,-6.163634163898E-02,
    0.996193717496));
#14604 = PCURVE('',#14572,#14605);
#14605 = DEFINITIONAL_REPRESENTATION('',(#14606),#14610);
#14606 = LINE('',#14607,#14608);
#14607 = CARTESIAN_POINT('',(6.28318530718,-0.));
#14608 = VECTOR('',#14609,1.);
#14609 = DIRECTION('',(0.,1.));
#14610 = ( GEOMETRIC_REPRESENTATION_CONTEXT(2) 
PARAMETRIC_REPRESENTATION_CONTEXT() REPRESENTATION_CONTEXT('2D SPACE',''
  ) );
#14611 = PCURVE('',#14572,#14612);
#14612 = DEFINITIONAL_REPRESENTATION('',(#14613),#14617);
#14613 = LINE('',#14614,#14615);
#14614 = CARTESIAN_POINT('',(0.,-0.));
#14615 = VECTOR('',#14616,1.);
#14616 = DIRECTION('',(0.,1.));
#14617 = ( GEOMETRIC_REPRESENTATION_CONTEXT(2) 
PARAMETRIC_REPRESENTATION_CONTEXT() REPRESENTATION_CONTEXT('2D SPACE',''
  ) );
#14618 = ORIENTED_EDGE('',*,*,#14619,.T.);
#14619 = EDGE_CURVE('',#14597,#14597,#14620,.T.);
#14620 = SURFACE_CURVE('',#14621,(#14626,#14633),.PCURVE_S1.);
#14621 = CIRCLE('',#14622,0.45);
#14622 = AXIS2_PLACEMENT_3D('',#14623,#14624,#14625);
#14623 = CARTESIAN_POINT('',(-2.828427124746,-2.828427124746,97.));
#14624 = DIRECTION('',(-6.163634163898E-02,-6.163634163898E-02,
    0.996193717496));
#14625 = DIRECTION('',(0.99809141548,-8.673617379884E-19,
    6.175375571139E-02));
#14626 = PCURVE('',#14572,#14627);
#14627 = DEFINITIONAL_REPRESENTATION('',(#14628),#14632);
#14628 = LINE('',#14629,#14630);
#14629 = CARTESIAN_POINT('',(0.,0.));
#14630 = VECTOR('',#14631,1.);
#14631 = DIRECTION('',(1.,0.));
#14632 = ( GEOMETRIC_REPRESENTATION_CONTEXT(2) 
PARAMETRIC_REPRESENTATION_CONTEXT() REPRESENTATION_CONTEXT('2D SPACE',''
  ) );
#14633 = PCURVE('',#14634,#14639);
#14634 = PLANE('',#14635);
#14635 = AXIS2_PLACEMENT_3D('',#14636,#14637,#14638);
#14636 = CARTESIAN_POINT('',(-2.828427124746,-2.828427124746,97.));
#14637 = DIRECTION('',(-6.163634163898E-02,-6.163634163898E-02,
    0.996193717496));
#14638 = DIRECTION('',(0.99809141548,-4.336808689942E-19,
    6.175375571139E-02));
#14639 = DEFINITIONAL_REPRESENTATION('',(#14640),#14644);
#14640 = CIRCLE('',#14641,0.45);
#14641 = AXIS2_PLACEMENT_2D('',#14642,#14643);
#14642 = CARTESIAN_POINT('',(0.,0.));
#14643 = DIRECTION('',(1.,0.));
#14644 = ( GEOMETRIC_REPRESENTATION_CONTEXT(2) 
PARAMETRIC_REPRESENTATION_CONTEXT() REPRESENTATION_CONTEXT('2D SPACE',''
  ) );
#14645 = ORIENTED_EDGE('',*,*,#14596,.T.);
#14646 = ADVANCED_FACE('',(#14647),#14584,.T.);
#14647 = FACE_BOUND('',#14648,.T.);
#14648 = EDGE_LOOP('',(#14649));
#14649 = ORIENTED_EDGE('',*,*,#14562,.T.);
#14650 = ADVANCED_FACE('',(#14651),#14634,.F.);
#14651 = FACE_BOUND('',#14652,.T.);
#14652 = EDGE_LOOP('',(#14653));
#14653 = ORIENTED_EDGE('',*,*,#14619,.F.);
#14654 = MANIFOLD_SOLID_BREP('',#14655);
#14655 = CLOSED_SHELL('',(#14656,#14744,#14748));
#14656 = ADVANCED_FACE('',(#14657),#14670,.T.);
#14657 = FACE_BOUND('',#14658,.T.);
#14658 = EDGE_LOOP('',(#14659,#14693,#14716,#14743));
#14659 = ORIENTED_EDGE('',*,*,#14660,.F.);
#14660 = EDGE_CURVE('',#14661,#14661,#14663,.T.);
#14661 = VERTEX_POINT('',#14662);
#14662 = CARTESIAN_POINT('',(-2.870125742738,-6.480559705226,
    137.03625947137));
#14663 = SURFACE_CURVE('',#14664,(#14669,#14681),.PCURVE_S1.);
#14664 = CIRCLE('',#14665,0.45);
#14665 = AXIS2_PLACEMENT_3D('',#14666,#14667,#14668);
#14666 = CARTESIAN_POINT('',(-2.870125742738,-6.929096493835,137.));
#14667 = DIRECTION('',(-3.33573477223E-02,-8.053176127596E-02,
    0.996193717496));
#14668 = DIRECTION('',(-4.336808689942E-19,0.996748419131,
    8.057660305608E-02));
#14669 = PCURVE('',#14670,#14675);
#14670 = CYLINDRICAL_SURFACE('',#14671,0.45);
#14671 = AXIS2_PLACEMENT_3D('',#14672,#14673,#14674);
#14672 = CARTESIAN_POINT('',(-1.53073372946,-3.695518130045,97.));
#14673 = DIRECTION('',(-3.33573477223E-02,-8.053176127596E-02,
    0.996193717496));
#14674 = DIRECTION('',(0.,0.996748419131,8.057660305608E-02));
#14675 = DEFINITIONAL_REPRESENTATION('',(#14676),#14680);
#14676 = LINE('',#14677,#14678);
#14677 = CARTESIAN_POINT('',(0.,40.152833025828));
#14678 = VECTOR('',#14679,1.);
#14679 = DIRECTION('',(1.,0.));
#14680 = ( GEOMETRIC_REPRESENTATION_CONTEXT(2) 
PARAMETRIC_REPRESENTATION_CONTEXT() REPRESENTATION_CONTEXT('2D SPACE',''
  ) );
#14681 = PCURVE('',#14682,#14687);
#14682 = PLANE('',#14683);
#14683 = AXIS2_PLACEMENT_3D('',#14684,#14685,#14686);
#14684 = CARTESIAN_POINT('',(-2.870125742738,-6.929096493835,137.));
#14685 = DIRECTION('',(-3.33573477223E-02,-8.053176127596E-02,
    0.996193717496));
#14686 = DIRECTION('',(0.,0.996748419131,8.057660305608E-02));
#14687 = DEFINITIONAL_REPRESENTATION('',(#14688),#14692);
#14688 = CIRCLE('',#14689,0.45);
#14689 = AXIS2_PLACEMENT_2D('',#14690,#14691);
#14690 = CARTESIAN_POINT('',(0.,0.));
#14691 = DIRECTION('',(1.,0.));
#14692 = ( GEOMETRIC_REPRESENTATION_CONTEXT(2) 
PARAMETRIC_REPRESENTATION_CONTEXT() REPRESENTATION_CONTEXT('2D SPACE',''
  ) );
#14693 = ORIENTED_EDGE('',*,*,#14694,.F.);
#14694 = EDGE_CURVE('',#14695,#14661,#14697,.T.);
#14695 = VERTEX_POINT('',#14696);
#14696 = CARTESIAN_POINT('',(-1.53073372946,-3.246981341436,
    97.036259471375));
#14697 = SEAM_CURVE('',#14698,(#14702,#14709),.PCURVE_S1.);
#14698 = LINE('',#14699,#14700);
#14699 = CARTESIAN_POINT('',(-1.53073372946,-3.246981341436,
    97.036259471375));
#14700 = VECTOR('',#14701,1.);
#14701 = DIRECTION('',(-3.33573477223E-02,-8.053176127596E-02,
    0.996193717496));
#14702 = PCURVE('',#14670,#14703);
#14703 = DEFINITIONAL_REPRESENTATION('',(#14704),#14708);
#14704 = LINE('',#14705,#14706);
#14705 = CARTESIAN_POINT('',(6.28318530718,-0.));
#14706 = VECTOR('',#14707,1.);
#14707 = DIRECTION('',(0.,1.));
#14708 = ( GEOMETRIC_REPRESENTATION_CONTEXT(2) 
PARAMETRIC_REPRESENTATION_CONTEXT() REPRESENTATION_CONTEXT('2D SPACE',''
  ) );
#14709 = PCURVE('',#14670,#14710);
#14710 = DEFINITIONAL_REPRESENTATION('',(#14711),#14715);
#14711 = LINE('',#14712,#14713);
#14712 = CARTESIAN_POINT('',(0.,-0.));
#14713 = VECTOR('',#14714,1.);
#14714 = DIRECTION('',(0.,1.));
#14715 = ( GEOMETRIC_REPRESENTATION_CONTEXT(2) 
PARAMETRIC_REPRESENTATION_CONTEXT() REPRESENTATION_CONTEXT('2D SPACE',''
  ) );
#14716 = ORIENTED_EDGE('',*,*,#14717,.T.);
#14717 = EDGE_CURVE('',#14695,#14695,#14718,.T.);
#14718 = SURFACE_CURVE('',#14719,(#14724,#14731),.PCURVE_S1.);
#14719 = CIRCLE('',#14720,0.45);
#14720 = AXIS2_PLACEMENT_3D('',#14721,#14722,#14723);
#14721 = CARTESIAN_POINT('',(-1.53073372946,-3.695518130045,97.));
#14722 = DIRECTION('',(-3.33573477223E-02,-8.053176127596E-02,
    0.996193717496));
#14723 = DIRECTION('',(-4.336808689942E-19,0.996748419131,
    8.057660305608E-02));
#14724 = PCURVE('',#14670,#14725);
#14725 = DEFINITIONAL_REPRESENTATION('',(#14726),#14730);
#14726 = LINE('',#14727,#14728);
#14727 = CARTESIAN_POINT('',(0.,0.));
#14728 = VECTOR('',#14729,1.);
#14729 = DIRECTION('',(1.,0.));
#14730 = ( GEOMETRIC_REPRESENTATION_CONTEXT(2) 
PARAMETRIC_REPRESENTATION_CONTEXT() REPRESENTATION_CONTEXT('2D SPACE',''
  ) );
#14731 = PCURVE('',#14732,#14737);
#14732 = PLANE('',#14733);
#14733 = AXIS2_PLACEMENT_3D('',#14734,#14735,#14736);
#14734 = CARTESIAN_POINT('',(-1.53073372946,-3.695518130045,97.));
#14735 = DIRECTION('',(-3.33573477223E-02,-8.053176127596E-02,
    0.996193717496));
#14736 = DIRECTION('',(0.,0.996748419131,8.057660305608E-02));
#14737 = DEFINITIONAL_REPRESENTATION('',(#14738),#14742);
#14738 = CIRCLE('',#14739,0.45);
#14739 = AXIS2_PLACEMENT_2D('',#14740,#14741);
#14740 = CARTESIAN_POINT('',(0.,0.));
#14741 = DIRECTION('',(1.,0.));
#14742 = ( GEOMETRIC_REPRESENTATION_CONTEXT(2) 
PARAMETRIC_REPRESENTATION_CONTEXT() REPRESENTATION_CONTEXT('2D SPACE',''
  ) );
#14743 = ORIENTED_EDGE('',*,*,#14694,.T.);
#14744 = ADVANCED_FACE('',(#14745),#14682,.T.);
#14745 = FACE_BOUND('',#14746,.T.);
#14746 = EDGE_LOOP('',(#14747));
#14747 = ORIENTED_EDGE('',*,*,#14660,.T.);
#14748 = ADVANCED_FACE('',(#14749),#14732,.F.);
#14749 = FACE_BOUND('',#14750,.T.);
#14750 = EDGE_LOOP('',(#14751));
#14751 = ORIENTED_EDGE('',*,*,#14717,.F.);
#14752 = MANIFOLD_SOLID_BREP('',#14753);
#14753 = CLOSED_SHELL('',(#14754,#14842,#14846));
#14754 = ADVANCED_FACE('',(#14755),#14768,.T.);
#14755 = FACE_BOUND('',#14756,.T.);
#14756 = EDGE_LOOP('',(#14757,#14791,#14814,#14841));
#14757 = ORIENTED_EDGE('',*,*,#14758,.F.);
#14758 = EDGE_CURVE('',#14759,#14759,#14761,.T.);
#14759 = VERTEX_POINT('',#14760);
#14760 = CARTESIAN_POINT('',(-1.267509437118E-15,-7.051712827127,
    137.03922512762));
#14761 = SURFACE_CURVE('',#14762,(#14767,#14779),.PCURVE_S1.);
#14762 = CIRCLE('',#14763,0.45);
#14763 = AXIS2_PLACEMENT_3D('',#14764,#14765,#14766);
#14764 = CARTESIAN_POINT('',(-1.377727649041E-15,-7.5,137.));
#14765 = DIRECTION('',(-1.601230899794E-17,-8.716695028091E-02,
    0.996193717496));
#14766 = DIRECTION('',(-3.851859888774E-34,0.996193717496,
    8.716695028091E-02));
#14767 = PCURVE('',#14768,#14773);
#14768 = CYLINDRICAL_SURFACE('',#14769,0.45);
#14769 = AXIS2_PLACEMENT_3D('',#14770,#14771,#14772);
#14770 = CARTESIAN_POINT('',(-7.347880794884E-16,-4.,97.));
#14771 = DIRECTION('',(-1.601230899794E-17,-8.716695028091E-02,
    0.996193717496));
#14772 = DIRECTION('',(-1.925929944387E-34,0.996193717496,
    8.716695028091E-02));
#14773 = DEFINITIONAL_REPRESENTATION('',(#14774),#14778);
#14774 = LINE('',#14775,#14776);
#14775 = CARTESIAN_POINT('',(0.,40.152833025828));
#14776 = VECTOR('',#14777,1.);
#14777 = DIRECTION('',(1.,0.));
#14778 = ( GEOMETRIC_REPRESENTATION_CONTEXT(2) 
PARAMETRIC_REPRESENTATION_CONTEXT() REPRESENTATION_CONTEXT('2D SPACE',''
  ) );
#14779 = PCURVE('',#14780,#14785);
#14780 = PLANE('',#14781);
#14781 = AXIS2_PLACEMENT_3D('',#14782,#14783,#14784);
#14782 = CARTESIAN_POINT('',(-1.377727649041E-15,-7.5,137.));
#14783 = DIRECTION('',(-1.601230899794E-17,-8.716695028091E-02,
    0.996193717496));
#14784 = DIRECTION('',(-1.925929944387E-34,0.996193717496,
    8.716695028091E-02));
#14785 = DEFINITIONAL_REPRESENTATION('',(#14786),#14790);
#14786 = CIRCLE('',#14787,0.45);
#14787 = AXIS2_PLACEMENT_2D('',#14788,#14789);
#14788 = CARTESIAN_POINT('',(0.,0.));
#14789 = DIRECTION('',(1.,0.));
#14790 = ( GEOMETRIC_REPRESENTATION_CONTEXT(2) 
PARAMETRIC_REPRESENTATION_CONTEXT() REPRESENTATION_CONTEXT('2D SPACE',''
  ) );
#14791 = ORIENTED_EDGE('',*,*,#14792,.F.);
#14792 = EDGE_CURVE('',#14793,#14759,#14795,.T.);
#14793 = VERTEX_POINT('',#14794);
#14794 = CARTESIAN_POINT('',(-6.245698675652E-16,-3.551712827127,
    97.039225127626));
#14795 = SEAM_CURVE('',#14796,(#14800,#14807),.PCURVE_S1.);
#14796 = LINE('',#14797,#14798);
#14797 = CARTESIAN_POINT('',(-6.245698675652E-16,-3.551712827127,
    97.039225127626));
#14798 = VECTOR('',#14799,1.);
#14799 = DIRECTION('',(-1.601230899794E-17,-8.716695028091E-02,
    0.996193717496));
#14800 = PCURVE('',#14768,#14801);
#14801 = DEFINITIONAL_REPRESENTATION('',(#14802),#14806);
#14802 = LINE('',#14803,#14804);
#14803 = CARTESIAN_POINT('',(6.28318530718,-0.));
#14804 = VECTOR('',#14805,1.);
#14805 = DIRECTION('',(0.,1.));
#14806 = ( GEOMETRIC_REPRESENTATION_CONTEXT(2) 
PARAMETRIC_REPRESENTATION_CONTEXT() REPRESENTATION_CONTEXT('2D SPACE',''
  ) );
#14807 = PCURVE('',#14768,#14808);
#14808 = DEFINITIONAL_REPRESENTATION('',(#14809),#14813);
#14809 = LINE('',#14810,#14811);
#14810 = CARTESIAN_POINT('',(0.,-0.));
#14811 = VECTOR('',#14812,1.);
#14812 = DIRECTION('',(0.,1.));
#14813 = ( GEOMETRIC_REPRESENTATION_CONTEXT(2) 
PARAMETRIC_REPRESENTATION_CONTEXT() REPRESENTATION_CONTEXT('2D SPACE',''
  ) );
#14814 = ORIENTED_EDGE('',*,*,#14815,.T.);
#14815 = EDGE_CURVE('',#14793,#14793,#14816,.T.);
#14816 = SURFACE_CURVE('',#14817,(#14822,#14829),.PCURVE_S1.);
#14817 = CIRCLE('',#14818,0.45);
#14818 = AXIS2_PLACEMENT_3D('',#14819,#14820,#14821);
#14819 = CARTESIAN_POINT('',(-7.347880794884E-16,-4.,97.));
#14820 = DIRECTION('',(-1.601230899794E-17,-8.716695028091E-02,
    0.996193717496));
#14821 = DIRECTION('',(-3.851859888774E-34,0.996193717496,
    8.716695028091E-02));
#14822 = PCURVE('',#14768,#14823);
#14823 = DEFINITIONAL_REPRESENTATION('',(#14824),#14828);
#14824 = LINE('',#14825,#14826);
#14825 = CARTESIAN_POINT('',(0.,0.));
#14826 = VECTOR('',#14827,1.);
#14827 = DIRECTION('',(1.,0.));
#14828 = ( GEOMETRIC_REPRESENTATION_CONTEXT(2) 
PARAMETRIC_REPRESENTATION_CONTEXT() REPRESENTATION_CONTEXT('2D SPACE',''
  ) );
#14829 = PCURVE('',#14830,#14835);
#14830 = PLANE('',#14831);
#14831 = AXIS2_PLACEMENT_3D('',#14832,#14833,#14834);
#14832 = CARTESIAN_POINT('',(-7.347880794884E-16,-4.,97.));
#14833 = DIRECTION('',(-1.601230899794E-17,-8.716695028091E-02,
    0.996193717496));
#14834 = DIRECTION('',(-1.925929944387E-34,0.996193717496,
    8.716695028091E-02));
#14835 = DEFINITIONAL_REPRESENTATION('',(#14836),#14840);
#14836 = CIRCLE('',#14837,0.45);
#14837 = AXIS2_PLACEMENT_2D('',#14838,#14839);
#14838 = CARTESIAN_POINT('',(0.,0.));
#14839 = DIRECTION('',(1.,0.));
#14840 = ( GEOMETRIC_REPRESENTATION_CONTEXT(2) 
PARAMETRIC_REPRESENTATION_CONTEXT() REPRESENTATION_CONTEXT('2D SPACE',''
  ) );
#14841 = ORIENTED_EDGE('',*,*,#14792,.T.);
#14842 = ADVANCED_FACE('',(#14843),#14780,.T.);
#14843 = FACE_BOUND('',#14844,.T.);
#14844 = EDGE_LOOP('',(#14845));
#14845 = ORIENTED_EDGE('',*,*,#14758,.T.);
#14846 = ADVANCED_FACE('',(#14847),#14830,.F.);
#14847 = FACE_BOUND('',#14848,.T.);
#14848 = EDGE_LOOP('',(#14849));
#14849 = ORIENTED_EDGE('',*,*,#14815,.F.);
#14850 = MANIFOLD_SOLID_BREP('',#14851);
#14851 = CLOSED_SHELL('',(#14852,#14940,#14944));
#14852 = ADVANCED_FACE('',(#14853),#14866,.T.);
#14853 = FACE_BOUND('',#14854,.T.);
#14854 = EDGE_LOOP('',(#14855,#14889,#14912,#14939));
#14855 = ORIENTED_EDGE('',*,*,#14856,.F.);
#14856 = EDGE_CURVE('',#14857,#14857,#14859,.T.);
#14857 = VERTEX_POINT('',#14858);
#14858 = CARTESIAN_POINT('',(2.870125742738,-6.480559705226,
    137.03625947137));
#14859 = SURFACE_CURVE('',#14860,(#14865,#14877),.PCURVE_S1.);
#14860 = CIRCLE('',#14861,0.45);
#14861 = AXIS2_PLACEMENT_3D('',#14862,#14863,#14864);
#14862 = CARTESIAN_POINT('',(2.870125742738,-6.929096493835,137.));
#14863 = DIRECTION('',(3.33573477223E-02,-8.053176127596E-02,
    0.996193717496));
#14864 = DIRECTION('',(4.336808689942E-19,0.996748419131,
    8.057660305608E-02));
#14865 = PCURVE('',#14866,#14871);
#14866 = CYLINDRICAL_SURFACE('',#14867,0.45);
#14867 = AXIS2_PLACEMENT_3D('',#14868,#14869,#14870);
#14868 = CARTESIAN_POINT('',(1.53073372946,-3.695518130045,97.));
#14869 = DIRECTION('',(3.33573477223E-02,-8.053176127596E-02,
    0.996193717496));
#14870 = DIRECTION('',(0.,0.996748419131,8.057660305608E-02));
#14871 = DEFINITIONAL_REPRESENTATION('',(#14872),#14876);
#14872 = LINE('',#14873,#14874);
#14873 = CARTESIAN_POINT('',(0.,40.152833025828));
#14874 = VECTOR('',#14875,1.);
#14875 = DIRECTION('',(1.,0.));
#14876 = ( GEOMETRIC_REPRESENTATION_CONTEXT(2) 
PARAMETRIC_REPRESENTATION_CONTEXT() REPRESENTATION_CONTEXT('2D SPACE',''
  ) );
#14877 = PCURVE('',#14878,#14883);
#14878 = PLANE('',#14879);
#14879 = AXIS2_PLACEMENT_3D('',#14880,#14881,#14882);
#14880 = CARTESIAN_POINT('',(2.870125742738,-6.929096493835,137.));
#14881 = DIRECTION('',(3.33573477223E-02,-8.053176127596E-02,
    0.996193717496));
#14882 = DIRECTION('',(0.,0.996748419131,8.057660305608E-02));
#14883 = DEFINITIONAL_REPRESENTATION('',(#14884),#14888);
#14884 = CIRCLE('',#14885,0.45);
#14885 = AXIS2_PLACEMENT_2D('',#14886,#14887);
#14886 = CARTESIAN_POINT('',(0.,0.));
#14887 = DIRECTION('',(1.,0.));
#14888 = ( GEOMETRIC_REPRESENTATION_CONTEXT(2) 
PARAMETRIC_REPRESENTATION_CONTEXT() REPRESENTATION_CONTEXT('2D SPACE',''
  ) );
#14889 = ORIENTED_EDGE('',*,*,#14890,.F.);
#14890 = EDGE_CURVE('',#14891,#14857,#14893,.T.);
#14891 = VERTEX_POINT('',#14892);
#14892 = CARTESIAN_POINT('',(1.53073372946,-3.246981341436,
    97.036259471375));
#14893 = SEAM_CURVE('',#14894,(#14898,#14905),.PCURVE_S1.);
#14894 = LINE('',#14895,#14896);
#14895 = CARTESIAN_POINT('',(1.53073372946,-3.246981341436,
    97.036259471375));
#14896 = VECTOR('',#14897,1.);
#14897 = DIRECTION('',(3.33573477223E-02,-8.053176127596E-02,
    0.996193717496));
#14898 = PCURVE('',#14866,#14899);
#14899 = DEFINITIONAL_REPRESENTATION('',(#14900),#14904);
#14900 = LINE('',#14901,#14902);
#14901 = CARTESIAN_POINT('',(6.28318530718,-0.));
#14902 = VECTOR('',#14903,1.);
#14903 = DIRECTION('',(0.,1.));
#14904 = ( GEOMETRIC_REPRESENTATION_CONTEXT(2) 
PARAMETRIC_REPRESENTATION_CONTEXT() REPRESENTATION_CONTEXT('2D SPACE',''
  ) );
#14905 = PCURVE('',#14866,#14906);
#14906 = DEFINITIONAL_REPRESENTATION('',(#14907),#14911);
#14907 = LINE('',#14908,#14909);
#14908 = CARTESIAN_POINT('',(0.,-0.));
#14909 = VECTOR('',#14910,1.);
#14910 = DIRECTION('',(0.,1.));
#14911 = ( GEOMETRIC_REPRESENTATION_CONTEXT(2) 
PARAMETRIC_REPRESENTATION_CONTEXT() REPRESENTATION_CONTEXT('2D SPACE',''
  ) );
#14912 = ORIENTED_EDGE('',*,*,#14913,.T.);
#14913 = EDGE_CURVE('',#14891,#14891,#14914,.T.);
#14914 = SURFACE_CURVE('',#14915,(#14920,#14927),.PCURVE_S1.);
#14915 = CIRCLE('',#14916,0.45);
#14916 = AXIS2_PLACEMENT_3D('',#14917,#14918,#14919);
#14917 = CARTESIAN_POINT('',(1.53073372946,-3.695518130045,97.));
#14918 = DIRECTION('',(3.33573477223E-02,-8.053176127596E-02,
    0.996193717496));
#14919 = DIRECTION('',(4.336808689942E-19,0.996748419131,
    8.057660305608E-02));
#14920 = PCURVE('',#14866,#14921);
#14921 = DEFINITIONAL_REPRESENTATION('',(#14922),#14926);
#14922 = LINE('',#14923,#14924);
#14923 = CARTESIAN_POINT('',(0.,0.));
#14924 = VECTOR('',#14925,1.);
#14925 = DIRECTION('',(1.,0.));
#14926 = ( GEOMETRIC_REPRESENTATION_CONTEXT(2) 
PARAMETRIC_REPRESENTATION_CONTEXT() REPRESENTATION_CONTEXT('2D SPACE',''
  ) );
#14927 = PCURVE('',#14928,#14933);
#14928 = PLANE('',#14929);
#14929 = AXIS2_PLACEMENT_3D('',#14930,#14931,#14932);
#14930 = CARTESIAN_POINT('',(1.53073372946,-3.695518130045,97.));
#14931 = DIRECTION('',(3.33573477223E-02,-8.053176127596E-02,
    0.996193717496));
#14932 = DIRECTION('',(0.,0.996748419131,8.057660305608E-02));
#14933 = DEFINITIONAL_REPRESENTATION('',(#14934),#14938);
#14934 = CIRCLE('',#14935,0.45);
#14935 = AXIS2_PLACEMENT_2D('',#14936,#14937);
#14936 = CARTESIAN_POINT('',(0.,0.));
#14937 = DIRECTION('',(1.,0.));
#14938 = ( GEOMETRIC_REPRESENTATION_CONTEXT(2) 
PARAMETRIC_REPRESENTATION_CONTEXT() REPRESENTATION_CONTEXT('2D SPACE',''
  ) );
#14939 = ORIENTED_EDGE('',*,*,#14890,.T.);
#14940 = ADVANCED_FACE('',(#14941),#14878,.T.);
#14941 = FACE_BOUND('',#14942,.T.);
#14942 = EDGE_LOOP('',(#14943));
#14943 = ORIENTED_EDGE('',*,*,#14856,.T.);
#14944 = ADVANCED_FACE('',(#14945),#14928,.F.);
#14945 = FACE_BOUND('',#14946,.T.);
#14946 = EDGE_LOOP('',(#14947));
#14947 = ORIENTED_EDGE('',*,*,#14913,.F.);
#14948 = MANIFOLD_SOLID_BREP('',#14949);
#14949 = CLOSED_SHELL('',(#14950,#15038,#15042));
#14950 = ADVANCED_FACE('',(#14951),#14964,.T.);
#14951 = FACE_BOUND('',#14952,.T.);
#14952 = EDGE_LOOP('',(#14953,#14987,#15010,#15037));
#14953 = ORIENTED_EDGE('',*,*,#14954,.F.);
#14954 = EDGE_CURVE('',#14955,#14955,#14957,.T.);
#14955 = VERTEX_POINT('',#14956);
#14956 = CARTESIAN_POINT('',(5.303300858899,-4.854159721933,
    137.02778919007));
#14957 = SURFACE_CURVE('',#14958,(#14963,#14975),.PCURVE_S1.);
#14958 = CIRCLE('',#14959,0.45);
#14959 = AXIS2_PLACEMENT_3D('',#14960,#14961,#14962);
#14960 = CARTESIAN_POINT('',(5.303300858899,-5.303300858899,137.));
#14961 = DIRECTION('',(6.163634163898E-02,-6.163634163898E-02,
    0.996193717496));
#14962 = DIRECTION('',(8.673617379884E-19,0.99809141548,
    6.175375571139E-02));
#14963 = PCURVE('',#14964,#14969);
#14964 = CYLINDRICAL_SURFACE('',#14965,0.45);
#14965 = AXIS2_PLACEMENT_3D('',#14966,#14967,#14968);
#14966 = CARTESIAN_POINT('',(2.828427124746,-2.828427124746,97.));
#14967 = DIRECTION('',(6.163634163898E-02,-6.163634163898E-02,
    0.996193717496));
#14968 = DIRECTION('',(4.336808689942E-19,0.99809141548,
    6.175375571139E-02));
#14969 = DEFINITIONAL_REPRESENTATION('',(#14970),#14974);
#14970 = LINE('',#14971,#14972);
#14971 = CARTESIAN_POINT('',(0.,40.152833025828));
#14972 = VECTOR('',#14973,1.);
#14973 = DIRECTION('',(1.,0.));
#14974 = ( GEOMETRIC_REPRESENTATION_CONTEXT(2) 
PARAMETRIC_REPRESENTATION_CONTEXT() REPRESENTATION_CONTEXT('2D SPACE',''
  ) );
#14975 = PCURVE('',#14976,#14981);
#14976 = PLANE('',#14977);
#14977 = AXIS2_PLACEMENT_3D('',#14978,#14979,#14980);
#14978 = CARTESIAN_POINT('',(5.303300858899,-5.303300858899,137.));
#14979 = DIRECTION('',(6.163634163898E-02,-6.163634163898E-02,
    0.996193717496));
#14980 = DIRECTION('',(4.336808689942E-19,0.99809141548,
    6.175375571139E-02));
#14981 = DEFINITIONAL_REPRESENTATION('',(#14982),#14986);
#14982 = CIRCLE('',#14983,0.45);
#14983 = AXIS2_PLACEMENT_2D('',#14984,#14985);
#14984 = CARTESIAN_POINT('',(0.,0.));
#14985 = DIRECTION('',(1.,0.));
#14986 = ( GEOMETRIC_REPRESENTATION_CONTEXT(2) 
PARAMETRIC_REPRESENTATION_CONTEXT() REPRESENTATION_CONTEXT('2D SPACE',''
  ) );
#14987 = ORIENTED_EDGE('',*,*,#14988,.F.);
#14988 = EDGE_CURVE('',#14989,#14955,#14991,.T.);
#14989 = VERTEX_POINT('',#14990);
#14990 = CARTESIAN_POINT('',(2.828427124746,-2.37928598778,
    97.02778919007));
#14991 = SEAM_CURVE('',#14992,(#14996,#15003),.PCURVE_S1.);
#14992 = LINE('',#14993,#14994);
#14993 = CARTESIAN_POINT('',(2.828427124746,-2.37928598778,
    97.02778919007));
#14994 = VECTOR('',#14995,1.);
#14995 = DIRECTION('',(6.163634163898E-02,-6.163634163898E-02,
    0.996193717496));
#14996 = PCURVE('',#14964,#14997);
#14997 = DEFINITIONAL_REPRESENTATION('',(#14998),#15002);
#14998 = LINE('',#14999,#15000);
#14999 = CARTESIAN_POINT('',(6.28318530718,-0.));
#15000 = VECTOR('',#15001,1.);
#15001 = DIRECTION('',(0.,1.));
#15002 = ( GEOMETRIC_REPRESENTATION_CONTEXT(2) 
PARAMETRIC_REPRESENTATION_CONTEXT() REPRESENTATION_CONTEXT('2D SPACE',''
  ) );
#15003 = PCURVE('',#14964,#15004);
#15004 = DEFINITIONAL_REPRESENTATION('',(#15005),#15009);
#15005 = LINE('',#15006,#15007);
#15006 = CARTESIAN_POINT('',(0.,-0.));
#15007 = VECTOR('',#15008,1.);
#15008 = DIRECTION('',(0.,1.));
#15009 = ( GEOMETRIC_REPRESENTATION_CONTEXT(2) 
PARAMETRIC_REPRESENTATION_CONTEXT() REPRESENTATION_CONTEXT('2D SPACE',''
  ) );
#15010 = ORIENTED_EDGE('',*,*,#15011,.T.);
#15011 = EDGE_CURVE('',#14989,#14989,#15012,.T.);
#15012 = SURFACE_CURVE('',#15013,(#15018,#15025),.PCURVE_S1.);
#15013 = CIRCLE('',#15014,0.45);
#15014 = AXIS2_PLACEMENT_3D('',#15015,#15016,#15017);
#15015 = CARTESIAN_POINT('',(2.828427124746,-2.828427124746,97.));
#15016 = DIRECTION('',(6.163634163898E-02,-6.163634163898E-02,
    0.996193717496));
#15017 = DIRECTION('',(8.673617379884E-19,0.99809141548,
    6.175375571139E-02));
#15018 = PCURVE('',#14964,#15019);
#15019 = DEFINITIONAL_REPRESENTATION('',(#15020),#15024);
#15020 = LINE('',#15021,#15022);
#15021 = CARTESIAN_POINT('',(0.,0.));
#15022 = VECTOR('',#15023,1.);
#15023 = DIRECTION('',(1.,0.));
#15024 = ( GEOMETRIC_REPRESENTATION_CONTEXT(2) 
PARAMETRIC_REPRESENTATION_CONTEXT() REPRESENTATION_CONTEXT('2D SPACE',''
  ) );
#15025 = PCURVE('',#15026,#15031);
#15026 = PLANE('',#15027);
#15027 = AXIS2_PLACEMENT_3D('',#15028,#15029,#15030);
#15028 = CARTESIAN_POINT('',(2.828427124746,-2.828427124746,97.));
#15029 = DIRECTION('',(6.163634163898E-02,-6.163634163898E-02,
    0.996193717496));
#15030 = DIRECTION('',(4.336808689942E-19,0.99809141548,
    6.175375571139E-02));
#15031 = DEFINITIONAL_REPRESENTATION('',(#15032),#15036);
#15032 = CIRCLE('',#15033,0.45);
#15033 = AXIS2_PLACEMENT_2D('',#15034,#15035);
#15034 = CARTESIAN_POINT('',(0.,0.));
#15035 = DIRECTION('',(1.,0.));
#15036 = ( GEOMETRIC_REPRESENTATION_CONTEXT(2) 
PARAMETRIC_REPRESENTATION_CONTEXT() REPRESENTATION_CONTEXT('2D SPACE',''
  ) );
#15037 = ORIENTED_EDGE('',*,*,#14988,.T.);
#15038 = ADVANCED_FACE('',(#15039),#14976,.T.);
#15039 = FACE_BOUND('',#15040,.T.);
#15040 = EDGE_LOOP('',(#15041));
#15041 = ORIENTED_EDGE('',*,*,#14954,.T.);
#15042 = ADVANCED_FACE('',(#15043),#15026,.F.);
#15043 = FACE_BOUND('',#15044,.T.);
#15044 = EDGE_LOOP('',(#15045));
#15045 = ORIENTED_EDGE('',*,*,#15011,.F.);
#15046 = MANIFOLD_SOLID_BREP('',#15047);
#15047 = CLOSED_SHELL('',(#15048,#15136,#15140));
#15048 = ADVANCED_FACE('',(#15049),#15062,.T.);
#15049 = FACE_BOUND('',#15050,.T.);
#15050 = EDGE_LOOP('',(#15051,#15085,#15108,#15135));
#15051 = ORIENTED_EDGE('',*,*,#15052,.F.);
#15052 = EDGE_CURVE('',#15053,#15053,#15055,.T.);
#15053 = VERTEX_POINT('',#15054);
#15054 = CARTESIAN_POINT('',(7.377633282444,-2.870125742738,
    136.96374052862));
#15055 = SURFACE_CURVE('',#15056,(#15061,#15073),.PCURVE_S1.);
#15056 = CIRCLE('',#15057,0.45);
#15057 = AXIS2_PLACEMENT_3D('',#15058,#15059,#15060);
#15058 = CARTESIAN_POINT('',(6.929096493835,-2.870125742738,137.));
#15059 = DIRECTION('',(8.053176127596E-02,-3.33573477223E-02,
    0.996193717496));
#15060 = DIRECTION('',(0.996748419131,-4.336808689942E-19,
    -8.057660305608E-02));
#15061 = PCURVE('',#15062,#15067);
#15062 = CYLINDRICAL_SURFACE('',#15063,0.45);
#15063 = AXIS2_PLACEMENT_3D('',#15064,#15065,#15066);
#15064 = CARTESIAN_POINT('',(3.695518130045,-1.53073372946,97.));
#15065 = DIRECTION('',(8.053176127596E-02,-3.33573477223E-02,
    0.996193717496));
#15066 = DIRECTION('',(0.996748419131,-4.336808689942E-19,
    -8.057660305608E-02));
#15067 = DEFINITIONAL_REPRESENTATION('',(#15068),#15072);
#15068 = LINE('',#15069,#15070);
#15069 = CARTESIAN_POINT('',(0.,40.152833025828));
#15070 = VECTOR('',#15071,1.);
#15071 = DIRECTION('',(1.,0.));
#15072 = ( GEOMETRIC_REPRESENTATION_CONTEXT(2) 
PARAMETRIC_REPRESENTATION_CONTEXT() REPRESENTATION_CONTEXT('2D SPACE',''
  ) );
#15073 = PCURVE('',#15074,#15079);
#15074 = PLANE('',#15075);
#15075 = AXIS2_PLACEMENT_3D('',#15076,#15077,#15078);
#15076 = CARTESIAN_POINT('',(6.929096493835,-2.870125742738,137.));
#15077 = DIRECTION('',(8.053176127596E-02,-3.33573477223E-02,
    0.996193717496));
#15078 = DIRECTION('',(0.996748419131,-4.336808689942E-19,
    -8.057660305608E-02));
#15079 = DEFINITIONAL_REPRESENTATION('',(#15080),#15084);
#15080 = CIRCLE('',#15081,0.45);
#15081 = AXIS2_PLACEMENT_2D('',#15082,#15083);
#15082 = CARTESIAN_POINT('',(0.,0.));
#15083 = DIRECTION('',(1.,0.));
#15084 = ( GEOMETRIC_REPRESENTATION_CONTEXT(2) 
PARAMETRIC_REPRESENTATION_CONTEXT() REPRESENTATION_CONTEXT('2D SPACE',''
  ) );
#15085 = ORIENTED_EDGE('',*,*,#15086,.F.);
#15086 = EDGE_CURVE('',#15087,#15053,#15089,.T.);
#15087 = VERTEX_POINT('',#15088);
#15088 = CARTESIAN_POINT('',(4.144054918654,-1.53073372946,
    96.963740528625));
#15089 = SEAM_CURVE('',#15090,(#15094,#15101),.PCURVE_S1.);
#15090 = LINE('',#15091,#15092);
#15091 = CARTESIAN_POINT('',(4.144054918654,-1.53073372946,
    96.963740528625));
#15092 = VECTOR('',#15093,1.);
#15093 = DIRECTION('',(8.053176127596E-02,-3.33573477223E-02,
    0.996193717496));
#15094 = PCURVE('',#15062,#15095);
#15095 = DEFINITIONAL_REPRESENTATION('',(#15096),#15100);
#15096 = LINE('',#15097,#15098);
#15097 = CARTESIAN_POINT('',(6.28318530718,-0.));
#15098 = VECTOR('',#15099,1.);
#15099 = DIRECTION('',(0.,1.));
#15100 = ( GEOMETRIC_REPRESENTATION_CONTEXT(2) 
PARAMETRIC_REPRESENTATION_CONTEXT() REPRESENTATION_CONTEXT('2D SPACE',''
  ) );
#15101 = PCURVE('',#15062,#15102);
#15102 = DEFINITIONAL_REPRESENTATION('',(#15103),#15107);
#15103 = LINE('',#15104,#15105);
#15104 = CARTESIAN_POINT('',(0.,-0.));
#15105 = VECTOR('',#15106,1.);
#15106 = DIRECTION('',(0.,1.));
#15107 = ( GEOMETRIC_REPRESENTATION_CONTEXT(2) 
PARAMETRIC_REPRESENTATION_CONTEXT() REPRESENTATION_CONTEXT('2D SPACE',''
  ) );
#15108 = ORIENTED_EDGE('',*,*,#15109,.T.);
#15109 = EDGE_CURVE('',#15087,#15087,#15110,.T.);
#15110 = SURFACE_CURVE('',#15111,(#15116,#15123),.PCURVE_S1.);
#15111 = CIRCLE('',#15112,0.45);
#15112 = AXIS2_PLACEMENT_3D('',#15113,#15114,#15115);
#15113 = CARTESIAN_POINT('',(3.695518130045,-1.53073372946,97.));
#15114 = DIRECTION('',(8.053176127596E-02,-3.33573477223E-02,
    0.996193717496));
#15115 = DIRECTION('',(0.996748419131,-4.336808689942E-19,
    -8.057660305608E-02));
#15116 = PCURVE('',#15062,#15117);
#15117 = DEFINITIONAL_REPRESENTATION('',(#15118),#15122);
#15118 = LINE('',#15119,#15120);
#15119 = CARTESIAN_POINT('',(0.,0.));
#15120 = VECTOR('',#15121,1.);
#15121 = DIRECTION('',(1.,0.));
#15122 = ( GEOMETRIC_REPRESENTATION_CONTEXT(2) 
PARAMETRIC_REPRESENTATION_CONTEXT() REPRESENTATION_CONTEXT('2D SPACE',''
  ) );
#15123 = PCURVE('',#15124,#15129);
#15124 = PLANE('',#15125);
#15125 = AXIS2_PLACEMENT_3D('',#15126,#15127,#15128);
#15126 = CARTESIAN_POINT('',(3.695518130045,-1.53073372946,97.));
#15127 = DIRECTION('',(8.053176127596E-02,-3.33573477223E-02,
    0.996193717496));
#15128 = DIRECTION('',(0.996748419131,-4.336808689942E-19,
    -8.057660305608E-02));
#15129 = DEFINITIONAL_REPRESENTATION('',(#15130),#15134);
#15130 = CIRCLE('',#15131,0.45);
#15131 = AXIS2_PLACEMENT_2D('',#15132,#15133);
#15132 = CARTESIAN_POINT('',(0.,0.));
#15133 = DIRECTION('',(1.,0.));
#15134 = ( GEOMETRIC_REPRESENTATION_CONTEXT(2) 
PARAMETRIC_REPRESENTATION_CONTEXT() REPRESENTATION_CONTEXT('2D SPACE',''
  ) );
#15135 = ORIENTED_EDGE('',*,*,#15086,.T.);
#15136 = ADVANCED_FACE('',(#15137),#15074,.T.);
#15137 = FACE_BOUND('',#15138,.T.);
#15138 = EDGE_LOOP('',(#15139));
#15139 = ORIENTED_EDGE('',*,*,#15052,.T.);
#15140 = ADVANCED_FACE('',(#15141),#15124,.F.);
#15141 = FACE_BOUND('',#15142,.T.);
#15142 = EDGE_LOOP('',(#15143));
#15143 = ORIENTED_EDGE('',*,*,#15109,.F.);
#15144 = ( GEOMETRIC_REPRESENTATION_CONTEXT(3) 
GLOBAL_UNCERTAINTY_ASSIGNED_CONTEXT((#15148)) 
GLOBAL_UNIT_ASSIGNED_CONTEXT((#15145,#15146,#15147)) 
REPRESENTATION_CONTEXT('Context #1',
  '3D Context with UNIT and UNCERTAINTY') );
#15145 = ( LENGTH_UNIT() NAMED_UNIT(*) SI_UNIT(.MILLI.,.METRE.) );
#15146 = ( NAMED_UNIT(*) PLANE_ANGLE_UNIT() SI_UNIT($,.RADIAN.) );
#15147 = ( NAMED_UNIT(*) SI_UNIT($,.STERADIAN.) SOLID_ANGLE_UNIT() );
#15148 = UNCERTAINTY_MEASURE_WITH_UNIT(LENGTH_MEASURE(1.E-07),#15145,
  'distance_accuracy_value','confusion accuracy');
#15149 = CONTEXT_DEPENDENT_SHAPE_REPRESENTATION(#15150,#15152);
#15150 = ( REPRESENTATION_RELATIONSHIP('','',#13575,#10) 
REPRESENTATION_RELATIONSHIP_WITH_TRANSFORMATION(#15151) 
SHAPE_REPRESENTATION_RELATIONSHIP() );
#15151 = ITEM_DEFINED_TRANSFORMATION('','',#11,#123);
#15152 = PRODUCT_DEFINITION_SHAPE('Placement','Placement of an item',
  #15153);
#15153 = NEXT_ASSEMBLY_USAGE_OCCURRENCE('52','whisk_bamboo_bristles','',
  #5,#13570,$);
#15154 = PRODUCT_RELATED_PRODUCT_CATEGORY('part',$,(#13572));
#15155 = SHAPE_DEFINITION_REPRESENTATION(#15156,#15162);
#15156 = PRODUCT_DEFINITION_SHAPE('','',#15157);
#15157 = PRODUCT_DEFINITION('design','',#15158,#15161);
#15158 = PRODUCT_DEFINITION_FORMATION('','',#15159);
#15159 = PRODUCT('whisk_bus_driver_board','whisk_bus_driver_board','',(
    #15160));
#15160 = PRODUCT_CONTEXT('',#2,'mechanical');
#15161 = PRODUCT_DEFINITION_CONTEXT('part definition',#2,'design');
#15162 = ADVANCED_BREP_SHAPE_REPRESENTATION('',(#11,#15163),#15493);
#15163 = MANIFOLD_SOLID_BREP('',#15164);
#15164 = CLOSED_SHELL('',(#15165,#15285,#15385,#15432,#15479,#15486));
#15165 = ADVANCED_FACE('',(#15166),#15180,.F.);
#15166 = FACE_BOUND('',#15167,.F.);
#15167 = EDGE_LOOP('',(#15168,#15203,#15231,#15259));
#15168 = ORIENTED_EDGE('',*,*,#15169,.F.);
#15169 = EDGE_CURVE('',#15170,#15172,#15174,.T.);
#15170 = VERTEX_POINT('',#15171);
#15171 = CARTESIAN_POINT('',(-11.,-8.,13.));
#15172 = VERTEX_POINT('',#15173);
#15173 = CARTESIAN_POINT('',(-11.,-8.,14.6));
#15174 = SURFACE_CURVE('',#15175,(#15179,#15191),.PCURVE_S1.);
#15175 = LINE('',#15176,#15177);
#15176 = CARTESIAN_POINT('',(-11.,-8.,13.));
#15177 = VECTOR('',#15178,1.);
#15178 = DIRECTION('',(0.,0.,1.));
#15179 = PCURVE('',#15180,#15185);
#15180 = PLANE('',#15181);
#15181 = AXIS2_PLACEMENT_3D('',#15182,#15183,#15184);
#15182 = CARTESIAN_POINT('',(-11.,-8.,13.));
#15183 = DIRECTION('',(1.,0.,0.));
#15184 = DIRECTION('',(0.,0.,1.));
#15185 = DEFINITIONAL_REPRESENTATION('',(#15186),#15190);
#15186 = LINE('',#15187,#15188);
#15187 = CARTESIAN_POINT('',(0.,0.));
#15188 = VECTOR('',#15189,1.);
#15189 = DIRECTION('',(1.,0.));
#15190 = ( GEOMETRIC_REPRESENTATION_CONTEXT(2) 
PARAMETRIC_REPRESENTATION_CONTEXT() REPRESENTATION_CONTEXT('2D SPACE',''
  ) );
#15191 = PCURVE('',#15192,#15197);
#15192 = PLANE('',#15193);
#15193 = AXIS2_PLACEMENT_3D('',#15194,#15195,#15196);
#15194 = CARTESIAN_POINT('',(-11.,-8.,13.));
#15195 = DIRECTION('',(0.,1.,0.));
#15196 = DIRECTION('',(0.,0.,1.));
#15197 = DEFINITIONAL_REPRESENTATION('',(#15198),#15202);
#15198 = LINE('',#15199,#15200);
#15199 = CARTESIAN_POINT('',(0.,0.));
#15200 = VECTOR('',#15201,1.);
#15201 = DIRECTION('',(1.,0.));
#15202 = ( GEOMETRIC_REPRESENTATION_CONTEXT(2) 
PARAMETRIC_REPRESENTATION_CONTEXT() REPRESENTATION_CONTEXT('2D SPACE',''
  ) );
#15203 = ORIENTED_EDGE('',*,*,#15204,.T.);
#15204 = EDGE_CURVE('',#15170,#15205,#15207,.T.);
#15205 = VERTEX_POINT('',#15206);
#15206 = CARTESIAN_POINT('',(-11.,8.,13.));
#15207 = SURFACE_CURVE('',#15208,(#15212,#15219),.PCURVE_S1.);
#15208 = LINE('',#15209,#15210);
#15209 = CARTESIAN_POINT('',(-11.,-8.,13.));
#15210 = VECTOR('',#15211,1.);
#15211 = DIRECTION('',(0.,1.,0.));
#15212 = PCURVE('',#15180,#15213);
#15213 = DEFINITIONAL_REPRESENTATION('',(#15214),#15218);
#15214 = LINE('',#15215,#15216);
#15215 = CARTESIAN_POINT('',(0.,0.));
#15216 = VECTOR('',#15217,1.);
#15217 = DIRECTION('',(0.,-1.));
#15218 = ( GEOMETRIC_REPRESENTATION_CONTEXT(2) 
PARAMETRIC_REPRESENTATION_CONTEXT() REPRESENTATION_CONTEXT('2D SPACE',''
  ) );
#15219 = PCURVE('',#15220,#15225);
#15220 = PLANE('',#15221);
#15221 = AXIS2_PLACEMENT_3D('',#15222,#15223,#15224);
#15222 = CARTESIAN_POINT('',(-11.,-8.,13.));
#15223 = DIRECTION('',(0.,0.,1.));
#15224 = DIRECTION('',(1.,0.,0.));
#15225 = DEFINITIONAL_REPRESENTATION('',(#15226),#15230);
#15226 = LINE('',#15227,#15228);
#15227 = CARTESIAN_POINT('',(0.,0.));
#15228 = VECTOR('',#15229,1.);
#15229 = DIRECTION('',(0.,1.));
#15230 = ( GEOMETRIC_REPRESENTATION_CONTEXT(2) 
PARAMETRIC_REPRESENTATION_CONTEXT() REPRESENTATION_CONTEXT('2D SPACE',''
  ) );
#15231 = ORIENTED_EDGE('',*,*,#15232,.T.);
#15232 = EDGE_CURVE('',#15205,#15233,#15235,.T.);
#15233 = VERTEX_POINT('',#15234);
#15234 = CARTESIAN_POINT('',(-11.,8.,14.6));
#15235 = SURFACE_CURVE('',#15236,(#15240,#15247),.PCURVE_S1.);
#15236 = LINE('',#15237,#15238);
#15237 = CARTESIAN_POINT('',(-11.,8.,13.));
#15238 = VECTOR('',#15239,1.);
#15239 = DIRECTION('',(0.,0.,1.));
#15240 = PCURVE('',#15180,#15241);
#15241 = DEFINITIONAL_REPRESENTATION('',(#15242),#15246);
#15242 = LINE('',#15243,#15244);
#15243 = CARTESIAN_POINT('',(0.,-16.));
#15244 = VECTOR('',#15245,1.);
#15245 = DIRECTION('',(1.,0.));
#15246 = ( GEOMETRIC_REPRESENTATION_CONTEXT(2) 
PARAMETRIC_REPRESENTATION_CONTEXT() REPRESENTATION_CONTEXT('2D SPACE',''
  ) );
#15247 = PCURVE('',#15248,#15253);
#15248 = PLANE('',#15249);
#15249 = AXIS2_PLACEMENT_3D('',#15250,#15251,#15252);
#15250 = CARTESIAN_POINT('',(-11.,8.,13.));
#15251 = DIRECTION('',(0.,1.,0.));
#15252 = DIRECTION('',(0.,0.,1.));
#15253 = DEFINITIONAL_REPRESENTATION('',(#15254),#15258);
#15254 = LINE('',#15255,#15256);
#15255 = CARTESIAN_POINT('',(0.,0.));
#15256 = VECTOR('',#15257,1.);
#15257 = DIRECTION('',(1.,0.));
#15258 = ( GEOMETRIC_REPRESENTATION_CONTEXT(2) 
PARAMETRIC_REPRESENTATION_CONTEXT() REPRESENTATION_CONTEXT('2D SPACE',''
  ) );
#15259 = ORIENTED_EDGE('',*,*,#15260,.F.);
#15260 = EDGE_CURVE('',#15172,#15233,#15261,.T.);
#15261 = SURFACE_CURVE('',#15262,(#15266,#15273),.PCURVE_S1.);
#15262 = LINE('',#15263,#15264);
#15263 = CARTESIAN_POINT('',(-11.,-8.,14.6));
#15264 = VECTOR('',#15265,1.);
#15265 = DIRECTION('',(0.,1.,0.));
#15266 = PCURVE('',#15180,#15267);
#15267 = DEFINITIONAL_REPRESENTATION('',(#15268),#15272);
#15268 = LINE('',#15269,#15270);
#15269 = CARTESIAN_POINT('',(1.6,0.));
#15270 = VECTOR('',#15271,1.);
#15271 = DIRECTION('',(0.,-1.));
#15272 = ( GEOMETRIC_REPRESENTATION_CONTEXT(2) 
PARAMETRIC_REPRESENTATION_CONTEXT() REPRESENTATION_CONTEXT('2D SPACE',''
  ) );
#15273 = PCURVE('',#15274,#15279);
#15274 = PLANE('',#15275);
#15275 = AXIS2_PLACEMENT_3D('',#15276,#15277,#15278);
#15276 = CARTESIAN_POINT('',(-11.,-8.,14.6));
#15277 = DIRECTION('',(0.,0.,1.));
#15278 = DIRECTION('',(1.,0.,0.));
#15279 = DEFINITIONAL_REPRESENTATION('',(#15280),#15284);
#15280 = LINE('',#15281,#15282);
#15281 = CARTESIAN_POINT('',(0.,0.));
#15282 = VECTOR('',#15283,1.);
#15283 = DIRECTION('',(0.,1.));
#15284 = ( GEOMETRIC_REPRESENTATION_CONTEXT(2) 
PARAMETRIC_REPRESENTATION_CONTEXT() REPRESENTATION_CONTEXT('2D SPACE',''
  ) );
#15285 = ADVANCED_FACE('',(#15286),#15300,.T.);
#15286 = FACE_BOUND('',#15287,.T.);
#15287 = EDGE_LOOP('',(#15288,#15318,#15341,#15364));
#15288 = ORIENTED_EDGE('',*,*,#15289,.F.);
#15289 = EDGE_CURVE('',#15290,#15292,#15294,.T.);
#15290 = VERTEX_POINT('',#15291);
#15291 = CARTESIAN_POINT('',(11.,-8.,13.));
#15292 = VERTEX_POINT('',#15293);
#15293 = CARTESIAN_POINT('',(11.,-8.,14.6));
#15294 = SURFACE_CURVE('',#15295,(#15299,#15311),.PCURVE_S1.);
#15295 = LINE('',#15296,#15297);
#15296 = CARTESIAN_POINT('',(11.,-8.,13.));
#15297 = VECTOR('',#15298,1.);
#15298 = DIRECTION('',(0.,0.,1.));
#15299 = PCURVE('',#15300,#15305);
#15300 = PLANE('',#15301);
#15301 = AXIS2_PLACEMENT_3D('',#15302,#15303,#15304);
#15302 = CARTESIAN_POINT('',(11.,-8.,13.));
#15303 = DIRECTION('',(1.,0.,0.));
#15304 = DIRECTION('',(0.,0.,1.));
#15305 = DEFINITIONAL_REPRESENTATION('',(#15306),#15310);
#15306 = LINE('',#15307,#15308);
#15307 = CARTESIAN_POINT('',(0.,0.));
#15308 = VECTOR('',#15309,1.);
#15309 = DIRECTION('',(1.,0.));
#15310 = ( GEOMETRIC_REPRESENTATION_CONTEXT(2) 
PARAMETRIC_REPRESENTATION_CONTEXT() REPRESENTATION_CONTEXT('2D SPACE',''
  ) );
#15311 = PCURVE('',#15192,#15312);
#15312 = DEFINITIONAL_REPRESENTATION('',(#15313),#15317);
#15313 = LINE('',#15314,#15315);
#15314 = CARTESIAN_POINT('',(0.,22.));
#15315 = VECTOR('',#15316,1.);
#15316 = DIRECTION('',(1.,0.));
#15317 = ( GEOMETRIC_REPRESENTATION_CONTEXT(2) 
PARAMETRIC_REPRESENTATION_CONTEXT() REPRESENTATION_CONTEXT('2D SPACE',''
  ) );
#15318 = ORIENTED_EDGE('',*,*,#15319,.T.);
#15319 = EDGE_CURVE('',#15290,#15320,#15322,.T.);
#15320 = VERTEX_POINT('',#15321);
#15321 = CARTESIAN_POINT('',(11.,8.,13.));
#15322 = SURFACE_CURVE('',#15323,(#15327,#15334),.PCURVE_S1.);
#15323 = LINE('',#15324,#15325);
#15324 = CARTESIAN_POINT('',(11.,-8.,13.));
#15325 = VECTOR('',#15326,1.);
#15326 = DIRECTION('',(0.,1.,0.));
#15327 = PCURVE('',#15300,#15328);
#15328 = DEFINITIONAL_REPRESENTATION('',(#15329),#15333);
#15329 = LINE('',#15330,#15331);
#15330 = CARTESIAN_POINT('',(0.,0.));
#15331 = VECTOR('',#15332,1.);
#15332 = DIRECTION('',(0.,-1.));
#15333 = ( GEOMETRIC_REPRESENTATION_CONTEXT(2) 
PARAMETRIC_REPRESENTATION_CONTEXT() REPRESENTATION_CONTEXT('2D SPACE',''
  ) );
#15334 = PCURVE('',#15220,#15335);
#15335 = DEFINITIONAL_REPRESENTATION('',(#15336),#15340);
#15336 = LINE('',#15337,#15338);
#15337 = CARTESIAN_POINT('',(22.,0.));
#15338 = VECTOR('',#15339,1.);
#15339 = DIRECTION('',(0.,1.));
#15340 = ( GEOMETRIC_REPRESENTATION_CONTEXT(2) 
PARAMETRIC_REPRESENTATION_CONTEXT() REPRESENTATION_CONTEXT('2D SPACE',''
  ) );
#15341 = ORIENTED_EDGE('',*,*,#15342,.T.);
#15342 = EDGE_CURVE('',#15320,#15343,#15345,.T.);
#15343 = VERTEX_POINT('',#15344);
#15344 = CARTESIAN_POINT('',(11.,8.,14.6));
#15345 = SURFACE_CURVE('',#15346,(#15350,#15357),.PCURVE_S1.);
#15346 = LINE('',#15347,#15348);
#15347 = CARTESIAN_POINT('',(11.,8.,13.));
#15348 = VECTOR('',#15349,1.);
#15349 = DIRECTION('',(0.,0.,1.));
#15350 = PCURVE('',#15300,#15351);
#15351 = DEFINITIONAL_REPRESENTATION('',(#15352),#15356);
#15352 = LINE('',#15353,#15354);
#15353 = CARTESIAN_POINT('',(0.,-16.));
#15354 = VECTOR('',#15355,1.);
#15355 = DIRECTION('',(1.,0.));
#15356 = ( GEOMETRIC_REPRESENTATION_CONTEXT(2) 
PARAMETRIC_REPRESENTATION_CONTEXT() REPRESENTATION_CONTEXT('2D SPACE',''
  ) );
#15357 = PCURVE('',#15248,#15358);
#15358 = DEFINITIONAL_REPRESENTATION('',(#15359),#15363);
#15359 = LINE('',#15360,#15361);
#15360 = CARTESIAN_POINT('',(0.,22.));
#15361 = VECTOR('',#15362,1.);
#15362 = DIRECTION('',(1.,0.));
#15363 = ( GEOMETRIC_REPRESENTATION_CONTEXT(2) 
PARAMETRIC_REPRESENTATION_CONTEXT() REPRESENTATION_CONTEXT('2D SPACE',''
  ) );
#15364 = ORIENTED_EDGE('',*,*,#15365,.F.);
#15365 = EDGE_CURVE('',#15292,#15343,#15366,.T.);
#15366 = SURFACE_CURVE('',#15367,(#15371,#15378),.PCURVE_S1.);
#15367 = LINE('',#15368,#15369);
#15368 = CARTESIAN_POINT('',(11.,-8.,14.6));
#15369 = VECTOR('',#15370,1.);
#15370 = DIRECTION('',(0.,1.,0.));
#15371 = PCURVE('',#15300,#15372);
#15372 = DEFINITIONAL_REPRESENTATION('',(#15373),#15377);
#15373 = LINE('',#15374,#15375);
#15374 = CARTESIAN_POINT('',(1.6,0.));
#15375 = VECTOR('',#15376,1.);
#15376 = DIRECTION('',(0.,-1.));
#15377 = ( GEOMETRIC_REPRESENTATION_CONTEXT(2) 
PARAMETRIC_REPRESENTATION_CONTEXT() REPRESENTATION_CONTEXT('2D SPACE',''
  ) );
#15378 = PCURVE('',#15274,#15379);
#15379 = DEFINITIONAL_REPRESENTATION('',(#15380),#15384);
#15380 = LINE('',#15381,#15382);
#15381 = CARTESIAN_POINT('',(22.,0.));
#15382 = VECTOR('',#15383,1.);
#15383 = DIRECTION('',(0.,1.));
#15384 = ( GEOMETRIC_REPRESENTATION_CONTEXT(2) 
PARAMETRIC_REPRESENTATION_CONTEXT() REPRESENTATION_CONTEXT('2D SPACE',''
  ) );
#15385 = ADVANCED_FACE('',(#15386),#15192,.F.);
#15386 = FACE_BOUND('',#15387,.F.);
#15387 = EDGE_LOOP('',(#15388,#15409,#15410,#15431));
#15388 = ORIENTED_EDGE('',*,*,#15389,.F.);
#15389 = EDGE_CURVE('',#15170,#15290,#15390,.T.);
#15390 = SURFACE_CURVE('',#15391,(#15395,#15402),.PCURVE_S1.);
#15391 = LINE('',#15392,#15393);
#15392 = CARTESIAN_POINT('',(-11.,-8.,13.));
#15393 = VECTOR('',#15394,1.);
#15394 = DIRECTION('',(1.,0.,0.));
#15395 = PCURVE('',#15192,#15396);
#15396 = DEFINITIONAL_REPRESENTATION('',(#15397),#15401);
#15397 = LINE('',#15398,#15399);
#15398 = CARTESIAN_POINT('',(0.,0.));
#15399 = VECTOR('',#15400,1.);
#15400 = DIRECTION('',(0.,1.));
#15401 = ( GEOMETRIC_REPRESENTATION_CONTEXT(2) 
PARAMETRIC_REPRESENTATION_CONTEXT() REPRESENTATION_CONTEXT('2D SPACE',''
  ) );
#15402 = PCURVE('',#15220,#15403);
#15403 = DEFINITIONAL_REPRESENTATION('',(#15404),#15408);
#15404 = LINE('',#15405,#15406);
#15405 = CARTESIAN_POINT('',(0.,0.));
#15406 = VECTOR('',#15407,1.);
#15407 = DIRECTION('',(1.,0.));
#15408 = ( GEOMETRIC_REPRESENTATION_CONTEXT(2) 
PARAMETRIC_REPRESENTATION_CONTEXT() REPRESENTATION_CONTEXT('2D SPACE',''
  ) );
#15409 = ORIENTED_EDGE('',*,*,#15169,.T.);
#15410 = ORIENTED_EDGE('',*,*,#15411,.T.);
#15411 = EDGE_CURVE('',#15172,#15292,#15412,.T.);
#15412 = SURFACE_CURVE('',#15413,(#15417,#15424),.PCURVE_S1.);
#15413 = LINE('',#15414,#15415);
#15414 = CARTESIAN_POINT('',(-11.,-8.,14.6));
#15415 = VECTOR('',#15416,1.);
#15416 = DIRECTION('',(1.,0.,0.));
#15417 = PCURVE('',#15192,#15418);
#15418 = DEFINITIONAL_REPRESENTATION('',(#15419),#15423);
#15419 = LINE('',#15420,#15421);
#15420 = CARTESIAN_POINT('',(1.6,0.));
#15421 = VECTOR('',#15422,1.);
#15422 = DIRECTION('',(0.,1.));
#15423 = ( GEOMETRIC_REPRESENTATION_CONTEXT(2) 
PARAMETRIC_REPRESENTATION_CONTEXT() REPRESENTATION_CONTEXT('2D SPACE',''
  ) );
#15424 = PCURVE('',#15274,#15425);
#15425 = DEFINITIONAL_REPRESENTATION('',(#15426),#15430);
#15426 = LINE('',#15427,#15428);
#15427 = CARTESIAN_POINT('',(0.,0.));
#15428 = VECTOR('',#15429,1.);
#15429 = DIRECTION('',(1.,0.));
#15430 = ( GEOMETRIC_REPRESENTATION_CONTEXT(2) 
PARAMETRIC_REPRESENTATION_CONTEXT() REPRESENTATION_CONTEXT('2D SPACE',''
  ) );
#15431 = ORIENTED_EDGE('',*,*,#15289,.F.);
#15432 = ADVANCED_FACE('',(#15433),#15248,.T.);
#15433 = FACE_BOUND('',#15434,.T.);
#15434 = EDGE_LOOP('',(#15435,#15456,#15457,#15478));
#15435 = ORIENTED_EDGE('',*,*,#15436,.F.);
#15436 = EDGE_CURVE('',#15205,#15320,#15437,.T.);
#15437 = SURFACE_CURVE('',#15438,(#15442,#15449),.PCURVE_S1.);
#15438 = LINE('',#15439,#15440);
#15439 = CARTESIAN_POINT('',(-11.,8.,13.));
#15440 = VECTOR('',#15441,1.);
#15441 = DIRECTION('',(1.,0.,0.));
#15442 = PCURVE('',#15248,#15443);
#15443 = DEFINITIONAL_REPRESENTATION('',(#15444),#15448);
#15444 = LINE('',#15445,#15446);
#15445 = CARTESIAN_POINT('',(0.,0.));
#15446 = VECTOR('',#15447,1.);
#15447 = DIRECTION('',(0.,1.));
#15448 = ( GEOMETRIC_REPRESENTATION_CONTEXT(2) 
PARAMETRIC_REPRESENTATION_CONTEXT() REPRESENTATION_CONTEXT('2D SPACE',''
  ) );
#15449 = PCURVE('',#15220,#15450);
#15450 = DEFINITIONAL_REPRESENTATION('',(#15451),#15455);
#15451 = LINE('',#15452,#15453);
#15452 = CARTESIAN_POINT('',(0.,16.));
#15453 = VECTOR('',#15454,1.);
#15454 = DIRECTION('',(1.,0.));
#15455 = ( GEOMETRIC_REPRESENTATION_CONTEXT(2) 
PARAMETRIC_REPRESENTATION_CONTEXT() REPRESENTATION_CONTEXT('2D SPACE',''
  ) );
#15456 = ORIENTED_EDGE('',*,*,#15232,.T.);
#15457 = ORIENTED_EDGE('',*,*,#15458,.T.);
#15458 = EDGE_CURVE('',#15233,#15343,#15459,.T.);
#15459 = SURFACE_CURVE('',#15460,(#15464,#15471),.PCURVE_S1.);
#15460 = LINE('',#15461,#15462);
#15461 = CARTESIAN_POINT('',(-11.,8.,14.6));
#15462 = VECTOR('',#15463,1.);
#15463 = DIRECTION('',(1.,0.,0.));
#15464 = PCURVE('',#15248,#15465);
#15465 = DEFINITIONAL_REPRESENTATION('',(#15466),#15470);
#15466 = LINE('',#15467,#15468);
#15467 = CARTESIAN_POINT('',(1.6,0.));
#15468 = VECTOR('',#15469,1.);
#15469 = DIRECTION('',(0.,1.));
#15470 = ( GEOMETRIC_REPRESENTATION_CONTEXT(2) 
PARAMETRIC_REPRESENTATION_CONTEXT() REPRESENTATION_CONTEXT('2D SPACE',''
  ) );
#15471 = PCURVE('',#15274,#15472);
#15472 = DEFINITIONAL_REPRESENTATION('',(#15473),#15477);
#15473 = LINE('',#15474,#15475);
#15474 = CARTESIAN_POINT('',(0.,16.));
#15475 = VECTOR('',#15476,1.);
#15476 = DIRECTION('',(1.,0.));
#15477 = ( GEOMETRIC_REPRESENTATION_CONTEXT(2) 
PARAMETRIC_REPRESENTATION_CONTEXT() REPRESENTATION_CONTEXT('2D SPACE',''
  ) );
#15478 = ORIENTED_EDGE('',*,*,#15342,.F.);
#15479 = ADVANCED_FACE('',(#15480),#15220,.F.);
#15480 = FACE_BOUND('',#15481,.F.);
#15481 = EDGE_LOOP('',(#15482,#15483,#15484,#15485));
#15482 = ORIENTED_EDGE('',*,*,#15204,.F.);
#15483 = ORIENTED_EDGE('',*,*,#15389,.T.);
#15484 = ORIENTED_EDGE('',*,*,#15319,.T.);
#15485 = ORIENTED_EDGE('',*,*,#15436,.F.);
#15486 = ADVANCED_FACE('',(#15487),#15274,.T.);
#15487 = FACE_BOUND('',#15488,.T.);
#15488 = EDGE_LOOP('',(#15489,#15490,#15491,#15492));
#15489 = ORIENTED_EDGE('',*,*,#15260,.F.);
#15490 = ORIENTED_EDGE('',*,*,#15411,.T.);
#15491 = ORIENTED_EDGE('',*,*,#15365,.T.);
#15492 = ORIENTED_EDGE('',*,*,#15458,.F.);
#15493 = ( GEOMETRIC_REPRESENTATION_CONTEXT(3) 
GLOBAL_UNCERTAINTY_ASSIGNED_CONTEXT((#15497)) 
GLOBAL_UNIT_ASSIGNED_CONTEXT((#15494,#15495,#15496)) 
REPRESENTATION_CONTEXT('Context #1',
  '3D Context with UNIT and UNCERTAINTY') );
#15494 = ( LENGTH_UNIT() NAMED_UNIT(*) SI_UNIT(.MILLI.,.METRE.) );
#15495 = ( NAMED_UNIT(*) PLANE_ANGLE_UNIT() SI_UNIT($,.RADIAN.) );
#15496 = ( NAMED_UNIT(*) SI_UNIT($,.STERADIAN.) SOLID_ANGLE_UNIT() );
#15497 = UNCERTAINTY_MEASURE_WITH_UNIT(LENGTH_MEASURE(1.E-07),#15494,
  'distance_accuracy_value','confusion accuracy');
#15498 = CONTEXT_DEPENDENT_SHAPE_REPRESENTATION(#15499,#15501);
#15499 = ( REPRESENTATION_RELATIONSHIP('','',#15162,#10) 
REPRESENTATION_RELATIONSHIP_WITH_TRANSFORMATION(#15500) 
SHAPE_REPRESENTATION_RELATIONSHIP() );
#15500 = ITEM_DEFINED_TRANSFORMATION('','',#11,#127);
#15501 = PRODUCT_DEFINITION_SHAPE('Placement','Placement of an item',
  #15502);
#15502 = NEXT_ASSEMBLY_USAGE_OCCURRENCE('53','whisk_bus_driver_board',''
  ,#5,#15157,$);
#15503 = PRODUCT_RELATED_PRODUCT_CATEGORY('part',$,(#15159));
#15504 = SHAPE_DEFINITION_REPRESENTATION(#15505,#15511);
#15505 = PRODUCT_DEFINITION_SHAPE('','',#15506);
#15506 = PRODUCT_DEFINITION('design','',#15507,#15510);
#15507 = PRODUCT_DEFINITION_FORMATION('','',#15508);
#15508 = PRODUCT('tool_id_22_resistor_0603','tool_id_22_resistor_0603',
  '',(#15509));
#15509 = PRODUCT_CONTEXT('',#2,'mechanical');
#15510 = PRODUCT_DEFINITION_CONTEXT('part definition',#2,'design');
#15511 = ADVANCED_BREP_SHAPE_REPRESENTATION('',(#11,#15512),#15842);
#15512 = MANIFOLD_SOLID_BREP('',#15513);
#15513 = CLOSED_SHELL('',(#15514,#15634,#15734,#15781,#15828,#15835));
#15514 = ADVANCED_FACE('',(#15515),#15529,.F.);
#15515 = FACE_BOUND('',#15516,.F.);
#15516 = EDGE_LOOP('',(#15517,#15552,#15580,#15608));
#15517 = ORIENTED_EDGE('',*,*,#15518,.F.);
#15518 = EDGE_CURVE('',#15519,#15521,#15523,.T.);
#15519 = VERTEX_POINT('',#15520);
#15520 = CARTESIAN_POINT('',(-33.2,8.4,1.));
#15521 = VERTEX_POINT('',#15522);
#15522 = CARTESIAN_POINT('',(-33.2,8.4,1.55));
#15523 = SURFACE_CURVE('',#15524,(#15528,#15540),.PCURVE_S1.);
#15524 = LINE('',#15525,#15526);
#15525 = CARTESIAN_POINT('',(-33.2,8.4,1.));
#15526 = VECTOR('',#15527,1.);
#15527 = DIRECTION('',(0.,0.,1.));
#15528 = PCURVE('',#15529,#15534);
#15529 = PLANE('',#15530);
#15530 = AXIS2_PLACEMENT_3D('',#15531,#15532,#15533);
#15531 = CARTESIAN_POINT('',(-33.2,8.4,1.));
#15532 = DIRECTION('',(1.,0.,0.));
#15533 = DIRECTION('',(0.,0.,1.));
#15534 = DEFINITIONAL_REPRESENTATION('',(#15535),#15539);
#15535 = LINE('',#15536,#15537);
#15536 = CARTESIAN_POINT('',(0.,0.));
#15537 = VECTOR('',#15538,1.);
#15538 = DIRECTION('',(1.,0.));
#15539 = ( GEOMETRIC_REPRESENTATION_CONTEXT(2) 
PARAMETRIC_REPRESENTATION_CONTEXT() REPRESENTATION_CONTEXT('2D SPACE',''
  ) );
#15540 = PCURVE('',#15541,#15546);
#15541 = PLANE('',#15542);
#15542 = AXIS2_PLACEMENT_3D('',#15543,#15544,#15545);
#15543 = CARTESIAN_POINT('',(-33.2,8.4,1.));
#15544 = DIRECTION('',(0.,1.,0.));
#15545 = DIRECTION('',(0.,0.,1.));
#15546 = DEFINITIONAL_REPRESENTATION('',(#15547),#15551);
#15547 = LINE('',#15548,#15549);
#15548 = CARTESIAN_POINT('',(0.,0.));
#15549 = VECTOR('',#15550,1.);
#15550 = DIRECTION('',(1.,0.));
#15551 = ( GEOMETRIC_REPRESENTATION_CONTEXT(2) 
PARAMETRIC_REPRESENTATION_CONTEXT() REPRESENTATION_CONTEXT('2D SPACE',''
  ) );
#15552 = ORIENTED_EDGE('',*,*,#15553,.T.);
#15553 = EDGE_CURVE('',#15519,#15554,#15556,.T.);
#15554 = VERTEX_POINT('',#15555);
#15555 = CARTESIAN_POINT('',(-33.2,9.2,1.));
#15556 = SURFACE_CURVE('',#15557,(#15561,#15568),.PCURVE_S1.);
#15557 = LINE('',#15558,#15559);
#15558 = CARTESIAN_POINT('',(-33.2,8.4,1.));
#15559 = VECTOR('',#15560,1.);
#15560 = DIRECTION('',(0.,1.,0.));
#15561 = PCURVE('',#15529,#15562);
#15562 = DEFINITIONAL_REPRESENTATION('',(#15563),#15567);
#15563 = LINE('',#15564,#15565);
#15564 = CARTESIAN_POINT('',(0.,0.));
#15565 = VECTOR('',#15566,1.);
#15566 = DIRECTION('',(0.,-1.));
#15567 = ( GEOMETRIC_REPRESENTATION_CONTEXT(2) 
PARAMETRIC_REPRESENTATION_CONTEXT() REPRESENTATION_CONTEXT('2D SPACE',''
  ) );
#15568 = PCURVE('',#15569,#15574);
#15569 = PLANE('',#15570);
#15570 = AXIS2_PLACEMENT_3D('',#15571,#15572,#15573);
#15571 = CARTESIAN_POINT('',(-33.2,8.4,1.));
#15572 = DIRECTION('',(0.,0.,1.));
#15573 = DIRECTION('',(1.,0.,0.));
#15574 = DEFINITIONAL_REPRESENTATION('',(#15575),#15579);
#15575 = LINE('',#15576,#15577);
#15576 = CARTESIAN_POINT('',(0.,0.));
#15577 = VECTOR('',#15578,1.);
#15578 = DIRECTION('',(0.,1.));
#15579 = ( GEOMETRIC_REPRESENTATION_CONTEXT(2) 
PARAMETRIC_REPRESENTATION_CONTEXT() REPRESENTATION_CONTEXT('2D SPACE',''
  ) );
#15580 = ORIENTED_EDGE('',*,*,#15581,.T.);
#15581 = EDGE_CURVE('',#15554,#15582,#15584,.T.);
#15582 = VERTEX_POINT('',#15583);
#15583 = CARTESIAN_POINT('',(-33.2,9.2,1.55));
#15584 = SURFACE_CURVE('',#15585,(#15589,#15596),.PCURVE_S1.);
#15585 = LINE('',#15586,#15587);
#15586 = CARTESIAN_POINT('',(-33.2,9.2,1.));
#15587 = VECTOR('',#15588,1.);
#15588 = DIRECTION('',(0.,0.,1.));
#15589 = PCURVE('',#15529,#15590);
#15590 = DEFINITIONAL_REPRESENTATION('',(#15591),#15595);
#15591 = LINE('',#15592,#15593);
#15592 = CARTESIAN_POINT('',(0.,-0.8));
#15593 = VECTOR('',#15594,1.);
#15594 = DIRECTION('',(1.,0.));
#15595 = ( GEOMETRIC_REPRESENTATION_CONTEXT(2) 
PARAMETRIC_REPRESENTATION_CONTEXT() REPRESENTATION_CONTEXT('2D SPACE',''
  ) );
#15596 = PCURVE('',#15597,#15602);
#15597 = PLANE('',#15598);
#15598 = AXIS2_PLACEMENT_3D('',#15599,#15600,#15601);
#15599 = CARTESIAN_POINT('',(-33.2,9.2,1.));
#15600 = DIRECTION('',(0.,1.,0.));
#15601 = DIRECTION('',(0.,0.,1.));
#15602 = DEFINITIONAL_REPRESENTATION('',(#15603),#15607);
#15603 = LINE('',#15604,#15605);
#15604 = CARTESIAN_POINT('',(0.,0.));
#15605 = VECTOR('',#15606,1.);
#15606 = DIRECTION('',(1.,0.));
#15607 = ( GEOMETRIC_REPRESENTATION_CONTEXT(2) 
PARAMETRIC_REPRESENTATION_CONTEXT() REPRESENTATION_CONTEXT('2D SPACE',''
  ) );
#15608 = ORIENTED_EDGE('',*,*,#15609,.F.);
#15609 = EDGE_CURVE('',#15521,#15582,#15610,.T.);
#15610 = SURFACE_CURVE('',#15611,(#15615,#15622),.PCURVE_S1.);
#15611 = LINE('',#15612,#15613);
#15612 = CARTESIAN_POINT('',(-33.2,8.4,1.55));
#15613 = VECTOR('',#15614,1.);
#15614 = DIRECTION('',(0.,1.,0.));
#15615 = PCURVE('',#15529,#15616);
#15616 = DEFINITIONAL_REPRESENTATION('',(#15617),#15621);
#15617 = LINE('',#15618,#15619);
#15618 = CARTESIAN_POINT('',(0.55,0.));
#15619 = VECTOR('',#15620,1.);
#15620 = DIRECTION('',(0.,-1.));
#15621 = ( GEOMETRIC_REPRESENTATION_CONTEXT(2) 
PARAMETRIC_REPRESENTATION_CONTEXT() REPRESENTATION_CONTEXT('2D SPACE',''
  ) );
#15622 = PCURVE('',#15623,#15628);
#15623 = PLANE('',#15624);
#15624 = AXIS2_PLACEMENT_3D('',#15625,#15626,#15627);
#15625 = CARTESIAN_POINT('',(-33.2,8.4,1.55));
#15626 = DIRECTION('',(0.,0.,1.));
#15627 = DIRECTION('',(1.,0.,0.));
#15628 = DEFINITIONAL_REPRESENTATION('',(#15629),#15633);
#15629 = LINE('',#15630,#15631);
#15630 = CARTESIAN_POINT('',(0.,0.));
#15631 = VECTOR('',#15632,1.);
#15632 = DIRECTION('',(0.,1.));
#15633 = ( GEOMETRIC_REPRESENTATION_CONTEXT(2) 
PARAMETRIC_REPRESENTATION_CONTEXT() REPRESENTATION_CONTEXT('2D SPACE',''
  ) );
#15634 = ADVANCED_FACE('',(#15635),#15649,.T.);
#15635 = FACE_BOUND('',#15636,.T.);
#15636 = EDGE_LOOP('',(#15637,#15667,#15690,#15713));
#15637 = ORIENTED_EDGE('',*,*,#15638,.F.);
#15638 = EDGE_CURVE('',#15639,#15641,#15643,.T.);
#15639 = VERTEX_POINT('',#15640);
#15640 = CARTESIAN_POINT('',(-31.6,8.4,1.));
#15641 = VERTEX_POINT('',#15642);
#15642 = CARTESIAN_POINT('',(-31.6,8.4,1.55));
#15643 = SURFACE_CURVE('',#15644,(#15648,#15660),.PCURVE_S1.);
#15644 = LINE('',#15645,#15646);
#15645 = CARTESIAN_POINT('',(-31.6,8.4,1.));
#15646 = VECTOR('',#15647,1.);
#15647 = DIRECTION('',(0.,0.,1.));
#15648 = PCURVE('',#15649,#15654);
#15649 = PLANE('',#15650);
#15650 = AXIS2_PLACEMENT_3D('',#15651,#15652,#15653);
#15651 = CARTESIAN_POINT('',(-31.6,8.4,1.));
#15652 = DIRECTION('',(1.,0.,0.));
#15653 = DIRECTION('',(0.,0.,1.));
#15654 = DEFINITIONAL_REPRESENTATION('',(#15655),#15659);
#15655 = LINE('',#15656,#15657);
#15656 = CARTESIAN_POINT('',(0.,0.));
#15657 = VECTOR('',#15658,1.);
#15658 = DIRECTION('',(1.,0.));
#15659 = ( GEOMETRIC_REPRESENTATION_CONTEXT(2) 
PARAMETRIC_REPRESENTATION_CONTEXT() REPRESENTATION_CONTEXT('2D SPACE',''
  ) );
#15660 = PCURVE('',#15541,#15661);
#15661 = DEFINITIONAL_REPRESENTATION('',(#15662),#15666);
#15662 = LINE('',#15663,#15664);
#15663 = CARTESIAN_POINT('',(0.,1.6));
#15664 = VECTOR('',#15665,1.);
#15665 = DIRECTION('',(1.,0.));
#15666 = ( GEOMETRIC_REPRESENTATION_CONTEXT(2) 
PARAMETRIC_REPRESENTATION_CONTEXT() REPRESENTATION_CONTEXT('2D SPACE',''
  ) );
#15667 = ORIENTED_EDGE('',*,*,#15668,.T.);
#15668 = EDGE_CURVE('',#15639,#15669,#15671,.T.);
#15669 = VERTEX_POINT('',#15670);
#15670 = CARTESIAN_POINT('',(-31.6,9.2,1.));
#15671 = SURFACE_CURVE('',#15672,(#15676,#15683),.PCURVE_S1.);
#15672 = LINE('',#15673,#15674);
#15673 = CARTESIAN_POINT('',(-31.6,8.4,1.));
#15674 = VECTOR('',#15675,1.);
#15675 = DIRECTION('',(0.,1.,0.));
#15676 = PCURVE('',#15649,#15677);
#15677 = DEFINITIONAL_REPRESENTATION('',(#15678),#15682);
#15678 = LINE('',#15679,#15680);
#15679 = CARTESIAN_POINT('',(0.,0.));
#15680 = VECTOR('',#15681,1.);
#15681 = DIRECTION('',(0.,-1.));
#15682 = ( GEOMETRIC_REPRESENTATION_CONTEXT(2) 
PARAMETRIC_REPRESENTATION_CONTEXT() REPRESENTATION_CONTEXT('2D SPACE',''
  ) );
#15683 = PCURVE('',#15569,#15684);
#15684 = DEFINITIONAL_REPRESENTATION('',(#15685),#15689);
#15685 = LINE('',#15686,#15687);
#15686 = CARTESIAN_POINT('',(1.6,0.));
#15687 = VECTOR('',#15688,1.);
#15688 = DIRECTION('',(0.,1.));
#15689 = ( GEOMETRIC_REPRESENTATION_CONTEXT(2) 
PARAMETRIC_REPRESENTATION_CONTEXT() REPRESENTATION_CONTEXT('2D SPACE',''
  ) );
#15690 = ORIENTED_EDGE('',*,*,#15691,.T.);
#15691 = EDGE_CURVE('',#15669,#15692,#15694,.T.);
#15692 = VERTEX_POINT('',#15693);
#15693 = CARTESIAN_POINT('',(-31.6,9.2,1.55));
#15694 = SURFACE_CURVE('',#15695,(#15699,#15706),.PCURVE_S1.);
#15695 = LINE('',#15696,#15697);
#15696 = CARTESIAN_POINT('',(-31.6,9.2,1.));
#15697 = VECTOR('',#15698,1.);
#15698 = DIRECTION('',(0.,0.,1.));
#15699 = PCURVE('',#15649,#15700);
#15700 = DEFINITIONAL_REPRESENTATION('',(#15701),#15705);
#15701 = LINE('',#15702,#15703);
#15702 = CARTESIAN_POINT('',(0.,-0.8));
#15703 = VECTOR('',#15704,1.);
#15704 = DIRECTION('',(1.,0.));
#15705 = ( GEOMETRIC_REPRESENTATION_CONTEXT(2) 
PARAMETRIC_REPRESENTATION_CONTEXT() REPRESENTATION_CONTEXT('2D SPACE',''
  ) );
#15706 = PCURVE('',#15597,#15707);
#15707 = DEFINITIONAL_REPRESENTATION('',(#15708),#15712);
#15708 = LINE('',#15709,#15710);
#15709 = CARTESIAN_POINT('',(0.,1.6));
#15710 = VECTOR('',#15711,1.);
#15711 = DIRECTION('',(1.,0.));
#15712 = ( GEOMETRIC_REPRESENTATION_CONTEXT(2) 
PARAMETRIC_REPRESENTATION_CONTEXT() REPRESENTATION_CONTEXT('2D SPACE',''
  ) );
#15713 = ORIENTED_EDGE('',*,*,#15714,.F.);
#15714 = EDGE_CURVE('',#15641,#15692,#15715,.T.);
#15715 = SURFACE_CURVE('',#15716,(#15720,#15727),.PCURVE_S1.);
#15716 = LINE('',#15717,#15718);
#15717 = CARTESIAN_POINT('',(-31.6,8.4,1.55));
#15718 = VECTOR('',#15719,1.);
#15719 = DIRECTION('',(0.,1.,0.));
#15720 = PCURVE('',#15649,#15721);
#15721 = DEFINITIONAL_REPRESENTATION('',(#15722),#15726);
#15722 = LINE('',#15723,#15724);
#15723 = CARTESIAN_POINT('',(0.55,0.));
#15724 = VECTOR('',#15725,1.);
#15725 = DIRECTION('',(0.,-1.));
#15726 = ( GEOMETRIC_REPRESENTATION_CONTEXT(2) 
PARAMETRIC_REPRESENTATION_CONTEXT() REPRESENTATION_CONTEXT('2D SPACE',''
  ) );
#15727 = PCURVE('',#15623,#15728);
#15728 = DEFINITIONAL_REPRESENTATION('',(#15729),#15733);
#15729 = LINE('',#15730,#15731);
#15730 = CARTESIAN_POINT('',(1.6,0.));
#15731 = VECTOR('',#15732,1.);
#15732 = DIRECTION('',(0.,1.));
#15733 = ( GEOMETRIC_REPRESENTATION_CONTEXT(2) 
PARAMETRIC_REPRESENTATION_CONTEXT() REPRESENTATION_CONTEXT('2D SPACE',''
  ) );
#15734 = ADVANCED_FACE('',(#15735),#15541,.F.);
#15735 = FACE_BOUND('',#15736,.F.);
#15736 = EDGE_LOOP('',(#15737,#15758,#15759,#15780));
#15737 = ORIENTED_EDGE('',*,*,#15738,.F.);
#15738 = EDGE_CURVE('',#15519,#15639,#15739,.T.);
#15739 = SURFACE_CURVE('',#15740,(#15744,#15751),.PCURVE_S1.);
#15740 = LINE('',#15741,#15742);
#15741 = CARTESIAN_POINT('',(-33.2,8.4,1.));
#15742 = VECTOR('',#15743,1.);
#15743 = DIRECTION('',(1.,0.,0.));
#15744 = PCURVE('',#15541,#15745);
#15745 = DEFINITIONAL_REPRESENTATION('',(#15746),#15750);
#15746 = LINE('',#15747,#15748);
#15747 = CARTESIAN_POINT('',(0.,0.));
#15748 = VECTOR('',#15749,1.);
#15749 = DIRECTION('',(0.,1.));
#15750 = ( GEOMETRIC_REPRESENTATION_CONTEXT(2) 
PARAMETRIC_REPRESENTATION_CONTEXT() REPRESENTATION_CONTEXT('2D SPACE',''
  ) );
#15751 = PCURVE('',#15569,#15752);
#15752 = DEFINITIONAL_REPRESENTATION('',(#15753),#15757);
#15753 = LINE('',#15754,#15755);
#15754 = CARTESIAN_POINT('',(0.,0.));
#15755 = VECTOR('',#15756,1.);
#15756 = DIRECTION('',(1.,0.));
#15757 = ( GEOMETRIC_REPRESENTATION_CONTEXT(2) 
PARAMETRIC_REPRESENTATION_CONTEXT() REPRESENTATION_CONTEXT('2D SPACE',''
  ) );
#15758 = ORIENTED_EDGE('',*,*,#15518,.T.);
#15759 = ORIENTED_EDGE('',*,*,#15760,.T.);
#15760 = EDGE_CURVE('',#15521,#15641,#15761,.T.);
#15761 = SURFACE_CURVE('',#15762,(#15766,#15773),.PCURVE_S1.);
#15762 = LINE('',#15763,#15764);
#15763 = CARTESIAN_POINT('',(-33.2,8.4,1.55));
#15764 = VECTOR('',#15765,1.);
#15765 = DIRECTION('',(1.,0.,0.));
#15766 = PCURVE('',#15541,#15767);
#15767 = DEFINITIONAL_REPRESENTATION('',(#15768),#15772);
#15768 = LINE('',#15769,#15770);
#15769 = CARTESIAN_POINT('',(0.55,0.));
#15770 = VECTOR('',#15771,1.);
#15771 = DIRECTION('',(0.,1.));
#15772 = ( GEOMETRIC_REPRESENTATION_CONTEXT(2) 
PARAMETRIC_REPRESENTATION_CONTEXT() REPRESENTATION_CONTEXT('2D SPACE',''
  ) );
#15773 = PCURVE('',#15623,#15774);
#15774 = DEFINITIONAL_REPRESENTATION('',(#15775),#15779);
#15775 = LINE('',#15776,#15777);
#15776 = CARTESIAN_POINT('',(0.,0.));
#15777 = VECTOR('',#15778,1.);
#15778 = DIRECTION('',(1.,0.));
#15779 = ( GEOMETRIC_REPRESENTATION_CONTEXT(2) 
PARAMETRIC_REPRESENTATION_CONTEXT() REPRESENTATION_CONTEXT('2D SPACE',''
  ) );
#15780 = ORIENTED_EDGE('',*,*,#15638,.F.);
#15781 = ADVANCED_FACE('',(#15782),#15597,.T.);
#15782 = FACE_BOUND('',#15783,.T.);
#15783 = EDGE_LOOP('',(#15784,#15805,#15806,#15827));
#15784 = ORIENTED_EDGE('',*,*,#15785,.F.);
#15785 = EDGE_CURVE('',#15554,#15669,#15786,.T.);
#15786 = SURFACE_CURVE('',#15787,(#15791,#15798),.PCURVE_S1.);
#15787 = LINE('',#15788,#15789);
#15788 = CARTESIAN_POINT('',(-33.2,9.2,1.));
#15789 = VECTOR('',#15790,1.);
#15790 = DIRECTION('',(1.,0.,0.));
#15791 = PCURVE('',#15597,#15792);
#15792 = DEFINITIONAL_REPRESENTATION('',(#15793),#15797);
#15793 = LINE('',#15794,#15795);
#15794 = CARTESIAN_POINT('',(0.,0.));
#15795 = VECTOR('',#15796,1.);
#15796 = DIRECTION('',(0.,1.));
#15797 = ( GEOMETRIC_REPRESENTATION_CONTEXT(2) 
PARAMETRIC_REPRESENTATION_CONTEXT() REPRESENTATION_CONTEXT('2D SPACE',''
  ) );
#15798 = PCURVE('',#15569,#15799);
#15799 = DEFINITIONAL_REPRESENTATION('',(#15800),#15804);
#15800 = LINE('',#15801,#15802);
#15801 = CARTESIAN_POINT('',(0.,0.8));
#15802 = VECTOR('',#15803,1.);
#15803 = DIRECTION('',(1.,0.));
#15804 = ( GEOMETRIC_REPRESENTATION_CONTEXT(2) 
PARAMETRIC_REPRESENTATION_CONTEXT() REPRESENTATION_CONTEXT('2D SPACE',''
  ) );
#15805 = ORIENTED_EDGE('',*,*,#15581,.T.);
#15806 = ORIENTED_EDGE('',*,*,#15807,.T.);
#15807 = EDGE_CURVE('',#15582,#15692,#15808,.T.);
#15808 = SURFACE_CURVE('',#15809,(#15813,#15820),.PCURVE_S1.);
#15809 = LINE('',#15810,#15811);
#15810 = CARTESIAN_POINT('',(-33.2,9.2,1.55));
#15811 = VECTOR('',#15812,1.);
#15812 = DIRECTION('',(1.,0.,0.));
#15813 = PCURVE('',#15597,#15814);
#15814 = DEFINITIONAL_REPRESENTATION('',(#15815),#15819);
#15815 = LINE('',#15816,#15817);
#15816 = CARTESIAN_POINT('',(0.55,0.));
#15817 = VECTOR('',#15818,1.);
#15818 = DIRECTION('',(0.,1.));
#15819 = ( GEOMETRIC_REPRESENTATION_CONTEXT(2) 
PARAMETRIC_REPRESENTATION_CONTEXT() REPRESENTATION_CONTEXT('2D SPACE',''
  ) );
#15820 = PCURVE('',#15623,#15821);
#15821 = DEFINITIONAL_REPRESENTATION('',(#15822),#15826);
#15822 = LINE('',#15823,#15824);
#15823 = CARTESIAN_POINT('',(0.,0.8));
#15824 = VECTOR('',#15825,1.);
#15825 = DIRECTION('',(1.,0.));
#15826 = ( GEOMETRIC_REPRESENTATION_CONTEXT(2) 
PARAMETRIC_REPRESENTATION_CONTEXT() REPRESENTATION_CONTEXT('2D SPACE',''
  ) );
#15827 = ORIENTED_EDGE('',*,*,#15691,.F.);
#15828 = ADVANCED_FACE('',(#15829),#15569,.F.);
#15829 = FACE_BOUND('',#15830,.F.);
#15830 = EDGE_LOOP('',(#15831,#15832,#15833,#15834));
#15831 = ORIENTED_EDGE('',*,*,#15553,.F.);
#15832 = ORIENTED_EDGE('',*,*,#15738,.T.);
#15833 = ORIENTED_EDGE('',*,*,#15668,.T.);
#15834 = ORIENTED_EDGE('',*,*,#15785,.F.);
#15835 = ADVANCED_FACE('',(#15836),#15623,.T.);
#15836 = FACE_BOUND('',#15837,.T.);
#15837 = EDGE_LOOP('',(#15838,#15839,#15840,#15841));
#15838 = ORIENTED_EDGE('',*,*,#15609,.F.);
#15839 = ORIENTED_EDGE('',*,*,#15760,.T.);
#15840 = ORIENTED_EDGE('',*,*,#15714,.T.);
#15841 = ORIENTED_EDGE('',*,*,#15807,.F.);
#15842 = ( GEOMETRIC_REPRESENTATION_CONTEXT(3) 
GLOBAL_UNCERTAINTY_ASSIGNED_CONTEXT((#15846)) 
GLOBAL_UNIT_ASSIGNED_CONTEXT((#15843,#15844,#15845)) 
REPRESENTATION_CONTEXT('Context #1',
  '3D Context with UNIT and UNCERTAINTY') );
#15843 = ( LENGTH_UNIT() NAMED_UNIT(*) SI_UNIT(.MILLI.,.METRE.) );
#15844 = ( NAMED_UNIT(*) PLANE_ANGLE_UNIT() SI_UNIT($,.RADIAN.) );
#15845 = ( NAMED_UNIT(*) SI_UNIT($,.STERADIAN.) SOLID_ANGLE_UNIT() );
#15846 = UNCERTAINTY_MEASURE_WITH_UNIT(LENGTH_MEASURE(1.E-07),#15843,
  'distance_accuracy_value','confusion accuracy');
#15847 = CONTEXT_DEPENDENT_SHAPE_REPRESENTATION(#15848,#15850);
#15848 = ( REPRESENTATION_RELATIONSHIP('','',#15511,#10) 
REPRESENTATION_RELATIONSHIP_WITH_TRANSFORMATION(#15849) 
SHAPE_REPRESENTATION_RELATIONSHIP() );
#15849 = ITEM_DEFINED_TRANSFORMATION('','',#11,#131);
#15850 = PRODUCT_DEFINITION_SHAPE('Placement','Placement of an item',
  #15851);
#15851 = NEXT_ASSEMBLY_USAGE_OCCURRENCE('54','tool_id_22_resistor_0603',
  '',#5,#15506,$);
#15852 = PRODUCT_RELATED_PRODUCT_CATEGORY('part',$,(#15508));
#15853 = SHAPE_DEFINITION_REPRESENTATION(#15854,#15860);
#15854 = PRODUCT_DEFINITION_SHAPE('','',#15855);
#15855 = PRODUCT_DEFINITION('design','',#15856,#15859);
#15856 = PRODUCT_DEFINITION_FORMATION('','',#15857);
#15857 = PRODUCT('whisk_balance_slug_steel','whisk_balance_slug_steel',
  '',(#15858));
#15858 = PRODUCT_CONTEXT('',#2,'mechanical');
#15859 = PRODUCT_DEFINITION_CONTEXT('part definition',#2,'design');
#15860 = ADVANCED_BREP_SHAPE_REPRESENTATION('',(#11,#15861),#15959);
#15861 = MANIFOLD_SOLID_BREP('',#15862);
#15862 = CLOSED_SHELL('',(#15863,#15951,#15955));
#15863 = ADVANCED_FACE('',(#15864),#15877,.T.);
#15864 = FACE_BOUND('',#15865,.T.);
#15865 = EDGE_LOOP('',(#15866,#15900,#15923,#15950));
#15866 = ORIENTED_EDGE('',*,*,#15867,.F.);
#15867 = EDGE_CURVE('',#15868,#15868,#15870,.T.);
#15868 = VERTEX_POINT('',#15869);
#15869 = CARTESIAN_POINT('',(22.85,-1.089935651241E-15,17.059869362598)
  );
#15870 = SURFACE_CURVE('',#15871,(#15876,#15888),.PCURVE_S1.);
#15871 = CIRCLE('',#15872,4.45);
#15872 = AXIS2_PLACEMENT_3D('',#15873,#15874,#15875);
#15873 = CARTESIAN_POINT('',(18.4,0.,17.059869362598));
#15874 = DIRECTION('',(0.,0.,1.));
#15875 = DIRECTION('',(1.,0.,-0.));
#15876 = PCURVE('',#15877,#15882);
#15877 = CYLINDRICAL_SURFACE('',#15878,4.45);
#15878 = AXIS2_PLACEMENT_3D('',#15879,#15880,#15881);
#15879 = CARTESIAN_POINT('',(18.4,0.,9.6));
#15880 = DIRECTION('',(0.,0.,1.));
#15881 = DIRECTION('',(1.,0.,-0.));
#15882 = DEFINITIONAL_REPRESENTATION('',(#15883),#15887);
#15883 = LINE('',#15884,#15885);
#15884 = CARTESIAN_POINT('',(0.,7.459869362598));
#15885 = VECTOR('',#15886,1.);
#15886 = DIRECTION('',(1.,0.));
#15887 = ( GEOMETRIC_REPRESENTATION_CONTEXT(2) 
PARAMETRIC_REPRESENTATION_CONTEXT() REPRESENTATION_CONTEXT('2D SPACE',''
  ) );
#15888 = PCURVE('',#15889,#15894);
#15889 = PLANE('',#15890);
#15890 = AXIS2_PLACEMENT_3D('',#15891,#15892,#15893);
#15891 = CARTESIAN_POINT('',(18.4,0.,17.059869362598));
#15892 = DIRECTION('',(0.,0.,1.));
#15893 = DIRECTION('',(1.,0.,-0.));
#15894 = DEFINITIONAL_REPRESENTATION('',(#15895),#15899);
#15895 = CIRCLE('',#15896,4.45);
#15896 = AXIS2_PLACEMENT_2D('',#15897,#15898);
#15897 = CARTESIAN_POINT('',(0.,0.));
#15898 = DIRECTION('',(1.,0.));
#15899 = ( GEOMETRIC_REPRESENTATION_CONTEXT(2) 
PARAMETRIC_REPRESENTATION_CONTEXT() REPRESENTATION_CONTEXT('2D SPACE',''
  ) );
#15900 = ORIENTED_EDGE('',*,*,#15901,.F.);
#15901 = EDGE_CURVE('',#15902,#15868,#15904,.T.);
#15902 = VERTEX_POINT('',#15903);
#15903 = CARTESIAN_POINT('',(22.85,-1.089935651241E-15,9.6));
#15904 = SEAM_CURVE('',#15905,(#15909,#15916),.PCURVE_S1.);
#15905 = LINE('',#15906,#15907);
#15906 = CARTESIAN_POINT('',(22.85,-1.089935651241E-15,9.6));
#15907 = VECTOR('',#15908,1.);
#15908 = DIRECTION('',(0.,0.,1.));
#15909 = PCURVE('',#15877,#15910);
#15910 = DEFINITIONAL_REPRESENTATION('',(#15911),#15915);
#15911 = LINE('',#15912,#15913);
#15912 = CARTESIAN_POINT('',(6.28318530718,-0.));
#15913 = VECTOR('',#15914,1.);
#15914 = DIRECTION('',(0.,1.));
#15915 = ( GEOMETRIC_REPRESENTATION_CONTEXT(2) 
PARAMETRIC_REPRESENTATION_CONTEXT() REPRESENTATION_CONTEXT('2D SPACE',''
  ) );
#15916 = PCURVE('',#15877,#15917);
#15917 = DEFINITIONAL_REPRESENTATION('',(#15918),#15922);
#15918 = LINE('',#15919,#15920);
#15919 = CARTESIAN_POINT('',(0.,-0.));
#15920 = VECTOR('',#15921,1.);
#15921 = DIRECTION('',(0.,1.));
#15922 = ( GEOMETRIC_REPRESENTATION_CONTEXT(2) 
PARAMETRIC_REPRESENTATION_CONTEXT() REPRESENTATION_CONTEXT('2D SPACE',''
  ) );
#15923 = ORIENTED_EDGE('',*,*,#15924,.T.);
#15924 = EDGE_CURVE('',#15902,#15902,#15925,.T.);
#15925 = SURFACE_CURVE('',#15926,(#15931,#15938),.PCURVE_S1.);
#15926 = CIRCLE('',#15927,4.45);
#15927 = AXIS2_PLACEMENT_3D('',#15928,#15929,#15930);
#15928 = CARTESIAN_POINT('',(18.4,0.,9.6));
#15929 = DIRECTION('',(0.,0.,1.));
#15930 = DIRECTION('',(1.,0.,-0.));
#15931 = PCURVE('',#15877,#15932);
#15932 = DEFINITIONAL_REPRESENTATION('',(#15933),#15937);
#15933 = LINE('',#15934,#15935);
#15934 = CARTESIAN_POINT('',(0.,0.));
#15935 = VECTOR('',#15936,1.);
#15936 = DIRECTION('',(1.,0.));
#15937 = ( GEOMETRIC_REPRESENTATION_CONTEXT(2) 
PARAMETRIC_REPRESENTATION_CONTEXT() REPRESENTATION_CONTEXT('2D SPACE',''
  ) );
#15938 = PCURVE('',#15939,#15944);
#15939 = PLANE('',#15940);
#15940 = AXIS2_PLACEMENT_3D('',#15941,#15942,#15943);
#15941 = CARTESIAN_POINT('',(18.4,0.,9.6));
#15942 = DIRECTION('',(0.,0.,1.));
#15943 = DIRECTION('',(1.,0.,-0.));
#15944 = DEFINITIONAL_REPRESENTATION('',(#15945),#15949);
#15945 = CIRCLE('',#15946,4.45);
#15946 = AXIS2_PLACEMENT_2D('',#15947,#15948);
#15947 = CARTESIAN_POINT('',(0.,0.));
#15948 = DIRECTION('',(1.,0.));
#15949 = ( GEOMETRIC_REPRESENTATION_CONTEXT(2) 
PARAMETRIC_REPRESENTATION_CONTEXT() REPRESENTATION_CONTEXT('2D SPACE',''
  ) );
#15950 = ORIENTED_EDGE('',*,*,#15901,.T.);
#15951 = ADVANCED_FACE('',(#15952),#15889,.T.);
#15952 = FACE_BOUND('',#15953,.T.);
#15953 = EDGE_LOOP('',(#15954));
#15954 = ORIENTED_EDGE('',*,*,#15867,.T.);
#15955 = ADVANCED_FACE('',(#15956),#15939,.F.);
#15956 = FACE_BOUND('',#15957,.T.);
#15957 = EDGE_LOOP('',(#15958));
#15958 = ORIENTED_EDGE('',*,*,#15924,.F.);
#15959 = ( GEOMETRIC_REPRESENTATION_CONTEXT(3) 
GLOBAL_UNCERTAINTY_ASSIGNED_CONTEXT((#15963)) 
GLOBAL_UNIT_ASSIGNED_CONTEXT((#15960,#15961,#15962)) 
REPRESENTATION_CONTEXT('Context #1',
  '3D Context with UNIT and UNCERTAINTY') );
#15960 = ( LENGTH_UNIT() NAMED_UNIT(*) SI_UNIT(.MILLI.,.METRE.) );
#15961 = ( NAMED_UNIT(*) PLANE_ANGLE_UNIT() SI_UNIT($,.RADIAN.) );
#15962 = ( NAMED_UNIT(*) SI_UNIT($,.STERADIAN.) SOLID_ANGLE_UNIT() );
#15963 = UNCERTAINTY_MEASURE_WITH_UNIT(LENGTH_MEASURE(1.E-07),#15960,
  'distance_accuracy_value','confusion accuracy');
#15964 = CONTEXT_DEPENDENT_SHAPE_REPRESENTATION(#15965,#15967);
#15965 = ( REPRESENTATION_RELATIONSHIP('','',#15860,#10) 
REPRESENTATION_RELATIONSHIP_WITH_TRANSFORMATION(#15966) 
SHAPE_REPRESENTATION_RELATIONSHIP() );
#15966 = ITEM_DEFINED_TRANSFORMATION('','',#11,#135);
#15967 = PRODUCT_DEFINITION_SHAPE('Placement','Placement of an item',
  #15968);
#15968 = NEXT_ASSEMBLY_USAGE_OCCURRENCE('55','whisk_balance_slug_steel',
  '',#5,#15855,$);
#15969 = PRODUCT_RELATED_PRODUCT_CATEGORY('part',$,(#15857));
ENDSEC;
END-ISO-10303-21;
