ISO-10303-21;
HEADER;
FILE_DESCRIPTION(('Open CASCADE Model'),'2;1');
FILE_NAME('Open CASCADE Shape Model','1970-01-01T00:00:00',('Author'),(
    'Open CASCADE'),'Open CASCADE STEP processor 7.9','Open CASCADE 7.9'
  ,'Unknown');
FILE_SCHEMA(('AUTOMOTIVE_DESIGN { 1 0 10303 214 1 1 1 1 }'));
ENDSEC;
DATA;
#1 = APPLICATION_PROTOCOL_DEFINITION('international standard',
  'automotive_design',2000,#2);
#2 = APPLICATION_CONTEXT(
  'core data for automotive mechanical design processes');
#3 = SHAPE_DEFINITION_REPRESENTATION(#4,#10);
#4 = PRODUCT_DEFINITION_SHAPE('','',#5);
#5 = PRODUCT_DEFINITION('design','',#6,#9);
#6 = PRODUCT_DEFINITION_FORMATION('','',#7);
#7 = PRODUCT('Open CASCADE STEP translator 7.9 1',
  'Open CASCADE STEP translator 7.9 1','',(#8));
#8 = PRODUCT_CONTEXT('',#2,'mechanical');
#9 = PRODUCT_DEFINITION_CONTEXT('part definition',#2,'design');
#10 = ADVANCED_BREP_SHAPE_REPRESENTATION('',(#11,#15),#8090);
#11 = AXIS2_PLACEMENT_3D('',#12,#13,#14);
#12 = CARTESIAN_POINT('',(0.,0.,0.));
#13 = DIRECTION('',(0.,0.,1.));
#14 = DIRECTION('',(1.,0.,-0.));
#15 = MANIFOLD_SOLID_BREP('',#16);
#16 = CLOSED_SHELL('',(#17,#137,#871,#920,#1827,#1854,#1881,#1908,#1935,
    #1962,#1989,#2016,#2043,#2070,#2077,#2153,#2202,#2251,#2278,#2386,
    #2435,#2511,#2609,#2658,#2734,#2837,#2886,#2962,#2989,#3048,#3124,
    #3173,#3222,#3249,#3308,#3379,#3428,#3477,#3504,#3559,#3614,#3673,
    #3732,#3787,#3878,#3906,#3982,#4031,#4080,#4107,#4166,#4179,#4288,
    #4365,#4418,#4466,#4530,#4602,#4711,#4759,#4807,#4811,#4844,#4848,
    #4852,#5026,#5030,#5065,#5239,#5244,#5277,#5281,#5306,#5333,#5535,
    #5761,#5864,#5871,#5898,#5945,#5972,#6021,#6070,#6118,#6144,#7258,
    #7347,#7414,#7461,#7508,#7535,#7542,#7552,#7560,#8020,#8027,#8056,
    #8063));
#17 = ADVANCED_FACE('',(#18),#32,.F.);
#18 = FACE_BOUND('',#19,.F.);
#19 = EDGE_LOOP('',(#20,#55,#83,#111));
#20 = ORIENTED_EDGE('',*,*,#21,.F.);
#21 = EDGE_CURVE('',#22,#24,#26,.T.);
#22 = VERTEX_POINT('',#23);
#23 = CARTESIAN_POINT('',(-28.,-21.,9.5));
#24 = VERTEX_POINT('',#25);
#25 = CARTESIAN_POINT('',(-28.,-12.,9.5));
#26 = SURFACE_CURVE('',#27,(#31,#43),.PCURVE_S1.);
#27 = LINE('',#28,#29);
#28 = CARTESIAN_POINT('',(-28.,-25.,9.5));
#29 = VECTOR('',#30,1.);
#30 = DIRECTION('',(0.,1.,0.));
#31 = PCURVE('',#32,#37);
#32 = PLANE('',#33);
#33 = AXIS2_PLACEMENT_3D('',#34,#35,#36);
#34 = CARTESIAN_POINT('',(-28.,-25.,0.));
#35 = DIRECTION('',(1.,0.,0.));
#36 = DIRECTION('',(0.,0.,1.));
#37 = DEFINITIONAL_REPRESENTATION('',(#38),#42);
#38 = LINE('',#39,#40);
#39 = CARTESIAN_POINT('',(9.5,0.));
#40 = VECTOR('',#41,1.);
#41 = DIRECTION('',(0.,-1.));
#42 = ( GEOMETRIC_REPRESENTATION_CONTEXT(2) 
PARAMETRIC_REPRESENTATION_CONTEXT() REPRESENTATION_CONTEXT('2D SPACE',''
  ) );
#43 = PCURVE('',#44,#49);
#44 = PLANE('',#45);
#45 = AXIS2_PLACEMENT_3D('',#46,#47,#48);
#46 = CARTESIAN_POINT('',(-28.,-25.,9.5));
#47 = DIRECTION('',(0.,0.,1.));
#48 = DIRECTION('',(1.,0.,0.));
#49 = DEFINITIONAL_REPRESENTATION('',(#50),#54);
#50 = LINE('',#51,#52);
#51 = CARTESIAN_POINT('',(0.,0.));
#52 = VECTOR('',#53,1.);
#53 = DIRECTION('',(0.,1.));
#54 = ( GEOMETRIC_REPRESENTATION_CONTEXT(2) 
PARAMETRIC_REPRESENTATION_CONTEXT() REPRESENTATION_CONTEXT('2D SPACE',''
  ) );
#55 = ORIENTED_EDGE('',*,*,#56,.F.);
#56 = EDGE_CURVE('',#57,#22,#59,.T.);
#57 = VERTEX_POINT('',#58);
#58 = CARTESIAN_POINT('',(-28.,-21.,0.));
#59 = SURFACE_CURVE('',#60,(#64,#71),.PCURVE_S1.);
#60 = LINE('',#61,#62);
#61 = CARTESIAN_POINT('',(-28.,-21.,0.));
#62 = VECTOR('',#63,1.);
#63 = DIRECTION('',(0.,0.,1.));
#64 = PCURVE('',#32,#65);
#65 = DEFINITIONAL_REPRESENTATION('',(#66),#70);
#66 = LINE('',#67,#68);
#67 = CARTESIAN_POINT('',(0.,-4.));
#68 = VECTOR('',#69,1.);
#69 = DIRECTION('',(1.,0.));
#70 = ( GEOMETRIC_REPRESENTATION_CONTEXT(2) 
PARAMETRIC_REPRESENTATION_CONTEXT() REPRESENTATION_CONTEXT('2D SPACE',''
  ) );
#71 = PCURVE('',#72,#77);
#72 = CYLINDRICAL_SURFACE('',#73,4.);
#73 = AXIS2_PLACEMENT_3D('',#74,#75,#76);
#74 = CARTESIAN_POINT('',(-24.,-21.,0.));
#75 = DIRECTION('',(0.,0.,1.));
#76 = DIRECTION('',(-1.,-0.,0.));
#77 = DEFINITIONAL_REPRESENTATION('',(#78),#82);
#78 = LINE('',#79,#80);
#79 = CARTESIAN_POINT('',(0.,0.));
#80 = VECTOR('',#81,1.);
#81 = DIRECTION('',(0.,1.));
#82 = ( GEOMETRIC_REPRESENTATION_CONTEXT(2) 
PARAMETRIC_REPRESENTATION_CONTEXT() REPRESENTATION_CONTEXT('2D SPACE',''
  ) );
#83 = ORIENTED_EDGE('',*,*,#84,.T.);
#84 = EDGE_CURVE('',#57,#85,#87,.T.);
#85 = VERTEX_POINT('',#86);
#86 = CARTESIAN_POINT('',(-28.,-12.,0.));
#87 = SURFACE_CURVE('',#88,(#92,#99),.PCURVE_S1.);
#88 = LINE('',#89,#90);
#89 = CARTESIAN_POINT('',(-28.,-25.,0.));
#90 = VECTOR('',#91,1.);
#91 = DIRECTION('',(0.,1.,0.));
#92 = PCURVE('',#32,#93);
#93 = DEFINITIONAL_REPRESENTATION('',(#94),#98);
#94 = LINE('',#95,#96);
#95 = CARTESIAN_POINT('',(0.,0.));
#96 = VECTOR('',#97,1.);
#97 = DIRECTION('',(0.,-1.));
#98 = ( GEOMETRIC_REPRESENTATION_CONTEXT(2) 
PARAMETRIC_REPRESENTATION_CONTEXT() REPRESENTATION_CONTEXT('2D SPACE',''
  ) );
#99 = PCURVE('',#100,#105);
#100 = PLANE('',#101);
#101 = AXIS2_PLACEMENT_3D('',#102,#103,#104);
#102 = CARTESIAN_POINT('',(-28.,-25.,0.));
#103 = DIRECTION('',(0.,0.,1.));
#104 = DIRECTION('',(1.,0.,0.));
#105 = DEFINITIONAL_REPRESENTATION('',(#106),#110);
#106 = LINE('',#107,#108);
#107 = CARTESIAN_POINT('',(0.,0.));
#108 = VECTOR('',#109,1.);
#109 = DIRECTION('',(0.,1.));
#110 = ( GEOMETRIC_REPRESENTATION_CONTEXT(2) 
PARAMETRIC_REPRESENTATION_CONTEXT() REPRESENTATION_CONTEXT('2D SPACE',''
  ) );
#111 = ORIENTED_EDGE('',*,*,#112,.T.);
#112 = EDGE_CURVE('',#85,#24,#113,.T.);
#113 = SURFACE_CURVE('',#114,(#118,#125),.PCURVE_S1.);
#114 = LINE('',#115,#116);
#115 = CARTESIAN_POINT('',(-28.,-12.,0.));
#116 = VECTOR('',#117,1.);
#117 = DIRECTION('',(0.,0.,1.));
#118 = PCURVE('',#32,#119);
#119 = DEFINITIONAL_REPRESENTATION('',(#120),#124);
#120 = LINE('',#121,#122);
#121 = CARTESIAN_POINT('',(0.,-13.));
#122 = VECTOR('',#123,1.);
#123 = DIRECTION('',(1.,0.));
#124 = ( GEOMETRIC_REPRESENTATION_CONTEXT(2) 
PARAMETRIC_REPRESENTATION_CONTEXT() REPRESENTATION_CONTEXT('2D SPACE',''
  ) );
#125 = PCURVE('',#126,#131);
#126 = PLANE('',#127);
#127 = AXIS2_PLACEMENT_3D('',#128,#129,#130);
#128 = CARTESIAN_POINT('',(-36.,-12.,0.));
#129 = DIRECTION('',(0.,1.,0.));
#130 = DIRECTION('',(0.,0.,1.));
#131 = DEFINITIONAL_REPRESENTATION('',(#132),#136);
#132 = LINE('',#133,#134);
#133 = CARTESIAN_POINT('',(0.,8.));
#134 = VECTOR('',#135,1.);
#135 = DIRECTION('',(1.,0.));
#136 = ( GEOMETRIC_REPRESENTATION_CONTEXT(2) 
PARAMETRIC_REPRESENTATION_CONTEXT() REPRESENTATION_CONTEXT('2D SPACE',''
  ) );
#137 = ADVANCED_FACE('',(#138,#449,#555),#44,.T.);
#138 = FACE_BOUND('',#139,.T.);
#139 = EDGE_LOOP('',(#140,#141,#165,#193,#226,#254,#283,#311,#344,#372,
    #400,#428));
#140 = ORIENTED_EDGE('',*,*,#21,.F.);
#141 = ORIENTED_EDGE('',*,*,#142,.T.);
#142 = EDGE_CURVE('',#22,#143,#145,.T.);
#143 = VERTEX_POINT('',#144);
#144 = CARTESIAN_POINT('',(-24.,-25.,9.5));
#145 = SURFACE_CURVE('',#146,(#151,#158),.PCURVE_S1.);
#146 = CIRCLE('',#147,4.);
#147 = AXIS2_PLACEMENT_3D('',#148,#149,#150);
#148 = CARTESIAN_POINT('',(-24.,-21.,9.5));
#149 = DIRECTION('',(0.,0.,1.));
#150 = DIRECTION('',(0.,-1.,0.));
#151 = PCURVE('',#44,#152);
#152 = DEFINITIONAL_REPRESENTATION('',(#153),#157);
#153 = CIRCLE('',#154,4.);
#154 = AXIS2_PLACEMENT_2D('',#155,#156);
#155 = CARTESIAN_POINT('',(4.,4.));
#156 = DIRECTION('',(0.,-1.));
#157 = ( GEOMETRIC_REPRESENTATION_CONTEXT(2) 
PARAMETRIC_REPRESENTATION_CONTEXT() REPRESENTATION_CONTEXT('2D SPACE',''
  ) );
#158 = PCURVE('',#72,#159);
#159 = DEFINITIONAL_REPRESENTATION('',(#160),#164);
#160 = LINE('',#161,#162);
#161 = CARTESIAN_POINT('',(-4.712388980385,9.5));
#162 = VECTOR('',#163,1.);
#163 = DIRECTION('',(1.,0.));
#164 = ( GEOMETRIC_REPRESENTATION_CONTEXT(2) 
PARAMETRIC_REPRESENTATION_CONTEXT() REPRESENTATION_CONTEXT('2D SPACE',''
  ) );
#165 = ORIENTED_EDGE('',*,*,#166,.T.);
#166 = EDGE_CURVE('',#143,#167,#169,.T.);
#167 = VERTEX_POINT('',#168);
#168 = CARTESIAN_POINT('',(24.,-25.,9.5));
#169 = SURFACE_CURVE('',#170,(#174,#181),.PCURVE_S1.);
#170 = LINE('',#171,#172);
#171 = CARTESIAN_POINT('',(-28.,-25.,9.5));
#172 = VECTOR('',#173,1.);
#173 = DIRECTION('',(1.,0.,0.));
#174 = PCURVE('',#44,#175);
#175 = DEFINITIONAL_REPRESENTATION('',(#176),#180);
#176 = LINE('',#177,#178);
#177 = CARTESIAN_POINT('',(0.,0.));
#178 = VECTOR('',#179,1.);
#179 = DIRECTION('',(1.,0.));
#180 = ( GEOMETRIC_REPRESENTATION_CONTEXT(2) 
PARAMETRIC_REPRESENTATION_CONTEXT() REPRESENTATION_CONTEXT('2D SPACE',''
  ) );
#181 = PCURVE('',#182,#187);
#182 = PLANE('',#183);
#183 = AXIS2_PLACEMENT_3D('',#184,#185,#186);
#184 = CARTESIAN_POINT('',(-28.,-25.,0.));
#185 = DIRECTION('',(0.,1.,0.));
#186 = DIRECTION('',(0.,0.,1.));
#187 = DEFINITIONAL_REPRESENTATION('',(#188),#192);
#188 = LINE('',#189,#190);
#189 = CARTESIAN_POINT('',(9.5,0.));
#190 = VECTOR('',#191,1.);
#191 = DIRECTION('',(0.,1.));
#192 = ( GEOMETRIC_REPRESENTATION_CONTEXT(2) 
PARAMETRIC_REPRESENTATION_CONTEXT() REPRESENTATION_CONTEXT('2D SPACE',''
  ) );
#193 = ORIENTED_EDGE('',*,*,#194,.F.);
#194 = EDGE_CURVE('',#195,#167,#197,.T.);
#195 = VERTEX_POINT('',#196);
#196 = CARTESIAN_POINT('',(28.,-21.,9.5));
#197 = SURFACE_CURVE('',#198,(#203,#214),.PCURVE_S1.);
#198 = CIRCLE('',#199,4.);
#199 = AXIS2_PLACEMENT_3D('',#200,#201,#202);
#200 = CARTESIAN_POINT('',(24.,-21.,9.5));
#201 = DIRECTION('',(-0.,-0.,-1.));
#202 = DIRECTION('',(0.,-1.,0.));
#203 = PCURVE('',#44,#204);
#204 = DEFINITIONAL_REPRESENTATION('',(#205),#213);
#205 = ( BOUNDED_CURVE() B_SPLINE_CURVE(2,(#206,#207,#208,#209,#210,#211
,#212),.UNSPECIFIED.,.T.,.F.) B_SPLINE_CURVE_WITH_KNOTS((1,2,2,2,2,1),(
    -2.094395102393,0.,2.094395102393,4.188790204786,6.28318530718,
8.377580409573),.UNSPECIFIED.) CURVE() GEOMETRIC_REPRESENTATION_ITEM() 
RATIONAL_B_SPLINE_CURVE((1.,0.5,1.,0.5,1.,0.5,1.)) REPRESENTATION_ITEM(
  '') );
#206 = CARTESIAN_POINT('',(52.,0.));
#207 = CARTESIAN_POINT('',(45.071796769724,0.));
#208 = CARTESIAN_POINT('',(48.535898384862,6.));
#209 = CARTESIAN_POINT('',(52.,12.));
#210 = CARTESIAN_POINT('',(55.464101615138,6.));
#211 = CARTESIAN_POINT('',(58.928203230276,6.217248937901E-15));
#212 = CARTESIAN_POINT('',(52.,0.));
#213 = ( GEOMETRIC_REPRESENTATION_CONTEXT(2) 
PARAMETRIC_REPRESENTATION_CONTEXT() REPRESENTATION_CONTEXT('2D SPACE',''
  ) );
#214 = PCURVE('',#215,#220);
#215 = CYLINDRICAL_SURFACE('',#216,4.);
#216 = AXIS2_PLACEMENT_3D('',#217,#218,#219);
#217 = CARTESIAN_POINT('',(24.,-21.,0.));
#218 = DIRECTION('',(0.,0.,1.));
#219 = DIRECTION('',(1.,0.,-0.));
#220 = DEFINITIONAL_REPRESENTATION('',(#221),#225);
#221 = LINE('',#222,#223);
#222 = CARTESIAN_POINT('',(4.712388980385,9.5));
#223 = VECTOR('',#224,1.);
#224 = DIRECTION('',(-1.,0.));
#225 = ( GEOMETRIC_REPRESENTATION_CONTEXT(2) 
PARAMETRIC_REPRESENTATION_CONTEXT() REPRESENTATION_CONTEXT('2D SPACE',''
  ) );
#226 = ORIENTED_EDGE('',*,*,#227,.T.);
#227 = EDGE_CURVE('',#195,#228,#230,.T.);
#228 = VERTEX_POINT('',#229);
#229 = CARTESIAN_POINT('',(28.,21.,9.5));
#230 = SURFACE_CURVE('',#231,(#235,#242),.PCURVE_S1.);
#231 = LINE('',#232,#233);
#232 = CARTESIAN_POINT('',(28.,-25.,9.5));
#233 = VECTOR('',#234,1.);
#234 = DIRECTION('',(0.,1.,0.));
#235 = PCURVE('',#44,#236);
#236 = DEFINITIONAL_REPRESENTATION('',(#237),#241);
#237 = LINE('',#238,#239);
#238 = CARTESIAN_POINT('',(56.,0.));
#239 = VECTOR('',#240,1.);
#240 = DIRECTION('',(0.,1.));
#241 = ( GEOMETRIC_REPRESENTATION_CONTEXT(2) 
PARAMETRIC_REPRESENTATION_CONTEXT() REPRESENTATION_CONTEXT('2D SPACE',''
  ) );
#242 = PCURVE('',#243,#248);
#243 = PLANE('',#244);
#244 = AXIS2_PLACEMENT_3D('',#245,#246,#247);
#245 = CARTESIAN_POINT('',(28.,-25.,0.));
#246 = DIRECTION('',(1.,0.,0.));
#247 = DIRECTION('',(0.,0.,1.));
#248 = DEFINITIONAL_REPRESENTATION('',(#249),#253);
#249 = LINE('',#250,#251);
#250 = CARTESIAN_POINT('',(9.5,0.));
#251 = VECTOR('',#252,1.);
#252 = DIRECTION('',(0.,-1.));
#253 = ( GEOMETRIC_REPRESENTATION_CONTEXT(2) 
PARAMETRIC_REPRESENTATION_CONTEXT() REPRESENTATION_CONTEXT('2D SPACE',''
  ) );
#254 = ORIENTED_EDGE('',*,*,#255,.T.);
#255 = EDGE_CURVE('',#228,#256,#258,.T.);
#256 = VERTEX_POINT('',#257);
#257 = CARTESIAN_POINT('',(24.,25.,9.5));
#258 = SURFACE_CURVE('',#259,(#264,#271),.PCURVE_S1.);
#259 = CIRCLE('',#260,4.);
#260 = AXIS2_PLACEMENT_3D('',#261,#262,#263);
#261 = CARTESIAN_POINT('',(24.,21.,9.5));
#262 = DIRECTION('',(0.,0.,1.));
#263 = DIRECTION('',(0.,-1.,0.));
#264 = PCURVE('',#44,#265);
#265 = DEFINITIONAL_REPRESENTATION('',(#266),#270);
#266 = CIRCLE('',#267,4.);
#267 = AXIS2_PLACEMENT_2D('',#268,#269);
#268 = CARTESIAN_POINT('',(52.,46.));
#269 = DIRECTION('',(0.,-1.));
#270 = ( GEOMETRIC_REPRESENTATION_CONTEXT(2) 
PARAMETRIC_REPRESENTATION_CONTEXT() REPRESENTATION_CONTEXT('2D SPACE',''
  ) );
#271 = PCURVE('',#272,#277);
#272 = CYLINDRICAL_SURFACE('',#273,4.);
#273 = AXIS2_PLACEMENT_3D('',#274,#275,#276);
#274 = CARTESIAN_POINT('',(24.,21.,0.));
#275 = DIRECTION('',(0.,0.,1.));
#276 = DIRECTION('',(1.,0.,-0.));
#277 = DEFINITIONAL_REPRESENTATION('',(#278),#282);
#278 = LINE('',#279,#280);
#279 = CARTESIAN_POINT('',(-1.570796326795,9.5));
#280 = VECTOR('',#281,1.);
#281 = DIRECTION('',(1.,0.));
#282 = ( GEOMETRIC_REPRESENTATION_CONTEXT(2) 
PARAMETRIC_REPRESENTATION_CONTEXT() REPRESENTATION_CONTEXT('2D SPACE',''
  ) );
#283 = ORIENTED_EDGE('',*,*,#284,.F.);
#284 = EDGE_CURVE('',#285,#256,#287,.T.);
#285 = VERTEX_POINT('',#286);
#286 = CARTESIAN_POINT('',(-24.,25.,9.5));
#287 = SURFACE_CURVE('',#288,(#292,#299),.PCURVE_S1.);
#288 = LINE('',#289,#290);
#289 = CARTESIAN_POINT('',(-28.,25.,9.5));
#290 = VECTOR('',#291,1.);
#291 = DIRECTION('',(1.,0.,0.));
#292 = PCURVE('',#44,#293);
#293 = DEFINITIONAL_REPRESENTATION('',(#294),#298);
#294 = LINE('',#295,#296);
#295 = CARTESIAN_POINT('',(0.,50.));
#296 = VECTOR('',#297,1.);
#297 = DIRECTION('',(1.,0.));
#298 = ( GEOMETRIC_REPRESENTATION_CONTEXT(2) 
PARAMETRIC_REPRESENTATION_CONTEXT() REPRESENTATION_CONTEXT('2D SPACE',''
  ) );
#299 = PCURVE('',#300,#305);
#300 = PLANE('',#301);
#301 = AXIS2_PLACEMENT_3D('',#302,#303,#304);
#302 = CARTESIAN_POINT('',(-28.,25.,0.));
#303 = DIRECTION('',(0.,1.,0.));
#304 = DIRECTION('',(0.,0.,1.));
#305 = DEFINITIONAL_REPRESENTATION('',(#306),#310);
#306 = LINE('',#307,#308);
#307 = CARTESIAN_POINT('',(9.5,0.));
#308 = VECTOR('',#309,1.);
#309 = DIRECTION('',(0.,1.));
#310 = ( GEOMETRIC_REPRESENTATION_CONTEXT(2) 
PARAMETRIC_REPRESENTATION_CONTEXT() REPRESENTATION_CONTEXT('2D SPACE',''
  ) );
#311 = ORIENTED_EDGE('',*,*,#312,.F.);
#312 = EDGE_CURVE('',#313,#285,#315,.T.);
#313 = VERTEX_POINT('',#314);
#314 = CARTESIAN_POINT('',(-28.,21.,9.5));
#315 = SURFACE_CURVE('',#316,(#321,#332),.PCURVE_S1.);
#316 = CIRCLE('',#317,4.);
#317 = AXIS2_PLACEMENT_3D('',#318,#319,#320);
#318 = CARTESIAN_POINT('',(-24.,21.,9.5));
#319 = DIRECTION('',(-0.,-0.,-1.));
#320 = DIRECTION('',(0.,-1.,0.));
#321 = PCURVE('',#44,#322);
#322 = DEFINITIONAL_REPRESENTATION('',(#323),#331);
#323 = ( BOUNDED_CURVE() B_SPLINE_CURVE(2,(#324,#325,#326,#327,#328,#329
,#330),.UNSPECIFIED.,.T.,.F.) B_SPLINE_CURVE_WITH_KNOTS((1,2,2,2,2,1),(
    -2.094395102393,0.,2.094395102393,4.188790204786,6.28318530718,
8.377580409573),.UNSPECIFIED.) CURVE() GEOMETRIC_REPRESENTATION_ITEM() 
RATIONAL_B_SPLINE_CURVE((1.,0.5,1.,0.5,1.,0.5,1.)) REPRESENTATION_ITEM(
  '') );
#324 = CARTESIAN_POINT('',(4.,42.));
#325 = CARTESIAN_POINT('',(-2.928203230276,42.));
#326 = CARTESIAN_POINT('',(0.535898384862,48.));
#327 = CARTESIAN_POINT('',(4.,54.));
#328 = CARTESIAN_POINT('',(7.464101615138,48.));
#329 = CARTESIAN_POINT('',(10.928203230276,42.));
#330 = CARTESIAN_POINT('',(4.,42.));
#331 = ( GEOMETRIC_REPRESENTATION_CONTEXT(2) 
PARAMETRIC_REPRESENTATION_CONTEXT() REPRESENTATION_CONTEXT('2D SPACE',''
  ) );
#332 = PCURVE('',#333,#338);
#333 = CYLINDRICAL_SURFACE('',#334,4.);
#334 = AXIS2_PLACEMENT_3D('',#335,#336,#337);
#335 = CARTESIAN_POINT('',(-24.,21.,0.));
#336 = DIRECTION('',(0.,0.,1.));
#337 = DIRECTION('',(-1.,-0.,0.));
#338 = DEFINITIONAL_REPRESENTATION('',(#339),#343);
#339 = LINE('',#340,#341);
#340 = CARTESIAN_POINT('',(1.570796326795,9.5));
#341 = VECTOR('',#342,1.);
#342 = DIRECTION('',(-1.,0.));
#343 = ( GEOMETRIC_REPRESENTATION_CONTEXT(2) 
PARAMETRIC_REPRESENTATION_CONTEXT() REPRESENTATION_CONTEXT('2D SPACE',''
  ) );
#344 = ORIENTED_EDGE('',*,*,#345,.F.);
#345 = EDGE_CURVE('',#346,#313,#348,.T.);
#346 = VERTEX_POINT('',#347);
#347 = CARTESIAN_POINT('',(-28.,12.,9.5));
#348 = SURFACE_CURVE('',#349,(#353,#360),.PCURVE_S1.);
#349 = LINE('',#350,#351);
#350 = CARTESIAN_POINT('',(-28.,-25.,9.5));
#351 = VECTOR('',#352,1.);
#352 = DIRECTION('',(0.,1.,0.));
#353 = PCURVE('',#44,#354);
#354 = DEFINITIONAL_REPRESENTATION('',(#355),#359);
#355 = LINE('',#356,#357);
#356 = CARTESIAN_POINT('',(0.,0.));
#357 = VECTOR('',#358,1.);
#358 = DIRECTION('',(0.,1.));
#359 = ( GEOMETRIC_REPRESENTATION_CONTEXT(2) 
PARAMETRIC_REPRESENTATION_CONTEXT() REPRESENTATION_CONTEXT('2D SPACE',''
  ) );
#360 = PCURVE('',#361,#366);
#361 = PLANE('',#362);
#362 = AXIS2_PLACEMENT_3D('',#363,#364,#365);
#363 = CARTESIAN_POINT('',(-28.,-25.,0.));
#364 = DIRECTION('',(1.,0.,0.));
#365 = DIRECTION('',(0.,0.,1.));
#366 = DEFINITIONAL_REPRESENTATION('',(#367),#371);
#367 = LINE('',#368,#369);
#368 = CARTESIAN_POINT('',(9.5,0.));
#369 = VECTOR('',#370,1.);
#370 = DIRECTION('',(0.,-1.));
#371 = ( GEOMETRIC_REPRESENTATION_CONTEXT(2) 
PARAMETRIC_REPRESENTATION_CONTEXT() REPRESENTATION_CONTEXT('2D SPACE',''
  ) );
#372 = ORIENTED_EDGE('',*,*,#373,.F.);
#373 = EDGE_CURVE('',#374,#346,#376,.T.);
#374 = VERTEX_POINT('',#375);
#375 = CARTESIAN_POINT('',(-36.,12.,9.5));
#376 = SURFACE_CURVE('',#377,(#381,#388),.PCURVE_S1.);
#377 = LINE('',#378,#379);
#378 = CARTESIAN_POINT('',(-36.,12.,9.5));
#379 = VECTOR('',#380,1.);
#380 = DIRECTION('',(1.,0.,0.));
#381 = PCURVE('',#44,#382);
#382 = DEFINITIONAL_REPRESENTATION('',(#383),#387);
#383 = LINE('',#384,#385);
#384 = CARTESIAN_POINT('',(-8.,37.));
#385 = VECTOR('',#386,1.);
#386 = DIRECTION('',(1.,0.));
#387 = ( GEOMETRIC_REPRESENTATION_CONTEXT(2) 
PARAMETRIC_REPRESENTATION_CONTEXT() REPRESENTATION_CONTEXT('2D SPACE',''
  ) );
#388 = PCURVE('',#389,#394);
#389 = PLANE('',#390);
#390 = AXIS2_PLACEMENT_3D('',#391,#392,#393);
#391 = CARTESIAN_POINT('',(-36.,12.,0.));
#392 = DIRECTION('',(0.,1.,0.));
#393 = DIRECTION('',(0.,0.,1.));
#394 = DEFINITIONAL_REPRESENTATION('',(#395),#399);
#395 = LINE('',#396,#397);
#396 = CARTESIAN_POINT('',(9.5,0.));
#397 = VECTOR('',#398,1.);
#398 = DIRECTION('',(0.,1.));
#399 = ( GEOMETRIC_REPRESENTATION_CONTEXT(2) 
PARAMETRIC_REPRESENTATION_CONTEXT() REPRESENTATION_CONTEXT('2D SPACE',''
  ) );
#400 = ORIENTED_EDGE('',*,*,#401,.F.);
#401 = EDGE_CURVE('',#402,#374,#404,.T.);
#402 = VERTEX_POINT('',#403);
#403 = CARTESIAN_POINT('',(-36.,-12.,9.5));
#404 = SURFACE_CURVE('',#405,(#409,#416),.PCURVE_S1.);
#405 = LINE('',#406,#407);
#406 = CARTESIAN_POINT('',(-36.,-12.,9.5));
#407 = VECTOR('',#408,1.);
#408 = DIRECTION('',(0.,1.,0.));
#409 = PCURVE('',#44,#410);
#410 = DEFINITIONAL_REPRESENTATION('',(#411),#415);
#411 = LINE('',#412,#413);
#412 = CARTESIAN_POINT('',(-8.,13.));
#413 = VECTOR('',#414,1.);
#414 = DIRECTION('',(0.,1.));
#415 = ( GEOMETRIC_REPRESENTATION_CONTEXT(2) 
PARAMETRIC_REPRESENTATION_CONTEXT() REPRESENTATION_CONTEXT('2D SPACE',''
  ) );
#416 = PCURVE('',#417,#422);
#417 = PLANE('',#418);
#418 = AXIS2_PLACEMENT_3D('',#419,#420,#421);
#419 = CARTESIAN_POINT('',(-36.,-12.,0.));
#420 = DIRECTION('',(1.,0.,0.));
#421 = DIRECTION('',(0.,0.,1.));
#422 = DEFINITIONAL_REPRESENTATION('',(#423),#427);
#423 = LINE('',#424,#425);
#424 = CARTESIAN_POINT('',(9.5,0.));
#425 = VECTOR('',#426,1.);
#426 = DIRECTION('',(0.,-1.));
#427 = ( GEOMETRIC_REPRESENTATION_CONTEXT(2) 
PARAMETRIC_REPRESENTATION_CONTEXT() REPRESENTATION_CONTEXT('2D SPACE',''
  ) );
#428 = ORIENTED_EDGE('',*,*,#429,.T.);
#429 = EDGE_CURVE('',#402,#24,#430,.T.);
#430 = SURFACE_CURVE('',#431,(#435,#442),.PCURVE_S1.);
#431 = LINE('',#432,#433);
#432 = CARTESIAN_POINT('',(-36.,-12.,9.5));
#433 = VECTOR('',#434,1.);
#434 = DIRECTION('',(1.,0.,0.));
#435 = PCURVE('',#44,#436);
#436 = DEFINITIONAL_REPRESENTATION('',(#437),#441);
#437 = LINE('',#438,#439);
#438 = CARTESIAN_POINT('',(-8.,13.));
#439 = VECTOR('',#440,1.);
#440 = DIRECTION('',(1.,0.));
#441 = ( GEOMETRIC_REPRESENTATION_CONTEXT(2) 
PARAMETRIC_REPRESENTATION_CONTEXT() REPRESENTATION_CONTEXT('2D SPACE',''
  ) );
#442 = PCURVE('',#126,#443);
#443 = DEFINITIONAL_REPRESENTATION('',(#444),#448);
#444 = LINE('',#445,#446);
#445 = CARTESIAN_POINT('',(9.5,0.));
#446 = VECTOR('',#447,1.);
#447 = DIRECTION('',(0.,1.));
#448 = ( GEOMETRIC_REPRESENTATION_CONTEXT(2) 
PARAMETRIC_REPRESENTATION_CONTEXT() REPRESENTATION_CONTEXT('2D SPACE',''
  ) );
#449 = FACE_BOUND('',#450,.T.);
#450 = EDGE_LOOP('',(#451,#479,#505,#531));
#451 = ORIENTED_EDGE('',*,*,#452,.T.);
#452 = EDGE_CURVE('',#453,#455,#457,.T.);
#453 = VERTEX_POINT('',#454);
#454 = CARTESIAN_POINT('',(-25.,-9.,9.5));
#455 = VERTEX_POINT('',#456);
#456 = CARTESIAN_POINT('',(-28.,-9.,9.5));
#457 = SURFACE_CURVE('',#458,(#462,#468),.PCURVE_S1.);
#458 = LINE('',#459,#460);
#459 = CARTESIAN_POINT('',(-28.,-9.,9.5));
#460 = VECTOR('',#461,1.);
#461 = DIRECTION('',(-1.,0.,0.));
#462 = PCURVE('',#44,#463);
#463 = DEFINITIONAL_REPRESENTATION('',(#464),#467);
#464 = B_SPLINE_CURVE_WITH_KNOTS('',1,(#465,#466),.UNSPECIFIED.,.F.,.F.,
  (2,2),(-3.,0.),.PIECEWISE_BEZIER_KNOTS.);
#465 = CARTESIAN_POINT('',(3.,16.));
#466 = CARTESIAN_POINT('',(0.,16.));
#467 = ( GEOMETRIC_REPRESENTATION_CONTEXT(2) 
PARAMETRIC_REPRESENTATION_CONTEXT() REPRESENTATION_CONTEXT('2D SPACE',''
  ) );
#468 = PCURVE('',#469,#474);
#469 = PLANE('',#470);
#470 = AXIS2_PLACEMENT_3D('',#471,#472,#473);
#471 = CARTESIAN_POINT('',(-28.,-9.,1.));
#472 = DIRECTION('',(0.,1.,0.));
#473 = DIRECTION('',(0.,0.,1.));
#474 = DEFINITIONAL_REPRESENTATION('',(#475),#478);
#475 = B_SPLINE_CURVE_WITH_KNOTS('',1,(#476,#477),.UNSPECIFIED.,.F.,.F.,
  (2,2),(-3.,0.),.PIECEWISE_BEZIER_KNOTS.);
#476 = CARTESIAN_POINT('',(8.5,3.));
#477 = CARTESIAN_POINT('',(8.5,0.));
#478 = ( GEOMETRIC_REPRESENTATION_CONTEXT(2) 
PARAMETRIC_REPRESENTATION_CONTEXT() REPRESENTATION_CONTEXT('2D SPACE',''
  ) );
#479 = ORIENTED_EDGE('',*,*,#480,.T.);
#480 = EDGE_CURVE('',#455,#481,#483,.T.);
#481 = VERTEX_POINT('',#482);
#482 = CARTESIAN_POINT('',(-28.,9.,9.5));
#483 = SURFACE_CURVE('',#484,(#488,#494),.PCURVE_S1.);
#484 = LINE('',#485,#486);
#485 = CARTESIAN_POINT('',(-28.,-17.,9.5));
#486 = VECTOR('',#487,1.);
#487 = DIRECTION('',(0.,1.,0.));
#488 = PCURVE('',#44,#489);
#489 = DEFINITIONAL_REPRESENTATION('',(#490),#493);
#490 = B_SPLINE_CURVE_WITH_KNOTS('',1,(#491,#492),.UNSPECIFIED.,.F.,.F.,
  (2,2),(8.,26.),.PIECEWISE_BEZIER_KNOTS.);
#491 = CARTESIAN_POINT('',(0.,16.));
#492 = CARTESIAN_POINT('',(0.,34.));
#493 = ( GEOMETRIC_REPRESENTATION_CONTEXT(2) 
PARAMETRIC_REPRESENTATION_CONTEXT() REPRESENTATION_CONTEXT('2D SPACE',''
  ) );
#494 = PCURVE('',#495,#500);
#495 = PLANE('',#496);
#496 = AXIS2_PLACEMENT_3D('',#497,#498,#499);
#497 = CARTESIAN_POINT('',(-28.,-9.,1.));
#498 = DIRECTION('',(1.,0.,0.));
#499 = DIRECTION('',(0.,0.,1.));
#500 = DEFINITIONAL_REPRESENTATION('',(#501),#504);
#501 = B_SPLINE_CURVE_WITH_KNOTS('',1,(#502,#503),.UNSPECIFIED.,.F.,.F.,
  (2,2),(8.,26.),.PIECEWISE_BEZIER_KNOTS.);
#502 = CARTESIAN_POINT('',(8.5,0.));
#503 = CARTESIAN_POINT('',(8.5,-18.));
#504 = ( GEOMETRIC_REPRESENTATION_CONTEXT(2) 
PARAMETRIC_REPRESENTATION_CONTEXT() REPRESENTATION_CONTEXT('2D SPACE',''
  ) );
#505 = ORIENTED_EDGE('',*,*,#506,.F.);
#506 = EDGE_CURVE('',#507,#481,#509,.T.);
#507 = VERTEX_POINT('',#508);
#508 = CARTESIAN_POINT('',(-25.,9.,9.5));
#509 = SURFACE_CURVE('',#510,(#514,#520),.PCURVE_S1.);
#510 = LINE('',#511,#512);
#511 = CARTESIAN_POINT('',(-28.,9.,9.5));
#512 = VECTOR('',#513,1.);
#513 = DIRECTION('',(-1.,0.,0.));
#514 = PCURVE('',#44,#515);
#515 = DEFINITIONAL_REPRESENTATION('',(#516),#519);
#516 = B_SPLINE_CURVE_WITH_KNOTS('',1,(#517,#518),.UNSPECIFIED.,.F.,.F.,
  (2,2),(-3.,0.),.PIECEWISE_BEZIER_KNOTS.);
#517 = CARTESIAN_POINT('',(3.,34.));
#518 = CARTESIAN_POINT('',(0.,34.));
#519 = ( GEOMETRIC_REPRESENTATION_CONTEXT(2) 
PARAMETRIC_REPRESENTATION_CONTEXT() REPRESENTATION_CONTEXT('2D SPACE',''
  ) );
#520 = PCURVE('',#521,#526);
#521 = PLANE('',#522);
#522 = AXIS2_PLACEMENT_3D('',#523,#524,#525);
#523 = CARTESIAN_POINT('',(-28.,9.,1.));
#524 = DIRECTION('',(0.,1.,0.));
#525 = DIRECTION('',(0.,0.,1.));
#526 = DEFINITIONAL_REPRESENTATION('',(#527),#530);
#527 = B_SPLINE_CURVE_WITH_KNOTS('',1,(#528,#529),.UNSPECIFIED.,.F.,.F.,
  (2,2),(-3.,0.),.PIECEWISE_BEZIER_KNOTS.);
#528 = CARTESIAN_POINT('',(8.5,3.));
#529 = CARTESIAN_POINT('',(8.5,0.));
#530 = ( GEOMETRIC_REPRESENTATION_CONTEXT(2) 
PARAMETRIC_REPRESENTATION_CONTEXT() REPRESENTATION_CONTEXT('2D SPACE',''
  ) );
#531 = ORIENTED_EDGE('',*,*,#532,.F.);
#532 = EDGE_CURVE('',#453,#507,#533,.T.);
#533 = SURFACE_CURVE('',#534,(#538,#544),.PCURVE_S1.);
#534 = LINE('',#535,#536);
#535 = CARTESIAN_POINT('',(-25.,-17.,9.5));
#536 = VECTOR('',#537,1.);
#537 = DIRECTION('',(0.,1.,0.));
#538 = PCURVE('',#44,#539);
#539 = DEFINITIONAL_REPRESENTATION('',(#540),#543);
#540 = B_SPLINE_CURVE_WITH_KNOTS('',1,(#541,#542),.UNSPECIFIED.,.F.,.F.,
  (2,2),(8.,26.),.PIECEWISE_BEZIER_KNOTS.);
#541 = CARTESIAN_POINT('',(3.,16.));
#542 = CARTESIAN_POINT('',(3.,34.));
#543 = ( GEOMETRIC_REPRESENTATION_CONTEXT(2) 
PARAMETRIC_REPRESENTATION_CONTEXT() REPRESENTATION_CONTEXT('2D SPACE',''
  ) );
#544 = PCURVE('',#545,#550);
#545 = PLANE('',#546);
#546 = AXIS2_PLACEMENT_3D('',#547,#548,#549);
#547 = CARTESIAN_POINT('',(-25.,-9.,1.));
#548 = DIRECTION('',(1.,0.,0.));
#549 = DIRECTION('',(0.,0.,1.));
#550 = DEFINITIONAL_REPRESENTATION('',(#551),#554);
#551 = B_SPLINE_CURVE_WITH_KNOTS('',1,(#552,#553),.UNSPECIFIED.,.F.,.F.,
  (2,2),(8.,26.),.PIECEWISE_BEZIER_KNOTS.);
#552 = CARTESIAN_POINT('',(8.5,0.));
#553 = CARTESIAN_POINT('',(8.5,-18.));
#554 = ( GEOMETRIC_REPRESENTATION_CONTEXT(2) 
PARAMETRIC_REPRESENTATION_CONTEXT() REPRESENTATION_CONTEXT('2D SPACE',''
  ) );
#555 = FACE_BOUND('',#556,.T.);
#556 = EDGE_LOOP('',(#557,#585,#613,#641,#669,#695,#721,#747,#770,#798,
    #821,#847));
#557 = ORIENTED_EDGE('',*,*,#558,.T.);
#558 = EDGE_CURVE('',#559,#561,#563,.T.);
#559 = VERTEX_POINT('',#560);
#560 = CARTESIAN_POINT('',(-2.396003617094,-20.14999999992,9.5));
#561 = VERTEX_POINT('',#562);
#562 = CARTESIAN_POINT('',(-3.059956426619,-19.,9.5));
#563 = SURFACE_CURVE('',#564,(#568,#574),.PCURVE_S1.);
#564 = LINE('',#565,#566);
#565 = CARTESIAN_POINT('',(-5.744449171399,-14.35032217349,9.5));
#566 = VECTOR('',#567,1.);
#567 = DIRECTION('',(-0.5,0.866025403784,0.));
#568 = PCURVE('',#44,#569);
#569 = DEFINITIONAL_REPRESENTATION('',(#570),#573);
#570 = B_SPLINE_CURVE_WITH_KNOTS('',1,(#571,#572),.UNSPECIFIED.,.F.,.F.,
  (2,2),(-6.696891108611,-1.904883874423),.PIECEWISE_BEZIER_KNOTS.);
#571 = CARTESIAN_POINT('',(25.603996382906,4.850000000075));
#572 = CARTESIAN_POINT('',(23.207992765812,9.));
#573 = ( GEOMETRIC_REPRESENTATION_CONTEXT(2) 
PARAMETRIC_REPRESENTATION_CONTEXT() REPRESENTATION_CONTEXT('2D SPACE',''
  ) );
#574 = PCURVE('',#575,#580);
#575 = PLANE('',#576);
#576 = AXIS2_PLACEMENT_3D('',#577,#578,#579);
#577 = CARTESIAN_POINT('',(-4.792007234188,-16.,5.45));
#578 = DIRECTION('',(0.866025403784,0.5,-0.));
#579 = DIRECTION('',(0.5,-0.866025403784,0.));
#580 = DEFINITIONAL_REPRESENTATION('',(#581),#584);
#581 = B_SPLINE_CURVE_WITH_KNOTS('',1,(#582,#583),.UNSPECIFIED.,.F.,.F.,
  (2,2),(-6.696891108611,-1.904883874423),.PIECEWISE_BEZIER_KNOTS.);
#582 = CARTESIAN_POINT('',(4.792007234188,-4.05));
#583 = CARTESIAN_POINT('',(0.,-4.05));
#584 = ( GEOMETRIC_REPRESENTATION_CONTEXT(2) 
PARAMETRIC_REPRESENTATION_CONTEXT() REPRESENTATION_CONTEXT('2D SPACE',''
  ) );
#585 = ORIENTED_EDGE('',*,*,#586,.T.);
#586 = EDGE_CURVE('',#561,#587,#589,.T.);
#587 = VERTEX_POINT('',#588);
#588 = CARTESIAN_POINT('',(-23.,-19.,9.5));
#589 = SURFACE_CURVE('',#590,(#594,#601),.PCURVE_S1.);
#590 = LINE('',#591,#592);
#591 = CARTESIAN_POINT('',(23.,-19.,9.5));
#592 = VECTOR('',#593,1.);
#593 = DIRECTION('',(-1.,0.,0.));
#594 = PCURVE('',#44,#595);
#595 = DEFINITIONAL_REPRESENTATION('',(#596),#600);
#596 = LINE('',#597,#598);
#597 = CARTESIAN_POINT('',(51.,6.));
#598 = VECTOR('',#599,1.);
#599 = DIRECTION('',(-1.,0.));
#600 = ( GEOMETRIC_REPRESENTATION_CONTEXT(2) 
PARAMETRIC_REPRESENTATION_CONTEXT() REPRESENTATION_CONTEXT('2D SPACE',''
  ) );
#601 = PCURVE('',#602,#607);
#602 = PLANE('',#603);
#603 = AXIS2_PLACEMENT_3D('',#604,#605,#606);
#604 = CARTESIAN_POINT('',(-23.,-19.,9.5));
#605 = DIRECTION('',(0.,1.,0.));
#606 = DIRECTION('',(0.,0.,1.));
#607 = DEFINITIONAL_REPRESENTATION('',(#608),#612);
#608 = LINE('',#609,#610);
#609 = CARTESIAN_POINT('',(0.,46.));
#610 = VECTOR('',#611,1.);
#611 = DIRECTION('',(0.,-1.));
#612 = ( GEOMETRIC_REPRESENTATION_CONTEXT(2) 
PARAMETRIC_REPRESENTATION_CONTEXT() REPRESENTATION_CONTEXT('2D SPACE',''
  ) );
#613 = ORIENTED_EDGE('',*,*,#614,.F.);
#614 = EDGE_CURVE('',#615,#587,#617,.T.);
#615 = VERTEX_POINT('',#616);
#616 = CARTESIAN_POINT('',(-23.,19.,9.5));
#617 = SURFACE_CURVE('',#618,(#622,#629),.PCURVE_S1.);
#618 = LINE('',#619,#620);
#619 = CARTESIAN_POINT('',(-23.,19.,9.5));
#620 = VECTOR('',#621,1.);
#621 = DIRECTION('',(0.,-1.,0.));
#622 = PCURVE('',#44,#623);
#623 = DEFINITIONAL_REPRESENTATION('',(#624),#628);
#624 = LINE('',#625,#626);
#625 = CARTESIAN_POINT('',(5.,44.));
#626 = VECTOR('',#627,1.);
#627 = DIRECTION('',(0.,-1.));
#628 = ( GEOMETRIC_REPRESENTATION_CONTEXT(2) 
PARAMETRIC_REPRESENTATION_CONTEXT() REPRESENTATION_CONTEXT('2D SPACE',''
  ) );
#629 = PCURVE('',#630,#635);
#630 = PLANE('',#631);
#631 = AXIS2_PLACEMENT_3D('',#632,#633,#634);
#632 = CARTESIAN_POINT('',(-23.,-19.,9.5));
#633 = DIRECTION('',(1.,0.,0.));
#634 = DIRECTION('',(0.,0.,1.));
#635 = DEFINITIONAL_REPRESENTATION('',(#636),#640);
#636 = LINE('',#637,#638);
#637 = CARTESIAN_POINT('',(0.,-38.));
#638 = VECTOR('',#639,1.);
#639 = DIRECTION('',(0.,1.));
#640 = ( GEOMETRIC_REPRESENTATION_CONTEXT(2) 
PARAMETRIC_REPRESENTATION_CONTEXT() REPRESENTATION_CONTEXT('2D SPACE',''
  ) );
#641 = ORIENTED_EDGE('',*,*,#642,.T.);
#642 = EDGE_CURVE('',#615,#643,#645,.T.);
#643 = VERTEX_POINT('',#644);
#644 = CARTESIAN_POINT('',(-3.059956426619,19.,9.5));
#645 = SURFACE_CURVE('',#646,(#650,#657),.PCURVE_S1.);
#646 = LINE('',#647,#648);
#647 = CARTESIAN_POINT('',(-23.,19.,9.5));
#648 = VECTOR('',#649,1.);
#649 = DIRECTION('',(1.,0.,0.));
#650 = PCURVE('',#44,#651);
#651 = DEFINITIONAL_REPRESENTATION('',(#652),#656);
#652 = LINE('',#653,#654);
#653 = CARTESIAN_POINT('',(5.,44.));
#654 = VECTOR('',#655,1.);
#655 = DIRECTION('',(1.,0.));
#656 = ( GEOMETRIC_REPRESENTATION_CONTEXT(2) 
PARAMETRIC_REPRESENTATION_CONTEXT() REPRESENTATION_CONTEXT('2D SPACE',''
  ) );
#657 = PCURVE('',#658,#663);
#658 = PLANE('',#659);
#659 = AXIS2_PLACEMENT_3D('',#660,#661,#662);
#660 = CARTESIAN_POINT('',(-23.,19.,9.5));
#661 = DIRECTION('',(0.,1.,0.));
#662 = DIRECTION('',(0.,0.,1.));
#663 = DEFINITIONAL_REPRESENTATION('',(#664),#668);
#664 = LINE('',#665,#666);
#665 = CARTESIAN_POINT('',(0.,0.));
#666 = VECTOR('',#667,1.);
#667 = DIRECTION('',(0.,1.));
#668 = ( GEOMETRIC_REPRESENTATION_CONTEXT(2) 
PARAMETRIC_REPRESENTATION_CONTEXT() REPRESENTATION_CONTEXT('2D SPACE',''
  ) );
#669 = ORIENTED_EDGE('',*,*,#670,.T.);
#670 = EDGE_CURVE('',#643,#671,#673,.T.);
#671 = VERTEX_POINT('',#672);
#672 = CARTESIAN_POINT('',(-2.396003617094,20.149999999925,9.5));
#673 = SURFACE_CURVE('',#674,(#678,#684),.PCURVE_S1.);
#674 = LINE('',#675,#676);
#675 = CARTESIAN_POINT('',(-15.37176491015,-2.324677826547,9.5));
#676 = VECTOR('',#677,1.);
#677 = DIRECTION('',(0.5,0.866025403784,-0.));
#678 = PCURVE('',#44,#679);
#679 = DEFINITIONAL_REPRESENTATION('',(#680),#683);
#680 = B_SPLINE_CURVE_WITH_KNOTS('',1,(#681,#682),.UNSPECIFIED.,.F.,.F.,
  (2,2),(21.15951535194,25.951522586128),.PIECEWISE_BEZIER_KNOTS.);
#681 = CARTESIAN_POINT('',(23.207992765812,41.));
#682 = CARTESIAN_POINT('',(25.603996382906,45.149999999925));
#683 = ( GEOMETRIC_REPRESENTATION_CONTEXT(2) 
PARAMETRIC_REPRESENTATION_CONTEXT() REPRESENTATION_CONTEXT('2D SPACE',''
  ) );
#684 = PCURVE('',#685,#690);
#685 = PLANE('',#686);
#686 = AXIS2_PLACEMENT_3D('',#687,#688,#689);
#687 = CARTESIAN_POINT('',(-2.396003617094,20.149999999925,5.45));
#688 = DIRECTION('',(0.866025403784,-0.5,0.));
#689 = DIRECTION('',(-0.5,-0.866025403784,0.));
#690 = DEFINITIONAL_REPRESENTATION('',(#691),#694);
#691 = B_SPLINE_CURVE_WITH_KNOTS('',1,(#692,#693),.UNSPECIFIED.,.F.,.F.,
  (2,2),(21.15951535194,25.951522586128),.PIECEWISE_BEZIER_KNOTS.);
#692 = CARTESIAN_POINT('',(4.792007234188,-4.05));
#693 = CARTESIAN_POINT('',(0.,-4.05));
#694 = ( GEOMETRIC_REPRESENTATION_CONTEXT(2) 
PARAMETRIC_REPRESENTATION_CONTEXT() REPRESENTATION_CONTEXT('2D SPACE',''
  ) );
#695 = ORIENTED_EDGE('',*,*,#696,.T.);
#696 = EDGE_CURVE('',#671,#697,#699,.T.);
#697 = VERTEX_POINT('',#698);
#698 = CARTESIAN_POINT('',(2.396003617094,20.149999999925,9.5));
#699 = SURFACE_CURVE('',#700,(#704,#710),.PCURVE_S1.);
#700 = LINE('',#701,#702);
#701 = CARTESIAN_POINT('',(-12.80199819145,20.149999999925,9.5));
#702 = VECTOR('',#703,1.);
#703 = DIRECTION('',(1.,-1.853458011005E-16,0.));
#704 = PCURVE('',#44,#705);
#705 = DEFINITIONAL_REPRESENTATION('',(#706),#709);
#706 = B_SPLINE_CURVE_WITH_KNOTS('',1,(#707,#708),.UNSPECIFIED.,.F.,.F.,
  (2,2),(10.405994574359,15.198001808547),.PIECEWISE_BEZIER_KNOTS.);
#707 = CARTESIAN_POINT('',(25.603996382906,45.149999999925));
#708 = CARTESIAN_POINT('',(30.396003617094,45.149999999925));
#709 = ( GEOMETRIC_REPRESENTATION_CONTEXT(2) 
PARAMETRIC_REPRESENTATION_CONTEXT() REPRESENTATION_CONTEXT('2D SPACE',''
  ) );
#710 = PCURVE('',#711,#716);
#711 = PLANE('',#712);
#712 = AXIS2_PLACEMENT_3D('',#713,#714,#715);
#713 = CARTESIAN_POINT('',(2.396003617094,20.149999999925,5.45));
#714 = DIRECTION('',(-1.853458011005E-16,-1.,0.));
#715 = DIRECTION('',(-1.,1.853458011005E-16,0.));
#716 = DEFINITIONAL_REPRESENTATION('',(#717),#720);
#717 = B_SPLINE_CURVE_WITH_KNOTS('',1,(#718,#719),.UNSPECIFIED.,.F.,.F.,
  (2,2),(10.405994574359,15.198001808547),.PIECEWISE_BEZIER_KNOTS.);
#718 = CARTESIAN_POINT('',(4.792007234188,-4.05));
#719 = CARTESIAN_POINT('',(0.,-4.05));
#720 = ( GEOMETRIC_REPRESENTATION_CONTEXT(2) 
PARAMETRIC_REPRESENTATION_CONTEXT() REPRESENTATION_CONTEXT('2D SPACE',''
  ) );
#721 = ORIENTED_EDGE('',*,*,#722,.T.);
#722 = EDGE_CURVE('',#697,#723,#725,.T.);
#723 = VERTEX_POINT('',#724);
#724 = CARTESIAN_POINT('',(3.059956426619,19.,9.5));
#725 = SURFACE_CURVE('',#726,(#730,#736),.PCURVE_S1.);
#726 = LINE('',#727,#728);
#727 = CARTESIAN_POINT('',(9.569766718705,7.724677826472,9.5));
#728 = VECTOR('',#729,1.);
#729 = DIRECTION('',(0.5,-0.866025403784,0.));
#730 = PCURVE('',#44,#731);
#731 = DEFINITIONAL_REPRESENTATION('',(#732),#735);
#732 = B_SPLINE_CURVE_WITH_KNOTS('',1,(#733,#734),.UNSPECIFIED.,.F.,.F.,
  (2,2),(-14.34752620322,-9.555518969034),.PIECEWISE_BEZIER_KNOTS.);
#733 = CARTESIAN_POINT('',(30.396003617094,45.149999999925));
#734 = CARTESIAN_POINT('',(32.792007234188,41.));
#735 = ( GEOMETRIC_REPRESENTATION_CONTEXT(2) 
PARAMETRIC_REPRESENTATION_CONTEXT() REPRESENTATION_CONTEXT('2D SPACE',''
  ) );
#736 = PCURVE('',#737,#742);
#737 = PLANE('',#738);
#738 = AXIS2_PLACEMENT_3D('',#739,#740,#741);
#739 = CARTESIAN_POINT('',(4.792007234188,16.,5.45));
#740 = DIRECTION('',(-0.866025403784,-0.5,0.));
#741 = DIRECTION('',(-0.5,0.866025403784,0.));
#742 = DEFINITIONAL_REPRESENTATION('',(#743),#746);
#743 = B_SPLINE_CURVE_WITH_KNOTS('',1,(#744,#745),.UNSPECIFIED.,.F.,.F.,
  (2,2),(-14.34752620322,-9.555518969034),.PIECEWISE_BEZIER_KNOTS.);
#744 = CARTESIAN_POINT('',(4.792007234188,-4.05));
#745 = CARTESIAN_POINT('',(0.,-4.05));
#746 = ( GEOMETRIC_REPRESENTATION_CONTEXT(2) 
PARAMETRIC_REPRESENTATION_CONTEXT() REPRESENTATION_CONTEXT('2D SPACE',''
  ) );
#747 = ORIENTED_EDGE('',*,*,#748,.T.);
#748 = EDGE_CURVE('',#723,#749,#751,.T.);
#749 = VERTEX_POINT('',#750);
#750 = CARTESIAN_POINT('',(23.,19.,9.5));
#751 = SURFACE_CURVE('',#752,(#756,#763),.PCURVE_S1.);
#752 = LINE('',#753,#754);
#753 = CARTESIAN_POINT('',(-23.,19.,9.5));
#754 = VECTOR('',#755,1.);
#755 = DIRECTION('',(1.,0.,0.));
#756 = PCURVE('',#44,#757);
#757 = DEFINITIONAL_REPRESENTATION('',(#758),#762);
#758 = LINE('',#759,#760);
#759 = CARTESIAN_POINT('',(5.,44.));
#760 = VECTOR('',#761,1.);
#761 = DIRECTION('',(1.,0.));
#762 = ( GEOMETRIC_REPRESENTATION_CONTEXT(2) 
PARAMETRIC_REPRESENTATION_CONTEXT() REPRESENTATION_CONTEXT('2D SPACE',''
  ) );
#763 = PCURVE('',#658,#764);
#764 = DEFINITIONAL_REPRESENTATION('',(#765),#769);
#765 = LINE('',#766,#767);
#766 = CARTESIAN_POINT('',(0.,0.));
#767 = VECTOR('',#768,1.);
#768 = DIRECTION('',(0.,1.));
#769 = ( GEOMETRIC_REPRESENTATION_CONTEXT(2) 
PARAMETRIC_REPRESENTATION_CONTEXT() REPRESENTATION_CONTEXT('2D SPACE',''
  ) );
#770 = ORIENTED_EDGE('',*,*,#771,.T.);
#771 = EDGE_CURVE('',#749,#772,#774,.T.);
#772 = VERTEX_POINT('',#773);
#773 = CARTESIAN_POINT('',(23.,-19.,9.5));
#774 = SURFACE_CURVE('',#775,(#779,#786),.PCURVE_S1.);
#775 = LINE('',#776,#777);
#776 = CARTESIAN_POINT('',(23.,19.,9.5));
#777 = VECTOR('',#778,1.);
#778 = DIRECTION('',(0.,-1.,0.));
#779 = PCURVE('',#44,#780);
#780 = DEFINITIONAL_REPRESENTATION('',(#781),#785);
#781 = LINE('',#782,#783);
#782 = CARTESIAN_POINT('',(51.,44.));
#783 = VECTOR('',#784,1.);
#784 = DIRECTION('',(0.,-1.));
#785 = ( GEOMETRIC_REPRESENTATION_CONTEXT(2) 
PARAMETRIC_REPRESENTATION_CONTEXT() REPRESENTATION_CONTEXT('2D SPACE',''
  ) );
#786 = PCURVE('',#787,#792);
#787 = PLANE('',#788);
#788 = AXIS2_PLACEMENT_3D('',#789,#790,#791);
#789 = CARTESIAN_POINT('',(23.,-19.,9.5));
#790 = DIRECTION('',(1.,0.,0.));
#791 = DIRECTION('',(0.,0.,1.));
#792 = DEFINITIONAL_REPRESENTATION('',(#793),#797);
#793 = LINE('',#794,#795);
#794 = CARTESIAN_POINT('',(0.,-38.));
#795 = VECTOR('',#796,1.);
#796 = DIRECTION('',(0.,1.));
#797 = ( GEOMETRIC_REPRESENTATION_CONTEXT(2) 
PARAMETRIC_REPRESENTATION_CONTEXT() REPRESENTATION_CONTEXT('2D SPACE',''
  ) );
#798 = ORIENTED_EDGE('',*,*,#799,.T.);
#799 = EDGE_CURVE('',#772,#800,#802,.T.);
#800 = VERTEX_POINT('',#801);
#801 = CARTESIAN_POINT('',(3.059956426619,-19.,9.5));
#802 = SURFACE_CURVE('',#803,(#807,#814),.PCURVE_S1.);
#803 = LINE('',#804,#805);
#804 = CARTESIAN_POINT('',(23.,-19.,9.5));
#805 = VECTOR('',#806,1.);
#806 = DIRECTION('',(-1.,0.,0.));
#807 = PCURVE('',#44,#808);
#808 = DEFINITIONAL_REPRESENTATION('',(#809),#813);
#809 = LINE('',#810,#811);
#810 = CARTESIAN_POINT('',(51.,6.));
#811 = VECTOR('',#812,1.);
#812 = DIRECTION('',(-1.,0.));
#813 = ( GEOMETRIC_REPRESENTATION_CONTEXT(2) 
PARAMETRIC_REPRESENTATION_CONTEXT() REPRESENTATION_CONTEXT('2D SPACE',''
  ) );
#814 = PCURVE('',#602,#815);
#815 = DEFINITIONAL_REPRESENTATION('',(#816),#820);
#816 = LINE('',#817,#818);
#817 = CARTESIAN_POINT('',(0.,46.));
#818 = VECTOR('',#819,1.);
#819 = DIRECTION('',(0.,-1.));
#820 = ( GEOMETRIC_REPRESENTATION_CONTEXT(2) 
PARAMETRIC_REPRESENTATION_CONTEXT() REPRESENTATION_CONTEXT('2D SPACE',''
  ) );
#821 = ORIENTED_EDGE('',*,*,#822,.T.);
#822 = EDGE_CURVE('',#800,#823,#825,.T.);
#823 = VERTEX_POINT('',#824);
#824 = CARTESIAN_POINT('',(2.396003617094,-20.14999999992,9.5));
#825 = SURFACE_CURVE('',#826,(#830,#836),.PCURVE_S1.);
#826 = LINE('',#827,#828);
#827 = CARTESIAN_POINT('',(-2.453552637148,-28.54967782643,9.5));
#828 = VECTOR('',#829,1.);
#829 = DIRECTION('',(-0.5,-0.866025403784,0.));
#830 = PCURVE('',#44,#831);
#831 = DEFINITIONAL_REPRESENTATION('',(#832),#835);
#832 = B_SPLINE_CURVE_WITH_KNOTS('',1,(#833,#834),.UNSPECIFIED.,.F.,.F.,
  (2,2),(-14.49111974267,-9.699112508483),.PIECEWISE_BEZIER_KNOTS.);
#833 = CARTESIAN_POINT('',(32.792007234188,9.));
#834 = CARTESIAN_POINT('',(30.396003617094,4.850000000075));
#835 = ( GEOMETRIC_REPRESENTATION_CONTEXT(2) 
PARAMETRIC_REPRESENTATION_CONTEXT() REPRESENTATION_CONTEXT('2D SPACE',''
  ) );
#836 = PCURVE('',#837,#842);
#837 = PLANE('',#838);
#838 = AXIS2_PLACEMENT_3D('',#839,#840,#841);
#839 = CARTESIAN_POINT('',(2.396003617094,-20.14999999992,5.45));
#840 = DIRECTION('',(-0.866025403784,0.5,0.));
#841 = DIRECTION('',(0.5,0.866025403784,0.));
#842 = DEFINITIONAL_REPRESENTATION('',(#843),#846);
#843 = B_SPLINE_CURVE_WITH_KNOTS('',1,(#844,#845),.UNSPECIFIED.,.F.,.F.,
  (2,2),(-14.49111974267,-9.699112508483),.PIECEWISE_BEZIER_KNOTS.);
#844 = CARTESIAN_POINT('',(4.792007234188,-4.05));
#845 = CARTESIAN_POINT('',(0.,-4.05));
#846 = ( GEOMETRIC_REPRESENTATION_CONTEXT(2) 
PARAMETRIC_REPRESENTATION_CONTEXT() REPRESENTATION_CONTEXT('2D SPACE',''
  ) );
#847 = ORIENTED_EDGE('',*,*,#848,.T.);
#848 = EDGE_CURVE('',#823,#559,#849,.T.);
#849 = SURFACE_CURVE('',#850,(#854,#860),.PCURVE_S1.);
#850 = LINE('',#851,#852);
#851 = CARTESIAN_POINT('',(-15.19800180854,-20.14999999992,9.5));
#852 = VECTOR('',#853,1.);
#853 = DIRECTION('',(-1.,7.413832044022E-16,0.));
#854 = PCURVE('',#44,#855);
#855 = DEFINITIONAL_REPRESENTATION('',(#856),#859);
#856 = B_SPLINE_CURVE_WITH_KNOTS('',1,(#857,#858),.UNSPECIFIED.,.F.,.F.,
  (2,2),(-17.59400542564,-12.80199819145),.PIECEWISE_BEZIER_KNOTS.);
#857 = CARTESIAN_POINT('',(30.396003617094,4.850000000075));
#858 = CARTESIAN_POINT('',(25.603996382906,4.850000000075));
#859 = ( GEOMETRIC_REPRESENTATION_CONTEXT(2) 
PARAMETRIC_REPRESENTATION_CONTEXT() REPRESENTATION_CONTEXT('2D SPACE',''
  ) );
#860 = PCURVE('',#861,#866);
#861 = PLANE('',#862);
#862 = AXIS2_PLACEMENT_3D('',#863,#864,#865);
#863 = CARTESIAN_POINT('',(-2.396003617094,-20.14999999992,5.45));
#864 = DIRECTION('',(7.413832044022E-16,1.,-0.));
#865 = DIRECTION('',(1.,-7.413832044022E-16,0.));
#866 = DEFINITIONAL_REPRESENTATION('',(#867),#870);
#867 = B_SPLINE_CURVE_WITH_KNOTS('',1,(#868,#869),.UNSPECIFIED.,.F.,.F.,
  (2,2),(-17.59400542564,-12.80199819145),.PIECEWISE_BEZIER_KNOTS.);
#868 = CARTESIAN_POINT('',(4.792007234188,-4.05));
#869 = CARTESIAN_POINT('',(0.,-4.05));
#870 = ( GEOMETRIC_REPRESENTATION_CONTEXT(2) 
PARAMETRIC_REPRESENTATION_CONTEXT() REPRESENTATION_CONTEXT('2D SPACE',''
  ) );
#871 = ADVANCED_FACE('',(#872),#126,.F.);
#872 = FACE_BOUND('',#873,.F.);
#873 = EDGE_LOOP('',(#874,#897,#918,#919));
#874 = ORIENTED_EDGE('',*,*,#875,.F.);
#875 = EDGE_CURVE('',#876,#85,#878,.T.);
#876 = VERTEX_POINT('',#877);
#877 = CARTESIAN_POINT('',(-36.,-12.,0.));
#878 = SURFACE_CURVE('',#879,(#883,#890),.PCURVE_S1.);
#879 = LINE('',#880,#881);
#880 = CARTESIAN_POINT('',(-36.,-12.,0.));
#881 = VECTOR('',#882,1.);
#882 = DIRECTION('',(1.,0.,0.));
#883 = PCURVE('',#126,#884);
#884 = DEFINITIONAL_REPRESENTATION('',(#885),#889);
#885 = LINE('',#886,#887);
#886 = CARTESIAN_POINT('',(0.,0.));
#887 = VECTOR('',#888,1.);
#888 = DIRECTION('',(0.,1.));
#889 = ( GEOMETRIC_REPRESENTATION_CONTEXT(2) 
PARAMETRIC_REPRESENTATION_CONTEXT() REPRESENTATION_CONTEXT('2D SPACE',''
  ) );
#890 = PCURVE('',#100,#891);
#891 = DEFINITIONAL_REPRESENTATION('',(#892),#896);
#892 = LINE('',#893,#894);
#893 = CARTESIAN_POINT('',(-8.,13.));
#894 = VECTOR('',#895,1.);
#895 = DIRECTION('',(1.,0.));
#896 = ( GEOMETRIC_REPRESENTATION_CONTEXT(2) 
PARAMETRIC_REPRESENTATION_CONTEXT() REPRESENTATION_CONTEXT('2D SPACE',''
  ) );
#897 = ORIENTED_EDGE('',*,*,#898,.T.);
#898 = EDGE_CURVE('',#876,#402,#899,.T.);
#899 = SURFACE_CURVE('',#900,(#904,#911),.PCURVE_S1.);
#900 = LINE('',#901,#902);
#901 = CARTESIAN_POINT('',(-36.,-12.,0.));
#902 = VECTOR('',#903,1.);
#903 = DIRECTION('',(0.,0.,1.));
#904 = PCURVE('',#126,#905);
#905 = DEFINITIONAL_REPRESENTATION('',(#906),#910);
#906 = LINE('',#907,#908);
#907 = CARTESIAN_POINT('',(0.,0.));
#908 = VECTOR('',#909,1.);
#909 = DIRECTION('',(1.,0.));
#910 = ( GEOMETRIC_REPRESENTATION_CONTEXT(2) 
PARAMETRIC_REPRESENTATION_CONTEXT() REPRESENTATION_CONTEXT('2D SPACE',''
  ) );
#911 = PCURVE('',#417,#912);
#912 = DEFINITIONAL_REPRESENTATION('',(#913),#917);
#913 = LINE('',#914,#915);
#914 = CARTESIAN_POINT('',(0.,0.));
#915 = VECTOR('',#916,1.);
#916 = DIRECTION('',(1.,0.));
#917 = ( GEOMETRIC_REPRESENTATION_CONTEXT(2) 
PARAMETRIC_REPRESENTATION_CONTEXT() REPRESENTATION_CONTEXT('2D SPACE',''
  ) );
#918 = ORIENTED_EDGE('',*,*,#429,.T.);
#919 = ORIENTED_EDGE('',*,*,#112,.F.);
#920 = ADVANCED_FACE('',(#921,#1165,#1200,#1314,#1349,#1455,#1486,#1517,
    #1552,#1587,#1618,#1678,#1792),#100,.F.);
#921 = FACE_BOUND('',#922,.F.);
#922 = EDGE_LOOP('',(#923,#924,#948,#971,#999,#1022,#1046,#1069,#1097,
    #1120,#1143,#1164));
#923 = ORIENTED_EDGE('',*,*,#84,.F.);
#924 = ORIENTED_EDGE('',*,*,#925,.T.);
#925 = EDGE_CURVE('',#57,#926,#928,.T.);
#926 = VERTEX_POINT('',#927);
#927 = CARTESIAN_POINT('',(-24.,-25.,0.));
#928 = SURFACE_CURVE('',#929,(#934,#941),.PCURVE_S1.);
#929 = CIRCLE('',#930,4.);
#930 = AXIS2_PLACEMENT_3D('',#931,#932,#933);
#931 = CARTESIAN_POINT('',(-24.,-21.,0.));
#932 = DIRECTION('',(0.,0.,1.));
#933 = DIRECTION('',(0.,-1.,0.));
#934 = PCURVE('',#100,#935);
#935 = DEFINITIONAL_REPRESENTATION('',(#936),#940);
#936 = CIRCLE('',#937,4.);
#937 = AXIS2_PLACEMENT_2D('',#938,#939);
#938 = CARTESIAN_POINT('',(4.,4.));
#939 = DIRECTION('',(0.,-1.));
#940 = ( GEOMETRIC_REPRESENTATION_CONTEXT(2) 
PARAMETRIC_REPRESENTATION_CONTEXT() REPRESENTATION_CONTEXT('2D SPACE',''
  ) );
#941 = PCURVE('',#72,#942);
#942 = DEFINITIONAL_REPRESENTATION('',(#943),#947);
#943 = LINE('',#944,#945);
#944 = CARTESIAN_POINT('',(-4.712388980385,0.));
#945 = VECTOR('',#946,1.);
#946 = DIRECTION('',(1.,0.));
#947 = ( GEOMETRIC_REPRESENTATION_CONTEXT(2) 
PARAMETRIC_REPRESENTATION_CONTEXT() REPRESENTATION_CONTEXT('2D SPACE',''
  ) );
#948 = ORIENTED_EDGE('',*,*,#949,.T.);
#949 = EDGE_CURVE('',#926,#950,#952,.T.);
#950 = VERTEX_POINT('',#951);
#951 = CARTESIAN_POINT('',(24.,-25.,0.));
#952 = SURFACE_CURVE('',#953,(#957,#964),.PCURVE_S1.);
#953 = LINE('',#954,#955);
#954 = CARTESIAN_POINT('',(-28.,-25.,0.));
#955 = VECTOR('',#956,1.);
#956 = DIRECTION('',(1.,0.,0.));
#957 = PCURVE('',#100,#958);
#958 = DEFINITIONAL_REPRESENTATION('',(#959),#963);
#959 = LINE('',#960,#961);
#960 = CARTESIAN_POINT('',(0.,0.));
#961 = VECTOR('',#962,1.);
#962 = DIRECTION('',(1.,0.));
#963 = ( GEOMETRIC_REPRESENTATION_CONTEXT(2) 
PARAMETRIC_REPRESENTATION_CONTEXT() REPRESENTATION_CONTEXT('2D SPACE',''
  ) );
#964 = PCURVE('',#182,#965);
#965 = DEFINITIONAL_REPRESENTATION('',(#966),#970);
#966 = LINE('',#967,#968);
#967 = CARTESIAN_POINT('',(0.,0.));
#968 = VECTOR('',#969,1.);
#969 = DIRECTION('',(0.,1.));
#970 = ( GEOMETRIC_REPRESENTATION_CONTEXT(2) 
PARAMETRIC_REPRESENTATION_CONTEXT() REPRESENTATION_CONTEXT('2D SPACE',''
  ) );
#971 = ORIENTED_EDGE('',*,*,#972,.F.);
#972 = EDGE_CURVE('',#973,#950,#975,.T.);
#973 = VERTEX_POINT('',#974);
#974 = CARTESIAN_POINT('',(28.,-21.,0.));
#975 = SURFACE_CURVE('',#976,(#981,#992),.PCURVE_S1.);
#976 = CIRCLE('',#977,4.);
#977 = AXIS2_PLACEMENT_3D('',#978,#979,#980);
#978 = CARTESIAN_POINT('',(24.,-21.,0.));
#979 = DIRECTION('',(-0.,-0.,-1.));
#980 = DIRECTION('',(0.,-1.,0.));
#981 = PCURVE('',#100,#982);
#982 = DEFINITIONAL_REPRESENTATION('',(#983),#991);
#983 = ( BOUNDED_CURVE() B_SPLINE_CURVE(2,(#984,#985,#986,#987,#988,#989
,#990),.UNSPECIFIED.,.T.,.F.) B_SPLINE_CURVE_WITH_KNOTS((1,2,2,2,2,1),(
    -2.094395102393,0.,2.094395102393,4.188790204786,6.28318530718,
8.377580409573),.UNSPECIFIED.) CURVE() GEOMETRIC_REPRESENTATION_ITEM() 
RATIONAL_B_SPLINE_CURVE((1.,0.5,1.,0.5,1.,0.5,1.)) REPRESENTATION_ITEM(
  '') );
#984 = CARTESIAN_POINT('',(52.,0.));
#985 = CARTESIAN_POINT('',(45.071796769724,0.));
#986 = CARTESIAN_POINT('',(48.535898384862,6.));
#987 = CARTESIAN_POINT('',(52.,12.));
#988 = CARTESIAN_POINT('',(55.464101615138,6.));
#989 = CARTESIAN_POINT('',(58.928203230276,6.217248937901E-15));
#990 = CARTESIAN_POINT('',(52.,0.));
#991 = ( GEOMETRIC_REPRESENTATION_CONTEXT(2) 
PARAMETRIC_REPRESENTATION_CONTEXT() REPRESENTATION_CONTEXT('2D SPACE',''
  ) );
#992 = PCURVE('',#215,#993);
#993 = DEFINITIONAL_REPRESENTATION('',(#994),#998);
#994 = LINE('',#995,#996);
#995 = CARTESIAN_POINT('',(4.712388980385,-0.));
#996 = VECTOR('',#997,1.);
#997 = DIRECTION('',(-1.,0.));
#998 = ( GEOMETRIC_REPRESENTATION_CONTEXT(2) 
PARAMETRIC_REPRESENTATION_CONTEXT() REPRESENTATION_CONTEXT('2D SPACE',''
  ) );
#999 = ORIENTED_EDGE('',*,*,#1000,.T.);
#1000 = EDGE_CURVE('',#973,#1001,#1003,.T.);
#1001 = VERTEX_POINT('',#1002);
#1002 = CARTESIAN_POINT('',(28.,21.,0.));
#1003 = SURFACE_CURVE('',#1004,(#1008,#1015),.PCURVE_S1.);
#1004 = LINE('',#1005,#1006);
#1005 = CARTESIAN_POINT('',(28.,-25.,0.));
#1006 = VECTOR('',#1007,1.);
#1007 = DIRECTION('',(0.,1.,0.));
#1008 = PCURVE('',#100,#1009);
#1009 = DEFINITIONAL_REPRESENTATION('',(#1010),#1014);
#1010 = LINE('',#1011,#1012);
#1011 = CARTESIAN_POINT('',(56.,0.));
#1012 = VECTOR('',#1013,1.);
#1013 = DIRECTION('',(0.,1.));
#1014 = ( GEOMETRIC_REPRESENTATION_CONTEXT(2) 
PARAMETRIC_REPRESENTATION_CONTEXT() REPRESENTATION_CONTEXT('2D SPACE',''
  ) );
#1015 = PCURVE('',#243,#1016);
#1016 = DEFINITIONAL_REPRESENTATION('',(#1017),#1021);
#1017 = LINE('',#1018,#1019);
#1018 = CARTESIAN_POINT('',(0.,0.));
#1019 = VECTOR('',#1020,1.);
#1020 = DIRECTION('',(0.,-1.));
#1021 = ( GEOMETRIC_REPRESENTATION_CONTEXT(2) 
PARAMETRIC_REPRESENTATION_CONTEXT() REPRESENTATION_CONTEXT('2D SPACE',''
  ) );
#1022 = ORIENTED_EDGE('',*,*,#1023,.T.);
#1023 = EDGE_CURVE('',#1001,#1024,#1026,.T.);
#1024 = VERTEX_POINT('',#1025);
#1025 = CARTESIAN_POINT('',(24.,25.,0.));
#1026 = SURFACE_CURVE('',#1027,(#1032,#1039),.PCURVE_S1.);
#1027 = CIRCLE('',#1028,4.);
#1028 = AXIS2_PLACEMENT_3D('',#1029,#1030,#1031);
#1029 = CARTESIAN_POINT('',(24.,21.,0.));
#1030 = DIRECTION('',(0.,0.,1.));
#1031 = DIRECTION('',(0.,-1.,0.));
#1032 = PCURVE('',#100,#1033);
#1033 = DEFINITIONAL_REPRESENTATION('',(#1034),#1038);
#1034 = CIRCLE('',#1035,4.);
#1035 = AXIS2_PLACEMENT_2D('',#1036,#1037);
#1036 = CARTESIAN_POINT('',(52.,46.));
#1037 = DIRECTION('',(0.,-1.));
#1038 = ( GEOMETRIC_REPRESENTATION_CONTEXT(2) 
PARAMETRIC_REPRESENTATION_CONTEXT() REPRESENTATION_CONTEXT('2D SPACE',''
  ) );
#1039 = PCURVE('',#272,#1040);
#1040 = DEFINITIONAL_REPRESENTATION('',(#1041),#1045);
#1041 = LINE('',#1042,#1043);
#1042 = CARTESIAN_POINT('',(-1.570796326795,0.));
#1043 = VECTOR('',#1044,1.);
#1044 = DIRECTION('',(1.,0.));
#1045 = ( GEOMETRIC_REPRESENTATION_CONTEXT(2) 
PARAMETRIC_REPRESENTATION_CONTEXT() REPRESENTATION_CONTEXT('2D SPACE',''
  ) );
#1046 = ORIENTED_EDGE('',*,*,#1047,.F.);
#1047 = EDGE_CURVE('',#1048,#1024,#1050,.T.);
#1048 = VERTEX_POINT('',#1049);
#1049 = CARTESIAN_POINT('',(-24.,25.,0.));
#1050 = SURFACE_CURVE('',#1051,(#1055,#1062),.PCURVE_S1.);
#1051 = LINE('',#1052,#1053);
#1052 = CARTESIAN_POINT('',(-28.,25.,0.));
#1053 = VECTOR('',#1054,1.);
#1054 = DIRECTION('',(1.,0.,0.));
#1055 = PCURVE('',#100,#1056);
#1056 = DEFINITIONAL_REPRESENTATION('',(#1057),#1061);
#1057 = LINE('',#1058,#1059);
#1058 = CARTESIAN_POINT('',(0.,50.));
#1059 = VECTOR('',#1060,1.);
#1060 = DIRECTION('',(1.,0.));
#1061 = ( GEOMETRIC_REPRESENTATION_CONTEXT(2) 
PARAMETRIC_REPRESENTATION_CONTEXT() REPRESENTATION_CONTEXT('2D SPACE',''
  ) );
#1062 = PCURVE('',#300,#1063);
#1063 = DEFINITIONAL_REPRESENTATION('',(#1064),#1068);
#1064 = LINE('',#1065,#1066);
#1065 = CARTESIAN_POINT('',(0.,0.));
#1066 = VECTOR('',#1067,1.);
#1067 = DIRECTION('',(0.,1.));
#1068 = ( GEOMETRIC_REPRESENTATION_CONTEXT(2) 
PARAMETRIC_REPRESENTATION_CONTEXT() REPRESENTATION_CONTEXT('2D SPACE',''
  ) );
#1069 = ORIENTED_EDGE('',*,*,#1070,.F.);
#1070 = EDGE_CURVE('',#1071,#1048,#1073,.T.);
#1071 = VERTEX_POINT('',#1072);
#1072 = CARTESIAN_POINT('',(-28.,21.,0.));
#1073 = SURFACE_CURVE('',#1074,(#1079,#1090),.PCURVE_S1.);
#1074 = CIRCLE('',#1075,4.);
#1075 = AXIS2_PLACEMENT_3D('',#1076,#1077,#1078);
#1076 = CARTESIAN_POINT('',(-24.,21.,0.));
#1077 = DIRECTION('',(-0.,-0.,-1.));
#1078 = DIRECTION('',(0.,-1.,0.));
#1079 = PCURVE('',#100,#1080);
#1080 = DEFINITIONAL_REPRESENTATION('',(#1081),#1089);
#1081 = ( BOUNDED_CURVE() B_SPLINE_CURVE(2,(#1082,#1083,#1084,#1085,
#1086,#1087,#1088),.UNSPECIFIED.,.T.,.F.) B_SPLINE_CURVE_WITH_KNOTS((1,2
    ,2,2,2,1),(-2.094395102393,0.,2.094395102393,4.188790204786,
6.28318530718,8.377580409573),.UNSPECIFIED.) CURVE() 
GEOMETRIC_REPRESENTATION_ITEM() RATIONAL_B_SPLINE_CURVE((1.,0.5,1.,0.5,
1.,0.5,1.)) REPRESENTATION_ITEM('') );
#1082 = CARTESIAN_POINT('',(4.,42.));
#1083 = CARTESIAN_POINT('',(-2.928203230276,42.));
#1084 = CARTESIAN_POINT('',(0.535898384862,48.));
#1085 = CARTESIAN_POINT('',(4.,54.));
#1086 = CARTESIAN_POINT('',(7.464101615138,48.));
#1087 = CARTESIAN_POINT('',(10.928203230276,42.));
#1088 = CARTESIAN_POINT('',(4.,42.));
#1089 = ( GEOMETRIC_REPRESENTATION_CONTEXT(2) 
PARAMETRIC_REPRESENTATION_CONTEXT() REPRESENTATION_CONTEXT('2D SPACE',''
  ) );
#1090 = PCURVE('',#333,#1091);
#1091 = DEFINITIONAL_REPRESENTATION('',(#1092),#1096);
#1092 = LINE('',#1093,#1094);
#1093 = CARTESIAN_POINT('',(1.570796326795,-0.));
#1094 = VECTOR('',#1095,1.);
#1095 = DIRECTION('',(-1.,0.));
#1096 = ( GEOMETRIC_REPRESENTATION_CONTEXT(2) 
PARAMETRIC_REPRESENTATION_CONTEXT() REPRESENTATION_CONTEXT('2D SPACE',''
  ) );
#1097 = ORIENTED_EDGE('',*,*,#1098,.F.);
#1098 = EDGE_CURVE('',#1099,#1071,#1101,.T.);
#1099 = VERTEX_POINT('',#1100);
#1100 = CARTESIAN_POINT('',(-28.,12.,0.));
#1101 = SURFACE_CURVE('',#1102,(#1106,#1113),.PCURVE_S1.);
#1102 = LINE('',#1103,#1104);
#1103 = CARTESIAN_POINT('',(-28.,-25.,0.));
#1104 = VECTOR('',#1105,1.);
#1105 = DIRECTION('',(0.,1.,0.));
#1106 = PCURVE('',#100,#1107);
#1107 = DEFINITIONAL_REPRESENTATION('',(#1108),#1112);
#1108 = LINE('',#1109,#1110);
#1109 = CARTESIAN_POINT('',(0.,0.));
#1110 = VECTOR('',#1111,1.);
#1111 = DIRECTION('',(0.,1.));
#1112 = ( GEOMETRIC_REPRESENTATION_CONTEXT(2) 
PARAMETRIC_REPRESENTATION_CONTEXT() REPRESENTATION_CONTEXT('2D SPACE',''
  ) );
#1113 = PCURVE('',#361,#1114);
#1114 = DEFINITIONAL_REPRESENTATION('',(#1115),#1119);
#1115 = LINE('',#1116,#1117);
#1116 = CARTESIAN_POINT('',(0.,0.));
#1117 = VECTOR('',#1118,1.);
#1118 = DIRECTION('',(0.,-1.));
#1119 = ( GEOMETRIC_REPRESENTATION_CONTEXT(2) 
PARAMETRIC_REPRESENTATION_CONTEXT() REPRESENTATION_CONTEXT('2D SPACE',''
  ) );
#1120 = ORIENTED_EDGE('',*,*,#1121,.F.);
#1121 = EDGE_CURVE('',#1122,#1099,#1124,.T.);
#1122 = VERTEX_POINT('',#1123);
#1123 = CARTESIAN_POINT('',(-36.,12.,0.));
#1124 = SURFACE_CURVE('',#1125,(#1129,#1136),.PCURVE_S1.);
#1125 = LINE('',#1126,#1127);
#1126 = CARTESIAN_POINT('',(-36.,12.,0.));
#1127 = VECTOR('',#1128,1.);
#1128 = DIRECTION('',(1.,0.,0.));
#1129 = PCURVE('',#100,#1130);
#1130 = DEFINITIONAL_REPRESENTATION('',(#1131),#1135);
#1131 = LINE('',#1132,#1133);
#1132 = CARTESIAN_POINT('',(-8.,37.));
#1133 = VECTOR('',#1134,1.);
#1134 = DIRECTION('',(1.,0.));
#1135 = ( GEOMETRIC_REPRESENTATION_CONTEXT(2) 
PARAMETRIC_REPRESENTATION_CONTEXT() REPRESENTATION_CONTEXT('2D SPACE',''
  ) );
#1136 = PCURVE('',#389,#1137);
#1137 = DEFINITIONAL_REPRESENTATION('',(#1138),#1142);
#1138 = LINE('',#1139,#1140);
#1139 = CARTESIAN_POINT('',(0.,0.));
#1140 = VECTOR('',#1141,1.);
#1141 = DIRECTION('',(0.,1.));
#1142 = ( GEOMETRIC_REPRESENTATION_CONTEXT(2) 
PARAMETRIC_REPRESENTATION_CONTEXT() REPRESENTATION_CONTEXT('2D SPACE',''
  ) );
#1143 = ORIENTED_EDGE('',*,*,#1144,.F.);
#1144 = EDGE_CURVE('',#876,#1122,#1145,.T.);
#1145 = SURFACE_CURVE('',#1146,(#1150,#1157),.PCURVE_S1.);
#1146 = LINE('',#1147,#1148);
#1147 = CARTESIAN_POINT('',(-36.,-12.,0.));
#1148 = VECTOR('',#1149,1.);
#1149 = DIRECTION('',(0.,1.,0.));
#1150 = PCURVE('',#100,#1151);
#1151 = DEFINITIONAL_REPRESENTATION('',(#1152),#1156);
#1152 = LINE('',#1153,#1154);
#1153 = CARTESIAN_POINT('',(-8.,13.));
#1154 = VECTOR('',#1155,1.);
#1155 = DIRECTION('',(0.,1.));
#1156 = ( GEOMETRIC_REPRESENTATION_CONTEXT(2) 
PARAMETRIC_REPRESENTATION_CONTEXT() REPRESENTATION_CONTEXT('2D SPACE',''
  ) );
#1157 = PCURVE('',#417,#1158);
#1158 = DEFINITIONAL_REPRESENTATION('',(#1159),#1163);
#1159 = LINE('',#1160,#1161);
#1160 = CARTESIAN_POINT('',(0.,0.));
#1161 = VECTOR('',#1162,1.);
#1162 = DIRECTION('',(0.,-1.));
#1163 = ( GEOMETRIC_REPRESENTATION_CONTEXT(2) 
PARAMETRIC_REPRESENTATION_CONTEXT() REPRESENTATION_CONTEXT('2D SPACE',''
  ) );
#1164 = ORIENTED_EDGE('',*,*,#875,.T.);
#1165 = FACE_BOUND('',#1166,.F.);
#1166 = EDGE_LOOP('',(#1167));
#1167 = ORIENTED_EDGE('',*,*,#1168,.T.);
#1168 = EDGE_CURVE('',#1169,#1169,#1171,.T.);
#1169 = VERTEX_POINT('',#1170);
#1170 = CARTESIAN_POINT('',(-22.65,-17.,0.));
#1171 = SURFACE_CURVE('',#1172,(#1177,#1188),.PCURVE_S1.);
#1172 = CIRCLE('',#1173,1.65);
#1173 = AXIS2_PLACEMENT_3D('',#1174,#1175,#1176);
#1174 = CARTESIAN_POINT('',(-21.,-17.,0.));
#1175 = DIRECTION('',(0.,0.,-1.));
#1176 = DIRECTION('',(-1.,0.,0.));
#1177 = PCURVE('',#100,#1178);
#1178 = DEFINITIONAL_REPRESENTATION('',(#1179),#1187);
#1179 = ( BOUNDED_CURVE() B_SPLINE_CURVE(2,(#1180,#1181,#1182,#1183,
#1184,#1185,#1186),.UNSPECIFIED.,.T.,.F.) B_SPLINE_CURVE_WITH_KNOTS((1,2
    ,2,2,2,1),(-2.094395102393,0.,2.094395102393,4.188790204786,
6.28318530718,8.377580409573),.UNSPECIFIED.) CURVE() 
GEOMETRIC_REPRESENTATION_ITEM() RATIONAL_B_SPLINE_CURVE((1.,0.5,1.,0.5,
1.,0.5,1.)) REPRESENTATION_ITEM('') );
#1180 = CARTESIAN_POINT('',(5.35,8.));
#1181 = CARTESIAN_POINT('',(5.35,10.857883832489));
#1182 = CARTESIAN_POINT('',(7.825,9.428941916244));
#1183 = CARTESIAN_POINT('',(10.3,8.));
#1184 = CARTESIAN_POINT('',(7.825,6.571058083756));
#1185 = CARTESIAN_POINT('',(5.35,5.142116167511));
#1186 = CARTESIAN_POINT('',(5.35,8.));
#1187 = ( GEOMETRIC_REPRESENTATION_CONTEXT(2) 
PARAMETRIC_REPRESENTATION_CONTEXT() REPRESENTATION_CONTEXT('2D SPACE',''
  ) );
#1188 = PCURVE('',#1189,#1194);
#1189 = CYLINDRICAL_SURFACE('',#1190,1.65);
#1190 = AXIS2_PLACEMENT_3D('',#1191,#1192,#1193);
#1191 = CARTESIAN_POINT('',(-21.,-17.,9.5));
#1192 = DIRECTION('',(0.,0.,-1.));
#1193 = DIRECTION('',(-1.,0.,0.));
#1194 = DEFINITIONAL_REPRESENTATION('',(#1195),#1199);
#1195 = LINE('',#1196,#1197);
#1196 = CARTESIAN_POINT('',(0.,9.5));
#1197 = VECTOR('',#1198,1.);
#1198 = DIRECTION('',(1.,0.));
#1199 = ( GEOMETRIC_REPRESENTATION_CONTEXT(2) 
PARAMETRIC_REPRESENTATION_CONTEXT() REPRESENTATION_CONTEXT('2D SPACE',''
  ) );
#1200 = FACE_BOUND('',#1201,.F.);
#1201 = EDGE_LOOP('',(#1202,#1232,#1260,#1288));
#1202 = ORIENTED_EDGE('',*,*,#1203,.T.);
#1203 = EDGE_CURVE('',#1204,#1206,#1208,.T.);
#1204 = VERTEX_POINT('',#1205);
#1205 = CARTESIAN_POINT('',(-6.125,-22.125,0.));
#1206 = VERTEX_POINT('',#1207);
#1207 = CARTESIAN_POINT('',(-6.125,-9.875,0.));
#1208 = SURFACE_CURVE('',#1209,(#1213,#1220),.PCURVE_S1.);
#1209 = LINE('',#1210,#1211);
#1210 = CARTESIAN_POINT('',(-6.125,-22.125,0.));
#1211 = VECTOR('',#1212,1.);
#1212 = DIRECTION('',(0.,1.,0.));
#1213 = PCURVE('',#100,#1214);
#1214 = DEFINITIONAL_REPRESENTATION('',(#1215),#1219);
#1215 = LINE('',#1216,#1217);
#1216 = CARTESIAN_POINT('',(21.875,2.875));
#1217 = VECTOR('',#1218,1.);
#1218 = DIRECTION('',(0.,1.));
#1219 = ( GEOMETRIC_REPRESENTATION_CONTEXT(2) 
PARAMETRIC_REPRESENTATION_CONTEXT() REPRESENTATION_CONTEXT('2D SPACE',''
  ) );
#1220 = PCURVE('',#1221,#1226);
#1221 = PLANE('',#1222);
#1222 = AXIS2_PLACEMENT_3D('',#1223,#1224,#1225);
#1223 = CARTESIAN_POINT('',(-6.125,-22.125,0.));
#1224 = DIRECTION('',(1.,0.,0.));
#1225 = DIRECTION('',(0.,0.,1.));
#1226 = DEFINITIONAL_REPRESENTATION('',(#1227),#1231);
#1227 = LINE('',#1228,#1229);
#1228 = CARTESIAN_POINT('',(0.,0.));
#1229 = VECTOR('',#1230,1.);
#1230 = DIRECTION('',(0.,-1.));
#1231 = ( GEOMETRIC_REPRESENTATION_CONTEXT(2) 
PARAMETRIC_REPRESENTATION_CONTEXT() REPRESENTATION_CONTEXT('2D SPACE',''
  ) );
#1232 = ORIENTED_EDGE('',*,*,#1233,.T.);
#1233 = EDGE_CURVE('',#1206,#1234,#1236,.T.);
#1234 = VERTEX_POINT('',#1235);
#1235 = CARTESIAN_POINT('',(6.125,-9.875,0.));
#1236 = SURFACE_CURVE('',#1237,(#1241,#1248),.PCURVE_S1.);
#1237 = LINE('',#1238,#1239);
#1238 = CARTESIAN_POINT('',(-6.125,-9.875,0.));
#1239 = VECTOR('',#1240,1.);
#1240 = DIRECTION('',(1.,0.,0.));
#1241 = PCURVE('',#100,#1242);
#1242 = DEFINITIONAL_REPRESENTATION('',(#1243),#1247);
#1243 = LINE('',#1244,#1245);
#1244 = CARTESIAN_POINT('',(21.875,15.125));
#1245 = VECTOR('',#1246,1.);
#1246 = DIRECTION('',(1.,0.));
#1247 = ( GEOMETRIC_REPRESENTATION_CONTEXT(2) 
PARAMETRIC_REPRESENTATION_CONTEXT() REPRESENTATION_CONTEXT('2D SPACE',''
  ) );
#1248 = PCURVE('',#1249,#1254);
#1249 = PLANE('',#1250);
#1250 = AXIS2_PLACEMENT_3D('',#1251,#1252,#1253);
#1251 = CARTESIAN_POINT('',(-6.125,-9.875,0.));
#1252 = DIRECTION('',(0.,1.,0.));
#1253 = DIRECTION('',(0.,0.,1.));
#1254 = DEFINITIONAL_REPRESENTATION('',(#1255),#1259);
#1255 = LINE('',#1256,#1257);
#1256 = CARTESIAN_POINT('',(0.,0.));
#1257 = VECTOR('',#1258,1.);
#1258 = DIRECTION('',(0.,1.));
#1259 = ( GEOMETRIC_REPRESENTATION_CONTEXT(2) 
PARAMETRIC_REPRESENTATION_CONTEXT() REPRESENTATION_CONTEXT('2D SPACE',''
  ) );
#1260 = ORIENTED_EDGE('',*,*,#1261,.F.);
#1261 = EDGE_CURVE('',#1262,#1234,#1264,.T.);
#1262 = VERTEX_POINT('',#1263);
#1263 = CARTESIAN_POINT('',(6.125,-22.125,0.));
#1264 = SURFACE_CURVE('',#1265,(#1269,#1276),.PCURVE_S1.);
#1265 = LINE('',#1266,#1267);
#1266 = CARTESIAN_POINT('',(6.125,-22.125,0.));
#1267 = VECTOR('',#1268,1.);
#1268 = DIRECTION('',(0.,1.,0.));
#1269 = PCURVE('',#100,#1270);
#1270 = DEFINITIONAL_REPRESENTATION('',(#1271),#1275);
#1271 = LINE('',#1272,#1273);
#1272 = CARTESIAN_POINT('',(34.125,2.875));
#1273 = VECTOR('',#1274,1.);
#1274 = DIRECTION('',(0.,1.));
#1275 = ( GEOMETRIC_REPRESENTATION_CONTEXT(2) 
PARAMETRIC_REPRESENTATION_CONTEXT() REPRESENTATION_CONTEXT('2D SPACE',''
  ) );
#1276 = PCURVE('',#1277,#1282);
#1277 = PLANE('',#1278);
#1278 = AXIS2_PLACEMENT_3D('',#1279,#1280,#1281);
#1279 = CARTESIAN_POINT('',(6.125,-22.125,0.));
#1280 = DIRECTION('',(1.,0.,0.));
#1281 = DIRECTION('',(0.,0.,1.));
#1282 = DEFINITIONAL_REPRESENTATION('',(#1283),#1287);
#1283 = LINE('',#1284,#1285);
#1284 = CARTESIAN_POINT('',(0.,0.));
#1285 = VECTOR('',#1286,1.);
#1286 = DIRECTION('',(0.,-1.));
#1287 = ( GEOMETRIC_REPRESENTATION_CONTEXT(2) 
PARAMETRIC_REPRESENTATION_CONTEXT() REPRESENTATION_CONTEXT('2D SPACE',''
  ) );
#1288 = ORIENTED_EDGE('',*,*,#1289,.F.);
#1289 = EDGE_CURVE('',#1204,#1262,#1290,.T.);
#1290 = SURFACE_CURVE('',#1291,(#1295,#1302),.PCURVE_S1.);
#1291 = LINE('',#1292,#1293);
#1292 = CARTESIAN_POINT('',(-6.125,-22.125,0.));
#1293 = VECTOR('',#1294,1.);
#1294 = DIRECTION('',(1.,0.,0.));
#1295 = PCURVE('',#100,#1296);
#1296 = DEFINITIONAL_REPRESENTATION('',(#1297),#1301);
#1297 = LINE('',#1298,#1299);
#1298 = CARTESIAN_POINT('',(21.875,2.875));
#1299 = VECTOR('',#1300,1.);
#1300 = DIRECTION('',(1.,0.));
#1301 = ( GEOMETRIC_REPRESENTATION_CONTEXT(2) 
PARAMETRIC_REPRESENTATION_CONTEXT() REPRESENTATION_CONTEXT('2D SPACE',''
  ) );
#1302 = PCURVE('',#1303,#1308);
#1303 = PLANE('',#1304);
#1304 = AXIS2_PLACEMENT_3D('',#1305,#1306,#1307);
#1305 = CARTESIAN_POINT('',(-6.125,-22.125,0.));
#1306 = DIRECTION('',(0.,1.,0.));
#1307 = DIRECTION('',(0.,0.,1.));
#1308 = DEFINITIONAL_REPRESENTATION('',(#1309),#1313);
#1309 = LINE('',#1310,#1311);
#1310 = CARTESIAN_POINT('',(0.,0.));
#1311 = VECTOR('',#1312,1.);
#1312 = DIRECTION('',(0.,1.));
#1313 = ( GEOMETRIC_REPRESENTATION_CONTEXT(2) 
PARAMETRIC_REPRESENTATION_CONTEXT() REPRESENTATION_CONTEXT('2D SPACE',''
  ) );
#1314 = FACE_BOUND('',#1315,.F.);
#1315 = EDGE_LOOP('',(#1316));
#1316 = ORIENTED_EDGE('',*,*,#1317,.T.);
#1317 = EDGE_CURVE('',#1318,#1318,#1320,.T.);
#1318 = VERTEX_POINT('',#1319);
#1319 = CARTESIAN_POINT('',(19.35,-17.,0.));
#1320 = SURFACE_CURVE('',#1321,(#1326,#1337),.PCURVE_S1.);
#1321 = CIRCLE('',#1322,1.65);
#1322 = AXIS2_PLACEMENT_3D('',#1323,#1324,#1325);
#1323 = CARTESIAN_POINT('',(21.,-17.,0.));
#1324 = DIRECTION('',(0.,0.,-1.));
#1325 = DIRECTION('',(-1.,0.,0.));
#1326 = PCURVE('',#100,#1327);
#1327 = DEFINITIONAL_REPRESENTATION('',(#1328),#1336);
#1328 = ( BOUNDED_CURVE() B_SPLINE_CURVE(2,(#1329,#1330,#1331,#1332,
#1333,#1334,#1335),.UNSPECIFIED.,.T.,.F.) B_SPLINE_CURVE_WITH_KNOTS((1,2
    ,2,2,2,1),(-2.094395102393,0.,2.094395102393,4.188790204786,
6.28318530718,8.377580409573),.UNSPECIFIED.) CURVE() 
GEOMETRIC_REPRESENTATION_ITEM() RATIONAL_B_SPLINE_CURVE((1.,0.5,1.,0.5,
1.,0.5,1.)) REPRESENTATION_ITEM('') );
#1329 = CARTESIAN_POINT('',(47.35,8.));
#1330 = CARTESIAN_POINT('',(47.35,10.857883832489));
#1331 = CARTESIAN_POINT('',(49.825,9.428941916244));
#1332 = CARTESIAN_POINT('',(52.3,8.));
#1333 = CARTESIAN_POINT('',(49.825,6.571058083756));
#1334 = CARTESIAN_POINT('',(47.35,5.142116167511));
#1335 = CARTESIAN_POINT('',(47.35,8.));
#1336 = ( GEOMETRIC_REPRESENTATION_CONTEXT(2) 
PARAMETRIC_REPRESENTATION_CONTEXT() REPRESENTATION_CONTEXT('2D SPACE',''
  ) );
#1337 = PCURVE('',#1338,#1343);
#1338 = CYLINDRICAL_SURFACE('',#1339,1.65);
#1339 = AXIS2_PLACEMENT_3D('',#1340,#1341,#1342);
#1340 = CARTESIAN_POINT('',(21.,-17.,9.5));
#1341 = DIRECTION('',(0.,0.,-1.));
#1342 = DIRECTION('',(-1.,0.,0.));
#1343 = DEFINITIONAL_REPRESENTATION('',(#1344),#1348);
#1344 = LINE('',#1345,#1346);
#1345 = CARTESIAN_POINT('',(0.,9.5));
#1346 = VECTOR('',#1347,1.);
#1347 = DIRECTION('',(1.,0.));
#1348 = ( GEOMETRIC_REPRESENTATION_CONTEXT(2) 
PARAMETRIC_REPRESENTATION_CONTEXT() REPRESENTATION_CONTEXT('2D SPACE',''
  ) );
#1349 = FACE_BOUND('',#1350,.F.);
#1350 = EDGE_LOOP('',(#1351,#1379,#1405,#1431));
#1351 = ORIENTED_EDGE('',*,*,#1352,.T.);
#1352 = EDGE_CURVE('',#1353,#1355,#1357,.T.);
#1353 = VERTEX_POINT('',#1354);
#1354 = CARTESIAN_POINT('',(-24.875,-11.125,0.));
#1355 = VERTEX_POINT('',#1356);
#1356 = CARTESIAN_POINT('',(-35.125,-11.125,0.));
#1357 = SURFACE_CURVE('',#1358,(#1362,#1368),.PCURVE_S1.);
#1358 = LINE('',#1359,#1360);
#1359 = CARTESIAN_POINT('',(-31.5625,-11.125,0.));
#1360 = VECTOR('',#1361,1.);
#1361 = DIRECTION('',(-1.,0.,0.));
#1362 = PCURVE('',#100,#1363);
#1363 = DEFINITIONAL_REPRESENTATION('',(#1364),#1367);
#1364 = B_SPLINE_CURVE_WITH_KNOTS('',1,(#1365,#1366),.UNSPECIFIED.,.F.,
  .F.,(2,2),(-6.6875,3.5625),.PIECEWISE_BEZIER_KNOTS.);
#1365 = CARTESIAN_POINT('',(3.125,13.875));
#1366 = CARTESIAN_POINT('',(-7.125,13.875));
#1367 = ( GEOMETRIC_REPRESENTATION_CONTEXT(2) 
PARAMETRIC_REPRESENTATION_CONTEXT() REPRESENTATION_CONTEXT('2D SPACE',''
  ) );
#1368 = PCURVE('',#1369,#1374);
#1369 = PLANE('',#1370);
#1370 = AXIS2_PLACEMENT_3D('',#1371,#1372,#1373);
#1371 = CARTESIAN_POINT('',(-35.125,-11.125,-5.E-02));
#1372 = DIRECTION('',(0.,1.,0.));
#1373 = DIRECTION('',(0.,0.,1.));
#1374 = DEFINITIONAL_REPRESENTATION('',(#1375),#1378);
#1375 = B_SPLINE_CURVE_WITH_KNOTS('',1,(#1376,#1377),.UNSPECIFIED.,.F.,
  .F.,(2,2),(-6.6875,3.5625),.PIECEWISE_BEZIER_KNOTS.);
#1376 = CARTESIAN_POINT('',(5.E-02,10.25));
#1377 = CARTESIAN_POINT('',(5.E-02,0.));
#1378 = ( GEOMETRIC_REPRESENTATION_CONTEXT(2) 
PARAMETRIC_REPRESENTATION_CONTEXT() REPRESENTATION_CONTEXT('2D SPACE',''
  ) );
#1379 = ORIENTED_EDGE('',*,*,#1380,.T.);
#1380 = EDGE_CURVE('',#1355,#1381,#1383,.T.);
#1381 = VERTEX_POINT('',#1382);
#1382 = CARTESIAN_POINT('',(-35.125,11.125,0.));
#1383 = SURFACE_CURVE('',#1384,(#1388,#1394),.PCURVE_S1.);
#1384 = LINE('',#1385,#1386);
#1385 = CARTESIAN_POINT('',(-35.125,-18.0625,0.));
#1386 = VECTOR('',#1387,1.);
#1387 = DIRECTION('',(0.,1.,0.));
#1388 = PCURVE('',#100,#1389);
#1389 = DEFINITIONAL_REPRESENTATION('',(#1390),#1393);
#1390 = B_SPLINE_CURVE_WITH_KNOTS('',1,(#1391,#1392),.UNSPECIFIED.,.F.,
  .F.,(2,2),(6.9375,29.1875),.PIECEWISE_BEZIER_KNOTS.);
#1391 = CARTESIAN_POINT('',(-7.125,13.875));
#1392 = CARTESIAN_POINT('',(-7.125,36.125));
#1393 = ( GEOMETRIC_REPRESENTATION_CONTEXT(2) 
PARAMETRIC_REPRESENTATION_CONTEXT() REPRESENTATION_CONTEXT('2D SPACE',''
  ) );
#1394 = PCURVE('',#1395,#1400);
#1395 = PLANE('',#1396);
#1396 = AXIS2_PLACEMENT_3D('',#1397,#1398,#1399);
#1397 = CARTESIAN_POINT('',(-35.125,-11.125,-5.E-02));
#1398 = DIRECTION('',(1.,0.,0.));
#1399 = DIRECTION('',(0.,0.,1.));
#1400 = DEFINITIONAL_REPRESENTATION('',(#1401),#1404);
#1401 = B_SPLINE_CURVE_WITH_KNOTS('',1,(#1402,#1403),.UNSPECIFIED.,.F.,
  .F.,(2,2),(6.9375,29.1875),.PIECEWISE_BEZIER_KNOTS.);
#1402 = CARTESIAN_POINT('',(5.E-02,0.));
#1403 = CARTESIAN_POINT('',(5.E-02,-22.25));
#1404 = ( GEOMETRIC_REPRESENTATION_CONTEXT(2) 
PARAMETRIC_REPRESENTATION_CONTEXT() REPRESENTATION_CONTEXT('2D SPACE',''
  ) );
#1405 = ORIENTED_EDGE('',*,*,#1406,.F.);
#1406 = EDGE_CURVE('',#1407,#1381,#1409,.T.);
#1407 = VERTEX_POINT('',#1408);
#1408 = CARTESIAN_POINT('',(-24.875,11.125,0.));
#1409 = SURFACE_CURVE('',#1410,(#1414,#1420),.PCURVE_S1.);
#1410 = LINE('',#1411,#1412);
#1411 = CARTESIAN_POINT('',(-31.5625,11.125,0.));
#1412 = VECTOR('',#1413,1.);
#1413 = DIRECTION('',(-1.,0.,0.));
#1414 = PCURVE('',#100,#1415);
#1415 = DEFINITIONAL_REPRESENTATION('',(#1416),#1419);
#1416 = B_SPLINE_CURVE_WITH_KNOTS('',1,(#1417,#1418),.UNSPECIFIED.,.F.,
  .F.,(2,2),(-6.6875,3.5625),.PIECEWISE_BEZIER_KNOTS.);
#1417 = CARTESIAN_POINT('',(3.125,36.125));
#1418 = CARTESIAN_POINT('',(-7.125,36.125));
#1419 = ( GEOMETRIC_REPRESENTATION_CONTEXT(2) 
PARAMETRIC_REPRESENTATION_CONTEXT() REPRESENTATION_CONTEXT('2D SPACE',''
  ) );
#1420 = PCURVE('',#1421,#1426);
#1421 = PLANE('',#1422);
#1422 = AXIS2_PLACEMENT_3D('',#1423,#1424,#1425);
#1423 = CARTESIAN_POINT('',(-35.125,11.125,-5.E-02));
#1424 = DIRECTION('',(0.,1.,0.));
#1425 = DIRECTION('',(0.,0.,1.));
#1426 = DEFINITIONAL_REPRESENTATION('',(#1427),#1430);
#1427 = B_SPLINE_CURVE_WITH_KNOTS('',1,(#1428,#1429),.UNSPECIFIED.,.F.,
  .F.,(2,2),(-6.6875,3.5625),.PIECEWISE_BEZIER_KNOTS.);
#1428 = CARTESIAN_POINT('',(5.E-02,10.25));
#1429 = CARTESIAN_POINT('',(5.E-02,0.));
#1430 = ( GEOMETRIC_REPRESENTATION_CONTEXT(2) 
PARAMETRIC_REPRESENTATION_CONTEXT() REPRESENTATION_CONTEXT('2D SPACE',''
  ) );
#1431 = ORIENTED_EDGE('',*,*,#1432,.F.);
#1432 = EDGE_CURVE('',#1353,#1407,#1433,.T.);
#1433 = SURFACE_CURVE('',#1434,(#1438,#1444),.PCURVE_S1.);
#1434 = LINE('',#1435,#1436);
#1435 = CARTESIAN_POINT('',(-24.875,-18.0625,0.));
#1436 = VECTOR('',#1437,1.);
#1437 = DIRECTION('',(0.,1.,0.));
#1438 = PCURVE('',#100,#1439);
#1439 = DEFINITIONAL_REPRESENTATION('',(#1440),#1443);
#1440 = B_SPLINE_CURVE_WITH_KNOTS('',1,(#1441,#1442),.UNSPECIFIED.,.F.,
  .F.,(2,2),(6.9375,29.1875),.PIECEWISE_BEZIER_KNOTS.);
#1441 = CARTESIAN_POINT('',(3.125,13.875));
#1442 = CARTESIAN_POINT('',(3.125,36.125));
#1443 = ( GEOMETRIC_REPRESENTATION_CONTEXT(2) 
PARAMETRIC_REPRESENTATION_CONTEXT() REPRESENTATION_CONTEXT('2D SPACE',''
  ) );
#1444 = PCURVE('',#1445,#1450);
#1445 = PLANE('',#1446);
#1446 = AXIS2_PLACEMENT_3D('',#1447,#1448,#1449);
#1447 = CARTESIAN_POINT('',(-24.875,-11.125,-5.E-02));
#1448 = DIRECTION('',(1.,0.,0.));
#1449 = DIRECTION('',(0.,0.,1.));
#1450 = DEFINITIONAL_REPRESENTATION('',(#1451),#1454);
#1451 = B_SPLINE_CURVE_WITH_KNOTS('',1,(#1452,#1453),.UNSPECIFIED.,.F.,
  .F.,(2,2),(6.9375,29.1875),.PIECEWISE_BEZIER_KNOTS.);
#1452 = CARTESIAN_POINT('',(5.E-02,0.));
#1453 = CARTESIAN_POINT('',(5.E-02,-22.25));
#1454 = ( GEOMETRIC_REPRESENTATION_CONTEXT(2) 
PARAMETRIC_REPRESENTATION_CONTEXT() REPRESENTATION_CONTEXT('2D SPACE',''
  ) );
#1455 = FACE_BOUND('',#1456,.F.);
#1456 = EDGE_LOOP('',(#1457));
#1457 = ORIENTED_EDGE('',*,*,#1458,.F.);
#1458 = EDGE_CURVE('',#1459,#1459,#1461,.T.);
#1459 = VERTEX_POINT('',#1460);
#1460 = CARTESIAN_POINT('',(-17.00779220779,-7.328795390222E-16,0.));
#1461 = SURFACE_CURVE('',#1462,(#1467,#1474),.PCURVE_S1.);
#1462 = CIRCLE('',#1463,2.992207792208);
#1463 = AXIS2_PLACEMENT_3D('',#1464,#1465,#1466);
#1464 = CARTESIAN_POINT('',(-20.,0.,0.));
#1465 = DIRECTION('',(0.,0.,1.));
#1466 = DIRECTION('',(1.,0.,-0.));
#1467 = PCURVE('',#100,#1468);
#1468 = DEFINITIONAL_REPRESENTATION('',(#1469),#1473);
#1469 = CIRCLE('',#1470,2.992207792208);
#1470 = AXIS2_PLACEMENT_2D('',#1471,#1472);
#1471 = CARTESIAN_POINT('',(8.,25.));
#1472 = DIRECTION('',(1.,0.));
#1473 = ( GEOMETRIC_REPRESENTATION_CONTEXT(2) 
PARAMETRIC_REPRESENTATION_CONTEXT() REPRESENTATION_CONTEXT('2D SPACE',''
  ) );
#1474 = PCURVE('',#1475,#1480);
#1475 = CONICAL_SURFACE('',#1476,3.,0.154600545431);
#1476 = AXIS2_PLACEMENT_3D('',#1477,#1478,#1479);
#1477 = CARTESIAN_POINT('',(-20.,0.,-5.E-02));
#1478 = DIRECTION('',(-0.,-0.,-1.));
#1479 = DIRECTION('',(1.,0.,-0.));
#1480 = DEFINITIONAL_REPRESENTATION('',(#1481),#1485);
#1481 = LINE('',#1482,#1483);
#1482 = CARTESIAN_POINT('',(-0.,-5.E-02));
#1483 = VECTOR('',#1484,1.);
#1484 = DIRECTION('',(-1.,-0.));
#1485 = ( GEOMETRIC_REPRESENTATION_CONTEXT(2) 
PARAMETRIC_REPRESENTATION_CONTEXT() REPRESENTATION_CONTEXT('2D SPACE',''
  ) );
#1486 = FACE_BOUND('',#1487,.F.);
#1487 = EDGE_LOOP('',(#1488));
#1488 = ORIENTED_EDGE('',*,*,#1489,.F.);
#1489 = EDGE_CURVE('',#1490,#1490,#1492,.T.);
#1490 = VERTEX_POINT('',#1491);
#1491 = CARTESIAN_POINT('',(-10.4,-3.918869757272E-16,0.));
#1492 = SURFACE_CURVE('',#1493,(#1498,#1505),.PCURVE_S1.);
#1493 = CIRCLE('',#1494,1.6);
#1494 = AXIS2_PLACEMENT_3D('',#1495,#1496,#1497);
#1495 = CARTESIAN_POINT('',(-12.,0.,0.));
#1496 = DIRECTION('',(0.,0.,1.));
#1497 = DIRECTION('',(1.,0.,-0.));
#1498 = PCURVE('',#100,#1499);
#1499 = DEFINITIONAL_REPRESENTATION('',(#1500),#1504);
#1500 = CIRCLE('',#1501,1.6);
#1501 = AXIS2_PLACEMENT_2D('',#1502,#1503);
#1502 = CARTESIAN_POINT('',(16.,25.));
#1503 = DIRECTION('',(1.,0.));
#1504 = ( GEOMETRIC_REPRESENTATION_CONTEXT(2) 
PARAMETRIC_REPRESENTATION_CONTEXT() REPRESENTATION_CONTEXT('2D SPACE',''
  ) );
#1505 = PCURVE('',#1506,#1511);
#1506 = CYLINDRICAL_SURFACE('',#1507,1.6);
#1507 = AXIS2_PLACEMENT_3D('',#1508,#1509,#1510);
#1508 = CARTESIAN_POINT('',(-12.,0.,-0.1));
#1509 = DIRECTION('',(0.,0.,1.));
#1510 = DIRECTION('',(1.,0.,-0.));
#1511 = DEFINITIONAL_REPRESENTATION('',(#1512),#1516);
#1512 = LINE('',#1513,#1514);
#1513 = CARTESIAN_POINT('',(0.,0.1));
#1514 = VECTOR('',#1515,1.);
#1515 = DIRECTION('',(1.,0.));
#1516 = ( GEOMETRIC_REPRESENTATION_CONTEXT(2) 
PARAMETRIC_REPRESENTATION_CONTEXT() REPRESENTATION_CONTEXT('2D SPACE',''
  ) );
#1517 = FACE_BOUND('',#1518,.F.);
#1518 = EDGE_LOOP('',(#1519));
#1519 = ORIENTED_EDGE('',*,*,#1520,.T.);
#1520 = EDGE_CURVE('',#1521,#1521,#1523,.T.);
#1521 = VERTEX_POINT('',#1522);
#1522 = CARTESIAN_POINT('',(-22.65,17.,0.));
#1523 = SURFACE_CURVE('',#1524,(#1529,#1540),.PCURVE_S1.);
#1524 = CIRCLE('',#1525,1.65);
#1525 = AXIS2_PLACEMENT_3D('',#1526,#1527,#1528);
#1526 = CARTESIAN_POINT('',(-21.,17.,0.));
#1527 = DIRECTION('',(0.,0.,-1.));
#1528 = DIRECTION('',(-1.,0.,0.));
#1529 = PCURVE('',#100,#1530);
#1530 = DEFINITIONAL_REPRESENTATION('',(#1531),#1539);
#1531 = ( BOUNDED_CURVE() B_SPLINE_CURVE(2,(#1532,#1533,#1534,#1535,
#1536,#1537,#1538),.UNSPECIFIED.,.T.,.F.) B_SPLINE_CURVE_WITH_KNOTS((1,2
    ,2,2,2,1),(-2.094395102393,0.,2.094395102393,4.188790204786,
6.28318530718,8.377580409573),.UNSPECIFIED.) CURVE() 
GEOMETRIC_REPRESENTATION_ITEM() RATIONAL_B_SPLINE_CURVE((1.,0.5,1.,0.5,
1.,0.5,1.)) REPRESENTATION_ITEM('') );
#1532 = CARTESIAN_POINT('',(5.35,42.));
#1533 = CARTESIAN_POINT('',(5.35,44.857883832489));
#1534 = CARTESIAN_POINT('',(7.825,43.428941916244));
#1535 = CARTESIAN_POINT('',(10.3,42.));
#1536 = CARTESIAN_POINT('',(7.825,40.571058083756));
#1537 = CARTESIAN_POINT('',(5.35,39.142116167511));
#1538 = CARTESIAN_POINT('',(5.35,42.));
#1539 = ( GEOMETRIC_REPRESENTATION_CONTEXT(2) 
PARAMETRIC_REPRESENTATION_CONTEXT() REPRESENTATION_CONTEXT('2D SPACE',''
  ) );
#1540 = PCURVE('',#1541,#1546);
#1541 = CYLINDRICAL_SURFACE('',#1542,1.65);
#1542 = AXIS2_PLACEMENT_3D('',#1543,#1544,#1545);
#1543 = CARTESIAN_POINT('',(-21.,17.,9.5));
#1544 = DIRECTION('',(0.,0.,-1.));
#1545 = DIRECTION('',(-1.,0.,0.));
#1546 = DEFINITIONAL_REPRESENTATION('',(#1547),#1551);
#1547 = LINE('',#1548,#1549);
#1548 = CARTESIAN_POINT('',(0.,9.5));
#1549 = VECTOR('',#1550,1.);
#1550 = DIRECTION('',(1.,0.));
#1551 = ( GEOMETRIC_REPRESENTATION_CONTEXT(2) 
PARAMETRIC_REPRESENTATION_CONTEXT() REPRESENTATION_CONTEXT('2D SPACE',''
  ) );
#1552 = FACE_BOUND('',#1553,.F.);
#1553 = EDGE_LOOP('',(#1554));
#1554 = ORIENTED_EDGE('',*,*,#1555,.T.);
#1555 = EDGE_CURVE('',#1556,#1556,#1558,.T.);
#1556 = VERTEX_POINT('',#1557);
#1557 = CARTESIAN_POINT('',(-4.,-9.797174393179E-16,0.));
#1558 = SURFACE_CURVE('',#1559,(#1564,#1575),.PCURVE_S1.);
#1559 = CIRCLE('',#1560,4.);
#1560 = AXIS2_PLACEMENT_3D('',#1561,#1562,#1563);
#1561 = CARTESIAN_POINT('',(0.,0.,0.));
#1562 = DIRECTION('',(0.,0.,-1.));
#1563 = DIRECTION('',(-1.,0.,0.));
#1564 = PCURVE('',#100,#1565);
#1565 = DEFINITIONAL_REPRESENTATION('',(#1566),#1574);
#1566 = ( BOUNDED_CURVE() B_SPLINE_CURVE(2,(#1567,#1568,#1569,#1570,
#1571,#1572,#1573),.UNSPECIFIED.,.T.,.F.) B_SPLINE_CURVE_WITH_KNOTS((1,2
    ,2,2,2,1),(-2.094395102393,0.,2.094395102393,4.188790204786,
6.28318530718,8.377580409573),.UNSPECIFIED.) CURVE() 
GEOMETRIC_REPRESENTATION_ITEM() RATIONAL_B_SPLINE_CURVE((1.,0.5,1.,0.5,
1.,0.5,1.)) REPRESENTATION_ITEM('') );
#1567 = CARTESIAN_POINT('',(24.,25.));
#1568 = CARTESIAN_POINT('',(24.,31.928203230276));
#1569 = CARTESIAN_POINT('',(30.,28.464101615138));
#1570 = CARTESIAN_POINT('',(36.,25.));
#1571 = CARTESIAN_POINT('',(30.,21.535898384862));
#1572 = CARTESIAN_POINT('',(24.,18.071796769724));
#1573 = CARTESIAN_POINT('',(24.,25.));
#1574 = ( GEOMETRIC_REPRESENTATION_CONTEXT(2) 
PARAMETRIC_REPRESENTATION_CONTEXT() REPRESENTATION_CONTEXT('2D SPACE',''
  ) );
#1575 = PCURVE('',#1576,#1581);
#1576 = CYLINDRICAL_SURFACE('',#1577,4.);
#1577 = AXIS2_PLACEMENT_3D('',#1578,#1579,#1580);
#1578 = CARTESIAN_POINT('',(0.,0.,9.5));
#1579 = DIRECTION('',(0.,0.,-1.));
#1580 = DIRECTION('',(-1.,0.,0.));
#1581 = DEFINITIONAL_REPRESENTATION('',(#1582),#1586);
#1582 = LINE('',#1583,#1584);
#1583 = CARTESIAN_POINT('',(0.,9.5));
#1584 = VECTOR('',#1585,1.);
#1585 = DIRECTION('',(1.,0.));
#1586 = ( GEOMETRIC_REPRESENTATION_CONTEXT(2) 
PARAMETRIC_REPRESENTATION_CONTEXT() REPRESENTATION_CONTEXT('2D SPACE',''
  ) );
#1587 = FACE_BOUND('',#1588,.F.);
#1588 = EDGE_LOOP('',(#1589));
#1589 = ORIENTED_EDGE('',*,*,#1590,.F.);
#1590 = EDGE_CURVE('',#1591,#1591,#1593,.T.);
#1591 = VERTEX_POINT('',#1592);
#1592 = CARTESIAN_POINT('',(13.6,-3.918869757272E-16,0.));
#1593 = SURFACE_CURVE('',#1594,(#1599,#1606),.PCURVE_S1.);
#1594 = CIRCLE('',#1595,1.6);
#1595 = AXIS2_PLACEMENT_3D('',#1596,#1597,#1598);
#1596 = CARTESIAN_POINT('',(12.,0.,0.));
#1597 = DIRECTION('',(0.,0.,1.));
#1598 = DIRECTION('',(1.,0.,-0.));
#1599 = PCURVE('',#100,#1600);
#1600 = DEFINITIONAL_REPRESENTATION('',(#1601),#1605);
#1601 = CIRCLE('',#1602,1.6);
#1602 = AXIS2_PLACEMENT_2D('',#1603,#1604);
#1603 = CARTESIAN_POINT('',(40.,25.));
#1604 = DIRECTION('',(1.,0.));
#1605 = ( GEOMETRIC_REPRESENTATION_CONTEXT(2) 
PARAMETRIC_REPRESENTATION_CONTEXT() REPRESENTATION_CONTEXT('2D SPACE',''
  ) );
#1606 = PCURVE('',#1607,#1612);
#1607 = CYLINDRICAL_SURFACE('',#1608,1.6);
#1608 = AXIS2_PLACEMENT_3D('',#1609,#1610,#1611);
#1609 = CARTESIAN_POINT('',(12.,0.,-0.1));
#1610 = DIRECTION('',(0.,0.,1.));
#1611 = DIRECTION('',(1.,0.,-0.));
#1612 = DEFINITIONAL_REPRESENTATION('',(#1613),#1617);
#1613 = LINE('',#1614,#1615);
#1614 = CARTESIAN_POINT('',(0.,0.1));
#1615 = VECTOR('',#1616,1.);
#1616 = DIRECTION('',(1.,0.));
#1617 = ( GEOMETRIC_REPRESENTATION_CONTEXT(2) 
PARAMETRIC_REPRESENTATION_CONTEXT() REPRESENTATION_CONTEXT('2D SPACE',''
  ) );
#1618 = FACE_BOUND('',#1619,.F.);
#1619 = EDGE_LOOP('',(#1620,#1651));
#1620 = ORIENTED_EDGE('',*,*,#1621,.F.);
#1621 = EDGE_CURVE('',#1622,#1624,#1626,.T.);
#1622 = VERTEX_POINT('',#1623);
#1623 = CARTESIAN_POINT('',(22.971667456454,-1.254552017826E-14,0.));
#1624 = VERTEX_POINT('',#1625);
#1625 = CARTESIAN_POINT('',(17.028332543546,-1.554312234475E-14,0.));
#1626 = SURFACE_CURVE('',#1627,(#1632,#1639),.PCURVE_S1.);
#1627 = CIRCLE('',#1628,2.992207792208);
#1628 = AXIS2_PLACEMENT_3D('',#1629,#1630,#1631);
#1629 = CARTESIAN_POINT('',(20.,0.35,0.));
#1630 = DIRECTION('',(0.,0.,1.));
#1631 = DIRECTION('',(0.993135391263,-0.116970486111,0.));
#1632 = PCURVE('',#100,#1633);
#1633 = DEFINITIONAL_REPRESENTATION('',(#1634),#1638);
#1634 = CIRCLE('',#1635,2.992207792208);
#1635 = AXIS2_PLACEMENT_2D('',#1636,#1637);
#1636 = CARTESIAN_POINT('',(48.,25.35));
#1637 = DIRECTION('',(0.993135391263,-0.116970486111));
#1638 = ( GEOMETRIC_REPRESENTATION_CONTEXT(2) 
PARAMETRIC_REPRESENTATION_CONTEXT() REPRESENTATION_CONTEXT('2D SPACE',''
  ) );
#1639 = PCURVE('',#1640,#1645);
#1640 = CONICAL_SURFACE('',#1641,3.,0.154600545431);
#1641 = AXIS2_PLACEMENT_3D('',#1642,#1643,#1644);
#1642 = CARTESIAN_POINT('',(20.,0.35,-5.E-02));
#1643 = DIRECTION('',(-0.,-0.,-1.));
#1644 = DIRECTION('',(1.,0.,-0.));
#1645 = DEFINITIONAL_REPRESENTATION('',(#1646),#1650);
#1646 = LINE('',#1647,#1648);
#1647 = CARTESIAN_POINT('',(-6.165946431762,-5.E-02));
#1648 = VECTOR('',#1649,1.);
#1649 = DIRECTION('',(-1.,-0.));
#1650 = ( GEOMETRIC_REPRESENTATION_CONTEXT(2) 
PARAMETRIC_REPRESENTATION_CONTEXT() REPRESENTATION_CONTEXT('2D SPACE',''
  ) );
#1651 = ORIENTED_EDGE('',*,*,#1652,.F.);
#1652 = EDGE_CURVE('',#1624,#1622,#1653,.T.);
#1653 = SURFACE_CURVE('',#1654,(#1659,#1666),.PCURVE_S1.);
#1654 = CIRCLE('',#1655,2.992207792208);
#1655 = AXIS2_PLACEMENT_3D('',#1656,#1657,#1658);
#1656 = CARTESIAN_POINT('',(20.,-0.35,0.));
#1657 = DIRECTION('',(0.,0.,1.));
#1658 = DIRECTION('',(-0.993135391263,0.116970486111,0.));
#1659 = PCURVE('',#100,#1660);
#1660 = DEFINITIONAL_REPRESENTATION('',(#1661),#1665);
#1661 = CIRCLE('',#1662,2.992207792208);
#1662 = AXIS2_PLACEMENT_2D('',#1663,#1664);
#1663 = CARTESIAN_POINT('',(48.,24.65));
#1664 = DIRECTION('',(-0.993135391263,0.116970486111));
#1665 = ( GEOMETRIC_REPRESENTATION_CONTEXT(2) 
PARAMETRIC_REPRESENTATION_CONTEXT() REPRESENTATION_CONTEXT('2D SPACE',''
  ) );
#1666 = PCURVE('',#1667,#1672);
#1667 = CONICAL_SURFACE('',#1668,3.,0.154600545431);
#1668 = AXIS2_PLACEMENT_3D('',#1669,#1670,#1671);
#1669 = CARTESIAN_POINT('',(20.,-0.35,-5.E-02));
#1670 = DIRECTION('',(-0.,-0.,-1.));
#1671 = DIRECTION('',(1.,0.,-0.));
#1672 = DEFINITIONAL_REPRESENTATION('',(#1673),#1677);
#1673 = LINE('',#1674,#1675);
#1674 = CARTESIAN_POINT('',(-3.024353778172,-5.E-02));
#1675 = VECTOR('',#1676,1.);
#1676 = DIRECTION('',(-1.,-0.));
#1677 = ( GEOMETRIC_REPRESENTATION_CONTEXT(2) 
PARAMETRIC_REPRESENTATION_CONTEXT() REPRESENTATION_CONTEXT('2D SPACE',''
  ) );
#1678 = FACE_BOUND('',#1679,.F.);
#1679 = EDGE_LOOP('',(#1680,#1710,#1738,#1766));
#1680 = ORIENTED_EDGE('',*,*,#1681,.T.);
#1681 = EDGE_CURVE('',#1682,#1684,#1686,.T.);
#1682 = VERTEX_POINT('',#1683);
#1683 = CARTESIAN_POINT('',(-6.125,9.875,0.));
#1684 = VERTEX_POINT('',#1685);
#1685 = CARTESIAN_POINT('',(-6.125,22.125,0.));
#1686 = SURFACE_CURVE('',#1687,(#1691,#1698),.PCURVE_S1.);
#1687 = LINE('',#1688,#1689);
#1688 = CARTESIAN_POINT('',(-6.125,9.875,0.));
#1689 = VECTOR('',#1690,1.);
#1690 = DIRECTION('',(0.,1.,0.));
#1691 = PCURVE('',#100,#1692);
#1692 = DEFINITIONAL_REPRESENTATION('',(#1693),#1697);
#1693 = LINE('',#1694,#1695);
#1694 = CARTESIAN_POINT('',(21.875,34.875));
#1695 = VECTOR('',#1696,1.);
#1696 = DIRECTION('',(0.,1.));
#1697 = ( GEOMETRIC_REPRESENTATION_CONTEXT(2) 
PARAMETRIC_REPRESENTATION_CONTEXT() REPRESENTATION_CONTEXT('2D SPACE',''
  ) );
#1698 = PCURVE('',#1699,#1704);
#1699 = PLANE('',#1700);
#1700 = AXIS2_PLACEMENT_3D('',#1701,#1702,#1703);
#1701 = CARTESIAN_POINT('',(-6.125,9.875,0.));
#1702 = DIRECTION('',(1.,0.,0.));
#1703 = DIRECTION('',(0.,0.,1.));
#1704 = DEFINITIONAL_REPRESENTATION('',(#1705),#1709);
#1705 = LINE('',#1706,#1707);
#1706 = CARTESIAN_POINT('',(0.,0.));
#1707 = VECTOR('',#1708,1.);
#1708 = DIRECTION('',(0.,-1.));
#1709 = ( GEOMETRIC_REPRESENTATION_CONTEXT(2) 
PARAMETRIC_REPRESENTATION_CONTEXT() REPRESENTATION_CONTEXT('2D SPACE',''
  ) );
#1710 = ORIENTED_EDGE('',*,*,#1711,.T.);
#1711 = EDGE_CURVE('',#1684,#1712,#1714,.T.);
#1712 = VERTEX_POINT('',#1713);
#1713 = CARTESIAN_POINT('',(6.125,22.125,0.));
#1714 = SURFACE_CURVE('',#1715,(#1719,#1726),.PCURVE_S1.);
#1715 = LINE('',#1716,#1717);
#1716 = CARTESIAN_POINT('',(-6.125,22.125,0.));
#1717 = VECTOR('',#1718,1.);
#1718 = DIRECTION('',(1.,0.,0.));
#1719 = PCURVE('',#100,#1720);
#1720 = DEFINITIONAL_REPRESENTATION('',(#1721),#1725);
#1721 = LINE('',#1722,#1723);
#1722 = CARTESIAN_POINT('',(21.875,47.125));
#1723 = VECTOR('',#1724,1.);
#1724 = DIRECTION('',(1.,0.));
#1725 = ( GEOMETRIC_REPRESENTATION_CONTEXT(2) 
PARAMETRIC_REPRESENTATION_CONTEXT() REPRESENTATION_CONTEXT('2D SPACE',''
  ) );
#1726 = PCURVE('',#1727,#1732);
#1727 = PLANE('',#1728);
#1728 = AXIS2_PLACEMENT_3D('',#1729,#1730,#1731);
#1729 = CARTESIAN_POINT('',(-6.125,22.125,0.));
#1730 = DIRECTION('',(0.,1.,0.));
#1731 = DIRECTION('',(0.,0.,1.));
#1732 = DEFINITIONAL_REPRESENTATION('',(#1733),#1737);
#1733 = LINE('',#1734,#1735);
#1734 = CARTESIAN_POINT('',(0.,0.));
#1735 = VECTOR('',#1736,1.);
#1736 = DIRECTION('',(0.,1.));
#1737 = ( GEOMETRIC_REPRESENTATION_CONTEXT(2) 
PARAMETRIC_REPRESENTATION_CONTEXT() REPRESENTATION_CONTEXT('2D SPACE',''
  ) );
#1738 = ORIENTED_EDGE('',*,*,#1739,.F.);
#1739 = EDGE_CURVE('',#1740,#1712,#1742,.T.);
#1740 = VERTEX_POINT('',#1741);
#1741 = CARTESIAN_POINT('',(6.125,9.875,0.));
#1742 = SURFACE_CURVE('',#1743,(#1747,#1754),.PCURVE_S1.);
#1743 = LINE('',#1744,#1745);
#1744 = CARTESIAN_POINT('',(6.125,9.875,0.));
#1745 = VECTOR('',#1746,1.);
#1746 = DIRECTION('',(0.,1.,0.));
#1747 = PCURVE('',#100,#1748);
#1748 = DEFINITIONAL_REPRESENTATION('',(#1749),#1753);
#1749 = LINE('',#1750,#1751);
#1750 = CARTESIAN_POINT('',(34.125,34.875));
#1751 = VECTOR('',#1752,1.);
#1752 = DIRECTION('',(0.,1.));
#1753 = ( GEOMETRIC_REPRESENTATION_CONTEXT(2) 
PARAMETRIC_REPRESENTATION_CONTEXT() REPRESENTATION_CONTEXT('2D SPACE',''
  ) );
#1754 = PCURVE('',#1755,#1760);
#1755 = PLANE('',#1756);
#1756 = AXIS2_PLACEMENT_3D('',#1757,#1758,#1759);
#1757 = CARTESIAN_POINT('',(6.125,9.875,0.));
#1758 = DIRECTION('',(1.,0.,0.));
#1759 = DIRECTION('',(0.,0.,1.));
#1760 = DEFINITIONAL_REPRESENTATION('',(#1761),#1765);
#1761 = LINE('',#1762,#1763);
#1762 = CARTESIAN_POINT('',(0.,0.));
#1763 = VECTOR('',#1764,1.);
#1764 = DIRECTION('',(0.,-1.));
#1765 = ( GEOMETRIC_REPRESENTATION_CONTEXT(2) 
PARAMETRIC_REPRESENTATION_CONTEXT() REPRESENTATION_CONTEXT('2D SPACE',''
  ) );
#1766 = ORIENTED_EDGE('',*,*,#1767,.F.);
#1767 = EDGE_CURVE('',#1682,#1740,#1768,.T.);
#1768 = SURFACE_CURVE('',#1769,(#1773,#1780),.PCURVE_S1.);
#1769 = LINE('',#1770,#1771);
#1770 = CARTESIAN_POINT('',(-6.125,9.875,0.));
#1771 = VECTOR('',#1772,1.);
#1772 = DIRECTION('',(1.,0.,0.));
#1773 = PCURVE('',#100,#1774);
#1774 = DEFINITIONAL_REPRESENTATION('',(#1775),#1779);
#1775 = LINE('',#1776,#1777);
#1776 = CARTESIAN_POINT('',(21.875,34.875));
#1777 = VECTOR('',#1778,1.);
#1778 = DIRECTION('',(1.,0.));
#1779 = ( GEOMETRIC_REPRESENTATION_CONTEXT(2) 
PARAMETRIC_REPRESENTATION_CONTEXT() REPRESENTATION_CONTEXT('2D SPACE',''
  ) );
#1780 = PCURVE('',#1781,#1786);
#1781 = PLANE('',#1782);
#1782 = AXIS2_PLACEMENT_3D('',#1783,#1784,#1785);
#1783 = CARTESIAN_POINT('',(-6.125,9.875,0.));
#1784 = DIRECTION('',(0.,1.,0.));
#1785 = DIRECTION('',(0.,0.,1.));
#1786 = DEFINITIONAL_REPRESENTATION('',(#1787),#1791);
#1787 = LINE('',#1788,#1789);
#1788 = CARTESIAN_POINT('',(0.,0.));
#1789 = VECTOR('',#1790,1.);
#1790 = DIRECTION('',(0.,1.));
#1791 = ( GEOMETRIC_REPRESENTATION_CONTEXT(2) 
PARAMETRIC_REPRESENTATION_CONTEXT() REPRESENTATION_CONTEXT('2D SPACE',''
  ) );
#1792 = FACE_BOUND('',#1793,.F.);
#1793 = EDGE_LOOP('',(#1794));
#1794 = ORIENTED_EDGE('',*,*,#1795,.T.);
#1795 = EDGE_CURVE('',#1796,#1796,#1798,.T.);
#1796 = VERTEX_POINT('',#1797);
#1797 = CARTESIAN_POINT('',(19.35,17.,0.));
#1798 = SURFACE_CURVE('',#1799,(#1804,#1815),.PCURVE_S1.);
#1799 = CIRCLE('',#1800,1.65);
#1800 = AXIS2_PLACEMENT_3D('',#1801,#1802,#1803);
#1801 = CARTESIAN_POINT('',(21.,17.,0.));
#1802 = DIRECTION('',(0.,0.,-1.));
#1803 = DIRECTION('',(-1.,0.,0.));
#1804 = PCURVE('',#100,#1805);
#1805 = DEFINITIONAL_REPRESENTATION('',(#1806),#1814);
#1806 = ( BOUNDED_CURVE() B_SPLINE_CURVE(2,(#1807,#1808,#1809,#1810,
#1811,#1812,#1813),.UNSPECIFIED.,.T.,.F.) B_SPLINE_CURVE_WITH_KNOTS((1,2
    ,2,2,2,1),(-2.094395102393,0.,2.094395102393,4.188790204786,
6.28318530718,8.377580409573),.UNSPECIFIED.) CURVE() 
GEOMETRIC_REPRESENTATION_ITEM() RATIONAL_B_SPLINE_CURVE((1.,0.5,1.,0.5,
1.,0.5,1.)) REPRESENTATION_ITEM('') );
#1807 = CARTESIAN_POINT('',(47.35,42.));
#1808 = CARTESIAN_POINT('',(47.35,44.857883832489));
#1809 = CARTESIAN_POINT('',(49.825,43.428941916244));
#1810 = CARTESIAN_POINT('',(52.3,42.));
#1811 = CARTESIAN_POINT('',(49.825,40.571058083756));
#1812 = CARTESIAN_POINT('',(47.35,39.142116167511));
#1813 = CARTESIAN_POINT('',(47.35,42.));
#1814 = ( GEOMETRIC_REPRESENTATION_CONTEXT(2) 
PARAMETRIC_REPRESENTATION_CONTEXT() REPRESENTATION_CONTEXT('2D SPACE',''
  ) );
#1815 = PCURVE('',#1816,#1821);
#1816 = CYLINDRICAL_SURFACE('',#1817,1.65);
#1817 = AXIS2_PLACEMENT_3D('',#1818,#1819,#1820);
#1818 = CARTESIAN_POINT('',(21.,17.,9.5));
#1819 = DIRECTION('',(0.,0.,-1.));
#1820 = DIRECTION('',(-1.,0.,0.));
#1821 = DEFINITIONAL_REPRESENTATION('',(#1822),#1826);
#1822 = LINE('',#1823,#1824);
#1823 = CARTESIAN_POINT('',(0.,9.5));
#1824 = VECTOR('',#1825,1.);
#1825 = DIRECTION('',(1.,0.));
#1826 = ( GEOMETRIC_REPRESENTATION_CONTEXT(2) 
PARAMETRIC_REPRESENTATION_CONTEXT() REPRESENTATION_CONTEXT('2D SPACE',''
  ) );
#1827 = ADVANCED_FACE('',(#1828),#72,.T.);
#1828 = FACE_BOUND('',#1829,.T.);
#1829 = EDGE_LOOP('',(#1830,#1831,#1852,#1853));
#1830 = ORIENTED_EDGE('',*,*,#925,.T.);
#1831 = ORIENTED_EDGE('',*,*,#1832,.T.);
#1832 = EDGE_CURVE('',#926,#143,#1833,.T.);
#1833 = SURFACE_CURVE('',#1834,(#1838,#1845),.PCURVE_S1.);
#1834 = LINE('',#1835,#1836);
#1835 = CARTESIAN_POINT('',(-24.,-25.,0.));
#1836 = VECTOR('',#1837,1.);
#1837 = DIRECTION('',(0.,0.,1.));
#1838 = PCURVE('',#72,#1839);
#1839 = DEFINITIONAL_REPRESENTATION('',(#1840),#1844);
#1840 = LINE('',#1841,#1842);
#1841 = CARTESIAN_POINT('',(1.570796326795,0.));
#1842 = VECTOR('',#1843,1.);
#1843 = DIRECTION('',(0.,1.));
#1844 = ( GEOMETRIC_REPRESENTATION_CONTEXT(2) 
PARAMETRIC_REPRESENTATION_CONTEXT() REPRESENTATION_CONTEXT('2D SPACE',''
  ) );
#1845 = PCURVE('',#182,#1846);
#1846 = DEFINITIONAL_REPRESENTATION('',(#1847),#1851);
#1847 = LINE('',#1848,#1849);
#1848 = CARTESIAN_POINT('',(0.,4.));
#1849 = VECTOR('',#1850,1.);
#1850 = DIRECTION('',(1.,0.));
#1851 = ( GEOMETRIC_REPRESENTATION_CONTEXT(2) 
PARAMETRIC_REPRESENTATION_CONTEXT() REPRESENTATION_CONTEXT('2D SPACE',''
  ) );
#1852 = ORIENTED_EDGE('',*,*,#142,.F.);
#1853 = ORIENTED_EDGE('',*,*,#56,.F.);
#1854 = ADVANCED_FACE('',(#1855),#182,.F.);
#1855 = FACE_BOUND('',#1856,.F.);
#1856 = EDGE_LOOP('',(#1857,#1858,#1859,#1860));
#1857 = ORIENTED_EDGE('',*,*,#949,.F.);
#1858 = ORIENTED_EDGE('',*,*,#1832,.T.);
#1859 = ORIENTED_EDGE('',*,*,#166,.T.);
#1860 = ORIENTED_EDGE('',*,*,#1861,.F.);
#1861 = EDGE_CURVE('',#950,#167,#1862,.T.);
#1862 = SURFACE_CURVE('',#1863,(#1867,#1874),.PCURVE_S1.);
#1863 = LINE('',#1864,#1865);
#1864 = CARTESIAN_POINT('',(24.,-25.,0.));
#1865 = VECTOR('',#1866,1.);
#1866 = DIRECTION('',(0.,0.,1.));
#1867 = PCURVE('',#182,#1868);
#1868 = DEFINITIONAL_REPRESENTATION('',(#1869),#1873);
#1869 = LINE('',#1870,#1871);
#1870 = CARTESIAN_POINT('',(0.,52.));
#1871 = VECTOR('',#1872,1.);
#1872 = DIRECTION('',(1.,0.));
#1873 = ( GEOMETRIC_REPRESENTATION_CONTEXT(2) 
PARAMETRIC_REPRESENTATION_CONTEXT() REPRESENTATION_CONTEXT('2D SPACE',''
  ) );
#1874 = PCURVE('',#215,#1875);
#1875 = DEFINITIONAL_REPRESENTATION('',(#1876),#1880);
#1876 = LINE('',#1877,#1878);
#1877 = CARTESIAN_POINT('',(-1.570796326795,0.));
#1878 = VECTOR('',#1879,1.);
#1879 = DIRECTION('',(-0.,1.));
#1880 = ( GEOMETRIC_REPRESENTATION_CONTEXT(2) 
PARAMETRIC_REPRESENTATION_CONTEXT() REPRESENTATION_CONTEXT('2D SPACE',''
  ) );
#1881 = ADVANCED_FACE('',(#1882),#417,.F.);
#1882 = FACE_BOUND('',#1883,.F.);
#1883 = EDGE_LOOP('',(#1884,#1885,#1886,#1907));
#1884 = ORIENTED_EDGE('',*,*,#898,.F.);
#1885 = ORIENTED_EDGE('',*,*,#1144,.T.);
#1886 = ORIENTED_EDGE('',*,*,#1887,.T.);
#1887 = EDGE_CURVE('',#1122,#374,#1888,.T.);
#1888 = SURFACE_CURVE('',#1889,(#1893,#1900),.PCURVE_S1.);
#1889 = LINE('',#1890,#1891);
#1890 = CARTESIAN_POINT('',(-36.,12.,0.));
#1891 = VECTOR('',#1892,1.);
#1892 = DIRECTION('',(0.,0.,1.));
#1893 = PCURVE('',#417,#1894);
#1894 = DEFINITIONAL_REPRESENTATION('',(#1895),#1899);
#1895 = LINE('',#1896,#1897);
#1896 = CARTESIAN_POINT('',(0.,-24.));
#1897 = VECTOR('',#1898,1.);
#1898 = DIRECTION('',(1.,0.));
#1899 = ( GEOMETRIC_REPRESENTATION_CONTEXT(2) 
PARAMETRIC_REPRESENTATION_CONTEXT() REPRESENTATION_CONTEXT('2D SPACE',''
  ) );
#1900 = PCURVE('',#389,#1901);
#1901 = DEFINITIONAL_REPRESENTATION('',(#1902),#1906);
#1902 = LINE('',#1903,#1904);
#1903 = CARTESIAN_POINT('',(0.,0.));
#1904 = VECTOR('',#1905,1.);
#1905 = DIRECTION('',(1.,0.));
#1906 = ( GEOMETRIC_REPRESENTATION_CONTEXT(2) 
PARAMETRIC_REPRESENTATION_CONTEXT() REPRESENTATION_CONTEXT('2D SPACE',''
  ) );
#1907 = ORIENTED_EDGE('',*,*,#401,.F.);
#1908 = ADVANCED_FACE('',(#1909),#215,.T.);
#1909 = FACE_BOUND('',#1910,.F.);
#1910 = EDGE_LOOP('',(#1911,#1912,#1913,#1914));
#1911 = ORIENTED_EDGE('',*,*,#972,.T.);
#1912 = ORIENTED_EDGE('',*,*,#1861,.T.);
#1913 = ORIENTED_EDGE('',*,*,#194,.F.);
#1914 = ORIENTED_EDGE('',*,*,#1915,.F.);
#1915 = EDGE_CURVE('',#973,#195,#1916,.T.);
#1916 = SURFACE_CURVE('',#1917,(#1921,#1928),.PCURVE_S1.);
#1917 = LINE('',#1918,#1919);
#1918 = CARTESIAN_POINT('',(28.,-21.,0.));
#1919 = VECTOR('',#1920,1.);
#1920 = DIRECTION('',(0.,0.,1.));
#1921 = PCURVE('',#215,#1922);
#1922 = DEFINITIONAL_REPRESENTATION('',(#1923),#1927);
#1923 = LINE('',#1924,#1925);
#1924 = CARTESIAN_POINT('',(-0.,0.));
#1925 = VECTOR('',#1926,1.);
#1926 = DIRECTION('',(-0.,1.));
#1927 = ( GEOMETRIC_REPRESENTATION_CONTEXT(2) 
PARAMETRIC_REPRESENTATION_CONTEXT() REPRESENTATION_CONTEXT('2D SPACE',''
  ) );
#1928 = PCURVE('',#243,#1929);
#1929 = DEFINITIONAL_REPRESENTATION('',(#1930),#1934);
#1930 = LINE('',#1931,#1932);
#1931 = CARTESIAN_POINT('',(0.,-4.));
#1932 = VECTOR('',#1933,1.);
#1933 = DIRECTION('',(1.,0.));
#1934 = ( GEOMETRIC_REPRESENTATION_CONTEXT(2) 
PARAMETRIC_REPRESENTATION_CONTEXT() REPRESENTATION_CONTEXT('2D SPACE',''
  ) );
#1935 = ADVANCED_FACE('',(#1936),#389,.T.);
#1936 = FACE_BOUND('',#1937,.T.);
#1937 = EDGE_LOOP('',(#1938,#1939,#1940,#1941));
#1938 = ORIENTED_EDGE('',*,*,#1121,.F.);
#1939 = ORIENTED_EDGE('',*,*,#1887,.T.);
#1940 = ORIENTED_EDGE('',*,*,#373,.T.);
#1941 = ORIENTED_EDGE('',*,*,#1942,.F.);
#1942 = EDGE_CURVE('',#1099,#346,#1943,.T.);
#1943 = SURFACE_CURVE('',#1944,(#1948,#1955),.PCURVE_S1.);
#1944 = LINE('',#1945,#1946);
#1945 = CARTESIAN_POINT('',(-28.,12.,0.));
#1946 = VECTOR('',#1947,1.);
#1947 = DIRECTION('',(0.,0.,1.));
#1948 = PCURVE('',#389,#1949);
#1949 = DEFINITIONAL_REPRESENTATION('',(#1950),#1954);
#1950 = LINE('',#1951,#1952);
#1951 = CARTESIAN_POINT('',(0.,8.));
#1952 = VECTOR('',#1953,1.);
#1953 = DIRECTION('',(1.,0.));
#1954 = ( GEOMETRIC_REPRESENTATION_CONTEXT(2) 
PARAMETRIC_REPRESENTATION_CONTEXT() REPRESENTATION_CONTEXT('2D SPACE',''
  ) );
#1955 = PCURVE('',#361,#1956);
#1956 = DEFINITIONAL_REPRESENTATION('',(#1957),#1961);
#1957 = LINE('',#1958,#1959);
#1958 = CARTESIAN_POINT('',(0.,-37.));
#1959 = VECTOR('',#1960,1.);
#1960 = DIRECTION('',(1.,0.));
#1961 = ( GEOMETRIC_REPRESENTATION_CONTEXT(2) 
PARAMETRIC_REPRESENTATION_CONTEXT() REPRESENTATION_CONTEXT('2D SPACE',''
  ) );
#1962 = ADVANCED_FACE('',(#1963),#243,.T.);
#1963 = FACE_BOUND('',#1964,.T.);
#1964 = EDGE_LOOP('',(#1965,#1966,#1967,#1968));
#1965 = ORIENTED_EDGE('',*,*,#227,.F.);
#1966 = ORIENTED_EDGE('',*,*,#1915,.F.);
#1967 = ORIENTED_EDGE('',*,*,#1000,.T.);
#1968 = ORIENTED_EDGE('',*,*,#1969,.T.);
#1969 = EDGE_CURVE('',#1001,#228,#1970,.T.);
#1970 = SURFACE_CURVE('',#1971,(#1975,#1982),.PCURVE_S1.);
#1971 = LINE('',#1972,#1973);
#1972 = CARTESIAN_POINT('',(28.,21.,0.));
#1973 = VECTOR('',#1974,1.);
#1974 = DIRECTION('',(0.,0.,1.));
#1975 = PCURVE('',#243,#1976);
#1976 = DEFINITIONAL_REPRESENTATION('',(#1977),#1981);
#1977 = LINE('',#1978,#1979);
#1978 = CARTESIAN_POINT('',(0.,-46.));
#1979 = VECTOR('',#1980,1.);
#1980 = DIRECTION('',(1.,0.));
#1981 = ( GEOMETRIC_REPRESENTATION_CONTEXT(2) 
PARAMETRIC_REPRESENTATION_CONTEXT() REPRESENTATION_CONTEXT('2D SPACE',''
  ) );
#1982 = PCURVE('',#272,#1983);
#1983 = DEFINITIONAL_REPRESENTATION('',(#1984),#1988);
#1984 = LINE('',#1985,#1986);
#1985 = CARTESIAN_POINT('',(0.,0.));
#1986 = VECTOR('',#1987,1.);
#1987 = DIRECTION('',(0.,1.));
#1988 = ( GEOMETRIC_REPRESENTATION_CONTEXT(2) 
PARAMETRIC_REPRESENTATION_CONTEXT() REPRESENTATION_CONTEXT('2D SPACE',''
  ) );
#1989 = ADVANCED_FACE('',(#1990),#361,.F.);
#1990 = FACE_BOUND('',#1991,.F.);
#1991 = EDGE_LOOP('',(#1992,#1993,#1994,#1995));
#1992 = ORIENTED_EDGE('',*,*,#345,.F.);
#1993 = ORIENTED_EDGE('',*,*,#1942,.F.);
#1994 = ORIENTED_EDGE('',*,*,#1098,.T.);
#1995 = ORIENTED_EDGE('',*,*,#1996,.T.);
#1996 = EDGE_CURVE('',#1071,#313,#1997,.T.);
#1997 = SURFACE_CURVE('',#1998,(#2002,#2009),.PCURVE_S1.);
#1998 = LINE('',#1999,#2000);
#1999 = CARTESIAN_POINT('',(-28.,21.,0.));
#2000 = VECTOR('',#2001,1.);
#2001 = DIRECTION('',(0.,0.,1.));
#2002 = PCURVE('',#361,#2003);
#2003 = DEFINITIONAL_REPRESENTATION('',(#2004),#2008);
#2004 = LINE('',#2005,#2006);
#2005 = CARTESIAN_POINT('',(0.,-46.));
#2006 = VECTOR('',#2007,1.);
#2007 = DIRECTION('',(1.,0.));
#2008 = ( GEOMETRIC_REPRESENTATION_CONTEXT(2) 
PARAMETRIC_REPRESENTATION_CONTEXT() REPRESENTATION_CONTEXT('2D SPACE',''
  ) );
#2009 = PCURVE('',#333,#2010);
#2010 = DEFINITIONAL_REPRESENTATION('',(#2011),#2015);
#2011 = LINE('',#2012,#2013);
#2012 = CARTESIAN_POINT('',(-0.,0.));
#2013 = VECTOR('',#2014,1.);
#2014 = DIRECTION('',(-0.,1.));
#2015 = ( GEOMETRIC_REPRESENTATION_CONTEXT(2) 
PARAMETRIC_REPRESENTATION_CONTEXT() REPRESENTATION_CONTEXT('2D SPACE',''
  ) );
#2016 = ADVANCED_FACE('',(#2017),#272,.T.);
#2017 = FACE_BOUND('',#2018,.T.);
#2018 = EDGE_LOOP('',(#2019,#2020,#2041,#2042));
#2019 = ORIENTED_EDGE('',*,*,#1023,.T.);
#2020 = ORIENTED_EDGE('',*,*,#2021,.T.);
#2021 = EDGE_CURVE('',#1024,#256,#2022,.T.);
#2022 = SURFACE_CURVE('',#2023,(#2027,#2034),.PCURVE_S1.);
#2023 = LINE('',#2024,#2025);
#2024 = CARTESIAN_POINT('',(24.,25.,0.));
#2025 = VECTOR('',#2026,1.);
#2026 = DIRECTION('',(0.,0.,1.));
#2027 = PCURVE('',#272,#2028);
#2028 = DEFINITIONAL_REPRESENTATION('',(#2029),#2033);
#2029 = LINE('',#2030,#2031);
#2030 = CARTESIAN_POINT('',(1.570796326795,0.));
#2031 = VECTOR('',#2032,1.);
#2032 = DIRECTION('',(0.,1.));
#2033 = ( GEOMETRIC_REPRESENTATION_CONTEXT(2) 
PARAMETRIC_REPRESENTATION_CONTEXT() REPRESENTATION_CONTEXT('2D SPACE',''
  ) );
#2034 = PCURVE('',#300,#2035);
#2035 = DEFINITIONAL_REPRESENTATION('',(#2036),#2040);
#2036 = LINE('',#2037,#2038);
#2037 = CARTESIAN_POINT('',(0.,52.));
#2038 = VECTOR('',#2039,1.);
#2039 = DIRECTION('',(1.,0.));
#2040 = ( GEOMETRIC_REPRESENTATION_CONTEXT(2) 
PARAMETRIC_REPRESENTATION_CONTEXT() REPRESENTATION_CONTEXT('2D SPACE',''
  ) );
#2041 = ORIENTED_EDGE('',*,*,#255,.F.);
#2042 = ORIENTED_EDGE('',*,*,#1969,.F.);
#2043 = ADVANCED_FACE('',(#2044),#333,.T.);
#2044 = FACE_BOUND('',#2045,.F.);
#2045 = EDGE_LOOP('',(#2046,#2047,#2068,#2069));
#2046 = ORIENTED_EDGE('',*,*,#1070,.T.);
#2047 = ORIENTED_EDGE('',*,*,#2048,.T.);
#2048 = EDGE_CURVE('',#1048,#285,#2049,.T.);
#2049 = SURFACE_CURVE('',#2050,(#2054,#2061),.PCURVE_S1.);
#2050 = LINE('',#2051,#2052);
#2051 = CARTESIAN_POINT('',(-24.,25.,0.));
#2052 = VECTOR('',#2053,1.);
#2053 = DIRECTION('',(0.,0.,1.));
#2054 = PCURVE('',#333,#2055);
#2055 = DEFINITIONAL_REPRESENTATION('',(#2056),#2060);
#2056 = LINE('',#2057,#2058);
#2057 = CARTESIAN_POINT('',(-1.570796326795,0.));
#2058 = VECTOR('',#2059,1.);
#2059 = DIRECTION('',(-0.,1.));
#2060 = ( GEOMETRIC_REPRESENTATION_CONTEXT(2) 
PARAMETRIC_REPRESENTATION_CONTEXT() REPRESENTATION_CONTEXT('2D SPACE',''
  ) );
#2061 = PCURVE('',#300,#2062);
#2062 = DEFINITIONAL_REPRESENTATION('',(#2063),#2067);
#2063 = LINE('',#2064,#2065);
#2064 = CARTESIAN_POINT('',(0.,4.));
#2065 = VECTOR('',#2066,1.);
#2066 = DIRECTION('',(1.,0.));
#2067 = ( GEOMETRIC_REPRESENTATION_CONTEXT(2) 
PARAMETRIC_REPRESENTATION_CONTEXT() REPRESENTATION_CONTEXT('2D SPACE',''
  ) );
#2068 = ORIENTED_EDGE('',*,*,#312,.F.);
#2069 = ORIENTED_EDGE('',*,*,#1996,.F.);
#2070 = ADVANCED_FACE('',(#2071),#300,.T.);
#2071 = FACE_BOUND('',#2072,.T.);
#2072 = EDGE_LOOP('',(#2073,#2074,#2075,#2076));
#2073 = ORIENTED_EDGE('',*,*,#1047,.F.);
#2074 = ORIENTED_EDGE('',*,*,#2048,.T.);
#2075 = ORIENTED_EDGE('',*,*,#284,.T.);
#2076 = ORIENTED_EDGE('',*,*,#2021,.F.);
#2077 = ADVANCED_FACE('',(#2078),#469,.T.);
#2078 = FACE_BOUND('',#2079,.T.);
#2079 = EDGE_LOOP('',(#2080,#2103,#2131,#2152));
#2080 = ORIENTED_EDGE('',*,*,#2081,.F.);
#2081 = EDGE_CURVE('',#2082,#453,#2084,.T.);
#2082 = VERTEX_POINT('',#2083);
#2083 = CARTESIAN_POINT('',(-25.,-9.,1.));
#2084 = SURFACE_CURVE('',#2085,(#2089,#2096),.PCURVE_S1.);
#2085 = LINE('',#2086,#2087);
#2086 = CARTESIAN_POINT('',(-25.,-9.,1.));
#2087 = VECTOR('',#2088,1.);
#2088 = DIRECTION('',(0.,0.,1.));
#2089 = PCURVE('',#469,#2090);
#2090 = DEFINITIONAL_REPRESENTATION('',(#2091),#2095);
#2091 = LINE('',#2092,#2093);
#2092 = CARTESIAN_POINT('',(0.,3.));
#2093 = VECTOR('',#2094,1.);
#2094 = DIRECTION('',(1.,0.));
#2095 = ( GEOMETRIC_REPRESENTATION_CONTEXT(2) 
PARAMETRIC_REPRESENTATION_CONTEXT() REPRESENTATION_CONTEXT('2D SPACE',''
  ) );
#2096 = PCURVE('',#545,#2097);
#2097 = DEFINITIONAL_REPRESENTATION('',(#2098),#2102);
#2098 = LINE('',#2099,#2100);
#2099 = CARTESIAN_POINT('',(0.,0.));
#2100 = VECTOR('',#2101,1.);
#2101 = DIRECTION('',(1.,0.));
#2102 = ( GEOMETRIC_REPRESENTATION_CONTEXT(2) 
PARAMETRIC_REPRESENTATION_CONTEXT() REPRESENTATION_CONTEXT('2D SPACE',''
  ) );
#2103 = ORIENTED_EDGE('',*,*,#2104,.F.);
#2104 = EDGE_CURVE('',#2105,#2082,#2107,.T.);
#2105 = VERTEX_POINT('',#2106);
#2106 = CARTESIAN_POINT('',(-28.,-9.,1.));
#2107 = SURFACE_CURVE('',#2108,(#2112,#2119),.PCURVE_S1.);
#2108 = LINE('',#2109,#2110);
#2109 = CARTESIAN_POINT('',(-28.,-9.,1.));
#2110 = VECTOR('',#2111,1.);
#2111 = DIRECTION('',(1.,0.,0.));
#2112 = PCURVE('',#469,#2113);
#2113 = DEFINITIONAL_REPRESENTATION('',(#2114),#2118);
#2114 = LINE('',#2115,#2116);
#2115 = CARTESIAN_POINT('',(0.,0.));
#2116 = VECTOR('',#2117,1.);
#2117 = DIRECTION('',(0.,1.));
#2118 = ( GEOMETRIC_REPRESENTATION_CONTEXT(2) 
PARAMETRIC_REPRESENTATION_CONTEXT() REPRESENTATION_CONTEXT('2D SPACE',''
  ) );
#2119 = PCURVE('',#2120,#2125);
#2120 = PLANE('',#2121);
#2121 = AXIS2_PLACEMENT_3D('',#2122,#2123,#2124);
#2122 = CARTESIAN_POINT('',(-35.125,-11.125,1.));
#2123 = DIRECTION('',(0.,0.,1.));
#2124 = DIRECTION('',(1.,0.,0.));
#2125 = DEFINITIONAL_REPRESENTATION('',(#2126),#2130);
#2126 = LINE('',#2127,#2128);
#2127 = CARTESIAN_POINT('',(7.125,2.125));
#2128 = VECTOR('',#2129,1.);
#2129 = DIRECTION('',(1.,0.));
#2130 = ( GEOMETRIC_REPRESENTATION_CONTEXT(2) 
PARAMETRIC_REPRESENTATION_CONTEXT() REPRESENTATION_CONTEXT('2D SPACE',''
  ) );
#2131 = ORIENTED_EDGE('',*,*,#2132,.T.);
#2132 = EDGE_CURVE('',#2105,#455,#2133,.T.);
#2133 = SURFACE_CURVE('',#2134,(#2138,#2145),.PCURVE_S1.);
#2134 = LINE('',#2135,#2136);
#2135 = CARTESIAN_POINT('',(-28.,-9.,1.));
#2136 = VECTOR('',#2137,1.);
#2137 = DIRECTION('',(0.,0.,1.));
#2138 = PCURVE('',#469,#2139);
#2139 = DEFINITIONAL_REPRESENTATION('',(#2140),#2144);
#2140 = LINE('',#2141,#2142);
#2141 = CARTESIAN_POINT('',(0.,0.));
#2142 = VECTOR('',#2143,1.);
#2143 = DIRECTION('',(1.,0.));
#2144 = ( GEOMETRIC_REPRESENTATION_CONTEXT(2) 
PARAMETRIC_REPRESENTATION_CONTEXT() REPRESENTATION_CONTEXT('2D SPACE',''
  ) );
#2145 = PCURVE('',#495,#2146);
#2146 = DEFINITIONAL_REPRESENTATION('',(#2147),#2151);
#2147 = LINE('',#2148,#2149);
#2148 = CARTESIAN_POINT('',(0.,0.));
#2149 = VECTOR('',#2150,1.);
#2150 = DIRECTION('',(1.,0.));
#2151 = ( GEOMETRIC_REPRESENTATION_CONTEXT(2) 
PARAMETRIC_REPRESENTATION_CONTEXT() REPRESENTATION_CONTEXT('2D SPACE',''
  ) );
#2152 = ORIENTED_EDGE('',*,*,#452,.F.);
#2153 = ADVANCED_FACE('',(#2154),#545,.F.);
#2154 = FACE_BOUND('',#2155,.F.);
#2155 = EDGE_LOOP('',(#2156,#2157,#2180,#2201));
#2156 = ORIENTED_EDGE('',*,*,#2081,.F.);
#2157 = ORIENTED_EDGE('',*,*,#2158,.T.);
#2158 = EDGE_CURVE('',#2082,#2159,#2161,.T.);
#2159 = VERTEX_POINT('',#2160);
#2160 = CARTESIAN_POINT('',(-25.,9.,1.));
#2161 = SURFACE_CURVE('',#2162,(#2166,#2173),.PCURVE_S1.);
#2162 = LINE('',#2163,#2164);
#2163 = CARTESIAN_POINT('',(-25.,-9.,1.));
#2164 = VECTOR('',#2165,1.);
#2165 = DIRECTION('',(0.,1.,0.));
#2166 = PCURVE('',#545,#2167);
#2167 = DEFINITIONAL_REPRESENTATION('',(#2168),#2172);
#2168 = LINE('',#2169,#2170);
#2169 = CARTESIAN_POINT('',(0.,0.));
#2170 = VECTOR('',#2171,1.);
#2171 = DIRECTION('',(0.,-1.));
#2172 = ( GEOMETRIC_REPRESENTATION_CONTEXT(2) 
PARAMETRIC_REPRESENTATION_CONTEXT() REPRESENTATION_CONTEXT('2D SPACE',''
  ) );
#2173 = PCURVE('',#2120,#2174);
#2174 = DEFINITIONAL_REPRESENTATION('',(#2175),#2179);
#2175 = LINE('',#2176,#2177);
#2176 = CARTESIAN_POINT('',(10.125,2.125));
#2177 = VECTOR('',#2178,1.);
#2178 = DIRECTION('',(0.,1.));
#2179 = ( GEOMETRIC_REPRESENTATION_CONTEXT(2) 
PARAMETRIC_REPRESENTATION_CONTEXT() REPRESENTATION_CONTEXT('2D SPACE',''
  ) );
#2180 = ORIENTED_EDGE('',*,*,#2181,.T.);
#2181 = EDGE_CURVE('',#2159,#507,#2182,.T.);
#2182 = SURFACE_CURVE('',#2183,(#2187,#2194),.PCURVE_S1.);
#2183 = LINE('',#2184,#2185);
#2184 = CARTESIAN_POINT('',(-25.,9.,1.));
#2185 = VECTOR('',#2186,1.);
#2186 = DIRECTION('',(0.,0.,1.));
#2187 = PCURVE('',#545,#2188);
#2188 = DEFINITIONAL_REPRESENTATION('',(#2189),#2193);
#2189 = LINE('',#2190,#2191);
#2190 = CARTESIAN_POINT('',(0.,-18.));
#2191 = VECTOR('',#2192,1.);
#2192 = DIRECTION('',(1.,0.));
#2193 = ( GEOMETRIC_REPRESENTATION_CONTEXT(2) 
PARAMETRIC_REPRESENTATION_CONTEXT() REPRESENTATION_CONTEXT('2D SPACE',''
  ) );
#2194 = PCURVE('',#521,#2195);
#2195 = DEFINITIONAL_REPRESENTATION('',(#2196),#2200);
#2196 = LINE('',#2197,#2198);
#2197 = CARTESIAN_POINT('',(0.,3.));
#2198 = VECTOR('',#2199,1.);
#2199 = DIRECTION('',(1.,0.));
#2200 = ( GEOMETRIC_REPRESENTATION_CONTEXT(2) 
PARAMETRIC_REPRESENTATION_CONTEXT() REPRESENTATION_CONTEXT('2D SPACE',''
  ) );
#2201 = ORIENTED_EDGE('',*,*,#532,.F.);
#2202 = ADVANCED_FACE('',(#2203),#495,.T.);
#2203 = FACE_BOUND('',#2204,.T.);
#2204 = EDGE_LOOP('',(#2205,#2206,#2229,#2250));
#2205 = ORIENTED_EDGE('',*,*,#2132,.F.);
#2206 = ORIENTED_EDGE('',*,*,#2207,.T.);
#2207 = EDGE_CURVE('',#2105,#2208,#2210,.T.);
#2208 = VERTEX_POINT('',#2209);
#2209 = CARTESIAN_POINT('',(-28.,9.,1.));
#2210 = SURFACE_CURVE('',#2211,(#2215,#2222),.PCURVE_S1.);
#2211 = LINE('',#2212,#2213);
#2212 = CARTESIAN_POINT('',(-28.,-9.,1.));
#2213 = VECTOR('',#2214,1.);
#2214 = DIRECTION('',(0.,1.,0.));
#2215 = PCURVE('',#495,#2216);
#2216 = DEFINITIONAL_REPRESENTATION('',(#2217),#2221);
#2217 = LINE('',#2218,#2219);
#2218 = CARTESIAN_POINT('',(0.,0.));
#2219 = VECTOR('',#2220,1.);
#2220 = DIRECTION('',(0.,-1.));
#2221 = ( GEOMETRIC_REPRESENTATION_CONTEXT(2) 
PARAMETRIC_REPRESENTATION_CONTEXT() REPRESENTATION_CONTEXT('2D SPACE',''
  ) );
#2222 = PCURVE('',#2120,#2223);
#2223 = DEFINITIONAL_REPRESENTATION('',(#2224),#2228);
#2224 = LINE('',#2225,#2226);
#2225 = CARTESIAN_POINT('',(7.125,2.125));
#2226 = VECTOR('',#2227,1.);
#2227 = DIRECTION('',(0.,1.));
#2228 = ( GEOMETRIC_REPRESENTATION_CONTEXT(2) 
PARAMETRIC_REPRESENTATION_CONTEXT() REPRESENTATION_CONTEXT('2D SPACE',''
  ) );
#2229 = ORIENTED_EDGE('',*,*,#2230,.T.);
#2230 = EDGE_CURVE('',#2208,#481,#2231,.T.);
#2231 = SURFACE_CURVE('',#2232,(#2236,#2243),.PCURVE_S1.);
#2232 = LINE('',#2233,#2234);
#2233 = CARTESIAN_POINT('',(-28.,9.,1.));
#2234 = VECTOR('',#2235,1.);
#2235 = DIRECTION('',(0.,0.,1.));
#2236 = PCURVE('',#495,#2237);
#2237 = DEFINITIONAL_REPRESENTATION('',(#2238),#2242);
#2238 = LINE('',#2239,#2240);
#2239 = CARTESIAN_POINT('',(0.,-18.));
#2240 = VECTOR('',#2241,1.);
#2241 = DIRECTION('',(1.,0.));
#2242 = ( GEOMETRIC_REPRESENTATION_CONTEXT(2) 
PARAMETRIC_REPRESENTATION_CONTEXT() REPRESENTATION_CONTEXT('2D SPACE',''
  ) );
#2243 = PCURVE('',#521,#2244);
#2244 = DEFINITIONAL_REPRESENTATION('',(#2245),#2249);
#2245 = LINE('',#2246,#2247);
#2246 = CARTESIAN_POINT('',(0.,0.));
#2247 = VECTOR('',#2248,1.);
#2248 = DIRECTION('',(1.,0.));
#2249 = ( GEOMETRIC_REPRESENTATION_CONTEXT(2) 
PARAMETRIC_REPRESENTATION_CONTEXT() REPRESENTATION_CONTEXT('2D SPACE',''
  ) );
#2250 = ORIENTED_EDGE('',*,*,#480,.F.);
#2251 = ADVANCED_FACE('',(#2252),#521,.F.);
#2252 = FACE_BOUND('',#2253,.F.);
#2253 = EDGE_LOOP('',(#2254,#2255,#2276,#2277));
#2254 = ORIENTED_EDGE('',*,*,#2181,.F.);
#2255 = ORIENTED_EDGE('',*,*,#2256,.F.);
#2256 = EDGE_CURVE('',#2208,#2159,#2257,.T.);
#2257 = SURFACE_CURVE('',#2258,(#2262,#2269),.PCURVE_S1.);
#2258 = LINE('',#2259,#2260);
#2259 = CARTESIAN_POINT('',(-28.,9.,1.));
#2260 = VECTOR('',#2261,1.);
#2261 = DIRECTION('',(1.,0.,0.));
#2262 = PCURVE('',#521,#2263);
#2263 = DEFINITIONAL_REPRESENTATION('',(#2264),#2268);
#2264 = LINE('',#2265,#2266);
#2265 = CARTESIAN_POINT('',(0.,0.));
#2266 = VECTOR('',#2267,1.);
#2267 = DIRECTION('',(0.,1.));
#2268 = ( GEOMETRIC_REPRESENTATION_CONTEXT(2) 
PARAMETRIC_REPRESENTATION_CONTEXT() REPRESENTATION_CONTEXT('2D SPACE',''
  ) );
#2269 = PCURVE('',#2120,#2270);
#2270 = DEFINITIONAL_REPRESENTATION('',(#2271),#2275);
#2271 = LINE('',#2272,#2273);
#2272 = CARTESIAN_POINT('',(7.125,20.125));
#2273 = VECTOR('',#2274,1.);
#2274 = DIRECTION('',(1.,0.));
#2275 = ( GEOMETRIC_REPRESENTATION_CONTEXT(2) 
PARAMETRIC_REPRESENTATION_CONTEXT() REPRESENTATION_CONTEXT('2D SPACE',''
  ) );
#2276 = ORIENTED_EDGE('',*,*,#2230,.T.);
#2277 = ORIENTED_EDGE('',*,*,#506,.F.);
#2278 = ADVANCED_FACE('',(#2279),#575,.T.);
#2279 = FACE_BOUND('',#2280,.T.);
#2280 = EDGE_LOOP('',(#2281,#2311,#2339,#2364,#2365));
#2281 = ORIENTED_EDGE('',*,*,#2282,.F.);
#2282 = EDGE_CURVE('',#2283,#2285,#2287,.T.);
#2283 = VERTEX_POINT('',#2284);
#2284 = CARTESIAN_POINT('',(-4.792007234188,-16.,5.45));
#2285 = VERTEX_POINT('',#2286);
#2286 = CARTESIAN_POINT('',(-2.396003617094,-20.14999999992,5.45));
#2287 = SURFACE_CURVE('',#2288,(#2292,#2299),.PCURVE_S1.);
#2288 = LINE('',#2289,#2290);
#2289 = CARTESIAN_POINT('',(-4.792007234188,-16.,5.45));
#2290 = VECTOR('',#2291,1.);
#2291 = DIRECTION('',(0.5,-0.866025403784,0.));
#2292 = PCURVE('',#575,#2293);
#2293 = DEFINITIONAL_REPRESENTATION('',(#2294),#2298);
#2294 = LINE('',#2295,#2296);
#2295 = CARTESIAN_POINT('',(0.,0.));
#2296 = VECTOR('',#2297,1.);
#2297 = DIRECTION('',(1.,0.));
#2298 = ( GEOMETRIC_REPRESENTATION_CONTEXT(2) 
PARAMETRIC_REPRESENTATION_CONTEXT() REPRESENTATION_CONTEXT('2D SPACE',''
  ) );
#2299 = PCURVE('',#2300,#2305);
#2300 = PLANE('',#2301);
#2301 = AXIS2_PLACEMENT_3D('',#2302,#2303,#2304);
#2302 = CARTESIAN_POINT('',(1.853458011005E-16,-16.,5.45));
#2303 = DIRECTION('',(0.,0.,1.));
#2304 = DIRECTION('',(1.,0.,-0.));
#2305 = DEFINITIONAL_REPRESENTATION('',(#2306),#2310);
#2306 = LINE('',#2307,#2308);
#2307 = CARTESIAN_POINT('',(-4.792007234188,0.));
#2308 = VECTOR('',#2309,1.);
#2309 = DIRECTION('',(0.5,-0.866025403784));
#2310 = ( GEOMETRIC_REPRESENTATION_CONTEXT(2) 
PARAMETRIC_REPRESENTATION_CONTEXT() REPRESENTATION_CONTEXT('2D SPACE',''
  ) );
#2311 = ORIENTED_EDGE('',*,*,#2312,.T.);
#2312 = EDGE_CURVE('',#2283,#2313,#2315,.T.);
#2313 = VERTEX_POINT('',#2314);
#2314 = CARTESIAN_POINT('',(-4.792007234188,-16.,9.5));
#2315 = SURFACE_CURVE('',#2316,(#2320,#2327),.PCURVE_S1.);
#2316 = LINE('',#2317,#2318);
#2317 = CARTESIAN_POINT('',(-4.792007234188,-16.,5.45));
#2318 = VECTOR('',#2319,1.);
#2319 = DIRECTION('',(0.,0.,1.));
#2320 = PCURVE('',#575,#2321);
#2321 = DEFINITIONAL_REPRESENTATION('',(#2322),#2326);
#2322 = LINE('',#2323,#2324);
#2323 = CARTESIAN_POINT('',(0.,0.));
#2324 = VECTOR('',#2325,1.);
#2325 = DIRECTION('',(0.,-1.));
#2326 = ( GEOMETRIC_REPRESENTATION_CONTEXT(2) 
PARAMETRIC_REPRESENTATION_CONTEXT() REPRESENTATION_CONTEXT('2D SPACE',''
  ) );
#2327 = PCURVE('',#2328,#2333);
#2328 = PLANE('',#2329);
#2329 = AXIS2_PLACEMENT_3D('',#2330,#2331,#2332);
#2330 = CARTESIAN_POINT('',(-2.396003617094,-11.85000000007,5.45));
#2331 = DIRECTION('',(0.866025403784,-0.5,0.));
#2332 = DIRECTION('',(-0.5,-0.866025403784,0.));
#2333 = DEFINITIONAL_REPRESENTATION('',(#2334),#2338);
#2334 = LINE('',#2335,#2336);
#2335 = CARTESIAN_POINT('',(4.792007234188,0.));
#2336 = VECTOR('',#2337,1.);
#2337 = DIRECTION('',(0.,-1.));
#2338 = ( GEOMETRIC_REPRESENTATION_CONTEXT(2) 
PARAMETRIC_REPRESENTATION_CONTEXT() REPRESENTATION_CONTEXT('2D SPACE',''
  ) );
#2339 = ORIENTED_EDGE('',*,*,#2340,.F.);
#2340 = EDGE_CURVE('',#561,#2313,#2341,.T.);
#2341 = SURFACE_CURVE('',#2342,(#2346,#2352),.PCURVE_S1.);
#2342 = LINE('',#2343,#2344);
#2343 = CARTESIAN_POINT('',(-5.744449171399,-14.35032217349,9.5));
#2344 = VECTOR('',#2345,1.);
#2345 = DIRECTION('',(-0.5,0.866025403784,0.));
#2346 = PCURVE('',#575,#2347);
#2347 = DEFINITIONAL_REPRESENTATION('',(#2348),#2351);
#2348 = B_SPLINE_CURVE_WITH_KNOTS('',1,(#2349,#2350),.UNSPECIFIED.,.F.,
  .F.,(2,2),(-6.696891108611,-1.904883874423),.PIECEWISE_BEZIER_KNOTS.);
#2349 = CARTESIAN_POINT('',(4.792007234188,-4.05));
#2350 = CARTESIAN_POINT('',(0.,-4.05));
#2351 = ( GEOMETRIC_REPRESENTATION_CONTEXT(2) 
PARAMETRIC_REPRESENTATION_CONTEXT() REPRESENTATION_CONTEXT('2D SPACE',''
  ) );
#2352 = PCURVE('',#2353,#2358);
#2353 = PLANE('',#2354);
#2354 = AXIS2_PLACEMENT_3D('',#2355,#2356,#2357);
#2355 = CARTESIAN_POINT('',(-23.,-19.,9.5));
#2356 = DIRECTION('',(0.,0.,1.));
#2357 = DIRECTION('',(1.,0.,0.));
#2358 = DEFINITIONAL_REPRESENTATION('',(#2359),#2363);
#2359 = LINE('',#2360,#2361);
#2360 = CARTESIAN_POINT('',(17.255550828601,4.64967782651));
#2361 = VECTOR('',#2362,1.);
#2362 = DIRECTION('',(-0.5,0.866025403784));
#2363 = ( GEOMETRIC_REPRESENTATION_CONTEXT(2) 
PARAMETRIC_REPRESENTATION_CONTEXT() REPRESENTATION_CONTEXT('2D SPACE',''
  ) );
#2364 = ORIENTED_EDGE('',*,*,#558,.F.);
#2365 = ORIENTED_EDGE('',*,*,#2366,.F.);
#2366 = EDGE_CURVE('',#2285,#559,#2367,.T.);
#2367 = SURFACE_CURVE('',#2368,(#2372,#2379),.PCURVE_S1.);
#2368 = LINE('',#2369,#2370);
#2369 = CARTESIAN_POINT('',(-2.396003617094,-20.14999999992,5.45));
#2370 = VECTOR('',#2371,1.);
#2371 = DIRECTION('',(0.,0.,1.));
#2372 = PCURVE('',#575,#2373);
#2373 = DEFINITIONAL_REPRESENTATION('',(#2374),#2378);
#2374 = LINE('',#2375,#2376);
#2375 = CARTESIAN_POINT('',(4.792007234188,0.));
#2376 = VECTOR('',#2377,1.);
#2377 = DIRECTION('',(0.,-1.));
#2378 = ( GEOMETRIC_REPRESENTATION_CONTEXT(2) 
PARAMETRIC_REPRESENTATION_CONTEXT() REPRESENTATION_CONTEXT('2D SPACE',''
  ) );
#2379 = PCURVE('',#861,#2380);
#2380 = DEFINITIONAL_REPRESENTATION('',(#2381),#2385);
#2381 = LINE('',#2382,#2383);
#2382 = CARTESIAN_POINT('',(0.,0.));
#2383 = VECTOR('',#2384,1.);
#2384 = DIRECTION('',(0.,-1.));
#2385 = ( GEOMETRIC_REPRESENTATION_CONTEXT(2) 
PARAMETRIC_REPRESENTATION_CONTEXT() REPRESENTATION_CONTEXT('2D SPACE',''
  ) );
#2386 = ADVANCED_FACE('',(#2387),#861,.T.);
#2387 = FACE_BOUND('',#2388,.T.);
#2388 = EDGE_LOOP('',(#2389,#2412,#2413,#2414));
#2389 = ORIENTED_EDGE('',*,*,#2390,.F.);
#2390 = EDGE_CURVE('',#2285,#2391,#2393,.T.);
#2391 = VERTEX_POINT('',#2392);
#2392 = CARTESIAN_POINT('',(2.396003617094,-20.14999999992,5.45));
#2393 = SURFACE_CURVE('',#2394,(#2398,#2405),.PCURVE_S1.);
#2394 = LINE('',#2395,#2396);
#2395 = CARTESIAN_POINT('',(-2.396003617094,-20.14999999992,5.45));
#2396 = VECTOR('',#2397,1.);
#2397 = DIRECTION('',(1.,-7.413832044022E-16,0.));
#2398 = PCURVE('',#861,#2399);
#2399 = DEFINITIONAL_REPRESENTATION('',(#2400),#2404);
#2400 = LINE('',#2401,#2402);
#2401 = CARTESIAN_POINT('',(0.,0.));
#2402 = VECTOR('',#2403,1.);
#2403 = DIRECTION('',(1.,0.));
#2404 = ( GEOMETRIC_REPRESENTATION_CONTEXT(2) 
PARAMETRIC_REPRESENTATION_CONTEXT() REPRESENTATION_CONTEXT('2D SPACE',''
  ) );
#2405 = PCURVE('',#2300,#2406);
#2406 = DEFINITIONAL_REPRESENTATION('',(#2407),#2411);
#2407 = LINE('',#2408,#2409);
#2408 = CARTESIAN_POINT('',(-2.396003617094,-4.149999999925));
#2409 = VECTOR('',#2410,1.);
#2410 = DIRECTION('',(1.,-7.413832044022E-16));
#2411 = ( GEOMETRIC_REPRESENTATION_CONTEXT(2) 
PARAMETRIC_REPRESENTATION_CONTEXT() REPRESENTATION_CONTEXT('2D SPACE',''
  ) );
#2412 = ORIENTED_EDGE('',*,*,#2366,.T.);
#2413 = ORIENTED_EDGE('',*,*,#848,.F.);
#2414 = ORIENTED_EDGE('',*,*,#2415,.F.);
#2415 = EDGE_CURVE('',#2391,#823,#2416,.T.);
#2416 = SURFACE_CURVE('',#2417,(#2421,#2428),.PCURVE_S1.);
#2417 = LINE('',#2418,#2419);
#2418 = CARTESIAN_POINT('',(2.396003617094,-20.14999999992,5.45));
#2419 = VECTOR('',#2420,1.);
#2420 = DIRECTION('',(0.,0.,1.));
#2421 = PCURVE('',#861,#2422);
#2422 = DEFINITIONAL_REPRESENTATION('',(#2423),#2427);
#2423 = LINE('',#2424,#2425);
#2424 = CARTESIAN_POINT('',(4.792007234188,0.));
#2425 = VECTOR('',#2426,1.);
#2426 = DIRECTION('',(0.,-1.));
#2427 = ( GEOMETRIC_REPRESENTATION_CONTEXT(2) 
PARAMETRIC_REPRESENTATION_CONTEXT() REPRESENTATION_CONTEXT('2D SPACE',''
  ) );
#2428 = PCURVE('',#837,#2429);
#2429 = DEFINITIONAL_REPRESENTATION('',(#2430),#2434);
#2430 = LINE('',#2431,#2432);
#2431 = CARTESIAN_POINT('',(0.,0.));
#2432 = VECTOR('',#2433,1.);
#2433 = DIRECTION('',(0.,-1.));
#2434 = ( GEOMETRIC_REPRESENTATION_CONTEXT(2) 
PARAMETRIC_REPRESENTATION_CONTEXT() REPRESENTATION_CONTEXT('2D SPACE',''
  ) );
#2435 = ADVANCED_FACE('',(#2436),#837,.T.);
#2436 = FACE_BOUND('',#2437,.T.);
#2437 = EDGE_LOOP('',(#2438,#2461,#2462,#2463,#2485));
#2438 = ORIENTED_EDGE('',*,*,#2439,.F.);
#2439 = EDGE_CURVE('',#2391,#2440,#2442,.T.);
#2440 = VERTEX_POINT('',#2441);
#2441 = CARTESIAN_POINT('',(4.792007234188,-16.,5.45));
#2442 = SURFACE_CURVE('',#2443,(#2447,#2454),.PCURVE_S1.);
#2443 = LINE('',#2444,#2445);
#2444 = CARTESIAN_POINT('',(2.396003617094,-20.14999999992,5.45));
#2445 = VECTOR('',#2446,1.);
#2446 = DIRECTION('',(0.5,0.866025403784,0.));
#2447 = PCURVE('',#837,#2448);
#2448 = DEFINITIONAL_REPRESENTATION('',(#2449),#2453);
#2449 = LINE('',#2450,#2451);
#2450 = CARTESIAN_POINT('',(0.,0.));
#2451 = VECTOR('',#2452,1.);
#2452 = DIRECTION('',(1.,0.));
#2453 = ( GEOMETRIC_REPRESENTATION_CONTEXT(2) 
PARAMETRIC_REPRESENTATION_CONTEXT() REPRESENTATION_CONTEXT('2D SPACE',''
  ) );
#2454 = PCURVE('',#2300,#2455);
#2455 = DEFINITIONAL_REPRESENTATION('',(#2456),#2460);
#2456 = LINE('',#2457,#2458);
#2457 = CARTESIAN_POINT('',(2.396003617094,-4.149999999925));
#2458 = VECTOR('',#2459,1.);
#2459 = DIRECTION('',(0.5,0.866025403784));
#2460 = ( GEOMETRIC_REPRESENTATION_CONTEXT(2) 
PARAMETRIC_REPRESENTATION_CONTEXT() REPRESENTATION_CONTEXT('2D SPACE',''
  ) );
#2461 = ORIENTED_EDGE('',*,*,#2415,.T.);
#2462 = ORIENTED_EDGE('',*,*,#822,.F.);
#2463 = ORIENTED_EDGE('',*,*,#2464,.F.);
#2464 = EDGE_CURVE('',#2465,#800,#2467,.T.);
#2465 = VERTEX_POINT('',#2466);
#2466 = CARTESIAN_POINT('',(4.792007234188,-16.,9.5));
#2467 = SURFACE_CURVE('',#2468,(#2472,#2478),.PCURVE_S1.);
#2468 = LINE('',#2469,#2470);
#2469 = CARTESIAN_POINT('',(-2.453552637148,-28.54967782643,9.5));
#2470 = VECTOR('',#2471,1.);
#2471 = DIRECTION('',(-0.5,-0.866025403784,0.));
#2472 = PCURVE('',#837,#2473);
#2473 = DEFINITIONAL_REPRESENTATION('',(#2474),#2477);
#2474 = B_SPLINE_CURVE_WITH_KNOTS('',1,(#2475,#2476),.UNSPECIFIED.,.F.,
  .F.,(2,2),(-14.49111974267,-9.699112508483),.PIECEWISE_BEZIER_KNOTS.);
#2475 = CARTESIAN_POINT('',(4.792007234188,-4.05));
#2476 = CARTESIAN_POINT('',(0.,-4.05));
#2477 = ( GEOMETRIC_REPRESENTATION_CONTEXT(2) 
PARAMETRIC_REPRESENTATION_CONTEXT() REPRESENTATION_CONTEXT('2D SPACE',''
  ) );
#2478 = PCURVE('',#2353,#2479);
#2479 = DEFINITIONAL_REPRESENTATION('',(#2480),#2484);
#2480 = LINE('',#2481,#2482);
#2481 = CARTESIAN_POINT('',(20.546447362852,-9.549677826435));
#2482 = VECTOR('',#2483,1.);
#2483 = DIRECTION('',(-0.5,-0.866025403784));
#2484 = ( GEOMETRIC_REPRESENTATION_CONTEXT(2) 
PARAMETRIC_REPRESENTATION_CONTEXT() REPRESENTATION_CONTEXT('2D SPACE',''
  ) );
#2485 = ORIENTED_EDGE('',*,*,#2486,.F.);
#2486 = EDGE_CURVE('',#2440,#2465,#2487,.T.);
#2487 = SURFACE_CURVE('',#2488,(#2492,#2499),.PCURVE_S1.);
#2488 = LINE('',#2489,#2490);
#2489 = CARTESIAN_POINT('',(4.792007234188,-16.,5.45));
#2490 = VECTOR('',#2491,1.);
#2491 = DIRECTION('',(0.,0.,1.));
#2492 = PCURVE('',#837,#2493);
#2493 = DEFINITIONAL_REPRESENTATION('',(#2494),#2498);
#2494 = LINE('',#2495,#2496);
#2495 = CARTESIAN_POINT('',(4.792007234188,0.));
#2496 = VECTOR('',#2497,1.);
#2497 = DIRECTION('',(0.,-1.));
#2498 = ( GEOMETRIC_REPRESENTATION_CONTEXT(2) 
PARAMETRIC_REPRESENTATION_CONTEXT() REPRESENTATION_CONTEXT('2D SPACE',''
  ) );
#2499 = PCURVE('',#2500,#2505);
#2500 = PLANE('',#2501);
#2501 = AXIS2_PLACEMENT_3D('',#2502,#2503,#2504);
#2502 = CARTESIAN_POINT('',(4.792007234188,-16.,5.45));
#2503 = DIRECTION('',(-0.866025403784,-0.5,0.));
#2504 = DIRECTION('',(-0.5,0.866025403784,0.));
#2505 = DEFINITIONAL_REPRESENTATION('',(#2506),#2510);
#2506 = LINE('',#2507,#2508);
#2507 = CARTESIAN_POINT('',(0.,0.));
#2508 = VECTOR('',#2509,1.);
#2509 = DIRECTION('',(0.,-1.));
#2510 = ( GEOMETRIC_REPRESENTATION_CONTEXT(2) 
PARAMETRIC_REPRESENTATION_CONTEXT() REPRESENTATION_CONTEXT('2D SPACE',''
  ) );
#2511 = ADVANCED_FACE('',(#2512),#602,.F.);
#2512 = FACE_BOUND('',#2513,.F.);
#2513 = EDGE_LOOP('',(#2514,#2537,#2565,#2586,#2587,#2608));
#2514 = ORIENTED_EDGE('',*,*,#2515,.T.);
#2515 = EDGE_CURVE('',#587,#2516,#2518,.T.);
#2516 = VERTEX_POINT('',#2517);
#2517 = CARTESIAN_POINT('',(-23.,-19.,17.5));
#2518 = SURFACE_CURVE('',#2519,(#2523,#2530),.PCURVE_S1.);
#2519 = LINE('',#2520,#2521);
#2520 = CARTESIAN_POINT('',(-23.,-19.,9.5));
#2521 = VECTOR('',#2522,1.);
#2522 = DIRECTION('',(0.,0.,1.));
#2523 = PCURVE('',#602,#2524);
#2524 = DEFINITIONAL_REPRESENTATION('',(#2525),#2529);
#2525 = LINE('',#2526,#2527);
#2526 = CARTESIAN_POINT('',(0.,0.));
#2527 = VECTOR('',#2528,1.);
#2528 = DIRECTION('',(1.,0.));
#2529 = ( GEOMETRIC_REPRESENTATION_CONTEXT(2) 
PARAMETRIC_REPRESENTATION_CONTEXT() REPRESENTATION_CONTEXT('2D SPACE',''
  ) );
#2530 = PCURVE('',#630,#2531);
#2531 = DEFINITIONAL_REPRESENTATION('',(#2532),#2536);
#2532 = LINE('',#2533,#2534);
#2533 = CARTESIAN_POINT('',(0.,0.));
#2534 = VECTOR('',#2535,1.);
#2535 = DIRECTION('',(1.,0.));
#2536 = ( GEOMETRIC_REPRESENTATION_CONTEXT(2) 
PARAMETRIC_REPRESENTATION_CONTEXT() REPRESENTATION_CONTEXT('2D SPACE',''
  ) );
#2537 = ORIENTED_EDGE('',*,*,#2538,.T.);
#2538 = EDGE_CURVE('',#2516,#2539,#2541,.T.);
#2539 = VERTEX_POINT('',#2540);
#2540 = CARTESIAN_POINT('',(23.,-19.,17.5));
#2541 = SURFACE_CURVE('',#2542,(#2546,#2553),.PCURVE_S1.);
#2542 = LINE('',#2543,#2544);
#2543 = CARTESIAN_POINT('',(-23.,-19.,17.5));
#2544 = VECTOR('',#2545,1.);
#2545 = DIRECTION('',(1.,0.,0.));
#2546 = PCURVE('',#602,#2547);
#2547 = DEFINITIONAL_REPRESENTATION('',(#2548),#2552);
#2548 = LINE('',#2549,#2550);
#2549 = CARTESIAN_POINT('',(8.,0.));
#2550 = VECTOR('',#2551,1.);
#2551 = DIRECTION('',(0.,1.));
#2552 = ( GEOMETRIC_REPRESENTATION_CONTEXT(2) 
PARAMETRIC_REPRESENTATION_CONTEXT() REPRESENTATION_CONTEXT('2D SPACE',''
  ) );
#2553 = PCURVE('',#2554,#2559);
#2554 = PLANE('',#2555);
#2555 = AXIS2_PLACEMENT_3D('',#2556,#2557,#2558);
#2556 = CARTESIAN_POINT('',(-23.,-19.,17.5));
#2557 = DIRECTION('',(0.,0.,1.));
#2558 = DIRECTION('',(1.,0.,0.));
#2559 = DEFINITIONAL_REPRESENTATION('',(#2560),#2564);
#2560 = LINE('',#2561,#2562);
#2561 = CARTESIAN_POINT('',(0.,0.));
#2562 = VECTOR('',#2563,1.);
#2563 = DIRECTION('',(1.,0.));
#2564 = ( GEOMETRIC_REPRESENTATION_CONTEXT(2) 
PARAMETRIC_REPRESENTATION_CONTEXT() REPRESENTATION_CONTEXT('2D SPACE',''
  ) );
#2565 = ORIENTED_EDGE('',*,*,#2566,.F.);
#2566 = EDGE_CURVE('',#772,#2539,#2567,.T.);
#2567 = SURFACE_CURVE('',#2568,(#2572,#2579),.PCURVE_S1.);
#2568 = LINE('',#2569,#2570);
#2569 = CARTESIAN_POINT('',(23.,-19.,9.5));
#2570 = VECTOR('',#2571,1.);
#2571 = DIRECTION('',(0.,0.,1.));
#2572 = PCURVE('',#602,#2573);
#2573 = DEFINITIONAL_REPRESENTATION('',(#2574),#2578);
#2574 = LINE('',#2575,#2576);
#2575 = CARTESIAN_POINT('',(0.,46.));
#2576 = VECTOR('',#2577,1.);
#2577 = DIRECTION('',(1.,0.));
#2578 = ( GEOMETRIC_REPRESENTATION_CONTEXT(2) 
PARAMETRIC_REPRESENTATION_CONTEXT() REPRESENTATION_CONTEXT('2D SPACE',''
  ) );
#2579 = PCURVE('',#787,#2580);
#2580 = DEFINITIONAL_REPRESENTATION('',(#2581),#2585);
#2581 = LINE('',#2582,#2583);
#2582 = CARTESIAN_POINT('',(0.,0.));
#2583 = VECTOR('',#2584,1.);
#2584 = DIRECTION('',(1.,0.));
#2585 = ( GEOMETRIC_REPRESENTATION_CONTEXT(2) 
PARAMETRIC_REPRESENTATION_CONTEXT() REPRESENTATION_CONTEXT('2D SPACE',''
  ) );
#2586 = ORIENTED_EDGE('',*,*,#799,.T.);
#2587 = ORIENTED_EDGE('',*,*,#2588,.T.);
#2588 = EDGE_CURVE('',#800,#561,#2589,.T.);
#2589 = SURFACE_CURVE('',#2590,(#2594,#2601),.PCURVE_S1.);
#2590 = LINE('',#2591,#2592);
#2591 = CARTESIAN_POINT('',(23.,-19.,9.5));
#2592 = VECTOR('',#2593,1.);
#2593 = DIRECTION('',(-1.,0.,0.));
#2594 = PCURVE('',#602,#2595);
#2595 = DEFINITIONAL_REPRESENTATION('',(#2596),#2600);
#2596 = LINE('',#2597,#2598);
#2597 = CARTESIAN_POINT('',(0.,46.));
#2598 = VECTOR('',#2599,1.);
#2599 = DIRECTION('',(0.,-1.));
#2600 = ( GEOMETRIC_REPRESENTATION_CONTEXT(2) 
PARAMETRIC_REPRESENTATION_CONTEXT() REPRESENTATION_CONTEXT('2D SPACE',''
  ) );
#2601 = PCURVE('',#2353,#2602);
#2602 = DEFINITIONAL_REPRESENTATION('',(#2603),#2607);
#2603 = LINE('',#2604,#2605);
#2604 = CARTESIAN_POINT('',(46.,0.));
#2605 = VECTOR('',#2606,1.);
#2606 = DIRECTION('',(-1.,0.));
#2607 = ( GEOMETRIC_REPRESENTATION_CONTEXT(2) 
PARAMETRIC_REPRESENTATION_CONTEXT() REPRESENTATION_CONTEXT('2D SPACE',''
  ) );
#2608 = ORIENTED_EDGE('',*,*,#586,.T.);
#2609 = ADVANCED_FACE('',(#2610),#787,.T.);
#2610 = FACE_BOUND('',#2611,.T.);
#2611 = EDGE_LOOP('',(#2612,#2635,#2636,#2637));
#2612 = ORIENTED_EDGE('',*,*,#2613,.F.);
#2613 = EDGE_CURVE('',#2539,#2614,#2616,.T.);
#2614 = VERTEX_POINT('',#2615);
#2615 = CARTESIAN_POINT('',(23.,19.,17.5));
#2616 = SURFACE_CURVE('',#2617,(#2621,#2628),.PCURVE_S1.);
#2617 = LINE('',#2618,#2619);
#2618 = CARTESIAN_POINT('',(23.,-19.,17.5));
#2619 = VECTOR('',#2620,1.);
#2620 = DIRECTION('',(0.,1.,0.));
#2621 = PCURVE('',#787,#2622);
#2622 = DEFINITIONAL_REPRESENTATION('',(#2623),#2627);
#2623 = LINE('',#2624,#2625);
#2624 = CARTESIAN_POINT('',(8.,0.));
#2625 = VECTOR('',#2626,1.);
#2626 = DIRECTION('',(0.,-1.));
#2627 = ( GEOMETRIC_REPRESENTATION_CONTEXT(2) 
PARAMETRIC_REPRESENTATION_CONTEXT() REPRESENTATION_CONTEXT('2D SPACE',''
  ) );
#2628 = PCURVE('',#2554,#2629);
#2629 = DEFINITIONAL_REPRESENTATION('',(#2630),#2634);
#2630 = LINE('',#2631,#2632);
#2631 = CARTESIAN_POINT('',(46.,0.));
#2632 = VECTOR('',#2633,1.);
#2633 = DIRECTION('',(0.,1.));
#2634 = ( GEOMETRIC_REPRESENTATION_CONTEXT(2) 
PARAMETRIC_REPRESENTATION_CONTEXT() REPRESENTATION_CONTEXT('2D SPACE',''
  ) );
#2635 = ORIENTED_EDGE('',*,*,#2566,.F.);
#2636 = ORIENTED_EDGE('',*,*,#771,.F.);
#2637 = ORIENTED_EDGE('',*,*,#2638,.T.);
#2638 = EDGE_CURVE('',#749,#2614,#2639,.T.);
#2639 = SURFACE_CURVE('',#2640,(#2644,#2651),.PCURVE_S1.);
#2640 = LINE('',#2641,#2642);
#2641 = CARTESIAN_POINT('',(23.,19.,9.5));
#2642 = VECTOR('',#2643,1.);
#2643 = DIRECTION('',(0.,0.,1.));
#2644 = PCURVE('',#787,#2645);
#2645 = DEFINITIONAL_REPRESENTATION('',(#2646),#2650);
#2646 = LINE('',#2647,#2648);
#2647 = CARTESIAN_POINT('',(0.,-38.));
#2648 = VECTOR('',#2649,1.);
#2649 = DIRECTION('',(1.,0.));
#2650 = ( GEOMETRIC_REPRESENTATION_CONTEXT(2) 
PARAMETRIC_REPRESENTATION_CONTEXT() REPRESENTATION_CONTEXT('2D SPACE',''
  ) );
#2651 = PCURVE('',#658,#2652);
#2652 = DEFINITIONAL_REPRESENTATION('',(#2653),#2657);
#2653 = LINE('',#2654,#2655);
#2654 = CARTESIAN_POINT('',(0.,46.));
#2655 = VECTOR('',#2656,1.);
#2656 = DIRECTION('',(1.,0.));
#2657 = ( GEOMETRIC_REPRESENTATION_CONTEXT(2) 
PARAMETRIC_REPRESENTATION_CONTEXT() REPRESENTATION_CONTEXT('2D SPACE',''
  ) );
#2658 = ADVANCED_FACE('',(#2659),#658,.T.);
#2659 = FACE_BOUND('',#2660,.T.);
#2660 = EDGE_LOOP('',(#2661,#2662,#2685,#2706,#2707,#2708));
#2661 = ORIENTED_EDGE('',*,*,#642,.F.);
#2662 = ORIENTED_EDGE('',*,*,#2663,.T.);
#2663 = EDGE_CURVE('',#615,#2664,#2666,.T.);
#2664 = VERTEX_POINT('',#2665);
#2665 = CARTESIAN_POINT('',(-23.,19.,17.5));
#2666 = SURFACE_CURVE('',#2667,(#2671,#2678),.PCURVE_S1.);
#2667 = LINE('',#2668,#2669);
#2668 = CARTESIAN_POINT('',(-23.,19.,9.5));
#2669 = VECTOR('',#2670,1.);
#2670 = DIRECTION('',(0.,0.,1.));
#2671 = PCURVE('',#658,#2672);
#2672 = DEFINITIONAL_REPRESENTATION('',(#2673),#2677);
#2673 = LINE('',#2674,#2675);
#2674 = CARTESIAN_POINT('',(0.,0.));
#2675 = VECTOR('',#2676,1.);
#2676 = DIRECTION('',(1.,0.));
#2677 = ( GEOMETRIC_REPRESENTATION_CONTEXT(2) 
PARAMETRIC_REPRESENTATION_CONTEXT() REPRESENTATION_CONTEXT('2D SPACE',''
  ) );
#2678 = PCURVE('',#630,#2679);
#2679 = DEFINITIONAL_REPRESENTATION('',(#2680),#2684);
#2680 = LINE('',#2681,#2682);
#2681 = CARTESIAN_POINT('',(0.,-38.));
#2682 = VECTOR('',#2683,1.);
#2683 = DIRECTION('',(1.,0.));
#2684 = ( GEOMETRIC_REPRESENTATION_CONTEXT(2) 
PARAMETRIC_REPRESENTATION_CONTEXT() REPRESENTATION_CONTEXT('2D SPACE',''
  ) );
#2685 = ORIENTED_EDGE('',*,*,#2686,.F.);
#2686 = EDGE_CURVE('',#2614,#2664,#2687,.T.);
#2687 = SURFACE_CURVE('',#2688,(#2692,#2699),.PCURVE_S1.);
#2688 = LINE('',#2689,#2690);
#2689 = CARTESIAN_POINT('',(23.,19.,17.5));
#2690 = VECTOR('',#2691,1.);
#2691 = DIRECTION('',(-1.,0.,0.));
#2692 = PCURVE('',#658,#2693);
#2693 = DEFINITIONAL_REPRESENTATION('',(#2694),#2698);
#2694 = LINE('',#2695,#2696);
#2695 = CARTESIAN_POINT('',(8.,46.));
#2696 = VECTOR('',#2697,1.);
#2697 = DIRECTION('',(0.,-1.));
#2698 = ( GEOMETRIC_REPRESENTATION_CONTEXT(2) 
PARAMETRIC_REPRESENTATION_CONTEXT() REPRESENTATION_CONTEXT('2D SPACE',''
  ) );
#2699 = PCURVE('',#2554,#2700);
#2700 = DEFINITIONAL_REPRESENTATION('',(#2701),#2705);
#2701 = LINE('',#2702,#2703);
#2702 = CARTESIAN_POINT('',(46.,38.));
#2703 = VECTOR('',#2704,1.);
#2704 = DIRECTION('',(-1.,0.));
#2705 = ( GEOMETRIC_REPRESENTATION_CONTEXT(2) 
PARAMETRIC_REPRESENTATION_CONTEXT() REPRESENTATION_CONTEXT('2D SPACE',''
  ) );
#2706 = ORIENTED_EDGE('',*,*,#2638,.F.);
#2707 = ORIENTED_EDGE('',*,*,#748,.F.);
#2708 = ORIENTED_EDGE('',*,*,#2709,.F.);
#2709 = EDGE_CURVE('',#643,#723,#2710,.T.);
#2710 = SURFACE_CURVE('',#2711,(#2715,#2722),.PCURVE_S1.);
#2711 = LINE('',#2712,#2713);
#2712 = CARTESIAN_POINT('',(-23.,19.,9.5));
#2713 = VECTOR('',#2714,1.);
#2714 = DIRECTION('',(1.,0.,0.));
#2715 = PCURVE('',#658,#2716);
#2716 = DEFINITIONAL_REPRESENTATION('',(#2717),#2721);
#2717 = LINE('',#2718,#2719);
#2718 = CARTESIAN_POINT('',(0.,0.));
#2719 = VECTOR('',#2720,1.);
#2720 = DIRECTION('',(0.,1.));
#2721 = ( GEOMETRIC_REPRESENTATION_CONTEXT(2) 
PARAMETRIC_REPRESENTATION_CONTEXT() REPRESENTATION_CONTEXT('2D SPACE',''
  ) );
#2722 = PCURVE('',#2723,#2728);
#2723 = PLANE('',#2724);
#2724 = AXIS2_PLACEMENT_3D('',#2725,#2726,#2727);
#2725 = CARTESIAN_POINT('',(-23.,-19.,9.5));
#2726 = DIRECTION('',(0.,0.,1.));
#2727 = DIRECTION('',(1.,0.,0.));
#2728 = DEFINITIONAL_REPRESENTATION('',(#2729),#2733);
#2729 = LINE('',#2730,#2731);
#2730 = CARTESIAN_POINT('',(0.,38.));
#2731 = VECTOR('',#2732,1.);
#2732 = DIRECTION('',(1.,0.));
#2733 = ( GEOMETRIC_REPRESENTATION_CONTEXT(2) 
PARAMETRIC_REPRESENTATION_CONTEXT() REPRESENTATION_CONTEXT('2D SPACE',''
  ) );
#2734 = ADVANCED_FACE('',(#2735),#737,.T.);
#2735 = FACE_BOUND('',#2736,.T.);
#2736 = EDGE_LOOP('',(#2737,#2767,#2795,#2815,#2816));
#2737 = ORIENTED_EDGE('',*,*,#2738,.F.);
#2738 = EDGE_CURVE('',#2739,#2741,#2743,.T.);
#2739 = VERTEX_POINT('',#2740);
#2740 = CARTESIAN_POINT('',(4.792007234188,16.,5.45));
#2741 = VERTEX_POINT('',#2742);
#2742 = CARTESIAN_POINT('',(2.396003617094,20.149999999925,5.45));
#2743 = SURFACE_CURVE('',#2744,(#2748,#2755),.PCURVE_S1.);
#2744 = LINE('',#2745,#2746);
#2745 = CARTESIAN_POINT('',(4.792007234188,16.,5.45));
#2746 = VECTOR('',#2747,1.);
#2747 = DIRECTION('',(-0.5,0.866025403784,0.));
#2748 = PCURVE('',#737,#2749);
#2749 = DEFINITIONAL_REPRESENTATION('',(#2750),#2754);
#2750 = LINE('',#2751,#2752);
#2751 = CARTESIAN_POINT('',(0.,0.));
#2752 = VECTOR('',#2753,1.);
#2753 = DIRECTION('',(1.,0.));
#2754 = ( GEOMETRIC_REPRESENTATION_CONTEXT(2) 
PARAMETRIC_REPRESENTATION_CONTEXT() REPRESENTATION_CONTEXT('2D SPACE',''
  ) );
#2755 = PCURVE('',#2756,#2761);
#2756 = PLANE('',#2757);
#2757 = AXIS2_PLACEMENT_3D('',#2758,#2759,#2760);
#2758 = CARTESIAN_POINT('',(1.853458011005E-16,16.,5.45));
#2759 = DIRECTION('',(0.,0.,1.));
#2760 = DIRECTION('',(1.,0.,-0.));
#2761 = DEFINITIONAL_REPRESENTATION('',(#2762),#2766);
#2762 = LINE('',#2763,#2764);
#2763 = CARTESIAN_POINT('',(4.792007234188,0.));
#2764 = VECTOR('',#2765,1.);
#2765 = DIRECTION('',(-0.5,0.866025403784));
#2766 = ( GEOMETRIC_REPRESENTATION_CONTEXT(2) 
PARAMETRIC_REPRESENTATION_CONTEXT() REPRESENTATION_CONTEXT('2D SPACE',''
  ) );
#2767 = ORIENTED_EDGE('',*,*,#2768,.T.);
#2768 = EDGE_CURVE('',#2739,#2769,#2771,.T.);
#2769 = VERTEX_POINT('',#2770);
#2770 = CARTESIAN_POINT('',(4.792007234188,16.,9.5));
#2771 = SURFACE_CURVE('',#2772,(#2776,#2783),.PCURVE_S1.);
#2772 = LINE('',#2773,#2774);
#2773 = CARTESIAN_POINT('',(4.792007234188,16.,5.45));
#2774 = VECTOR('',#2775,1.);
#2775 = DIRECTION('',(0.,0.,1.));
#2776 = PCURVE('',#737,#2777);
#2777 = DEFINITIONAL_REPRESENTATION('',(#2778),#2782);
#2778 = LINE('',#2779,#2780);
#2779 = CARTESIAN_POINT('',(0.,0.));
#2780 = VECTOR('',#2781,1.);
#2781 = DIRECTION('',(0.,-1.));
#2782 = ( GEOMETRIC_REPRESENTATION_CONTEXT(2) 
PARAMETRIC_REPRESENTATION_CONTEXT() REPRESENTATION_CONTEXT('2D SPACE',''
  ) );
#2783 = PCURVE('',#2784,#2789);
#2784 = PLANE('',#2785);
#2785 = AXIS2_PLACEMENT_3D('',#2786,#2787,#2788);
#2786 = CARTESIAN_POINT('',(2.396003617094,11.850000000075,5.45));
#2787 = DIRECTION('',(-0.866025403784,0.5,0.));
#2788 = DIRECTION('',(0.5,0.866025403784,0.));
#2789 = DEFINITIONAL_REPRESENTATION('',(#2790),#2794);
#2790 = LINE('',#2791,#2792);
#2791 = CARTESIAN_POINT('',(4.792007234188,0.));
#2792 = VECTOR('',#2793,1.);
#2793 = DIRECTION('',(0.,-1.));
#2794 = ( GEOMETRIC_REPRESENTATION_CONTEXT(2) 
PARAMETRIC_REPRESENTATION_CONTEXT() REPRESENTATION_CONTEXT('2D SPACE',''
  ) );
#2795 = ORIENTED_EDGE('',*,*,#2796,.F.);
#2796 = EDGE_CURVE('',#723,#2769,#2797,.T.);
#2797 = SURFACE_CURVE('',#2798,(#2802,#2808),.PCURVE_S1.);
#2798 = LINE('',#2799,#2800);
#2799 = CARTESIAN_POINT('',(9.569766718705,7.724677826472,9.5));
#2800 = VECTOR('',#2801,1.);
#2801 = DIRECTION('',(0.5,-0.866025403784,0.));
#2802 = PCURVE('',#737,#2803);
#2803 = DEFINITIONAL_REPRESENTATION('',(#2804),#2807);
#2804 = B_SPLINE_CURVE_WITH_KNOTS('',1,(#2805,#2806),.UNSPECIFIED.,.F.,
  .F.,(2,2),(-14.34752620322,-9.555518969034),.PIECEWISE_BEZIER_KNOTS.);
#2805 = CARTESIAN_POINT('',(4.792007234188,-4.05));
#2806 = CARTESIAN_POINT('',(0.,-4.05));
#2807 = ( GEOMETRIC_REPRESENTATION_CONTEXT(2) 
PARAMETRIC_REPRESENTATION_CONTEXT() REPRESENTATION_CONTEXT('2D SPACE',''
  ) );
#2808 = PCURVE('',#2723,#2809);
#2809 = DEFINITIONAL_REPRESENTATION('',(#2810),#2814);
#2810 = LINE('',#2811,#2812);
#2811 = CARTESIAN_POINT('',(32.569766718705,26.724677826472));
#2812 = VECTOR('',#2813,1.);
#2813 = DIRECTION('',(0.5,-0.866025403784));
#2814 = ( GEOMETRIC_REPRESENTATION_CONTEXT(2) 
PARAMETRIC_REPRESENTATION_CONTEXT() REPRESENTATION_CONTEXT('2D SPACE',''
  ) );
#2815 = ORIENTED_EDGE('',*,*,#722,.F.);
#2816 = ORIENTED_EDGE('',*,*,#2817,.F.);
#2817 = EDGE_CURVE('',#2741,#697,#2818,.T.);
#2818 = SURFACE_CURVE('',#2819,(#2823,#2830),.PCURVE_S1.);
#2819 = LINE('',#2820,#2821);
#2820 = CARTESIAN_POINT('',(2.396003617094,20.149999999925,5.45));
#2821 = VECTOR('',#2822,1.);
#2822 = DIRECTION('',(0.,0.,1.));
#2823 = PCURVE('',#737,#2824);
#2824 = DEFINITIONAL_REPRESENTATION('',(#2825),#2829);
#2825 = LINE('',#2826,#2827);
#2826 = CARTESIAN_POINT('',(4.792007234188,0.));
#2827 = VECTOR('',#2828,1.);
#2828 = DIRECTION('',(0.,-1.));
#2829 = ( GEOMETRIC_REPRESENTATION_CONTEXT(2) 
PARAMETRIC_REPRESENTATION_CONTEXT() REPRESENTATION_CONTEXT('2D SPACE',''
  ) );
#2830 = PCURVE('',#711,#2831);
#2831 = DEFINITIONAL_REPRESENTATION('',(#2832),#2836);
#2832 = LINE('',#2833,#2834);
#2833 = CARTESIAN_POINT('',(0.,0.));
#2834 = VECTOR('',#2835,1.);
#2835 = DIRECTION('',(0.,-1.));
#2836 = ( GEOMETRIC_REPRESENTATION_CONTEXT(2) 
PARAMETRIC_REPRESENTATION_CONTEXT() REPRESENTATION_CONTEXT('2D SPACE',''
  ) );
#2837 = ADVANCED_FACE('',(#2838),#711,.T.);
#2838 = FACE_BOUND('',#2839,.T.);
#2839 = EDGE_LOOP('',(#2840,#2863,#2864,#2865));
#2840 = ORIENTED_EDGE('',*,*,#2841,.F.);
#2841 = EDGE_CURVE('',#2741,#2842,#2844,.T.);
#2842 = VERTEX_POINT('',#2843);
#2843 = CARTESIAN_POINT('',(-2.396003617094,20.149999999925,5.45));
#2844 = SURFACE_CURVE('',#2845,(#2849,#2856),.PCURVE_S1.);
#2845 = LINE('',#2846,#2847);
#2846 = CARTESIAN_POINT('',(2.396003617094,20.149999999925,5.45));
#2847 = VECTOR('',#2848,1.);
#2848 = DIRECTION('',(-1.,1.853458011005E-16,0.));
#2849 = PCURVE('',#711,#2850);
#2850 = DEFINITIONAL_REPRESENTATION('',(#2851),#2855);
#2851 = LINE('',#2852,#2853);
#2852 = CARTESIAN_POINT('',(0.,0.));
#2853 = VECTOR('',#2854,1.);
#2854 = DIRECTION('',(1.,0.));
#2855 = ( GEOMETRIC_REPRESENTATION_CONTEXT(2) 
PARAMETRIC_REPRESENTATION_CONTEXT() REPRESENTATION_CONTEXT('2D SPACE',''
  ) );
#2856 = PCURVE('',#2756,#2857);
#2857 = DEFINITIONAL_REPRESENTATION('',(#2858),#2862);
#2858 = LINE('',#2859,#2860);
#2859 = CARTESIAN_POINT('',(2.396003617094,4.149999999925));
#2860 = VECTOR('',#2861,1.);
#2861 = DIRECTION('',(-1.,1.853458011005E-16));
#2862 = ( GEOMETRIC_REPRESENTATION_CONTEXT(2) 
PARAMETRIC_REPRESENTATION_CONTEXT() REPRESENTATION_CONTEXT('2D SPACE',''
  ) );
#2863 = ORIENTED_EDGE('',*,*,#2817,.T.);
#2864 = ORIENTED_EDGE('',*,*,#696,.F.);
#2865 = ORIENTED_EDGE('',*,*,#2866,.F.);
#2866 = EDGE_CURVE('',#2842,#671,#2867,.T.);
#2867 = SURFACE_CURVE('',#2868,(#2872,#2879),.PCURVE_S1.);
#2868 = LINE('',#2869,#2870);
#2869 = CARTESIAN_POINT('',(-2.396003617094,20.149999999925,5.45));
#2870 = VECTOR('',#2871,1.);
#2871 = DIRECTION('',(0.,0.,1.));
#2872 = PCURVE('',#711,#2873);
#2873 = DEFINITIONAL_REPRESENTATION('',(#2874),#2878);
#2874 = LINE('',#2875,#2876);
#2875 = CARTESIAN_POINT('',(4.792007234188,0.));
#2876 = VECTOR('',#2877,1.);
#2877 = DIRECTION('',(0.,-1.));
#2878 = ( GEOMETRIC_REPRESENTATION_CONTEXT(2) 
PARAMETRIC_REPRESENTATION_CONTEXT() REPRESENTATION_CONTEXT('2D SPACE',''
  ) );
#2879 = PCURVE('',#685,#2880);
#2880 = DEFINITIONAL_REPRESENTATION('',(#2881),#2885);
#2881 = LINE('',#2882,#2883);
#2882 = CARTESIAN_POINT('',(0.,0.));
#2883 = VECTOR('',#2884,1.);
#2884 = DIRECTION('',(0.,-1.));
#2885 = ( GEOMETRIC_REPRESENTATION_CONTEXT(2) 
PARAMETRIC_REPRESENTATION_CONTEXT() REPRESENTATION_CONTEXT('2D SPACE',''
  ) );
#2886 = ADVANCED_FACE('',(#2887),#685,.T.);
#2887 = FACE_BOUND('',#2888,.T.);
#2888 = EDGE_LOOP('',(#2889,#2912,#2913,#2914,#2936));
#2889 = ORIENTED_EDGE('',*,*,#2890,.F.);
#2890 = EDGE_CURVE('',#2842,#2891,#2893,.T.);
#2891 = VERTEX_POINT('',#2892);
#2892 = CARTESIAN_POINT('',(-4.792007234188,16.,5.45));
#2893 = SURFACE_CURVE('',#2894,(#2898,#2905),.PCURVE_S1.);
#2894 = LINE('',#2895,#2896);
#2895 = CARTESIAN_POINT('',(-2.396003617094,20.149999999925,5.45));
#2896 = VECTOR('',#2897,1.);
#2897 = DIRECTION('',(-0.5,-0.866025403784,0.));
#2898 = PCURVE('',#685,#2899);
#2899 = DEFINITIONAL_REPRESENTATION('',(#2900),#2904);
#2900 = LINE('',#2901,#2902);
#2901 = CARTESIAN_POINT('',(0.,0.));
#2902 = VECTOR('',#2903,1.);
#2903 = DIRECTION('',(1.,0.));
#2904 = ( GEOMETRIC_REPRESENTATION_CONTEXT(2) 
PARAMETRIC_REPRESENTATION_CONTEXT() REPRESENTATION_CONTEXT('2D SPACE',''
  ) );
#2905 = PCURVE('',#2756,#2906);
#2906 = DEFINITIONAL_REPRESENTATION('',(#2907),#2911);
#2907 = LINE('',#2908,#2909);
#2908 = CARTESIAN_POINT('',(-2.396003617094,4.149999999925));
#2909 = VECTOR('',#2910,1.);
#2910 = DIRECTION('',(-0.5,-0.866025403784));
#2911 = ( GEOMETRIC_REPRESENTATION_CONTEXT(2) 
PARAMETRIC_REPRESENTATION_CONTEXT() REPRESENTATION_CONTEXT('2D SPACE',''
  ) );
#2912 = ORIENTED_EDGE('',*,*,#2866,.T.);
#2913 = ORIENTED_EDGE('',*,*,#670,.F.);
#2914 = ORIENTED_EDGE('',*,*,#2915,.F.);
#2915 = EDGE_CURVE('',#2916,#643,#2918,.T.);
#2916 = VERTEX_POINT('',#2917);
#2917 = CARTESIAN_POINT('',(-4.792007234188,16.,9.5));
#2918 = SURFACE_CURVE('',#2919,(#2923,#2929),.PCURVE_S1.);
#2919 = LINE('',#2920,#2921);
#2920 = CARTESIAN_POINT('',(-15.37176491015,-2.324677826547,9.5));
#2921 = VECTOR('',#2922,1.);
#2922 = DIRECTION('',(0.5,0.866025403784,-0.));
#2923 = PCURVE('',#685,#2924);
#2924 = DEFINITIONAL_REPRESENTATION('',(#2925),#2928);
#2925 = B_SPLINE_CURVE_WITH_KNOTS('',1,(#2926,#2927),.UNSPECIFIED.,.F.,
  .F.,(2,2),(21.15951535194,25.951522586128),.PIECEWISE_BEZIER_KNOTS.);
#2926 = CARTESIAN_POINT('',(4.792007234188,-4.05));
#2927 = CARTESIAN_POINT('',(0.,-4.05));
#2928 = ( GEOMETRIC_REPRESENTATION_CONTEXT(2) 
PARAMETRIC_REPRESENTATION_CONTEXT() REPRESENTATION_CONTEXT('2D SPACE',''
  ) );
#2929 = PCURVE('',#2723,#2930);
#2930 = DEFINITIONAL_REPRESENTATION('',(#2931),#2935);
#2931 = LINE('',#2932,#2933);
#2932 = CARTESIAN_POINT('',(7.628235089842,16.675322173453));
#2933 = VECTOR('',#2934,1.);
#2934 = DIRECTION('',(0.5,0.866025403784));
#2935 = ( GEOMETRIC_REPRESENTATION_CONTEXT(2) 
PARAMETRIC_REPRESENTATION_CONTEXT() REPRESENTATION_CONTEXT('2D SPACE',''
  ) );
#2936 = ORIENTED_EDGE('',*,*,#2937,.F.);
#2937 = EDGE_CURVE('',#2891,#2916,#2938,.T.);
#2938 = SURFACE_CURVE('',#2939,(#2943,#2950),.PCURVE_S1.);
#2939 = LINE('',#2940,#2941);
#2940 = CARTESIAN_POINT('',(-4.792007234188,16.,5.45));
#2941 = VECTOR('',#2942,1.);
#2942 = DIRECTION('',(0.,0.,1.));
#2943 = PCURVE('',#685,#2944);
#2944 = DEFINITIONAL_REPRESENTATION('',(#2945),#2949);
#2945 = LINE('',#2946,#2947);
#2946 = CARTESIAN_POINT('',(4.792007234188,0.));
#2947 = VECTOR('',#2948,1.);
#2948 = DIRECTION('',(0.,-1.));
#2949 = ( GEOMETRIC_REPRESENTATION_CONTEXT(2) 
PARAMETRIC_REPRESENTATION_CONTEXT() REPRESENTATION_CONTEXT('2D SPACE',''
  ) );
#2950 = PCURVE('',#2951,#2956);
#2951 = PLANE('',#2952);
#2952 = AXIS2_PLACEMENT_3D('',#2953,#2954,#2955);
#2953 = CARTESIAN_POINT('',(-4.792007234188,16.,5.45));
#2954 = DIRECTION('',(0.866025403784,0.5,-0.));
#2955 = DIRECTION('',(0.5,-0.866025403784,0.));
#2956 = DEFINITIONAL_REPRESENTATION('',(#2957),#2961);
#2957 = LINE('',#2958,#2959);
#2958 = CARTESIAN_POINT('',(0.,0.));
#2959 = VECTOR('',#2960,1.);
#2960 = DIRECTION('',(0.,-1.));
#2961 = ( GEOMETRIC_REPRESENTATION_CONTEXT(2) 
PARAMETRIC_REPRESENTATION_CONTEXT() REPRESENTATION_CONTEXT('2D SPACE',''
  ) );
#2962 = ADVANCED_FACE('',(#2963),#630,.F.);
#2963 = FACE_BOUND('',#2964,.F.);
#2964 = EDGE_LOOP('',(#2965,#2986,#2987,#2988));
#2965 = ORIENTED_EDGE('',*,*,#2966,.F.);
#2966 = EDGE_CURVE('',#2516,#2664,#2967,.T.);
#2967 = SURFACE_CURVE('',#2968,(#2972,#2979),.PCURVE_S1.);
#2968 = LINE('',#2969,#2970);
#2969 = CARTESIAN_POINT('',(-23.,-19.,17.5));
#2970 = VECTOR('',#2971,1.);
#2971 = DIRECTION('',(0.,1.,0.));
#2972 = PCURVE('',#630,#2973);
#2973 = DEFINITIONAL_REPRESENTATION('',(#2974),#2978);
#2974 = LINE('',#2975,#2976);
#2975 = CARTESIAN_POINT('',(8.,0.));
#2976 = VECTOR('',#2977,1.);
#2977 = DIRECTION('',(0.,-1.));
#2978 = ( GEOMETRIC_REPRESENTATION_CONTEXT(2) 
PARAMETRIC_REPRESENTATION_CONTEXT() REPRESENTATION_CONTEXT('2D SPACE',''
  ) );
#2979 = PCURVE('',#2554,#2980);
#2980 = DEFINITIONAL_REPRESENTATION('',(#2981),#2985);
#2981 = LINE('',#2982,#2983);
#2982 = CARTESIAN_POINT('',(0.,0.));
#2983 = VECTOR('',#2984,1.);
#2984 = DIRECTION('',(0.,1.));
#2985 = ( GEOMETRIC_REPRESENTATION_CONTEXT(2) 
PARAMETRIC_REPRESENTATION_CONTEXT() REPRESENTATION_CONTEXT('2D SPACE',''
  ) );
#2986 = ORIENTED_EDGE('',*,*,#2515,.F.);
#2987 = ORIENTED_EDGE('',*,*,#614,.F.);
#2988 = ORIENTED_EDGE('',*,*,#2663,.T.);
#2989 = ADVANCED_FACE('',(#2990),#1189,.F.);
#2990 = FACE_BOUND('',#2991,.F.);
#2991 = EDGE_LOOP('',(#2992,#2993,#3016,#3047));
#2992 = ORIENTED_EDGE('',*,*,#1168,.F.);
#2993 = ORIENTED_EDGE('',*,*,#2994,.F.);
#2994 = EDGE_CURVE('',#2995,#1169,#2997,.T.);
#2995 = VERTEX_POINT('',#2996);
#2996 = CARTESIAN_POINT('',(-22.65,-17.,9.5));
#2997 = SEAM_CURVE('',#2998,(#3002,#3009),.PCURVE_S1.);
#2998 = LINE('',#2999,#3000);
#2999 = CARTESIAN_POINT('',(-22.65,-17.,9.5));
#3000 = VECTOR('',#3001,1.);
#3001 = DIRECTION('',(0.,0.,-1.));
#3002 = PCURVE('',#1189,#3003);
#3003 = DEFINITIONAL_REPRESENTATION('',(#3004),#3008);
#3004 = LINE('',#3005,#3006);
#3005 = CARTESIAN_POINT('',(6.28318530718,-0.));
#3006 = VECTOR('',#3007,1.);
#3007 = DIRECTION('',(0.,1.));
#3008 = ( GEOMETRIC_REPRESENTATION_CONTEXT(2) 
PARAMETRIC_REPRESENTATION_CONTEXT() REPRESENTATION_CONTEXT('2D SPACE',''
  ) );
#3009 = PCURVE('',#1189,#3010);
#3010 = DEFINITIONAL_REPRESENTATION('',(#3011),#3015);
#3011 = LINE('',#3012,#3013);
#3012 = CARTESIAN_POINT('',(0.,-0.));
#3013 = VECTOR('',#3014,1.);
#3014 = DIRECTION('',(0.,1.));
#3015 = ( GEOMETRIC_REPRESENTATION_CONTEXT(2) 
PARAMETRIC_REPRESENTATION_CONTEXT() REPRESENTATION_CONTEXT('2D SPACE',''
  ) );
#3016 = ORIENTED_EDGE('',*,*,#3017,.T.);
#3017 = EDGE_CURVE('',#2995,#2995,#3018,.T.);
#3018 = SURFACE_CURVE('',#3019,(#3024,#3031),.PCURVE_S1.);
#3019 = CIRCLE('',#3020,1.65);
#3020 = AXIS2_PLACEMENT_3D('',#3021,#3022,#3023);
#3021 = CARTESIAN_POINT('',(-21.,-17.,9.5));
#3022 = DIRECTION('',(0.,0.,-1.));
#3023 = DIRECTION('',(-1.,0.,0.));
#3024 = PCURVE('',#1189,#3025);
#3025 = DEFINITIONAL_REPRESENTATION('',(#3026),#3030);
#3026 = LINE('',#3027,#3028);
#3027 = CARTESIAN_POINT('',(0.,0.));
#3028 = VECTOR('',#3029,1.);
#3029 = DIRECTION('',(1.,0.));
#3030 = ( GEOMETRIC_REPRESENTATION_CONTEXT(2) 
PARAMETRIC_REPRESENTATION_CONTEXT() REPRESENTATION_CONTEXT('2D SPACE',''
  ) );
#3031 = PCURVE('',#3032,#3037);
#3032 = PLANE('',#3033);
#3033 = AXIS2_PLACEMENT_3D('',#3034,#3035,#3036);
#3034 = CARTESIAN_POINT('',(-23.,-19.,9.5));
#3035 = DIRECTION('',(0.,0.,1.));
#3036 = DIRECTION('',(1.,0.,0.));
#3037 = DEFINITIONAL_REPRESENTATION('',(#3038),#3046);
#3038 = ( BOUNDED_CURVE() B_SPLINE_CURVE(2,(#3039,#3040,#3041,#3042,
#3043,#3044,#3045),.UNSPECIFIED.,.T.,.F.) B_SPLINE_CURVE_WITH_KNOTS((1,2
    ,2,2,2,1),(-2.094395102393,0.,2.094395102393,4.188790204786,
6.28318530718,8.377580409573),.UNSPECIFIED.) CURVE() 
GEOMETRIC_REPRESENTATION_ITEM() RATIONAL_B_SPLINE_CURVE((1.,0.5,1.,0.5,
1.,0.5,1.)) REPRESENTATION_ITEM('') );
#3039 = CARTESIAN_POINT('',(0.35,2.));
#3040 = CARTESIAN_POINT('',(0.35,4.857883832489));
#3041 = CARTESIAN_POINT('',(2.825,3.428941916244));
#3042 = CARTESIAN_POINT('',(5.3,2.));
#3043 = CARTESIAN_POINT('',(2.825,0.571058083756));
#3044 = CARTESIAN_POINT('',(0.35,-0.857883832489));
#3045 = CARTESIAN_POINT('',(0.35,2.));
#3046 = ( GEOMETRIC_REPRESENTATION_CONTEXT(2) 
PARAMETRIC_REPRESENTATION_CONTEXT() REPRESENTATION_CONTEXT('2D SPACE',''
  ) );
#3047 = ORIENTED_EDGE('',*,*,#2994,.T.);
#3048 = ADVANCED_FACE('',(#3049),#1221,.T.);
#3049 = FACE_BOUND('',#3050,.T.);
#3050 = EDGE_LOOP('',(#3051,#3074,#3075,#3098));
#3051 = ORIENTED_EDGE('',*,*,#3052,.F.);
#3052 = EDGE_CURVE('',#1204,#3053,#3055,.T.);
#3053 = VERTEX_POINT('',#3054);
#3054 = CARTESIAN_POINT('',(-6.125,-22.125,3.05));
#3055 = SURFACE_CURVE('',#3056,(#3060,#3067),.PCURVE_S1.);
#3056 = LINE('',#3057,#3058);
#3057 = CARTESIAN_POINT('',(-6.125,-22.125,0.));
#3058 = VECTOR('',#3059,1.);
#3059 = DIRECTION('',(0.,0.,1.));
#3060 = PCURVE('',#1221,#3061);
#3061 = DEFINITIONAL_REPRESENTATION('',(#3062),#3066);
#3062 = LINE('',#3063,#3064);
#3063 = CARTESIAN_POINT('',(0.,0.));
#3064 = VECTOR('',#3065,1.);
#3065 = DIRECTION('',(1.,0.));
#3066 = ( GEOMETRIC_REPRESENTATION_CONTEXT(2) 
PARAMETRIC_REPRESENTATION_CONTEXT() REPRESENTATION_CONTEXT('2D SPACE',''
  ) );
#3067 = PCURVE('',#1303,#3068);
#3068 = DEFINITIONAL_REPRESENTATION('',(#3069),#3073);
#3069 = LINE('',#3070,#3071);
#3070 = CARTESIAN_POINT('',(0.,0.));
#3071 = VECTOR('',#3072,1.);
#3072 = DIRECTION('',(1.,0.));
#3073 = ( GEOMETRIC_REPRESENTATION_CONTEXT(2) 
PARAMETRIC_REPRESENTATION_CONTEXT() REPRESENTATION_CONTEXT('2D SPACE',''
  ) );
#3074 = ORIENTED_EDGE('',*,*,#1203,.T.);
#3075 = ORIENTED_EDGE('',*,*,#3076,.T.);
#3076 = EDGE_CURVE('',#1206,#3077,#3079,.T.);
#3077 = VERTEX_POINT('',#3078);
#3078 = CARTESIAN_POINT('',(-6.125,-9.875,3.05));
#3079 = SURFACE_CURVE('',#3080,(#3084,#3091),.PCURVE_S1.);
#3080 = LINE('',#3081,#3082);
#3081 = CARTESIAN_POINT('',(-6.125,-9.875,0.));
#3082 = VECTOR('',#3083,1.);
#3083 = DIRECTION('',(0.,0.,1.));
#3084 = PCURVE('',#1221,#3085);
#3085 = DEFINITIONAL_REPRESENTATION('',(#3086),#3090);
#3086 = LINE('',#3087,#3088);
#3087 = CARTESIAN_POINT('',(0.,-12.25));
#3088 = VECTOR('',#3089,1.);
#3089 = DIRECTION('',(1.,0.));
#3090 = ( GEOMETRIC_REPRESENTATION_CONTEXT(2) 
PARAMETRIC_REPRESENTATION_CONTEXT() REPRESENTATION_CONTEXT('2D SPACE',''
  ) );
#3091 = PCURVE('',#1249,#3092);
#3092 = DEFINITIONAL_REPRESENTATION('',(#3093),#3097);
#3093 = LINE('',#3094,#3095);
#3094 = CARTESIAN_POINT('',(0.,0.));
#3095 = VECTOR('',#3096,1.);
#3096 = DIRECTION('',(1.,0.));
#3097 = ( GEOMETRIC_REPRESENTATION_CONTEXT(2) 
PARAMETRIC_REPRESENTATION_CONTEXT() REPRESENTATION_CONTEXT('2D SPACE',''
  ) );
#3098 = ORIENTED_EDGE('',*,*,#3099,.F.);
#3099 = EDGE_CURVE('',#3053,#3077,#3100,.T.);
#3100 = SURFACE_CURVE('',#3101,(#3105,#3112),.PCURVE_S1.);
#3101 = LINE('',#3102,#3103);
#3102 = CARTESIAN_POINT('',(-6.125,-22.125,3.05));
#3103 = VECTOR('',#3104,1.);
#3104 = DIRECTION('',(0.,1.,0.));
#3105 = PCURVE('',#1221,#3106);
#3106 = DEFINITIONAL_REPRESENTATION('',(#3107),#3111);
#3107 = LINE('',#3108,#3109);
#3108 = CARTESIAN_POINT('',(3.05,0.));
#3109 = VECTOR('',#3110,1.);
#3110 = DIRECTION('',(0.,-1.));
#3111 = ( GEOMETRIC_REPRESENTATION_CONTEXT(2) 
PARAMETRIC_REPRESENTATION_CONTEXT() REPRESENTATION_CONTEXT('2D SPACE',''
  ) );
#3112 = PCURVE('',#3113,#3118);
#3113 = PLANE('',#3114);
#3114 = AXIS2_PLACEMENT_3D('',#3115,#3116,#3117);
#3115 = CARTESIAN_POINT('',(-6.125,-22.125,3.05));
#3116 = DIRECTION('',(0.,0.,1.));
#3117 = DIRECTION('',(1.,0.,0.));
#3118 = DEFINITIONAL_REPRESENTATION('',(#3119),#3123);
#3119 = LINE('',#3120,#3121);
#3120 = CARTESIAN_POINT('',(0.,0.));
#3121 = VECTOR('',#3122,1.);
#3122 = DIRECTION('',(0.,1.));
#3123 = ( GEOMETRIC_REPRESENTATION_CONTEXT(2) 
PARAMETRIC_REPRESENTATION_CONTEXT() REPRESENTATION_CONTEXT('2D SPACE',''
  ) );
#3124 = ADVANCED_FACE('',(#3125),#1249,.F.);
#3125 = FACE_BOUND('',#3126,.F.);
#3126 = EDGE_LOOP('',(#3127,#3128,#3129,#3152));
#3127 = ORIENTED_EDGE('',*,*,#1233,.F.);
#3128 = ORIENTED_EDGE('',*,*,#3076,.T.);
#3129 = ORIENTED_EDGE('',*,*,#3130,.T.);
#3130 = EDGE_CURVE('',#3077,#3131,#3133,.T.);
#3131 = VERTEX_POINT('',#3132);
#3132 = CARTESIAN_POINT('',(6.125,-9.875,3.05));
#3133 = SURFACE_CURVE('',#3134,(#3138,#3145),.PCURVE_S1.);
#3134 = LINE('',#3135,#3136);
#3135 = CARTESIAN_POINT('',(-6.125,-9.875,3.05));
#3136 = VECTOR('',#3137,1.);
#3137 = DIRECTION('',(1.,0.,0.));
#3138 = PCURVE('',#1249,#3139);
#3139 = DEFINITIONAL_REPRESENTATION('',(#3140),#3144);
#3140 = LINE('',#3141,#3142);
#3141 = CARTESIAN_POINT('',(3.05,0.));
#3142 = VECTOR('',#3143,1.);
#3143 = DIRECTION('',(0.,1.));
#3144 = ( GEOMETRIC_REPRESENTATION_CONTEXT(2) 
PARAMETRIC_REPRESENTATION_CONTEXT() REPRESENTATION_CONTEXT('2D SPACE',''
  ) );
#3145 = PCURVE('',#3113,#3146);
#3146 = DEFINITIONAL_REPRESENTATION('',(#3147),#3151);
#3147 = LINE('',#3148,#3149);
#3148 = CARTESIAN_POINT('',(0.,12.25));
#3149 = VECTOR('',#3150,1.);
#3150 = DIRECTION('',(1.,0.));
#3151 = ( GEOMETRIC_REPRESENTATION_CONTEXT(2) 
PARAMETRIC_REPRESENTATION_CONTEXT() REPRESENTATION_CONTEXT('2D SPACE',''
  ) );
#3152 = ORIENTED_EDGE('',*,*,#3153,.F.);
#3153 = EDGE_CURVE('',#1234,#3131,#3154,.T.);
#3154 = SURFACE_CURVE('',#3155,(#3159,#3166),.PCURVE_S1.);
#3155 = LINE('',#3156,#3157);
#3156 = CARTESIAN_POINT('',(6.125,-9.875,0.));
#3157 = VECTOR('',#3158,1.);
#3158 = DIRECTION('',(0.,0.,1.));
#3159 = PCURVE('',#1249,#3160);
#3160 = DEFINITIONAL_REPRESENTATION('',(#3161),#3165);
#3161 = LINE('',#3162,#3163);
#3162 = CARTESIAN_POINT('',(0.,12.25));
#3163 = VECTOR('',#3164,1.);
#3164 = DIRECTION('',(1.,0.));
#3165 = ( GEOMETRIC_REPRESENTATION_CONTEXT(2) 
PARAMETRIC_REPRESENTATION_CONTEXT() REPRESENTATION_CONTEXT('2D SPACE',''
  ) );
#3166 = PCURVE('',#1277,#3167);
#3167 = DEFINITIONAL_REPRESENTATION('',(#3168),#3172);
#3168 = LINE('',#3169,#3170);
#3169 = CARTESIAN_POINT('',(0.,-12.25));
#3170 = VECTOR('',#3171,1.);
#3171 = DIRECTION('',(1.,0.));
#3172 = ( GEOMETRIC_REPRESENTATION_CONTEXT(2) 
PARAMETRIC_REPRESENTATION_CONTEXT() REPRESENTATION_CONTEXT('2D SPACE',''
  ) );
#3173 = ADVANCED_FACE('',(#3174),#1303,.T.);
#3174 = FACE_BOUND('',#3175,.T.);
#3175 = EDGE_LOOP('',(#3176,#3177,#3178,#3201));
#3176 = ORIENTED_EDGE('',*,*,#1289,.F.);
#3177 = ORIENTED_EDGE('',*,*,#3052,.T.);
#3178 = ORIENTED_EDGE('',*,*,#3179,.T.);
#3179 = EDGE_CURVE('',#3053,#3180,#3182,.T.);
#3180 = VERTEX_POINT('',#3181);
#3181 = CARTESIAN_POINT('',(6.125,-22.125,3.05));
#3182 = SURFACE_CURVE('',#3183,(#3187,#3194),.PCURVE_S1.);
#3183 = LINE('',#3184,#3185);
#3184 = CARTESIAN_POINT('',(-6.125,-22.125,3.05));
#3185 = VECTOR('',#3186,1.);
#3186 = DIRECTION('',(1.,0.,0.));
#3187 = PCURVE('',#1303,#3188);
#3188 = DEFINITIONAL_REPRESENTATION('',(#3189),#3193);
#3189 = LINE('',#3190,#3191);
#3190 = CARTESIAN_POINT('',(3.05,0.));
#3191 = VECTOR('',#3192,1.);
#3192 = DIRECTION('',(0.,1.));
#3193 = ( GEOMETRIC_REPRESENTATION_CONTEXT(2) 
PARAMETRIC_REPRESENTATION_CONTEXT() REPRESENTATION_CONTEXT('2D SPACE',''
  ) );
#3194 = PCURVE('',#3113,#3195);
#3195 = DEFINITIONAL_REPRESENTATION('',(#3196),#3200);
#3196 = LINE('',#3197,#3198);
#3197 = CARTESIAN_POINT('',(0.,0.));
#3198 = VECTOR('',#3199,1.);
#3199 = DIRECTION('',(1.,0.));
#3200 = ( GEOMETRIC_REPRESENTATION_CONTEXT(2) 
PARAMETRIC_REPRESENTATION_CONTEXT() REPRESENTATION_CONTEXT('2D SPACE',''
  ) );
#3201 = ORIENTED_EDGE('',*,*,#3202,.F.);
#3202 = EDGE_CURVE('',#1262,#3180,#3203,.T.);
#3203 = SURFACE_CURVE('',#3204,(#3208,#3215),.PCURVE_S1.);
#3204 = LINE('',#3205,#3206);
#3205 = CARTESIAN_POINT('',(6.125,-22.125,0.));
#3206 = VECTOR('',#3207,1.);
#3207 = DIRECTION('',(0.,0.,1.));
#3208 = PCURVE('',#1303,#3209);
#3209 = DEFINITIONAL_REPRESENTATION('',(#3210),#3214);
#3210 = LINE('',#3211,#3212);
#3211 = CARTESIAN_POINT('',(0.,12.25));
#3212 = VECTOR('',#3213,1.);
#3213 = DIRECTION('',(1.,0.));
#3214 = ( GEOMETRIC_REPRESENTATION_CONTEXT(2) 
PARAMETRIC_REPRESENTATION_CONTEXT() REPRESENTATION_CONTEXT('2D SPACE',''
  ) );
#3215 = PCURVE('',#1277,#3216);
#3216 = DEFINITIONAL_REPRESENTATION('',(#3217),#3221);
#3217 = LINE('',#3218,#3219);
#3218 = CARTESIAN_POINT('',(0.,0.));
#3219 = VECTOR('',#3220,1.);
#3220 = DIRECTION('',(1.,0.));
#3221 = ( GEOMETRIC_REPRESENTATION_CONTEXT(2) 
PARAMETRIC_REPRESENTATION_CONTEXT() REPRESENTATION_CONTEXT('2D SPACE',''
  ) );
#3222 = ADVANCED_FACE('',(#3223),#1277,.F.);
#3223 = FACE_BOUND('',#3224,.F.);
#3224 = EDGE_LOOP('',(#3225,#3226,#3227,#3228));
#3225 = ORIENTED_EDGE('',*,*,#3202,.F.);
#3226 = ORIENTED_EDGE('',*,*,#1261,.T.);
#3227 = ORIENTED_EDGE('',*,*,#3153,.T.);
#3228 = ORIENTED_EDGE('',*,*,#3229,.F.);
#3229 = EDGE_CURVE('',#3180,#3131,#3230,.T.);
#3230 = SURFACE_CURVE('',#3231,(#3235,#3242),.PCURVE_S1.);
#3231 = LINE('',#3232,#3233);
#3232 = CARTESIAN_POINT('',(6.125,-22.125,3.05));
#3233 = VECTOR('',#3234,1.);
#3234 = DIRECTION('',(0.,1.,0.));
#3235 = PCURVE('',#1277,#3236);
#3236 = DEFINITIONAL_REPRESENTATION('',(#3237),#3241);
#3237 = LINE('',#3238,#3239);
#3238 = CARTESIAN_POINT('',(3.05,0.));
#3239 = VECTOR('',#3240,1.);
#3240 = DIRECTION('',(0.,-1.));
#3241 = ( GEOMETRIC_REPRESENTATION_CONTEXT(2) 
PARAMETRIC_REPRESENTATION_CONTEXT() REPRESENTATION_CONTEXT('2D SPACE',''
  ) );
#3242 = PCURVE('',#3113,#3243);
#3243 = DEFINITIONAL_REPRESENTATION('',(#3244),#3248);
#3244 = LINE('',#3245,#3246);
#3245 = CARTESIAN_POINT('',(12.25,0.));
#3246 = VECTOR('',#3247,1.);
#3247 = DIRECTION('',(0.,1.));
#3248 = ( GEOMETRIC_REPRESENTATION_CONTEXT(2) 
PARAMETRIC_REPRESENTATION_CONTEXT() REPRESENTATION_CONTEXT('2D SPACE',''
  ) );
#3249 = ADVANCED_FACE('',(#3250),#1338,.F.);
#3250 = FACE_BOUND('',#3251,.F.);
#3251 = EDGE_LOOP('',(#3252,#3253,#3276,#3307));
#3252 = ORIENTED_EDGE('',*,*,#1317,.F.);
#3253 = ORIENTED_EDGE('',*,*,#3254,.F.);
#3254 = EDGE_CURVE('',#3255,#1318,#3257,.T.);
#3255 = VERTEX_POINT('',#3256);
#3256 = CARTESIAN_POINT('',(19.35,-17.,9.5));
#3257 = SEAM_CURVE('',#3258,(#3262,#3269),.PCURVE_S1.);
#3258 = LINE('',#3259,#3260);
#3259 = CARTESIAN_POINT('',(19.35,-17.,9.5));
#3260 = VECTOR('',#3261,1.);
#3261 = DIRECTION('',(0.,0.,-1.));
#3262 = PCURVE('',#1338,#3263);
#3263 = DEFINITIONAL_REPRESENTATION('',(#3264),#3268);
#3264 = LINE('',#3265,#3266);
#3265 = CARTESIAN_POINT('',(6.28318530718,-0.));
#3266 = VECTOR('',#3267,1.);
#3267 = DIRECTION('',(0.,1.));
#3268 = ( GEOMETRIC_REPRESENTATION_CONTEXT(2) 
PARAMETRIC_REPRESENTATION_CONTEXT() REPRESENTATION_CONTEXT('2D SPACE',''
  ) );
#3269 = PCURVE('',#1338,#3270);
#3270 = DEFINITIONAL_REPRESENTATION('',(#3271),#3275);
#3271 = LINE('',#3272,#3273);
#3272 = CARTESIAN_POINT('',(0.,-0.));
#3273 = VECTOR('',#3274,1.);
#3274 = DIRECTION('',(0.,1.));
#3275 = ( GEOMETRIC_REPRESENTATION_CONTEXT(2) 
PARAMETRIC_REPRESENTATION_CONTEXT() REPRESENTATION_CONTEXT('2D SPACE',''
  ) );
#3276 = ORIENTED_EDGE('',*,*,#3277,.T.);
#3277 = EDGE_CURVE('',#3255,#3255,#3278,.T.);
#3278 = SURFACE_CURVE('',#3279,(#3284,#3291),.PCURVE_S1.);
#3279 = CIRCLE('',#3280,1.65);
#3280 = AXIS2_PLACEMENT_3D('',#3281,#3282,#3283);
#3281 = CARTESIAN_POINT('',(21.,-17.,9.5));
#3282 = DIRECTION('',(0.,0.,-1.));
#3283 = DIRECTION('',(-1.,0.,0.));
#3284 = PCURVE('',#1338,#3285);
#3285 = DEFINITIONAL_REPRESENTATION('',(#3286),#3290);
#3286 = LINE('',#3287,#3288);
#3287 = CARTESIAN_POINT('',(0.,0.));
#3288 = VECTOR('',#3289,1.);
#3289 = DIRECTION('',(1.,0.));
#3290 = ( GEOMETRIC_REPRESENTATION_CONTEXT(2) 
PARAMETRIC_REPRESENTATION_CONTEXT() REPRESENTATION_CONTEXT('2D SPACE',''
  ) );
#3291 = PCURVE('',#3292,#3297);
#3292 = PLANE('',#3293);
#3293 = AXIS2_PLACEMENT_3D('',#3294,#3295,#3296);
#3294 = CARTESIAN_POINT('',(-23.,-19.,9.5));
#3295 = DIRECTION('',(0.,0.,1.));
#3296 = DIRECTION('',(1.,0.,0.));
#3297 = DEFINITIONAL_REPRESENTATION('',(#3298),#3306);
#3298 = ( BOUNDED_CURVE() B_SPLINE_CURVE(2,(#3299,#3300,#3301,#3302,
#3303,#3304,#3305),.UNSPECIFIED.,.T.,.F.) B_SPLINE_CURVE_WITH_KNOTS((1,2
    ,2,2,2,1),(-2.094395102393,0.,2.094395102393,4.188790204786,
6.28318530718,8.377580409573),.UNSPECIFIED.) CURVE() 
GEOMETRIC_REPRESENTATION_ITEM() RATIONAL_B_SPLINE_CURVE((1.,0.5,1.,0.5,
1.,0.5,1.)) REPRESENTATION_ITEM('') );
#3299 = CARTESIAN_POINT('',(42.35,2.));
#3300 = CARTESIAN_POINT('',(42.35,4.857883832489));
#3301 = CARTESIAN_POINT('',(44.825,3.428941916244));
#3302 = CARTESIAN_POINT('',(47.3,2.));
#3303 = CARTESIAN_POINT('',(44.825,0.571058083756));
#3304 = CARTESIAN_POINT('',(42.35,-0.857883832489));
#3305 = CARTESIAN_POINT('',(42.35,2.));
#3306 = ( GEOMETRIC_REPRESENTATION_CONTEXT(2) 
PARAMETRIC_REPRESENTATION_CONTEXT() REPRESENTATION_CONTEXT('2D SPACE',''
  ) );
#3307 = ORIENTED_EDGE('',*,*,#3254,.T.);
#3308 = ADVANCED_FACE('',(#3309),#1369,.T.);
#3309 = FACE_BOUND('',#3310,.T.);
#3310 = EDGE_LOOP('',(#3311,#3334,#3335,#3358));
#3311 = ORIENTED_EDGE('',*,*,#3312,.F.);
#3312 = EDGE_CURVE('',#1353,#3313,#3315,.T.);
#3313 = VERTEX_POINT('',#3314);
#3314 = CARTESIAN_POINT('',(-24.875,-11.125,1.));
#3315 = SURFACE_CURVE('',#3316,(#3320,#3327),.PCURVE_S1.);
#3316 = LINE('',#3317,#3318);
#3317 = CARTESIAN_POINT('',(-24.875,-11.125,-5.E-02));
#3318 = VECTOR('',#3319,1.);
#3319 = DIRECTION('',(0.,0.,1.));
#3320 = PCURVE('',#1369,#3321);
#3321 = DEFINITIONAL_REPRESENTATION('',(#3322),#3326);
#3322 = LINE('',#3323,#3324);
#3323 = CARTESIAN_POINT('',(0.,10.25));
#3324 = VECTOR('',#3325,1.);
#3325 = DIRECTION('',(1.,0.));
#3326 = ( GEOMETRIC_REPRESENTATION_CONTEXT(2) 
PARAMETRIC_REPRESENTATION_CONTEXT() REPRESENTATION_CONTEXT('2D SPACE',''
  ) );
#3327 = PCURVE('',#1445,#3328);
#3328 = DEFINITIONAL_REPRESENTATION('',(#3329),#3333);
#3329 = LINE('',#3330,#3331);
#3330 = CARTESIAN_POINT('',(0.,0.));
#3331 = VECTOR('',#3332,1.);
#3332 = DIRECTION('',(1.,0.));
#3333 = ( GEOMETRIC_REPRESENTATION_CONTEXT(2) 
PARAMETRIC_REPRESENTATION_CONTEXT() REPRESENTATION_CONTEXT('2D SPACE',''
  ) );
#3334 = ORIENTED_EDGE('',*,*,#1352,.T.);
#3335 = ORIENTED_EDGE('',*,*,#3336,.T.);
#3336 = EDGE_CURVE('',#1355,#3337,#3339,.T.);
#3337 = VERTEX_POINT('',#3338);
#3338 = CARTESIAN_POINT('',(-35.125,-11.125,1.));
#3339 = SURFACE_CURVE('',#3340,(#3344,#3351),.PCURVE_S1.);
#3340 = LINE('',#3341,#3342);
#3341 = CARTESIAN_POINT('',(-35.125,-11.125,-5.E-02));
#3342 = VECTOR('',#3343,1.);
#3343 = DIRECTION('',(0.,0.,1.));
#3344 = PCURVE('',#1369,#3345);
#3345 = DEFINITIONAL_REPRESENTATION('',(#3346),#3350);
#3346 = LINE('',#3347,#3348);
#3347 = CARTESIAN_POINT('',(0.,0.));
#3348 = VECTOR('',#3349,1.);
#3349 = DIRECTION('',(1.,0.));
#3350 = ( GEOMETRIC_REPRESENTATION_CONTEXT(2) 
PARAMETRIC_REPRESENTATION_CONTEXT() REPRESENTATION_CONTEXT('2D SPACE',''
  ) );
#3351 = PCURVE('',#1395,#3352);
#3352 = DEFINITIONAL_REPRESENTATION('',(#3353),#3357);
#3353 = LINE('',#3354,#3355);
#3354 = CARTESIAN_POINT('',(0.,0.));
#3355 = VECTOR('',#3356,1.);
#3356 = DIRECTION('',(1.,0.));
#3357 = ( GEOMETRIC_REPRESENTATION_CONTEXT(2) 
PARAMETRIC_REPRESENTATION_CONTEXT() REPRESENTATION_CONTEXT('2D SPACE',''
  ) );
#3358 = ORIENTED_EDGE('',*,*,#3359,.T.);
#3359 = EDGE_CURVE('',#3337,#3313,#3360,.T.);
#3360 = SURFACE_CURVE('',#3361,(#3365,#3372),.PCURVE_S1.);
#3361 = LINE('',#3362,#3363);
#3362 = CARTESIAN_POINT('',(-35.125,-11.125,1.));
#3363 = VECTOR('',#3364,1.);
#3364 = DIRECTION('',(1.,0.,0.));
#3365 = PCURVE('',#1369,#3366);
#3366 = DEFINITIONAL_REPRESENTATION('',(#3367),#3371);
#3367 = LINE('',#3368,#3369);
#3368 = CARTESIAN_POINT('',(1.05,0.));
#3369 = VECTOR('',#3370,1.);
#3370 = DIRECTION('',(0.,1.));
#3371 = ( GEOMETRIC_REPRESENTATION_CONTEXT(2) 
PARAMETRIC_REPRESENTATION_CONTEXT() REPRESENTATION_CONTEXT('2D SPACE',''
  ) );
#3372 = PCURVE('',#2120,#3373);
#3373 = DEFINITIONAL_REPRESENTATION('',(#3374),#3378);
#3374 = LINE('',#3375,#3376);
#3375 = CARTESIAN_POINT('',(0.,0.));
#3376 = VECTOR('',#3377,1.);
#3377 = DIRECTION('',(1.,0.));
#3378 = ( GEOMETRIC_REPRESENTATION_CONTEXT(2) 
PARAMETRIC_REPRESENTATION_CONTEXT() REPRESENTATION_CONTEXT('2D SPACE',''
  ) );
#3379 = ADVANCED_FACE('',(#3380),#1445,.F.);
#3380 = FACE_BOUND('',#3381,.F.);
#3381 = EDGE_LOOP('',(#3382,#3383,#3384,#3407));
#3382 = ORIENTED_EDGE('',*,*,#3312,.F.);
#3383 = ORIENTED_EDGE('',*,*,#1432,.T.);
#3384 = ORIENTED_EDGE('',*,*,#3385,.T.);
#3385 = EDGE_CURVE('',#1407,#3386,#3388,.T.);
#3386 = VERTEX_POINT('',#3387);
#3387 = CARTESIAN_POINT('',(-24.875,11.125,1.));
#3388 = SURFACE_CURVE('',#3389,(#3393,#3400),.PCURVE_S1.);
#3389 = LINE('',#3390,#3391);
#3390 = CARTESIAN_POINT('',(-24.875,11.125,-5.E-02));
#3391 = VECTOR('',#3392,1.);
#3392 = DIRECTION('',(0.,0.,1.));
#3393 = PCURVE('',#1445,#3394);
#3394 = DEFINITIONAL_REPRESENTATION('',(#3395),#3399);
#3395 = LINE('',#3396,#3397);
#3396 = CARTESIAN_POINT('',(0.,-22.25));
#3397 = VECTOR('',#3398,1.);
#3398 = DIRECTION('',(1.,0.));
#3399 = ( GEOMETRIC_REPRESENTATION_CONTEXT(2) 
PARAMETRIC_REPRESENTATION_CONTEXT() REPRESENTATION_CONTEXT('2D SPACE',''
  ) );
#3400 = PCURVE('',#1421,#3401);
#3401 = DEFINITIONAL_REPRESENTATION('',(#3402),#3406);
#3402 = LINE('',#3403,#3404);
#3403 = CARTESIAN_POINT('',(0.,10.25));
#3404 = VECTOR('',#3405,1.);
#3405 = DIRECTION('',(1.,0.));
#3406 = ( GEOMETRIC_REPRESENTATION_CONTEXT(2) 
PARAMETRIC_REPRESENTATION_CONTEXT() REPRESENTATION_CONTEXT('2D SPACE',''
  ) );
#3407 = ORIENTED_EDGE('',*,*,#3408,.F.);
#3408 = EDGE_CURVE('',#3313,#3386,#3409,.T.);
#3409 = SURFACE_CURVE('',#3410,(#3414,#3421),.PCURVE_S1.);
#3410 = LINE('',#3411,#3412);
#3411 = CARTESIAN_POINT('',(-24.875,-11.125,1.));
#3412 = VECTOR('',#3413,1.);
#3413 = DIRECTION('',(0.,1.,0.));
#3414 = PCURVE('',#1445,#3415);
#3415 = DEFINITIONAL_REPRESENTATION('',(#3416),#3420);
#3416 = LINE('',#3417,#3418);
#3417 = CARTESIAN_POINT('',(1.05,0.));
#3418 = VECTOR('',#3419,1.);
#3419 = DIRECTION('',(0.,-1.));
#3420 = ( GEOMETRIC_REPRESENTATION_CONTEXT(2) 
PARAMETRIC_REPRESENTATION_CONTEXT() REPRESENTATION_CONTEXT('2D SPACE',''
  ) );
#3421 = PCURVE('',#2120,#3422);
#3422 = DEFINITIONAL_REPRESENTATION('',(#3423),#3427);
#3423 = LINE('',#3424,#3425);
#3424 = CARTESIAN_POINT('',(10.25,0.));
#3425 = VECTOR('',#3426,1.);
#3426 = DIRECTION('',(0.,1.));
#3427 = ( GEOMETRIC_REPRESENTATION_CONTEXT(2) 
PARAMETRIC_REPRESENTATION_CONTEXT() REPRESENTATION_CONTEXT('2D SPACE',''
  ) );
#3428 = ADVANCED_FACE('',(#3429),#1395,.T.);
#3429 = FACE_BOUND('',#3430,.T.);
#3430 = EDGE_LOOP('',(#3431,#3432,#3433,#3456));
#3431 = ORIENTED_EDGE('',*,*,#3336,.F.);
#3432 = ORIENTED_EDGE('',*,*,#1380,.T.);
#3433 = ORIENTED_EDGE('',*,*,#3434,.T.);
#3434 = EDGE_CURVE('',#1381,#3435,#3437,.T.);
#3435 = VERTEX_POINT('',#3436);
#3436 = CARTESIAN_POINT('',(-35.125,11.125,1.));
#3437 = SURFACE_CURVE('',#3438,(#3442,#3449),.PCURVE_S1.);
#3438 = LINE('',#3439,#3440);
#3439 = CARTESIAN_POINT('',(-35.125,11.125,-5.E-02));
#3440 = VECTOR('',#3441,1.);
#3441 = DIRECTION('',(0.,0.,1.));
#3442 = PCURVE('',#1395,#3443);
#3443 = DEFINITIONAL_REPRESENTATION('',(#3444),#3448);
#3444 = LINE('',#3445,#3446);
#3445 = CARTESIAN_POINT('',(0.,-22.25));
#3446 = VECTOR('',#3447,1.);
#3447 = DIRECTION('',(1.,0.));
#3448 = ( GEOMETRIC_REPRESENTATION_CONTEXT(2) 
PARAMETRIC_REPRESENTATION_CONTEXT() REPRESENTATION_CONTEXT('2D SPACE',''
  ) );
#3449 = PCURVE('',#1421,#3450);
#3450 = DEFINITIONAL_REPRESENTATION('',(#3451),#3455);
#3451 = LINE('',#3452,#3453);
#3452 = CARTESIAN_POINT('',(0.,0.));
#3453 = VECTOR('',#3454,1.);
#3454 = DIRECTION('',(1.,0.));
#3455 = ( GEOMETRIC_REPRESENTATION_CONTEXT(2) 
PARAMETRIC_REPRESENTATION_CONTEXT() REPRESENTATION_CONTEXT('2D SPACE',''
  ) );
#3456 = ORIENTED_EDGE('',*,*,#3457,.F.);
#3457 = EDGE_CURVE('',#3337,#3435,#3458,.T.);
#3458 = SURFACE_CURVE('',#3459,(#3463,#3470),.PCURVE_S1.);
#3459 = LINE('',#3460,#3461);
#3460 = CARTESIAN_POINT('',(-35.125,-11.125,1.));
#3461 = VECTOR('',#3462,1.);
#3462 = DIRECTION('',(0.,1.,0.));
#3463 = PCURVE('',#1395,#3464);
#3464 = DEFINITIONAL_REPRESENTATION('',(#3465),#3469);
#3465 = LINE('',#3466,#3467);
#3466 = CARTESIAN_POINT('',(1.05,0.));
#3467 = VECTOR('',#3468,1.);
#3468 = DIRECTION('',(0.,-1.));
#3469 = ( GEOMETRIC_REPRESENTATION_CONTEXT(2) 
PARAMETRIC_REPRESENTATION_CONTEXT() REPRESENTATION_CONTEXT('2D SPACE',''
  ) );
#3470 = PCURVE('',#2120,#3471);
#3471 = DEFINITIONAL_REPRESENTATION('',(#3472),#3476);
#3472 = LINE('',#3473,#3474);
#3473 = CARTESIAN_POINT('',(0.,0.));
#3474 = VECTOR('',#3475,1.);
#3475 = DIRECTION('',(0.,1.));
#3476 = ( GEOMETRIC_REPRESENTATION_CONTEXT(2) 
PARAMETRIC_REPRESENTATION_CONTEXT() REPRESENTATION_CONTEXT('2D SPACE',''
  ) );
#3477 = ADVANCED_FACE('',(#3478),#1421,.F.);
#3478 = FACE_BOUND('',#3479,.F.);
#3479 = EDGE_LOOP('',(#3480,#3481,#3482,#3483));
#3480 = ORIENTED_EDGE('',*,*,#3385,.F.);
#3481 = ORIENTED_EDGE('',*,*,#1406,.T.);
#3482 = ORIENTED_EDGE('',*,*,#3434,.T.);
#3483 = ORIENTED_EDGE('',*,*,#3484,.T.);
#3484 = EDGE_CURVE('',#3435,#3386,#3485,.T.);
#3485 = SURFACE_CURVE('',#3486,(#3490,#3497),.PCURVE_S1.);
#3486 = LINE('',#3487,#3488);
#3487 = CARTESIAN_POINT('',(-35.125,11.125,1.));
#3488 = VECTOR('',#3489,1.);
#3489 = DIRECTION('',(1.,0.,0.));
#3490 = PCURVE('',#1421,#3491);
#3491 = DEFINITIONAL_REPRESENTATION('',(#3492),#3496);
#3492 = LINE('',#3493,#3494);
#3493 = CARTESIAN_POINT('',(1.05,0.));
#3494 = VECTOR('',#3495,1.);
#3495 = DIRECTION('',(0.,1.));
#3496 = ( GEOMETRIC_REPRESENTATION_CONTEXT(2) 
PARAMETRIC_REPRESENTATION_CONTEXT() REPRESENTATION_CONTEXT('2D SPACE',''
  ) );
#3497 = PCURVE('',#2120,#3498);
#3498 = DEFINITIONAL_REPRESENTATION('',(#3499),#3503);
#3499 = LINE('',#3500,#3501);
#3500 = CARTESIAN_POINT('',(0.,22.25));
#3501 = VECTOR('',#3502,1.);
#3502 = DIRECTION('',(1.,0.));
#3503 = ( GEOMETRIC_REPRESENTATION_CONTEXT(2) 
PARAMETRIC_REPRESENTATION_CONTEXT() REPRESENTATION_CONTEXT('2D SPACE',''
  ) );
#3504 = ADVANCED_FACE('',(#3505),#1475,.F.);
#3505 = FACE_BOUND('',#3506,.F.);
#3506 = EDGE_LOOP('',(#3507,#3530,#3557,#3558));
#3507 = ORIENTED_EDGE('',*,*,#3508,.T.);
#3508 = EDGE_CURVE('',#1459,#3509,#3511,.T.);
#3509 = VERTEX_POINT('',#3510);
#3510 = CARTESIAN_POINT('',(-17.6,-5.878304635907E-16,3.8));
#3511 = SEAM_CURVE('',#3512,(#3516,#3523),.PCURVE_S1.);
#3512 = LINE('',#3513,#3514);
#3513 = CARTESIAN_POINT('',(-17.,-7.347880794884E-16,-5.E-02));
#3514 = VECTOR('',#3515,1.);
#3515 = DIRECTION('',(-0.153985421265,3.771555065348E-17,0.988073119783)
  );
#3516 = PCURVE('',#1475,#3517);
#3517 = DEFINITIONAL_REPRESENTATION('',(#3518),#3522);
#3518 = LINE('',#3519,#3520);
#3519 = CARTESIAN_POINT('',(-6.28318530718,0.));
#3520 = VECTOR('',#3521,1.);
#3521 = DIRECTION('',(-0.,-1.));
#3522 = ( GEOMETRIC_REPRESENTATION_CONTEXT(2) 
PARAMETRIC_REPRESENTATION_CONTEXT() REPRESENTATION_CONTEXT('2D SPACE',''
  ) );
#3523 = PCURVE('',#1475,#3524);
#3524 = DEFINITIONAL_REPRESENTATION('',(#3525),#3529);
#3525 = LINE('',#3526,#3527);
#3526 = CARTESIAN_POINT('',(0.,-0.));
#3527 = VECTOR('',#3528,1.);
#3528 = DIRECTION('',(-0.,-1.));
#3529 = ( GEOMETRIC_REPRESENTATION_CONTEXT(2) 
PARAMETRIC_REPRESENTATION_CONTEXT() REPRESENTATION_CONTEXT('2D SPACE',''
  ) );
#3530 = ORIENTED_EDGE('',*,*,#3531,.F.);
#3531 = EDGE_CURVE('',#3509,#3509,#3532,.T.);
#3532 = SURFACE_CURVE('',#3533,(#3538,#3545),.PCURVE_S1.);
#3533 = CIRCLE('',#3534,2.4);
#3534 = AXIS2_PLACEMENT_3D('',#3535,#3536,#3537);
#3535 = CARTESIAN_POINT('',(-20.,0.,3.8));
#3536 = DIRECTION('',(0.,0.,1.));
#3537 = DIRECTION('',(1.,0.,-0.));
#3538 = PCURVE('',#1475,#3539);
#3539 = DEFINITIONAL_REPRESENTATION('',(#3540),#3544);
#3540 = LINE('',#3541,#3542);
#3541 = CARTESIAN_POINT('',(-0.,-3.85));
#3542 = VECTOR('',#3543,1.);
#3543 = DIRECTION('',(-1.,-0.));
#3544 = ( GEOMETRIC_REPRESENTATION_CONTEXT(2) 
PARAMETRIC_REPRESENTATION_CONTEXT() REPRESENTATION_CONTEXT('2D SPACE',''
  ) );
#3545 = PCURVE('',#3546,#3551);
#3546 = PLANE('',#3547);
#3547 = AXIS2_PLACEMENT_3D('',#3548,#3549,#3550);
#3548 = CARTESIAN_POINT('',(-20.,0.,3.8));
#3549 = DIRECTION('',(0.,0.,1.));
#3550 = DIRECTION('',(1.,0.,-0.));
#3551 = DEFINITIONAL_REPRESENTATION('',(#3552),#3556);
#3552 = CIRCLE('',#3553,2.4);
#3553 = AXIS2_PLACEMENT_2D('',#3554,#3555);
#3554 = CARTESIAN_POINT('',(0.,0.));
#3555 = DIRECTION('',(1.,0.));
#3556 = ( GEOMETRIC_REPRESENTATION_CONTEXT(2) 
PARAMETRIC_REPRESENTATION_CONTEXT() REPRESENTATION_CONTEXT('2D SPACE',''
  ) );
#3557 = ORIENTED_EDGE('',*,*,#3508,.F.);
#3558 = ORIENTED_EDGE('',*,*,#1458,.T.);
#3559 = ADVANCED_FACE('',(#3560),#1506,.F.);
#3560 = FACE_BOUND('',#3561,.F.);
#3561 = EDGE_LOOP('',(#3562,#3591,#3612,#3613));
#3562 = ORIENTED_EDGE('',*,*,#3563,.F.);
#3563 = EDGE_CURVE('',#3564,#3564,#3566,.T.);
#3564 = VERTEX_POINT('',#3565);
#3565 = CARTESIAN_POINT('',(-10.4,-3.918869757272E-16,1.5));
#3566 = SURFACE_CURVE('',#3567,(#3572,#3579),.PCURVE_S1.);
#3567 = CIRCLE('',#3568,1.6);
#3568 = AXIS2_PLACEMENT_3D('',#3569,#3570,#3571);
#3569 = CARTESIAN_POINT('',(-12.,0.,1.5));
#3570 = DIRECTION('',(0.,0.,1.));
#3571 = DIRECTION('',(1.,0.,-0.));
#3572 = PCURVE('',#1506,#3573);
#3573 = DEFINITIONAL_REPRESENTATION('',(#3574),#3578);
#3574 = LINE('',#3575,#3576);
#3575 = CARTESIAN_POINT('',(0.,1.6));
#3576 = VECTOR('',#3577,1.);
#3577 = DIRECTION('',(1.,0.));
#3578 = ( GEOMETRIC_REPRESENTATION_CONTEXT(2) 
PARAMETRIC_REPRESENTATION_CONTEXT() REPRESENTATION_CONTEXT('2D SPACE',''
  ) );
#3579 = PCURVE('',#3580,#3585);
#3580 = PLANE('',#3581);
#3581 = AXIS2_PLACEMENT_3D('',#3582,#3583,#3584);
#3582 = CARTESIAN_POINT('',(-12.,-4.498158330803E-17,1.5));
#3583 = DIRECTION('',(0.,0.,1.));
#3584 = DIRECTION('',(1.,0.,-0.));
#3585 = DEFINITIONAL_REPRESENTATION('',(#3586),#3590);
#3586 = CIRCLE('',#3587,1.6);
#3587 = AXIS2_PLACEMENT_2D('',#3588,#3589);
#3588 = CARTESIAN_POINT('',(0.,4.498158330803E-17));
#3589 = DIRECTION('',(1.,0.));
#3590 = ( GEOMETRIC_REPRESENTATION_CONTEXT(2) 
PARAMETRIC_REPRESENTATION_CONTEXT() REPRESENTATION_CONTEXT('2D SPACE',''
  ) );
#3591 = ORIENTED_EDGE('',*,*,#3592,.F.);
#3592 = EDGE_CURVE('',#1490,#3564,#3593,.T.);
#3593 = SEAM_CURVE('',#3594,(#3598,#3605),.PCURVE_S1.);
#3594 = LINE('',#3595,#3596);
#3595 = CARTESIAN_POINT('',(-10.4,-3.918869757272E-16,-0.1));
#3596 = VECTOR('',#3597,1.);
#3597 = DIRECTION('',(0.,0.,1.));
#3598 = PCURVE('',#1506,#3599);
#3599 = DEFINITIONAL_REPRESENTATION('',(#3600),#3604);
#3600 = LINE('',#3601,#3602);
#3601 = CARTESIAN_POINT('',(6.28318530718,-0.));
#3602 = VECTOR('',#3603,1.);
#3603 = DIRECTION('',(0.,1.));
#3604 = ( GEOMETRIC_REPRESENTATION_CONTEXT(2) 
PARAMETRIC_REPRESENTATION_CONTEXT() REPRESENTATION_CONTEXT('2D SPACE',''
  ) );
#3605 = PCURVE('',#1506,#3606);
#3606 = DEFINITIONAL_REPRESENTATION('',(#3607),#3611);
#3607 = LINE('',#3608,#3609);
#3608 = CARTESIAN_POINT('',(0.,-0.));
#3609 = VECTOR('',#3610,1.);
#3610 = DIRECTION('',(0.,1.));
#3611 = ( GEOMETRIC_REPRESENTATION_CONTEXT(2) 
PARAMETRIC_REPRESENTATION_CONTEXT() REPRESENTATION_CONTEXT('2D SPACE',''
  ) );
#3612 = ORIENTED_EDGE('',*,*,#1489,.T.);
#3613 = ORIENTED_EDGE('',*,*,#3592,.T.);
#3614 = ADVANCED_FACE('',(#3615),#1541,.F.);
#3615 = FACE_BOUND('',#3616,.F.);
#3616 = EDGE_LOOP('',(#3617,#3618,#3641,#3672));
#3617 = ORIENTED_EDGE('',*,*,#1520,.F.);
#3618 = ORIENTED_EDGE('',*,*,#3619,.F.);
#3619 = EDGE_CURVE('',#3620,#1521,#3622,.T.);
#3620 = VERTEX_POINT('',#3621);
#3621 = CARTESIAN_POINT('',(-22.65,17.,9.5));
#3622 = SEAM_CURVE('',#3623,(#3627,#3634),.PCURVE_S1.);
#3623 = LINE('',#3624,#3625);
#3624 = CARTESIAN_POINT('',(-22.65,17.,9.5));
#3625 = VECTOR('',#3626,1.);
#3626 = DIRECTION('',(0.,0.,-1.));
#3627 = PCURVE('',#1541,#3628);
#3628 = DEFINITIONAL_REPRESENTATION('',(#3629),#3633);
#3629 = LINE('',#3630,#3631);
#3630 = CARTESIAN_POINT('',(6.28318530718,-0.));
#3631 = VECTOR('',#3632,1.);
#3632 = DIRECTION('',(0.,1.));
#3633 = ( GEOMETRIC_REPRESENTATION_CONTEXT(2) 
PARAMETRIC_REPRESENTATION_CONTEXT() REPRESENTATION_CONTEXT('2D SPACE',''
  ) );
#3634 = PCURVE('',#1541,#3635);
#3635 = DEFINITIONAL_REPRESENTATION('',(#3636),#3640);
#3636 = LINE('',#3637,#3638);
#3637 = CARTESIAN_POINT('',(0.,-0.));
#3638 = VECTOR('',#3639,1.);
#3639 = DIRECTION('',(0.,1.));
#3640 = ( GEOMETRIC_REPRESENTATION_CONTEXT(2) 
PARAMETRIC_REPRESENTATION_CONTEXT() REPRESENTATION_CONTEXT('2D SPACE',''
  ) );
#3641 = ORIENTED_EDGE('',*,*,#3642,.T.);
#3642 = EDGE_CURVE('',#3620,#3620,#3643,.T.);
#3643 = SURFACE_CURVE('',#3644,(#3649,#3656),.PCURVE_S1.);
#3644 = CIRCLE('',#3645,1.65);
#3645 = AXIS2_PLACEMENT_3D('',#3646,#3647,#3648);
#3646 = CARTESIAN_POINT('',(-21.,17.,9.5));
#3647 = DIRECTION('',(0.,0.,-1.));
#3648 = DIRECTION('',(-1.,0.,0.));
#3649 = PCURVE('',#1541,#3650);
#3650 = DEFINITIONAL_REPRESENTATION('',(#3651),#3655);
#3651 = LINE('',#3652,#3653);
#3652 = CARTESIAN_POINT('',(0.,0.));
#3653 = VECTOR('',#3654,1.);
#3654 = DIRECTION('',(1.,0.));
#3655 = ( GEOMETRIC_REPRESENTATION_CONTEXT(2) 
PARAMETRIC_REPRESENTATION_CONTEXT() REPRESENTATION_CONTEXT('2D SPACE',''
  ) );
#3656 = PCURVE('',#3657,#3662);
#3657 = PLANE('',#3658);
#3658 = AXIS2_PLACEMENT_3D('',#3659,#3660,#3661);
#3659 = CARTESIAN_POINT('',(-23.,-19.,9.5));
#3660 = DIRECTION('',(0.,0.,1.));
#3661 = DIRECTION('',(1.,0.,0.));
#3662 = DEFINITIONAL_REPRESENTATION('',(#3663),#3671);
#3663 = ( BOUNDED_CURVE() B_SPLINE_CURVE(2,(#3664,#3665,#3666,#3667,
#3668,#3669,#3670),.UNSPECIFIED.,.T.,.F.) B_SPLINE_CURVE_WITH_KNOTS((1,2
    ,2,2,2,1),(-2.094395102393,0.,2.094395102393,4.188790204786,
6.28318530718,8.377580409573),.UNSPECIFIED.) CURVE() 
GEOMETRIC_REPRESENTATION_ITEM() RATIONAL_B_SPLINE_CURVE((1.,0.5,1.,0.5,
1.,0.5,1.)) REPRESENTATION_ITEM('') );
#3664 = CARTESIAN_POINT('',(0.35,36.));
#3665 = CARTESIAN_POINT('',(0.35,38.857883832489));
#3666 = CARTESIAN_POINT('',(2.825,37.428941916244));
#3667 = CARTESIAN_POINT('',(5.3,36.));
#3668 = CARTESIAN_POINT('',(2.825,34.571058083756));
#3669 = CARTESIAN_POINT('',(0.35,33.142116167511));
#3670 = CARTESIAN_POINT('',(0.35,36.));
#3671 = ( GEOMETRIC_REPRESENTATION_CONTEXT(2) 
PARAMETRIC_REPRESENTATION_CONTEXT() REPRESENTATION_CONTEXT('2D SPACE',''
  ) );
#3672 = ORIENTED_EDGE('',*,*,#3619,.T.);
#3673 = ADVANCED_FACE('',(#3674),#1576,.F.);
#3674 = FACE_BOUND('',#3675,.F.);
#3675 = EDGE_LOOP('',(#3676,#3677,#3700,#3731));
#3676 = ORIENTED_EDGE('',*,*,#1555,.F.);
#3677 = ORIENTED_EDGE('',*,*,#3678,.F.);
#3678 = EDGE_CURVE('',#3679,#1556,#3681,.T.);
#3679 = VERTEX_POINT('',#3680);
#3680 = CARTESIAN_POINT('',(-4.,-9.797174393179E-16,9.5));
#3681 = SEAM_CURVE('',#3682,(#3686,#3693),.PCURVE_S1.);
#3682 = LINE('',#3683,#3684);
#3683 = CARTESIAN_POINT('',(-4.,-9.797174393179E-16,9.5));
#3684 = VECTOR('',#3685,1.);
#3685 = DIRECTION('',(0.,0.,-1.));
#3686 = PCURVE('',#1576,#3687);
#3687 = DEFINITIONAL_REPRESENTATION('',(#3688),#3692);
#3688 = LINE('',#3689,#3690);
#3689 = CARTESIAN_POINT('',(6.28318530718,-0.));
#3690 = VECTOR('',#3691,1.);
#3691 = DIRECTION('',(0.,1.));
#3692 = ( GEOMETRIC_REPRESENTATION_CONTEXT(2) 
PARAMETRIC_REPRESENTATION_CONTEXT() REPRESENTATION_CONTEXT('2D SPACE',''
  ) );
#3693 = PCURVE('',#1576,#3694);
#3694 = DEFINITIONAL_REPRESENTATION('',(#3695),#3699);
#3695 = LINE('',#3696,#3697);
#3696 = CARTESIAN_POINT('',(0.,-0.));
#3697 = VECTOR('',#3698,1.);
#3698 = DIRECTION('',(0.,1.));
#3699 = ( GEOMETRIC_REPRESENTATION_CONTEXT(2) 
PARAMETRIC_REPRESENTATION_CONTEXT() REPRESENTATION_CONTEXT('2D SPACE',''
  ) );
#3700 = ORIENTED_EDGE('',*,*,#3701,.T.);
#3701 = EDGE_CURVE('',#3679,#3679,#3702,.T.);
#3702 = SURFACE_CURVE('',#3703,(#3708,#3715),.PCURVE_S1.);
#3703 = CIRCLE('',#3704,4.);
#3704 = AXIS2_PLACEMENT_3D('',#3705,#3706,#3707);
#3705 = CARTESIAN_POINT('',(0.,0.,9.5));
#3706 = DIRECTION('',(0.,0.,-1.));
#3707 = DIRECTION('',(-1.,0.,0.));
#3708 = PCURVE('',#1576,#3709);
#3709 = DEFINITIONAL_REPRESENTATION('',(#3710),#3714);
#3710 = LINE('',#3711,#3712);
#3711 = CARTESIAN_POINT('',(0.,0.));
#3712 = VECTOR('',#3713,1.);
#3713 = DIRECTION('',(1.,0.));
#3714 = ( GEOMETRIC_REPRESENTATION_CONTEXT(2) 
PARAMETRIC_REPRESENTATION_CONTEXT() REPRESENTATION_CONTEXT('2D SPACE',''
  ) );
#3715 = PCURVE('',#3716,#3721);
#3716 = PLANE('',#3717);
#3717 = AXIS2_PLACEMENT_3D('',#3718,#3719,#3720);
#3718 = CARTESIAN_POINT('',(-3.418600331349E-16,-1.70226710729E-17,9.5)
  );
#3719 = DIRECTION('',(0.,0.,1.));
#3720 = DIRECTION('',(1.,0.,-0.));
#3721 = DEFINITIONAL_REPRESENTATION('',(#3722),#3730);
#3722 = ( BOUNDED_CURVE() B_SPLINE_CURVE(2,(#3723,#3724,#3725,#3726,
#3727,#3728,#3729),.UNSPECIFIED.,.T.,.F.) B_SPLINE_CURVE_WITH_KNOTS((1,2
    ,2,2,2,1),(-2.094395102393,0.,2.094395102393,4.188790204786,
6.28318530718,8.377580409573),.UNSPECIFIED.) CURVE() 
GEOMETRIC_REPRESENTATION_ITEM() RATIONAL_B_SPLINE_CURVE((1.,0.5,1.,0.5,
1.,0.5,1.)) REPRESENTATION_ITEM('') );
#3723 = CARTESIAN_POINT('',(-4.,1.70226710729E-17));
#3724 = CARTESIAN_POINT('',(-4.,6.928203230276));
#3725 = CARTESIAN_POINT('',(2.,3.464101615138));
#3726 = CARTESIAN_POINT('',(8.,9.967401103908E-16));
#3727 = CARTESIAN_POINT('',(2.,-3.464101615138));
#3728 = CARTESIAN_POINT('',(-4.,-6.928203230276));
#3729 = CARTESIAN_POINT('',(-4.,1.70226710729E-17));
#3730 = ( GEOMETRIC_REPRESENTATION_CONTEXT(2) 
PARAMETRIC_REPRESENTATION_CONTEXT() REPRESENTATION_CONTEXT('2D SPACE',''
  ) );
#3731 = ORIENTED_EDGE('',*,*,#3678,.T.);
#3732 = ADVANCED_FACE('',(#3733),#1607,.F.);
#3733 = FACE_BOUND('',#3734,.F.);
#3734 = EDGE_LOOP('',(#3735,#3764,#3785,#3786));
#3735 = ORIENTED_EDGE('',*,*,#3736,.F.);
#3736 = EDGE_CURVE('',#3737,#3737,#3739,.T.);
#3737 = VERTEX_POINT('',#3738);
#3738 = CARTESIAN_POINT('',(13.6,-3.918869757272E-16,1.5));
#3739 = SURFACE_CURVE('',#3740,(#3745,#3752),.PCURVE_S1.);
#3740 = CIRCLE('',#3741,1.6);
#3741 = AXIS2_PLACEMENT_3D('',#3742,#3743,#3744);
#3742 = CARTESIAN_POINT('',(12.,0.,1.5));
#3743 = DIRECTION('',(0.,0.,1.));
#3744 = DIRECTION('',(1.,0.,-0.));
#3745 = PCURVE('',#1607,#3746);
#3746 = DEFINITIONAL_REPRESENTATION('',(#3747),#3751);
#3747 = LINE('',#3748,#3749);
#3748 = CARTESIAN_POINT('',(0.,1.6));
#3749 = VECTOR('',#3750,1.);
#3750 = DIRECTION('',(1.,0.));
#3751 = ( GEOMETRIC_REPRESENTATION_CONTEXT(2) 
PARAMETRIC_REPRESENTATION_CONTEXT() REPRESENTATION_CONTEXT('2D SPACE',''
  ) );
#3752 = PCURVE('',#3753,#3758);
#3753 = PLANE('',#3754);
#3754 = AXIS2_PLACEMENT_3D('',#3755,#3756,#3757);
#3755 = CARTESIAN_POINT('',(12.,-4.498158330803E-17,1.5));
#3756 = DIRECTION('',(0.,0.,1.));
#3757 = DIRECTION('',(1.,0.,-0.));
#3758 = DEFINITIONAL_REPRESENTATION('',(#3759),#3763);
#3759 = CIRCLE('',#3760,1.6);
#3760 = AXIS2_PLACEMENT_2D('',#3761,#3762);
#3761 = CARTESIAN_POINT('',(0.,4.498158330803E-17));
#3762 = DIRECTION('',(1.,0.));
#3763 = ( GEOMETRIC_REPRESENTATION_CONTEXT(2) 
PARAMETRIC_REPRESENTATION_CONTEXT() REPRESENTATION_CONTEXT('2D SPACE',''
  ) );
#3764 = ORIENTED_EDGE('',*,*,#3765,.F.);
#3765 = EDGE_CURVE('',#1591,#3737,#3766,.T.);
#3766 = SEAM_CURVE('',#3767,(#3771,#3778),.PCURVE_S1.);
#3767 = LINE('',#3768,#3769);
#3768 = CARTESIAN_POINT('',(13.6,-3.918869757272E-16,-0.1));
#3769 = VECTOR('',#3770,1.);
#3770 = DIRECTION('',(0.,0.,1.));
#3771 = PCURVE('',#1607,#3772);
#3772 = DEFINITIONAL_REPRESENTATION('',(#3773),#3777);
#3773 = LINE('',#3774,#3775);
#3774 = CARTESIAN_POINT('',(6.28318530718,-0.));
#3775 = VECTOR('',#3776,1.);
#3776 = DIRECTION('',(0.,1.));
#3777 = ( GEOMETRIC_REPRESENTATION_CONTEXT(2) 
PARAMETRIC_REPRESENTATION_CONTEXT() REPRESENTATION_CONTEXT('2D SPACE',''
  ) );
#3778 = PCURVE('',#1607,#3779);
#3779 = DEFINITIONAL_REPRESENTATION('',(#3780),#3784);
#3780 = LINE('',#3781,#3782);
#3781 = CARTESIAN_POINT('',(0.,-0.));
#3782 = VECTOR('',#3783,1.);
#3783 = DIRECTION('',(0.,1.));
#3784 = ( GEOMETRIC_REPRESENTATION_CONTEXT(2) 
PARAMETRIC_REPRESENTATION_CONTEXT() REPRESENTATION_CONTEXT('2D SPACE',''
  ) );
#3785 = ORIENTED_EDGE('',*,*,#1590,.T.);
#3786 = ORIENTED_EDGE('',*,*,#3765,.T.);
#3787 = ADVANCED_FACE('',(#3788),#1640,.F.);
#3788 = FACE_BOUND('',#3789,.F.);
#3789 = EDGE_LOOP('',(#3790,#3791,#3821,#3850));
#3790 = ORIENTED_EDGE('',*,*,#1621,.T.);
#3791 = ORIENTED_EDGE('',*,*,#3792,.T.);
#3792 = EDGE_CURVE('',#1624,#3793,#3795,.T.);
#3793 = VERTEX_POINT('',#3794);
#3794 = CARTESIAN_POINT('',(17.625657985883,9.042766535572E-14,3.8));
#3795 = SURFACE_CURVE('',#3796,(#3801,#3811),.PCURVE_S1.);
#3796 = HYPERBOLA('',#3797,2.245833333333,0.35);
#3797 = AXIS2_PLACEMENT_3D('',#3798,#3799,#3800);
#3798 = CARTESIAN_POINT('',(20.,0.,19.2));
#3799 = DIRECTION('',(0.,-1.,-0.));
#3800 = DIRECTION('',(0.,0.,-1.));
#3801 = PCURVE('',#1640,#3802);
#3802 = DEFINITIONAL_REPRESENTATION('',(#3803),#3810);
#3803 = B_SPLINE_CURVE_WITH_KNOTS('',5,(#3804,#3805,#3806,#3807,#3808,
    #3809),.UNSPECIFIED.,.F.,.F.,(6,6),(-2.835542603788,-2.613078290846)
  ,.PIECEWISE_BEZIER_KNOTS.);
#3804 = CARTESIAN_POINT('',(-9.542016836187,-4.999999999998E-02));
#3805 = CARTESIAN_POINT('',(-9.547221187953,-0.898398780709));
#3806 = CARTESIAN_POINT('',(-9.552712998408,-1.699286869903));
#3807 = CARTESIAN_POINT('',(-9.558513144116,-2.456162807502));
#3808 = CARTESIAN_POINT('',(-9.564644677253,-3.172135165094));
#3809 = CARTESIAN_POINT('',(-9.571133219714,-3.85));
#3810 = ( GEOMETRIC_REPRESENTATION_CONTEXT(2) 
PARAMETRIC_REPRESENTATION_CONTEXT() REPRESENTATION_CONTEXT('2D SPACE',''
  ) );
#3811 = PCURVE('',#1667,#3812);
#3812 = DEFINITIONAL_REPRESENTATION('',(#3813),#3820);
#3813 = B_SPLINE_CURVE_WITH_KNOTS('',5,(#3814,#3815,#3816,#3817,#3818,
    #3819),.UNSPECIFIED.,.F.,.F.,(6,6),(-2.835542603788,-2.613078290846)
  ,.PIECEWISE_BEZIER_KNOTS.);
#3814 = CARTESIAN_POINT('',(-3.024353778172,-4.999999999998E-02));
#3815 = CARTESIAN_POINT('',(-3.019149426406,-0.898398780709));
#3816 = CARTESIAN_POINT('',(-3.013657615951,-1.699286869903));
#3817 = CARTESIAN_POINT('',(-3.007857470243,-2.456162807502));
#3818 = CARTESIAN_POINT('',(-3.001725937106,-3.172135165094));
#3819 = CARTESIAN_POINT('',(-2.995237394645,-3.85));
#3820 = ( GEOMETRIC_REPRESENTATION_CONTEXT(2) 
PARAMETRIC_REPRESENTATION_CONTEXT() REPRESENTATION_CONTEXT('2D SPACE',''
  ) );
#3821 = ORIENTED_EDGE('',*,*,#3822,.F.);
#3822 = EDGE_CURVE('',#3823,#3793,#3825,.T.);
#3823 = VERTEX_POINT('',#3824);
#3824 = CARTESIAN_POINT('',(22.374342014117,8.762435221854E-14,3.8));
#3825 = SURFACE_CURVE('',#3826,(#3831,#3838),.PCURVE_S1.);
#3826 = CIRCLE('',#3827,2.4);
#3827 = AXIS2_PLACEMENT_3D('',#3828,#3829,#3830);
#3828 = CARTESIAN_POINT('',(20.,0.35,3.8));
#3829 = DIRECTION('',(0.,0.,1.));
#3830 = DIRECTION('',(0.989309172549,-0.145833333333,0.));
#3831 = PCURVE('',#1640,#3832);
#3832 = DEFINITIONAL_REPRESENTATION('',(#3833),#3837);
#3833 = LINE('',#3834,#3835);
#3834 = CARTESIAN_POINT('',(-6.136830048235,-3.85));
#3835 = VECTOR('',#3836,1.);
#3836 = DIRECTION('',(-1.,-0.));
#3837 = ( GEOMETRIC_REPRESENTATION_CONTEXT(2) 
PARAMETRIC_REPRESENTATION_CONTEXT() REPRESENTATION_CONTEXT('2D SPACE',''
  ) );
#3838 = PCURVE('',#3839,#3844);
#3839 = PLANE('',#3840);
#3840 = AXIS2_PLACEMENT_3D('',#3841,#3842,#3843);
#3841 = CARTESIAN_POINT('',(20.,-0.35,3.8));
#3842 = DIRECTION('',(0.,0.,1.));
#3843 = DIRECTION('',(1.,0.,-0.));
#3844 = DEFINITIONAL_REPRESENTATION('',(#3845),#3849);
#3845 = CIRCLE('',#3846,2.4);
#3846 = AXIS2_PLACEMENT_2D('',#3847,#3848);
#3847 = CARTESIAN_POINT('',(0.,0.7));
#3848 = DIRECTION('',(0.989309172549,-0.145833333333));
#3849 = ( GEOMETRIC_REPRESENTATION_CONTEXT(2) 
PARAMETRIC_REPRESENTATION_CONTEXT() REPRESENTATION_CONTEXT('2D SPACE',''
  ) );
#3850 = ORIENTED_EDGE('',*,*,#3851,.T.);
#3851 = EDGE_CURVE('',#3823,#1622,#3852,.T.);
#3852 = SURFACE_CURVE('',#3853,(#3858,#3868),.PCURVE_S1.);
#3853 = HYPERBOLA('',#3854,2.245833333333,0.35);
#3854 = AXIS2_PLACEMENT_3D('',#3855,#3856,#3857);
#3855 = CARTESIAN_POINT('',(20.,0.,19.2));
#3856 = DIRECTION('',(0.,-1.,-0.));
#3857 = DIRECTION('',(0.,0.,-1.));
#3858 = PCURVE('',#1640,#3859);
#3859 = DEFINITIONAL_REPRESENTATION('',(#3860),#3867);
#3860 = B_SPLINE_CURVE_WITH_KNOTS('',5,(#3861,#3862,#3863,#3864,#3865,
    #3866),.UNSPECIFIED.,.F.,.F.,(6,6),(2.613078290846,2.835542603788),
  .PIECEWISE_BEZIER_KNOTS.);
#3861 = CARTESIAN_POINT('',(-6.136830048235,-3.85));
#3862 = CARTESIAN_POINT('',(-6.143318590696,-3.172135165094));
#3863 = CARTESIAN_POINT('',(-6.149450123833,-2.456162807502));
#3864 = CARTESIAN_POINT('',(-6.155250269541,-1.699286869903));
#3865 = CARTESIAN_POINT('',(-6.160742079996,-0.898398780709));
#3866 = CARTESIAN_POINT('',(-6.165946431762,-4.999999999998E-02));
#3867 = ( GEOMETRIC_REPRESENTATION_CONTEXT(2) 
PARAMETRIC_REPRESENTATION_CONTEXT() REPRESENTATION_CONTEXT('2D SPACE',''
  ) );
#3868 = PCURVE('',#1667,#3869);
#3869 = DEFINITIONAL_REPRESENTATION('',(#3870),#3877);
#3870 = B_SPLINE_CURVE_WITH_KNOTS('',5,(#3871,#3872,#3873,#3874,#3875,
    #3876),.UNSPECIFIED.,.F.,.F.,(6,6),(2.613078290846,2.835542603788),
  .PIECEWISE_BEZIER_KNOTS.);
#3871 = CARTESIAN_POINT('',(-6.429540566124,-3.85));
#3872 = CARTESIAN_POINT('',(-6.423052023664,-3.172135165094));
#3873 = CARTESIAN_POINT('',(-6.416920490526,-2.456162807502));
#3874 = CARTESIAN_POINT('',(-6.411120344818,-1.699286869903));
#3875 = CARTESIAN_POINT('',(-6.405628534363,-0.898398780709));
#3876 = CARTESIAN_POINT('',(-6.400424182598,-4.999999999998E-02));
#3877 = ( GEOMETRIC_REPRESENTATION_CONTEXT(2) 
PARAMETRIC_REPRESENTATION_CONTEXT() REPRESENTATION_CONTEXT('2D SPACE',''
  ) );
#3878 = ADVANCED_FACE('',(#3879),#1667,.F.);
#3879 = FACE_BOUND('',#3880,.F.);
#3880 = EDGE_LOOP('',(#3881,#3903,#3904,#3905));
#3881 = ORIENTED_EDGE('',*,*,#3882,.F.);
#3882 = EDGE_CURVE('',#3793,#3823,#3883,.T.);
#3883 = SURFACE_CURVE('',#3884,(#3889,#3896),.PCURVE_S1.);
#3884 = CIRCLE('',#3885,2.4);
#3885 = AXIS2_PLACEMENT_3D('',#3886,#3887,#3888);
#3886 = CARTESIAN_POINT('',(20.,-0.35,3.8));
#3887 = DIRECTION('',(0.,0.,1.));
#3888 = DIRECTION('',(-0.989309172549,0.145833333333,0.));
#3889 = PCURVE('',#1667,#3890);
#3890 = DEFINITIONAL_REPRESENTATION('',(#3891),#3895);
#3891 = LINE('',#3892,#3893);
#3892 = CARTESIAN_POINT('',(-2.995237394645,-3.85));
#3893 = VECTOR('',#3894,1.);
#3894 = DIRECTION('',(-1.,-0.));
#3895 = ( GEOMETRIC_REPRESENTATION_CONTEXT(2) 
PARAMETRIC_REPRESENTATION_CONTEXT() REPRESENTATION_CONTEXT('2D SPACE',''
  ) );
#3896 = PCURVE('',#3839,#3897);
#3897 = DEFINITIONAL_REPRESENTATION('',(#3898),#3902);
#3898 = CIRCLE('',#3899,2.4);
#3899 = AXIS2_PLACEMENT_2D('',#3900,#3901);
#3900 = CARTESIAN_POINT('',(0.,0.));
#3901 = DIRECTION('',(-0.989309172549,0.145833333333));
#3902 = ( GEOMETRIC_REPRESENTATION_CONTEXT(2) 
PARAMETRIC_REPRESENTATION_CONTEXT() REPRESENTATION_CONTEXT('2D SPACE',''
  ) );
#3903 = ORIENTED_EDGE('',*,*,#3792,.F.);
#3904 = ORIENTED_EDGE('',*,*,#1652,.T.);
#3905 = ORIENTED_EDGE('',*,*,#3851,.F.);
#3906 = ADVANCED_FACE('',(#3907),#1699,.T.);
#3907 = FACE_BOUND('',#3908,.T.);
#3908 = EDGE_LOOP('',(#3909,#3932,#3933,#3956));
#3909 = ORIENTED_EDGE('',*,*,#3910,.F.);
#3910 = EDGE_CURVE('',#1682,#3911,#3913,.T.);
#3911 = VERTEX_POINT('',#3912);
#3912 = CARTESIAN_POINT('',(-6.125,9.875,3.05));
#3913 = SURFACE_CURVE('',#3914,(#3918,#3925),.PCURVE_S1.);
#3914 = LINE('',#3915,#3916);
#3915 = CARTESIAN_POINT('',(-6.125,9.875,0.));
#3916 = VECTOR('',#3917,1.);
#3917 = DIRECTION('',(0.,0.,1.));
#3918 = PCURVE('',#1699,#3919);
#3919 = DEFINITIONAL_REPRESENTATION('',(#3920),#3924);
#3920 = LINE('',#3921,#3922);
#3921 = CARTESIAN_POINT('',(0.,0.));
#3922 = VECTOR('',#3923,1.);
#3923 = DIRECTION('',(1.,0.));
#3924 = ( GEOMETRIC_REPRESENTATION_CONTEXT(2) 
PARAMETRIC_REPRESENTATION_CONTEXT() REPRESENTATION_CONTEXT('2D SPACE',''
  ) );
#3925 = PCURVE('',#1781,#3926);
#3926 = DEFINITIONAL_REPRESENTATION('',(#3927),#3931);
#3927 = LINE('',#3928,#3929);
#3928 = CARTESIAN_POINT('',(0.,0.));
#3929 = VECTOR('',#3930,1.);
#3930 = DIRECTION('',(1.,0.));
#3931 = ( GEOMETRIC_REPRESENTATION_CONTEXT(2) 
PARAMETRIC_REPRESENTATION_CONTEXT() REPRESENTATION_CONTEXT('2D SPACE',''
  ) );
#3932 = ORIENTED_EDGE('',*,*,#1681,.T.);
#3933 = ORIENTED_EDGE('',*,*,#3934,.T.);
#3934 = EDGE_CURVE('',#1684,#3935,#3937,.T.);
#3935 = VERTEX_POINT('',#3936);
#3936 = CARTESIAN_POINT('',(-6.125,22.125,3.05));
#3937 = SURFACE_CURVE('',#3938,(#3942,#3949),.PCURVE_S1.);
#3938 = LINE('',#3939,#3940);
#3939 = CARTESIAN_POINT('',(-6.125,22.125,0.));
#3940 = VECTOR('',#3941,1.);
#3941 = DIRECTION('',(0.,0.,1.));
#3942 = PCURVE('',#1699,#3943);
#3943 = DEFINITIONAL_REPRESENTATION('',(#3944),#3948);
#3944 = LINE('',#3945,#3946);
#3945 = CARTESIAN_POINT('',(0.,-12.25));
#3946 = VECTOR('',#3947,1.);
#3947 = DIRECTION('',(1.,0.));
#3948 = ( GEOMETRIC_REPRESENTATION_CONTEXT(2) 
PARAMETRIC_REPRESENTATION_CONTEXT() REPRESENTATION_CONTEXT('2D SPACE',''
  ) );
#3949 = PCURVE('',#1727,#3950);
#3950 = DEFINITIONAL_REPRESENTATION('',(#3951),#3955);
#3951 = LINE('',#3952,#3953);
#3952 = CARTESIAN_POINT('',(0.,0.));
#3953 = VECTOR('',#3954,1.);
#3954 = DIRECTION('',(1.,0.));
#3955 = ( GEOMETRIC_REPRESENTATION_CONTEXT(2) 
PARAMETRIC_REPRESENTATION_CONTEXT() REPRESENTATION_CONTEXT('2D SPACE',''
  ) );
#3956 = ORIENTED_EDGE('',*,*,#3957,.F.);
#3957 = EDGE_CURVE('',#3911,#3935,#3958,.T.);
#3958 = SURFACE_CURVE('',#3959,(#3963,#3970),.PCURVE_S1.);
#3959 = LINE('',#3960,#3961);
#3960 = CARTESIAN_POINT('',(-6.125,9.875,3.05));
#3961 = VECTOR('',#3962,1.);
#3962 = DIRECTION('',(0.,1.,0.));
#3963 = PCURVE('',#1699,#3964);
#3964 = DEFINITIONAL_REPRESENTATION('',(#3965),#3969);
#3965 = LINE('',#3966,#3967);
#3966 = CARTESIAN_POINT('',(3.05,0.));
#3967 = VECTOR('',#3968,1.);
#3968 = DIRECTION('',(0.,-1.));
#3969 = ( GEOMETRIC_REPRESENTATION_CONTEXT(2) 
PARAMETRIC_REPRESENTATION_CONTEXT() REPRESENTATION_CONTEXT('2D SPACE',''
  ) );
#3970 = PCURVE('',#3971,#3976);
#3971 = PLANE('',#3972);
#3972 = AXIS2_PLACEMENT_3D('',#3973,#3974,#3975);
#3973 = CARTESIAN_POINT('',(-6.125,9.875,3.05));
#3974 = DIRECTION('',(0.,0.,1.));
#3975 = DIRECTION('',(1.,0.,0.));
#3976 = DEFINITIONAL_REPRESENTATION('',(#3977),#3981);
#3977 = LINE('',#3978,#3979);
#3978 = CARTESIAN_POINT('',(0.,0.));
#3979 = VECTOR('',#3980,1.);
#3980 = DIRECTION('',(0.,1.));
#3981 = ( GEOMETRIC_REPRESENTATION_CONTEXT(2) 
PARAMETRIC_REPRESENTATION_CONTEXT() REPRESENTATION_CONTEXT('2D SPACE',''
  ) );
#3982 = ADVANCED_FACE('',(#3983),#1727,.F.);
#3983 = FACE_BOUND('',#3984,.F.);
#3984 = EDGE_LOOP('',(#3985,#3986,#3987,#4010));
#3985 = ORIENTED_EDGE('',*,*,#1711,.F.);
#3986 = ORIENTED_EDGE('',*,*,#3934,.T.);
#3987 = ORIENTED_EDGE('',*,*,#3988,.T.);
#3988 = EDGE_CURVE('',#3935,#3989,#3991,.T.);
#3989 = VERTEX_POINT('',#3990);
#3990 = CARTESIAN_POINT('',(6.125,22.125,3.05));
#3991 = SURFACE_CURVE('',#3992,(#3996,#4003),.PCURVE_S1.);
#3992 = LINE('',#3993,#3994);
#3993 = CARTESIAN_POINT('',(-6.125,22.125,3.05));
#3994 = VECTOR('',#3995,1.);
#3995 = DIRECTION('',(1.,0.,0.));
#3996 = PCURVE('',#1727,#3997);
#3997 = DEFINITIONAL_REPRESENTATION('',(#3998),#4002);
#3998 = LINE('',#3999,#4000);
#3999 = CARTESIAN_POINT('',(3.05,0.));
#4000 = VECTOR('',#4001,1.);
#4001 = DIRECTION('',(0.,1.));
#4002 = ( GEOMETRIC_REPRESENTATION_CONTEXT(2) 
PARAMETRIC_REPRESENTATION_CONTEXT() REPRESENTATION_CONTEXT('2D SPACE',''
  ) );
#4003 = PCURVE('',#3971,#4004);
#4004 = DEFINITIONAL_REPRESENTATION('',(#4005),#4009);
#4005 = LINE('',#4006,#4007);
#4006 = CARTESIAN_POINT('',(0.,12.25));
#4007 = VECTOR('',#4008,1.);
#4008 = DIRECTION('',(1.,0.));
#4009 = ( GEOMETRIC_REPRESENTATION_CONTEXT(2) 
PARAMETRIC_REPRESENTATION_CONTEXT() REPRESENTATION_CONTEXT('2D SPACE',''
  ) );
#4010 = ORIENTED_EDGE('',*,*,#4011,.F.);
#4011 = EDGE_CURVE('',#1712,#3989,#4012,.T.);
#4012 = SURFACE_CURVE('',#4013,(#4017,#4024),.PCURVE_S1.);
#4013 = LINE('',#4014,#4015);
#4014 = CARTESIAN_POINT('',(6.125,22.125,0.));
#4015 = VECTOR('',#4016,1.);
#4016 = DIRECTION('',(0.,0.,1.));
#4017 = PCURVE('',#1727,#4018);
#4018 = DEFINITIONAL_REPRESENTATION('',(#4019),#4023);
#4019 = LINE('',#4020,#4021);
#4020 = CARTESIAN_POINT('',(0.,12.25));
#4021 = VECTOR('',#4022,1.);
#4022 = DIRECTION('',(1.,0.));
#4023 = ( GEOMETRIC_REPRESENTATION_CONTEXT(2) 
PARAMETRIC_REPRESENTATION_CONTEXT() REPRESENTATION_CONTEXT('2D SPACE',''
  ) );
#4024 = PCURVE('',#1755,#4025);
#4025 = DEFINITIONAL_REPRESENTATION('',(#4026),#4030);
#4026 = LINE('',#4027,#4028);
#4027 = CARTESIAN_POINT('',(0.,-12.25));
#4028 = VECTOR('',#4029,1.);
#4029 = DIRECTION('',(1.,0.));
#4030 = ( GEOMETRIC_REPRESENTATION_CONTEXT(2) 
PARAMETRIC_REPRESENTATION_CONTEXT() REPRESENTATION_CONTEXT('2D SPACE',''
  ) );
#4031 = ADVANCED_FACE('',(#4032),#1781,.T.);
#4032 = FACE_BOUND('',#4033,.T.);
#4033 = EDGE_LOOP('',(#4034,#4035,#4036,#4059));
#4034 = ORIENTED_EDGE('',*,*,#1767,.F.);
#4035 = ORIENTED_EDGE('',*,*,#3910,.T.);
#4036 = ORIENTED_EDGE('',*,*,#4037,.T.);
#4037 = EDGE_CURVE('',#3911,#4038,#4040,.T.);
#4038 = VERTEX_POINT('',#4039);
#4039 = CARTESIAN_POINT('',(6.125,9.875,3.05));
#4040 = SURFACE_CURVE('',#4041,(#4045,#4052),.PCURVE_S1.);
#4041 = LINE('',#4042,#4043);
#4042 = CARTESIAN_POINT('',(-6.125,9.875,3.05));
#4043 = VECTOR('',#4044,1.);
#4044 = DIRECTION('',(1.,0.,0.));
#4045 = PCURVE('',#1781,#4046);
#4046 = DEFINITIONAL_REPRESENTATION('',(#4047),#4051);
#4047 = LINE('',#4048,#4049);
#4048 = CARTESIAN_POINT('',(3.05,0.));
#4049 = VECTOR('',#4050,1.);
#4050 = DIRECTION('',(0.,1.));
#4051 = ( GEOMETRIC_REPRESENTATION_CONTEXT(2) 
PARAMETRIC_REPRESENTATION_CONTEXT() REPRESENTATION_CONTEXT('2D SPACE',''
  ) );
#4052 = PCURVE('',#3971,#4053);
#4053 = DEFINITIONAL_REPRESENTATION('',(#4054),#4058);
#4054 = LINE('',#4055,#4056);
#4055 = CARTESIAN_POINT('',(0.,0.));
#4056 = VECTOR('',#4057,1.);
#4057 = DIRECTION('',(1.,0.));
#4058 = ( GEOMETRIC_REPRESENTATION_CONTEXT(2) 
PARAMETRIC_REPRESENTATION_CONTEXT() REPRESENTATION_CONTEXT('2D SPACE',''
  ) );
#4059 = ORIENTED_EDGE('',*,*,#4060,.F.);
#4060 = EDGE_CURVE('',#1740,#4038,#4061,.T.);
#4061 = SURFACE_CURVE('',#4062,(#4066,#4073),.PCURVE_S1.);
#4062 = LINE('',#4063,#4064);
#4063 = CARTESIAN_POINT('',(6.125,9.875,0.));
#4064 = VECTOR('',#4065,1.);
#4065 = DIRECTION('',(0.,0.,1.));
#4066 = PCURVE('',#1781,#4067);
#4067 = DEFINITIONAL_REPRESENTATION('',(#4068),#4072);
#4068 = LINE('',#4069,#4070);
#4069 = CARTESIAN_POINT('',(0.,12.25));
#4070 = VECTOR('',#4071,1.);
#4071 = DIRECTION('',(1.,0.));
#4072 = ( GEOMETRIC_REPRESENTATION_CONTEXT(2) 
PARAMETRIC_REPRESENTATION_CONTEXT() REPRESENTATION_CONTEXT('2D SPACE',''
  ) );
#4073 = PCURVE('',#1755,#4074);
#4074 = DEFINITIONAL_REPRESENTATION('',(#4075),#4079);
#4075 = LINE('',#4076,#4077);
#4076 = CARTESIAN_POINT('',(0.,0.));
#4077 = VECTOR('',#4078,1.);
#4078 = DIRECTION('',(1.,0.));
#4079 = ( GEOMETRIC_REPRESENTATION_CONTEXT(2) 
PARAMETRIC_REPRESENTATION_CONTEXT() REPRESENTATION_CONTEXT('2D SPACE',''
  ) );
#4080 = ADVANCED_FACE('',(#4081),#1755,.F.);
#4081 = FACE_BOUND('',#4082,.F.);
#4082 = EDGE_LOOP('',(#4083,#4084,#4085,#4086));
#4083 = ORIENTED_EDGE('',*,*,#4060,.F.);
#4084 = ORIENTED_EDGE('',*,*,#1739,.T.);
#4085 = ORIENTED_EDGE('',*,*,#4011,.T.);
#4086 = ORIENTED_EDGE('',*,*,#4087,.F.);
#4087 = EDGE_CURVE('',#4038,#3989,#4088,.T.);
#4088 = SURFACE_CURVE('',#4089,(#4093,#4100),.PCURVE_S1.);
#4089 = LINE('',#4090,#4091);
#4090 = CARTESIAN_POINT('',(6.125,9.875,3.05));
#4091 = VECTOR('',#4092,1.);
#4092 = DIRECTION('',(0.,1.,0.));
#4093 = PCURVE('',#1755,#4094);
#4094 = DEFINITIONAL_REPRESENTATION('',(#4095),#4099);
#4095 = LINE('',#4096,#4097);
#4096 = CARTESIAN_POINT('',(3.05,0.));
#4097 = VECTOR('',#4098,1.);
#4098 = DIRECTION('',(0.,-1.));
#4099 = ( GEOMETRIC_REPRESENTATION_CONTEXT(2) 
PARAMETRIC_REPRESENTATION_CONTEXT() REPRESENTATION_CONTEXT('2D SPACE',''
  ) );
#4100 = PCURVE('',#3971,#4101);
#4101 = DEFINITIONAL_REPRESENTATION('',(#4102),#4106);
#4102 = LINE('',#4103,#4104);
#4103 = CARTESIAN_POINT('',(12.25,0.));
#4104 = VECTOR('',#4105,1.);
#4105 = DIRECTION('',(0.,1.));
#4106 = ( GEOMETRIC_REPRESENTATION_CONTEXT(2) 
PARAMETRIC_REPRESENTATION_CONTEXT() REPRESENTATION_CONTEXT('2D SPACE',''
  ) );
#4107 = ADVANCED_FACE('',(#4108),#1816,.F.);
#4108 = FACE_BOUND('',#4109,.F.);
#4109 = EDGE_LOOP('',(#4110,#4111,#4134,#4165));
#4110 = ORIENTED_EDGE('',*,*,#1795,.F.);
#4111 = ORIENTED_EDGE('',*,*,#4112,.F.);
#4112 = EDGE_CURVE('',#4113,#1796,#4115,.T.);
#4113 = VERTEX_POINT('',#4114);
#4114 = CARTESIAN_POINT('',(19.35,17.,9.5));
#4115 = SEAM_CURVE('',#4116,(#4120,#4127),.PCURVE_S1.);
#4116 = LINE('',#4117,#4118);
#4117 = CARTESIAN_POINT('',(19.35,17.,9.5));
#4118 = VECTOR('',#4119,1.);
#4119 = DIRECTION('',(0.,0.,-1.));
#4120 = PCURVE('',#1816,#4121);
#4121 = DEFINITIONAL_REPRESENTATION('',(#4122),#4126);
#4122 = LINE('',#4123,#4124);
#4123 = CARTESIAN_POINT('',(6.28318530718,-0.));
#4124 = VECTOR('',#4125,1.);
#4125 = DIRECTION('',(0.,1.));
#4126 = ( GEOMETRIC_REPRESENTATION_CONTEXT(2) 
PARAMETRIC_REPRESENTATION_CONTEXT() REPRESENTATION_CONTEXT('2D SPACE',''
  ) );
#4127 = PCURVE('',#1816,#4128);
#4128 = DEFINITIONAL_REPRESENTATION('',(#4129),#4133);
#4129 = LINE('',#4130,#4131);
#4130 = CARTESIAN_POINT('',(0.,-0.));
#4131 = VECTOR('',#4132,1.);
#4132 = DIRECTION('',(0.,1.));
#4133 = ( GEOMETRIC_REPRESENTATION_CONTEXT(2) 
PARAMETRIC_REPRESENTATION_CONTEXT() REPRESENTATION_CONTEXT('2D SPACE',''
  ) );
#4134 = ORIENTED_EDGE('',*,*,#4135,.T.);
#4135 = EDGE_CURVE('',#4113,#4113,#4136,.T.);
#4136 = SURFACE_CURVE('',#4137,(#4142,#4149),.PCURVE_S1.);
#4137 = CIRCLE('',#4138,1.65);
#4138 = AXIS2_PLACEMENT_3D('',#4139,#4140,#4141);
#4139 = CARTESIAN_POINT('',(21.,17.,9.5));
#4140 = DIRECTION('',(0.,0.,-1.));
#4141 = DIRECTION('',(-1.,0.,0.));
#4142 = PCURVE('',#1816,#4143);
#4143 = DEFINITIONAL_REPRESENTATION('',(#4144),#4148);
#4144 = LINE('',#4145,#4146);
#4145 = CARTESIAN_POINT('',(0.,0.));
#4146 = VECTOR('',#4147,1.);
#4147 = DIRECTION('',(1.,0.));
#4148 = ( GEOMETRIC_REPRESENTATION_CONTEXT(2) 
PARAMETRIC_REPRESENTATION_CONTEXT() REPRESENTATION_CONTEXT('2D SPACE',''
  ) );
#4149 = PCURVE('',#4150,#4155);
#4150 = PLANE('',#4151);
#4151 = AXIS2_PLACEMENT_3D('',#4152,#4153,#4154);
#4152 = CARTESIAN_POINT('',(-23.,-19.,9.5));
#4153 = DIRECTION('',(0.,0.,1.));
#4154 = DIRECTION('',(1.,0.,0.));
#4155 = DEFINITIONAL_REPRESENTATION('',(#4156),#4164);
#4156 = ( BOUNDED_CURVE() B_SPLINE_CURVE(2,(#4157,#4158,#4159,#4160,
#4161,#4162,#4163),.UNSPECIFIED.,.T.,.F.) B_SPLINE_CURVE_WITH_KNOTS((1,2
    ,2,2,2,1),(-2.094395102393,0.,2.094395102393,4.188790204786,
6.28318530718,8.377580409573),.UNSPECIFIED.) CURVE() 
GEOMETRIC_REPRESENTATION_ITEM() RATIONAL_B_SPLINE_CURVE((1.,0.5,1.,0.5,
1.,0.5,1.)) REPRESENTATION_ITEM('') );
#4157 = CARTESIAN_POINT('',(42.35,36.));
#4158 = CARTESIAN_POINT('',(42.35,38.857883832489));
#4159 = CARTESIAN_POINT('',(44.825,37.428941916244));
#4160 = CARTESIAN_POINT('',(47.3,36.));
#4161 = CARTESIAN_POINT('',(44.825,34.571058083756));
#4162 = CARTESIAN_POINT('',(42.35,33.142116167511));
#4163 = CARTESIAN_POINT('',(42.35,36.));
#4164 = ( GEOMETRIC_REPRESENTATION_CONTEXT(2) 
PARAMETRIC_REPRESENTATION_CONTEXT() REPRESENTATION_CONTEXT('2D SPACE',''
  ) );
#4165 = ORIENTED_EDGE('',*,*,#4112,.T.);
#4166 = ADVANCED_FACE('',(#4167,#4173),#2120,.F.);
#4167 = FACE_BOUND('',#4168,.F.);
#4168 = EDGE_LOOP('',(#4169,#4170,#4171,#4172));
#4169 = ORIENTED_EDGE('',*,*,#3457,.F.);
#4170 = ORIENTED_EDGE('',*,*,#3359,.T.);
#4171 = ORIENTED_EDGE('',*,*,#3408,.T.);
#4172 = ORIENTED_EDGE('',*,*,#3484,.F.);
#4173 = FACE_BOUND('',#4174,.F.);
#4174 = EDGE_LOOP('',(#4175,#4176,#4177,#4178));
#4175 = ORIENTED_EDGE('',*,*,#2207,.T.);
#4176 = ORIENTED_EDGE('',*,*,#2256,.T.);
#4177 = ORIENTED_EDGE('',*,*,#2158,.F.);
#4178 = ORIENTED_EDGE('',*,*,#2104,.F.);
#4179 = ADVANCED_FACE('',(#4180,#4257),#2300,.T.);
#4180 = FACE_BOUND('',#4181,.T.);
#4181 = EDGE_LOOP('',(#4182,#4205,#4233,#4254,#4255,#4256));
#4182 = ORIENTED_EDGE('',*,*,#4183,.T.);
#4183 = EDGE_CURVE('',#2440,#4184,#4186,.T.);
#4184 = VERTEX_POINT('',#4185);
#4185 = CARTESIAN_POINT('',(2.396003617094,-11.85000000007,5.45));
#4186 = SURFACE_CURVE('',#4187,(#4191,#4198),.PCURVE_S1.);
#4187 = LINE('',#4188,#4189);
#4188 = CARTESIAN_POINT('',(4.792007234188,-16.,5.45));
#4189 = VECTOR('',#4190,1.);
#4190 = DIRECTION('',(-0.5,0.866025403784,0.));
#4191 = PCURVE('',#2300,#4192);
#4192 = DEFINITIONAL_REPRESENTATION('',(#4193),#4197);
#4193 = LINE('',#4194,#4195);
#4194 = CARTESIAN_POINT('',(4.792007234188,0.));
#4195 = VECTOR('',#4196,1.);
#4196 = DIRECTION('',(-0.5,0.866025403784));
#4197 = ( GEOMETRIC_REPRESENTATION_CONTEXT(2) 
PARAMETRIC_REPRESENTATION_CONTEXT() REPRESENTATION_CONTEXT('2D SPACE',''
  ) );
#4198 = PCURVE('',#2500,#4199);
#4199 = DEFINITIONAL_REPRESENTATION('',(#4200),#4204);
#4200 = LINE('',#4201,#4202);
#4201 = CARTESIAN_POINT('',(0.,0.));
#4202 = VECTOR('',#4203,1.);
#4203 = DIRECTION('',(1.,0.));
#4204 = ( GEOMETRIC_REPRESENTATION_CONTEXT(2) 
PARAMETRIC_REPRESENTATION_CONTEXT() REPRESENTATION_CONTEXT('2D SPACE',''
  ) );
#4205 = ORIENTED_EDGE('',*,*,#4206,.T.);
#4206 = EDGE_CURVE('',#4184,#4207,#4209,.T.);
#4207 = VERTEX_POINT('',#4208);
#4208 = CARTESIAN_POINT('',(-2.396003617094,-11.85000000007,5.45));
#4209 = SURFACE_CURVE('',#4210,(#4214,#4221),.PCURVE_S1.);
#4210 = LINE('',#4211,#4212);
#4211 = CARTESIAN_POINT('',(2.396003617094,-11.85000000007,5.45));
#4212 = VECTOR('',#4213,1.);
#4213 = DIRECTION('',(-1.,1.853458011005E-16,0.));
#4214 = PCURVE('',#2300,#4215);
#4215 = DEFINITIONAL_REPRESENTATION('',(#4216),#4220);
#4216 = LINE('',#4217,#4218);
#4217 = CARTESIAN_POINT('',(2.396003617094,4.149999999925));
#4218 = VECTOR('',#4219,1.);
#4219 = DIRECTION('',(-1.,1.853458011005E-16));
#4220 = ( GEOMETRIC_REPRESENTATION_CONTEXT(2) 
PARAMETRIC_REPRESENTATION_CONTEXT() REPRESENTATION_CONTEXT('2D SPACE',''
  ) );
#4221 = PCURVE('',#4222,#4227);
#4222 = PLANE('',#4223);
#4223 = AXIS2_PLACEMENT_3D('',#4224,#4225,#4226);
#4224 = CARTESIAN_POINT('',(2.396003617094,-11.85000000007,5.45));
#4225 = DIRECTION('',(-1.853458011005E-16,-1.,0.));
#4226 = DIRECTION('',(-1.,1.853458011005E-16,0.));
#4227 = DEFINITIONAL_REPRESENTATION('',(#4228),#4232);
#4228 = LINE('',#4229,#4230);
#4229 = CARTESIAN_POINT('',(0.,0.));
#4230 = VECTOR('',#4231,1.);
#4231 = DIRECTION('',(1.,0.));
#4232 = ( GEOMETRIC_REPRESENTATION_CONTEXT(2) 
PARAMETRIC_REPRESENTATION_CONTEXT() REPRESENTATION_CONTEXT('2D SPACE',''
  ) );
#4233 = ORIENTED_EDGE('',*,*,#4234,.T.);
#4234 = EDGE_CURVE('',#4207,#2283,#4235,.T.);
#4235 = SURFACE_CURVE('',#4236,(#4240,#4247),.PCURVE_S1.);
#4236 = LINE('',#4237,#4238);
#4237 = CARTESIAN_POINT('',(-2.396003617094,-11.85000000007,5.45));
#4238 = VECTOR('',#4239,1.);
#4239 = DIRECTION('',(-0.5,-0.866025403784,0.));
#4240 = PCURVE('',#2300,#4241);
#4241 = DEFINITIONAL_REPRESENTATION('',(#4242),#4246);
#4242 = LINE('',#4243,#4244);
#4243 = CARTESIAN_POINT('',(-2.396003617094,4.149999999925));
#4244 = VECTOR('',#4245,1.);
#4245 = DIRECTION('',(-0.5,-0.866025403784));
#4246 = ( GEOMETRIC_REPRESENTATION_CONTEXT(2) 
PARAMETRIC_REPRESENTATION_CONTEXT() REPRESENTATION_CONTEXT('2D SPACE',''
  ) );
#4247 = PCURVE('',#2328,#4248);
#4248 = DEFINITIONAL_REPRESENTATION('',(#4249),#4253);
#4249 = LINE('',#4250,#4251);
#4250 = CARTESIAN_POINT('',(0.,0.));
#4251 = VECTOR('',#4252,1.);
#4252 = DIRECTION('',(1.,0.));
#4253 = ( GEOMETRIC_REPRESENTATION_CONTEXT(2) 
PARAMETRIC_REPRESENTATION_CONTEXT() REPRESENTATION_CONTEXT('2D SPACE',''
  ) );
#4254 = ORIENTED_EDGE('',*,*,#2282,.T.);
#4255 = ORIENTED_EDGE('',*,*,#2390,.T.);
#4256 = ORIENTED_EDGE('',*,*,#2439,.T.);
#4257 = FACE_BOUND('',#4258,.T.);
#4258 = EDGE_LOOP('',(#4259));
#4259 = ORIENTED_EDGE('',*,*,#4260,.F.);
#4260 = EDGE_CURVE('',#4261,#4261,#4263,.T.);
#4261 = VERTEX_POINT('',#4262);
#4262 = CARTESIAN_POINT('',(2.9,-16.,5.45));
#4263 = SURFACE_CURVE('',#4264,(#4269,#4276),.PCURVE_S1.);
#4264 = CIRCLE('',#4265,2.9);
#4265 = AXIS2_PLACEMENT_3D('',#4266,#4267,#4268);
#4266 = CARTESIAN_POINT('',(0.,-16.,5.45));
#4267 = DIRECTION('',(0.,0.,1.));
#4268 = DIRECTION('',(1.,0.,-0.));
#4269 = PCURVE('',#2300,#4270);
#4270 = DEFINITIONAL_REPRESENTATION('',(#4271),#4275);
#4271 = CIRCLE('',#4272,2.9);
#4272 = AXIS2_PLACEMENT_2D('',#4273,#4274);
#4273 = CARTESIAN_POINT('',(-1.853458011005E-16,0.));
#4274 = DIRECTION('',(1.,0.));
#4275 = ( GEOMETRIC_REPRESENTATION_CONTEXT(2) 
PARAMETRIC_REPRESENTATION_CONTEXT() REPRESENTATION_CONTEXT('2D SPACE',''
  ) );
#4276 = PCURVE('',#4277,#4282);
#4277 = CYLINDRICAL_SURFACE('',#4278,2.9);
#4278 = AXIS2_PLACEMENT_3D('',#4279,#4280,#4281);
#4279 = CARTESIAN_POINT('',(0.,-16.,-0.1));
#4280 = DIRECTION('',(0.,0.,1.));
#4281 = DIRECTION('',(1.,0.,-0.));
#4282 = DEFINITIONAL_REPRESENTATION('',(#4283),#4287);
#4283 = LINE('',#4284,#4285);
#4284 = CARTESIAN_POINT('',(0.,5.55));
#4285 = VECTOR('',#4286,1.);
#4286 = DIRECTION('',(1.,0.));
#4287 = ( GEOMETRIC_REPRESENTATION_CONTEXT(2) 
PARAMETRIC_REPRESENTATION_CONTEXT() REPRESENTATION_CONTEXT('2D SPACE',''
  ) );
#4288 = ADVANCED_FACE('',(#4289),#2353,.F.);
#4289 = FACE_BOUND('',#4290,.F.);
#4290 = EDGE_LOOP('',(#4291,#4292,#4293,#4315,#4344,#4364));
#4291 = ORIENTED_EDGE('',*,*,#2588,.F.);
#4292 = ORIENTED_EDGE('',*,*,#2464,.F.);
#4293 = ORIENTED_EDGE('',*,*,#4294,.F.);
#4294 = EDGE_CURVE('',#4295,#2465,#4297,.T.);
#4295 = VERTEX_POINT('',#4296);
#4296 = CARTESIAN_POINT('',(3.135491136872,-13.13082995589,9.5));
#4297 = SURFACE_CURVE('',#4298,(#4302,#4309),.PCURVE_S1.);
#4298 = LINE('',#4299,#4300);
#4299 = CARTESIAN_POINT('',(2.641563488429,-12.27532217352,9.5));
#4300 = VECTOR('',#4301,1.);
#4301 = DIRECTION('',(0.5,-0.866025403784,0.));
#4302 = PCURVE('',#2353,#4303);
#4303 = DEFINITIONAL_REPRESENTATION('',(#4304),#4308);
#4304 = LINE('',#4305,#4306);
#4305 = CARTESIAN_POINT('',(25.641563488429,6.724677826472));
#4306 = VECTOR('',#4307,1.);
#4307 = DIRECTION('',(0.5,-0.866025403784));
#4308 = ( GEOMETRIC_REPRESENTATION_CONTEXT(2) 
PARAMETRIC_REPRESENTATION_CONTEXT() REPRESENTATION_CONTEXT('2D SPACE',''
  ) );
#4309 = PCURVE('',#2500,#4310);
#4310 = DEFINITIONAL_REPRESENTATION('',(#4311),#4314);
#4311 = B_SPLINE_CURVE_WITH_KNOTS('',1,(#4312,#4313),.UNSPECIFIED.,.F.,
  .F.,(2,2),(-0.491119742671,4.300887491517),.PIECEWISE_BEZIER_KNOTS.);
#4312 = CARTESIAN_POINT('',(4.792007234188,-4.05));
#4313 = CARTESIAN_POINT('',(0.,-4.05));
#4314 = ( GEOMETRIC_REPRESENTATION_CONTEXT(2) 
PARAMETRIC_REPRESENTATION_CONTEXT() REPRESENTATION_CONTEXT('2D SPACE',''
  ) );
#4315 = ORIENTED_EDGE('',*,*,#4316,.F.);
#4316 = EDGE_CURVE('',#4317,#4295,#4319,.T.);
#4317 = VERTEX_POINT('',#4318);
#4318 = CARTESIAN_POINT('',(-3.135491136872,-13.13082995589,9.5));
#4319 = SURFACE_CURVE('',#4320,(#4325,#4332),.PCURVE_S1.);
#4320 = CIRCLE('',#4321,13.5);
#4321 = AXIS2_PLACEMENT_3D('',#4322,#4323,#4324);
#4322 = CARTESIAN_POINT('',(0.,0.,9.5));
#4323 = DIRECTION('',(0.,0.,1.));
#4324 = DIRECTION('',(1.,0.,-0.));
#4325 = PCURVE('',#2353,#4326);
#4326 = DEFINITIONAL_REPRESENTATION('',(#4327),#4331);
#4327 = CIRCLE('',#4328,13.5);
#4328 = AXIS2_PLACEMENT_2D('',#4329,#4330);
#4329 = CARTESIAN_POINT('',(23.,19.));
#4330 = DIRECTION('',(1.,0.));
#4331 = ( GEOMETRIC_REPRESENTATION_CONTEXT(2) 
PARAMETRIC_REPRESENTATION_CONTEXT() REPRESENTATION_CONTEXT('2D SPACE',''
  ) );
#4332 = PCURVE('',#4333,#4338);
#4333 = CYLINDRICAL_SURFACE('',#4334,13.5);
#4334 = AXIS2_PLACEMENT_3D('',#4335,#4336,#4337);
#4335 = CARTESIAN_POINT('',(0.,0.,9.4));
#4336 = DIRECTION('',(0.,0.,1.));
#4337 = DIRECTION('',(1.,0.,-0.));
#4338 = DEFINITIONAL_REPRESENTATION('',(#4339),#4343);
#4339 = LINE('',#4340,#4341);
#4340 = CARTESIAN_POINT('',(0.,1.E-01));
#4341 = VECTOR('',#4342,1.);
#4342 = DIRECTION('',(1.,0.));
#4343 = ( GEOMETRIC_REPRESENTATION_CONTEXT(2) 
PARAMETRIC_REPRESENTATION_CONTEXT() REPRESENTATION_CONTEXT('2D SPACE',''
  ) );
#4344 = ORIENTED_EDGE('',*,*,#4345,.F.);
#4345 = EDGE_CURVE('',#2313,#4317,#4346,.T.);
#4346 = SURFACE_CURVE('',#4347,(#4351,#4358),.PCURVE_S1.);
#4347 = LINE('',#4348,#4349);
#4348 = CARTESIAN_POINT('',(-8.443561679882,-22.32467782654,9.5));
#4349 = VECTOR('',#4350,1.);
#4350 = DIRECTION('',(0.5,0.866025403784,-0.));
#4351 = PCURVE('',#2353,#4352);
#4352 = DEFINITIONAL_REPRESENTATION('',(#4353),#4357);
#4353 = LINE('',#4354,#4355);
#4354 = CARTESIAN_POINT('',(14.556438320118,-3.324677826547));
#4355 = VECTOR('',#4356,1.);
#4356 = DIRECTION('',(0.5,0.866025403784));
#4357 = ( GEOMETRIC_REPRESENTATION_CONTEXT(2) 
PARAMETRIC_REPRESENTATION_CONTEXT() REPRESENTATION_CONTEXT('2D SPACE',''
  ) );
#4358 = PCURVE('',#2328,#4359);
#4359 = DEFINITIONAL_REPRESENTATION('',(#4360),#4363);
#4360 = B_SPLINE_CURVE_WITH_KNOTS('',1,(#4361,#4362),.UNSPECIFIED.,.F.,
  .F.,(2,2),(7.303108891389,12.095116125577),.PIECEWISE_BEZIER_KNOTS.);
#4361 = CARTESIAN_POINT('',(4.792007234188,-4.05));
#4362 = CARTESIAN_POINT('',(0.,-4.05));
#4363 = ( GEOMETRIC_REPRESENTATION_CONTEXT(2) 
PARAMETRIC_REPRESENTATION_CONTEXT() REPRESENTATION_CONTEXT('2D SPACE',''
  ) );
#4364 = ORIENTED_EDGE('',*,*,#2340,.F.);
#4365 = ADVANCED_FACE('',(#4366),#2328,.T.);
#4366 = FACE_BOUND('',#4367,.T.);
#4367 = EDGE_LOOP('',(#4368,#4369,#4392,#4416,#4417));
#4368 = ORIENTED_EDGE('',*,*,#4234,.F.);
#4369 = ORIENTED_EDGE('',*,*,#4370,.T.);
#4370 = EDGE_CURVE('',#4207,#4371,#4373,.T.);
#4371 = VERTEX_POINT('',#4372);
#4372 = CARTESIAN_POINT('',(-2.396003617094,-11.85000000007,9.5));
#4373 = SURFACE_CURVE('',#4374,(#4378,#4385),.PCURVE_S1.);
#4374 = LINE('',#4375,#4376);
#4375 = CARTESIAN_POINT('',(-2.396003617094,-11.85000000007,5.45));
#4376 = VECTOR('',#4377,1.);
#4377 = DIRECTION('',(0.,0.,1.));
#4378 = PCURVE('',#2328,#4379);
#4379 = DEFINITIONAL_REPRESENTATION('',(#4380),#4384);
#4380 = LINE('',#4381,#4382);
#4381 = CARTESIAN_POINT('',(0.,0.));
#4382 = VECTOR('',#4383,1.);
#4383 = DIRECTION('',(0.,-1.));
#4384 = ( GEOMETRIC_REPRESENTATION_CONTEXT(2) 
PARAMETRIC_REPRESENTATION_CONTEXT() REPRESENTATION_CONTEXT('2D SPACE',''
  ) );
#4385 = PCURVE('',#4222,#4386);
#4386 = DEFINITIONAL_REPRESENTATION('',(#4387),#4391);
#4387 = LINE('',#4388,#4389);
#4388 = CARTESIAN_POINT('',(4.792007234188,0.));
#4389 = VECTOR('',#4390,1.);
#4390 = DIRECTION('',(0.,-1.));
#4391 = ( GEOMETRIC_REPRESENTATION_CONTEXT(2) 
PARAMETRIC_REPRESENTATION_CONTEXT() REPRESENTATION_CONTEXT('2D SPACE',''
  ) );
#4392 = ORIENTED_EDGE('',*,*,#4393,.F.);
#4393 = EDGE_CURVE('',#4317,#4371,#4394,.T.);
#4394 = SURFACE_CURVE('',#4395,(#4399,#4405),.PCURVE_S1.);
#4395 = LINE('',#4396,#4397);
#4396 = CARTESIAN_POINT('',(-8.443561679882,-22.32467782654,9.5));
#4397 = VECTOR('',#4398,1.);
#4398 = DIRECTION('',(0.5,0.866025403784,-0.));
#4399 = PCURVE('',#2328,#4400);
#4400 = DEFINITIONAL_REPRESENTATION('',(#4401),#4404);
#4401 = B_SPLINE_CURVE_WITH_KNOTS('',1,(#4402,#4403),.UNSPECIFIED.,.F.,
  .F.,(2,2),(7.303108891389,12.095116125577),.PIECEWISE_BEZIER_KNOTS.);
#4402 = CARTESIAN_POINT('',(4.792007234188,-4.05));
#4403 = CARTESIAN_POINT('',(0.,-4.05));
#4404 = ( GEOMETRIC_REPRESENTATION_CONTEXT(2) 
PARAMETRIC_REPRESENTATION_CONTEXT() REPRESENTATION_CONTEXT('2D SPACE',''
  ) );
#4405 = PCURVE('',#4406,#4411);
#4406 = PLANE('',#4407);
#4407 = AXIS2_PLACEMENT_3D('',#4408,#4409,#4410);
#4408 = CARTESIAN_POINT('',(-28.,-25.,9.5));
#4409 = DIRECTION('',(0.,0.,1.));
#4410 = DIRECTION('',(1.,0.,0.));
#4411 = DEFINITIONAL_REPRESENTATION('',(#4412),#4415);
#4412 = B_SPLINE_CURVE_WITH_KNOTS('',1,(#4413,#4414),.UNSPECIFIED.,.F.,
  .F.,(2,2),(7.303108891389,12.095116125577),.PIECEWISE_BEZIER_KNOTS.);
#4413 = CARTESIAN_POINT('',(23.207992765812,9.));
#4414 = CARTESIAN_POINT('',(25.603996382906,13.149999999925));
#4415 = ( GEOMETRIC_REPRESENTATION_CONTEXT(2) 
PARAMETRIC_REPRESENTATION_CONTEXT() REPRESENTATION_CONTEXT('2D SPACE',''
  ) );
#4416 = ORIENTED_EDGE('',*,*,#4345,.F.);
#4417 = ORIENTED_EDGE('',*,*,#2312,.F.);
#4418 = ADVANCED_FACE('',(#4419),#2500,.T.);
#4419 = FACE_BOUND('',#4420,.T.);
#4420 = EDGE_LOOP('',(#4421,#4422,#4423,#4424,#4445));
#4421 = ORIENTED_EDGE('',*,*,#4183,.F.);
#4422 = ORIENTED_EDGE('',*,*,#2486,.T.);
#4423 = ORIENTED_EDGE('',*,*,#4294,.F.);
#4424 = ORIENTED_EDGE('',*,*,#4425,.F.);
#4425 = EDGE_CURVE('',#4426,#4295,#4428,.T.);
#4426 = VERTEX_POINT('',#4427);
#4427 = CARTESIAN_POINT('',(2.396003617094,-11.85000000007,9.5));
#4428 = SURFACE_CURVE('',#4429,(#4433,#4439),.PCURVE_S1.);
#4429 = LINE('',#4430,#4431);
#4430 = CARTESIAN_POINT('',(2.641563488429,-12.27532217352,9.5));
#4431 = VECTOR('',#4432,1.);
#4432 = DIRECTION('',(0.5,-0.866025403784,0.));
#4433 = PCURVE('',#2500,#4434);
#4434 = DEFINITIONAL_REPRESENTATION('',(#4435),#4438);
#4435 = B_SPLINE_CURVE_WITH_KNOTS('',1,(#4436,#4437),.UNSPECIFIED.,.F.,
  .F.,(2,2),(-0.491119742671,4.300887491517),.PIECEWISE_BEZIER_KNOTS.);
#4436 = CARTESIAN_POINT('',(4.792007234188,-4.05));
#4437 = CARTESIAN_POINT('',(0.,-4.05));
#4438 = ( GEOMETRIC_REPRESENTATION_CONTEXT(2) 
PARAMETRIC_REPRESENTATION_CONTEXT() REPRESENTATION_CONTEXT('2D SPACE',''
  ) );
#4439 = PCURVE('',#4406,#4440);
#4440 = DEFINITIONAL_REPRESENTATION('',(#4441),#4444);
#4441 = B_SPLINE_CURVE_WITH_KNOTS('',1,(#4442,#4443),.UNSPECIFIED.,.F.,
  .F.,(2,2),(-0.491119742671,4.300887491517),.PIECEWISE_BEZIER_KNOTS.);
#4442 = CARTESIAN_POINT('',(30.396003617094,13.149999999925));
#4443 = CARTESIAN_POINT('',(32.792007234188,9.));
#4444 = ( GEOMETRIC_REPRESENTATION_CONTEXT(2) 
PARAMETRIC_REPRESENTATION_CONTEXT() REPRESENTATION_CONTEXT('2D SPACE',''
  ) );
#4445 = ORIENTED_EDGE('',*,*,#4446,.F.);
#4446 = EDGE_CURVE('',#4184,#4426,#4447,.T.);
#4447 = SURFACE_CURVE('',#4448,(#4452,#4459),.PCURVE_S1.);
#4448 = LINE('',#4449,#4450);
#4449 = CARTESIAN_POINT('',(2.396003617094,-11.85000000007,5.45));
#4450 = VECTOR('',#4451,1.);
#4451 = DIRECTION('',(0.,0.,1.));
#4452 = PCURVE('',#2500,#4453);
#4453 = DEFINITIONAL_REPRESENTATION('',(#4454),#4458);
#4454 = LINE('',#4455,#4456);
#4455 = CARTESIAN_POINT('',(4.792007234188,0.));
#4456 = VECTOR('',#4457,1.);
#4457 = DIRECTION('',(0.,-1.));
#4458 = ( GEOMETRIC_REPRESENTATION_CONTEXT(2) 
PARAMETRIC_REPRESENTATION_CONTEXT() REPRESENTATION_CONTEXT('2D SPACE',''
  ) );
#4459 = PCURVE('',#4222,#4460);
#4460 = DEFINITIONAL_REPRESENTATION('',(#4461),#4465);
#4461 = LINE('',#4462,#4463);
#4462 = CARTESIAN_POINT('',(0.,0.));
#4463 = VECTOR('',#4464,1.);
#4464 = DIRECTION('',(0.,-1.));
#4465 = ( GEOMETRIC_REPRESENTATION_CONTEXT(2) 
PARAMETRIC_REPRESENTATION_CONTEXT() REPRESENTATION_CONTEXT('2D SPACE',''
  ) );
#4466 = ADVANCED_FACE('',(#4467,#4473,#4499),#2554,.T.);
#4467 = FACE_BOUND('',#4468,.T.);
#4468 = EDGE_LOOP('',(#4469,#4470,#4471,#4472));
#4469 = ORIENTED_EDGE('',*,*,#2966,.F.);
#4470 = ORIENTED_EDGE('',*,*,#2538,.T.);
#4471 = ORIENTED_EDGE('',*,*,#2613,.T.);
#4472 = ORIENTED_EDGE('',*,*,#2686,.T.);
#4473 = FACE_BOUND('',#4474,.T.);
#4474 = EDGE_LOOP('',(#4475));
#4475 = ORIENTED_EDGE('',*,*,#4476,.F.);
#4476 = EDGE_CURVE('',#4477,#4477,#4479,.T.);
#4477 = VERTEX_POINT('',#4478);
#4478 = CARTESIAN_POINT('',(13.5,-3.306546357698E-15,17.5));
#4479 = SURFACE_CURVE('',#4480,(#4485,#4492),.PCURVE_S1.);
#4480 = CIRCLE('',#4481,13.5);
#4481 = AXIS2_PLACEMENT_3D('',#4482,#4483,#4484);
#4482 = CARTESIAN_POINT('',(0.,0.,17.5));
#4483 = DIRECTION('',(0.,0.,1.));
#4484 = DIRECTION('',(1.,0.,-0.));
#4485 = PCURVE('',#2554,#4486);
#4486 = DEFINITIONAL_REPRESENTATION('',(#4487),#4491);
#4487 = CIRCLE('',#4488,13.5);
#4488 = AXIS2_PLACEMENT_2D('',#4489,#4490);
#4489 = CARTESIAN_POINT('',(23.,19.));
#4490 = DIRECTION('',(1.,0.));
#4491 = ( GEOMETRIC_REPRESENTATION_CONTEXT(2) 
PARAMETRIC_REPRESENTATION_CONTEXT() REPRESENTATION_CONTEXT('2D SPACE',''
  ) );
#4492 = PCURVE('',#4333,#4493);
#4493 = DEFINITIONAL_REPRESENTATION('',(#4494),#4498);
#4494 = LINE('',#4495,#4496);
#4495 = CARTESIAN_POINT('',(0.,8.1));
#4496 = VECTOR('',#4497,1.);
#4497 = DIRECTION('',(1.,0.));
#4498 = ( GEOMETRIC_REPRESENTATION_CONTEXT(2) 
PARAMETRIC_REPRESENTATION_CONTEXT() REPRESENTATION_CONTEXT('2D SPACE',''
  ) );
#4499 = FACE_BOUND('',#4500,.T.);
#4500 = EDGE_LOOP('',(#4501));
#4501 = ORIENTED_EDGE('',*,*,#4502,.F.);
#4502 = EDGE_CURVE('',#4503,#4503,#4505,.T.);
#4503 = VERTEX_POINT('',#4504);
#4504 = CARTESIAN_POINT('',(22.95,-1.114428587224E-15,17.5));
#4505 = SURFACE_CURVE('',#4506,(#4511,#4518),.PCURVE_S1.);
#4506 = CIRCLE('',#4507,4.55);
#4507 = AXIS2_PLACEMENT_3D('',#4508,#4509,#4510);
#4508 = CARTESIAN_POINT('',(18.4,0.,17.5));
#4509 = DIRECTION('',(0.,0.,1.));
#4510 = DIRECTION('',(1.,0.,-0.));
#4511 = PCURVE('',#2554,#4512);
#4512 = DEFINITIONAL_REPRESENTATION('',(#4513),#4517);
#4513 = CIRCLE('',#4514,4.55);
#4514 = AXIS2_PLACEMENT_2D('',#4515,#4516);
#4515 = CARTESIAN_POINT('',(41.4,19.));
#4516 = DIRECTION('',(1.,0.));
#4517 = ( GEOMETRIC_REPRESENTATION_CONTEXT(2) 
PARAMETRIC_REPRESENTATION_CONTEXT() REPRESENTATION_CONTEXT('2D SPACE',''
  ) );
#4518 = PCURVE('',#4519,#4524);
#4519 = CYLINDRICAL_SURFACE('',#4520,4.55);
#4520 = AXIS2_PLACEMENT_3D('',#4521,#4522,#4523);
#4521 = CARTESIAN_POINT('',(18.4,0.,9.4));
#4522 = DIRECTION('',(0.,0.,1.));
#4523 = DIRECTION('',(1.,0.,-0.));
#4524 = DEFINITIONAL_REPRESENTATION('',(#4525),#4529);
#4525 = LINE('',#4526,#4527);
#4526 = CARTESIAN_POINT('',(0.,8.1));
#4527 = VECTOR('',#4528,1.);
#4528 = DIRECTION('',(1.,0.));
#4529 = ( GEOMETRIC_REPRESENTATION_CONTEXT(2) 
PARAMETRIC_REPRESENTATION_CONTEXT() REPRESENTATION_CONTEXT('2D SPACE',''
  ) );
#4530 = ADVANCED_FACE('',(#4531),#2723,.F.);
#4531 = FACE_BOUND('',#4532,.F.);
#4532 = EDGE_LOOP('',(#4533,#4534,#4535,#4536,#4558,#4582));
#4533 = ORIENTED_EDGE('',*,*,#2796,.F.);
#4534 = ORIENTED_EDGE('',*,*,#2709,.F.);
#4535 = ORIENTED_EDGE('',*,*,#2915,.F.);
#4536 = ORIENTED_EDGE('',*,*,#4537,.F.);
#4537 = EDGE_CURVE('',#4538,#2916,#4540,.T.);
#4538 = VERTEX_POINT('',#4539);
#4539 = CARTESIAN_POINT('',(-3.135491136872,13.130829955894,9.5));
#4540 = SURFACE_CURVE('',#4541,(#4545,#4552),.PCURVE_S1.);
#4541 = LINE('',#4542,#4543);
#4542 = CARTESIAN_POINT('',(1.183754058876,5.64967782651,9.5));
#4543 = VECTOR('',#4544,1.);
#4544 = DIRECTION('',(-0.5,0.866025403784,0.));
#4545 = PCURVE('',#2723,#4546);
#4546 = DEFINITIONAL_REPRESENTATION('',(#4547),#4551);
#4547 = LINE('',#4548,#4549);
#4548 = CARTESIAN_POINT('',(24.183754058876,24.64967782651));
#4549 = VECTOR('',#4550,1.);
#4550 = DIRECTION('',(-0.5,0.866025403784));
#4551 = ( GEOMETRIC_REPRESENTATION_CONTEXT(2) 
PARAMETRIC_REPRESENTATION_CONTEXT() REPRESENTATION_CONTEXT('2D SPACE',''
  ) );
#4552 = PCURVE('',#2951,#4553);
#4553 = DEFINITIONAL_REPRESENTATION('',(#4554),#4557);
#4554 = B_SPLINE_CURVE_WITH_KNOTS('',1,(#4555,#4556),.UNSPECIFIED.,.F.,
  .F.,(2,2),(7.15951535194,11.951522586128),.PIECEWISE_BEZIER_KNOTS.);
#4555 = CARTESIAN_POINT('',(4.792007234188,-4.05));
#4556 = CARTESIAN_POINT('',(0.,-4.05));
#4557 = ( GEOMETRIC_REPRESENTATION_CONTEXT(2) 
PARAMETRIC_REPRESENTATION_CONTEXT() REPRESENTATION_CONTEXT('2D SPACE',''
  ) );
#4558 = ORIENTED_EDGE('',*,*,#4559,.F.);
#4559 = EDGE_CURVE('',#4560,#4538,#4562,.T.);
#4560 = VERTEX_POINT('',#4561);
#4561 = CARTESIAN_POINT('',(3.135491136872,13.130829955894,9.5));
#4562 = SURFACE_CURVE('',#4563,(#4568,#4575),.PCURVE_S1.);
#4563 = CIRCLE('',#4564,13.5);
#4564 = AXIS2_PLACEMENT_3D('',#4565,#4566,#4567);
#4565 = CARTESIAN_POINT('',(0.,0.,9.5));
#4566 = DIRECTION('',(0.,0.,1.));
#4567 = DIRECTION('',(1.,0.,-0.));
#4568 = PCURVE('',#2723,#4569);
#4569 = DEFINITIONAL_REPRESENTATION('',(#4570),#4574);
#4570 = CIRCLE('',#4571,13.5);
#4571 = AXIS2_PLACEMENT_2D('',#4572,#4573);
#4572 = CARTESIAN_POINT('',(23.,19.));
#4573 = DIRECTION('',(1.,0.));
#4574 = ( GEOMETRIC_REPRESENTATION_CONTEXT(2) 
PARAMETRIC_REPRESENTATION_CONTEXT() REPRESENTATION_CONTEXT('2D SPACE',''
  ) );
#4575 = PCURVE('',#4333,#4576);
#4576 = DEFINITIONAL_REPRESENTATION('',(#4577),#4581);
#4577 = LINE('',#4578,#4579);
#4578 = CARTESIAN_POINT('',(0.,1.E-01));
#4579 = VECTOR('',#4580,1.);
#4580 = DIRECTION('',(1.,0.));
#4581 = ( GEOMETRIC_REPRESENTATION_CONTEXT(2) 
PARAMETRIC_REPRESENTATION_CONTEXT() REPRESENTATION_CONTEXT('2D SPACE',''
  ) );
#4582 = ORIENTED_EDGE('',*,*,#4583,.F.);
#4583 = EDGE_CURVE('',#2769,#4560,#4584,.T.);
#4584 = SURFACE_CURVE('',#4585,(#4589,#4596),.PCURVE_S1.);
#4585 = LINE('',#4586,#4587);
#4586 = CARTESIAN_POINT('',(-9.381755867423,-8.549677826435,9.5));
#4587 = VECTOR('',#4588,1.);
#4588 = DIRECTION('',(-0.5,-0.866025403784,0.));
#4589 = PCURVE('',#2723,#4590);
#4590 = DEFINITIONAL_REPRESENTATION('',(#4591),#4595);
#4591 = LINE('',#4592,#4593);
#4592 = CARTESIAN_POINT('',(13.618244132577,10.450322173565));
#4593 = VECTOR('',#4594,1.);
#4594 = DIRECTION('',(-0.5,-0.866025403784));
#4595 = ( GEOMETRIC_REPRESENTATION_CONTEXT(2) 
PARAMETRIC_REPRESENTATION_CONTEXT() REPRESENTATION_CONTEXT('2D SPACE',''
  ) );
#4596 = PCURVE('',#2784,#4597);
#4597 = DEFINITIONAL_REPRESENTATION('',(#4598),#4601);
#4598 = B_SPLINE_CURVE_WITH_KNOTS('',1,(#4599,#4600),.UNSPECIFIED.,.F.,
  .F.,(2,2),(-28.34752620322,-23.55551896903),.PIECEWISE_BEZIER_KNOTS.);
#4599 = CARTESIAN_POINT('',(4.792007234188,-4.05));
#4600 = CARTESIAN_POINT('',(0.,-4.05));
#4601 = ( GEOMETRIC_REPRESENTATION_CONTEXT(2) 
PARAMETRIC_REPRESENTATION_CONTEXT() REPRESENTATION_CONTEXT('2D SPACE',''
  ) );
#4602 = ADVANCED_FACE('',(#4603,#4680),#2756,.T.);
#4603 = FACE_BOUND('',#4604,.T.);
#4604 = EDGE_LOOP('',(#4605,#4606,#4607,#4608,#4631,#4659));
#4605 = ORIENTED_EDGE('',*,*,#2738,.T.);
#4606 = ORIENTED_EDGE('',*,*,#2841,.T.);
#4607 = ORIENTED_EDGE('',*,*,#2890,.T.);
#4608 = ORIENTED_EDGE('',*,*,#4609,.T.);
#4609 = EDGE_CURVE('',#2891,#4610,#4612,.T.);
#4610 = VERTEX_POINT('',#4611);
#4611 = CARTESIAN_POINT('',(-2.396003617094,11.850000000075,5.45));
#4612 = SURFACE_CURVE('',#4613,(#4617,#4624),.PCURVE_S1.);
#4613 = LINE('',#4614,#4615);
#4614 = CARTESIAN_POINT('',(-4.792007234188,16.,5.45));
#4615 = VECTOR('',#4616,1.);
#4616 = DIRECTION('',(0.5,-0.866025403784,0.));
#4617 = PCURVE('',#2756,#4618);
#4618 = DEFINITIONAL_REPRESENTATION('',(#4619),#4623);
#4619 = LINE('',#4620,#4621);
#4620 = CARTESIAN_POINT('',(-4.792007234188,0.));
#4621 = VECTOR('',#4622,1.);
#4622 = DIRECTION('',(0.5,-0.866025403784));
#4623 = ( GEOMETRIC_REPRESENTATION_CONTEXT(2) 
PARAMETRIC_REPRESENTATION_CONTEXT() REPRESENTATION_CONTEXT('2D SPACE',''
  ) );
#4624 = PCURVE('',#2951,#4625);
#4625 = DEFINITIONAL_REPRESENTATION('',(#4626),#4630);
#4626 = LINE('',#4627,#4628);
#4627 = CARTESIAN_POINT('',(0.,0.));
#4628 = VECTOR('',#4629,1.);
#4629 = DIRECTION('',(1.,0.));
#4630 = ( GEOMETRIC_REPRESENTATION_CONTEXT(2) 
PARAMETRIC_REPRESENTATION_CONTEXT() REPRESENTATION_CONTEXT('2D SPACE',''
  ) );
#4631 = ORIENTED_EDGE('',*,*,#4632,.T.);
#4632 = EDGE_CURVE('',#4610,#4633,#4635,.T.);
#4633 = VERTEX_POINT('',#4634);
#4634 = CARTESIAN_POINT('',(2.396003617094,11.850000000075,5.45));
#4635 = SURFACE_CURVE('',#4636,(#4640,#4647),.PCURVE_S1.);
#4636 = LINE('',#4637,#4638);
#4637 = CARTESIAN_POINT('',(-2.396003617094,11.850000000075,5.45));
#4638 = VECTOR('',#4639,1.);
#4639 = DIRECTION('',(1.,-7.413832044022E-16,0.));
#4640 = PCURVE('',#2756,#4641);
#4641 = DEFINITIONAL_REPRESENTATION('',(#4642),#4646);
#4642 = LINE('',#4643,#4644);
#4643 = CARTESIAN_POINT('',(-2.396003617094,-4.149999999925));
#4644 = VECTOR('',#4645,1.);
#4645 = DIRECTION('',(1.,-7.413832044022E-16));
#4646 = ( GEOMETRIC_REPRESENTATION_CONTEXT(2) 
PARAMETRIC_REPRESENTATION_CONTEXT() REPRESENTATION_CONTEXT('2D SPACE',''
  ) );
#4647 = PCURVE('',#4648,#4653);
#4648 = PLANE('',#4649);
#4649 = AXIS2_PLACEMENT_3D('',#4650,#4651,#4652);
#4650 = CARTESIAN_POINT('',(-2.396003617094,11.850000000075,5.45));
#4651 = DIRECTION('',(7.413832044022E-16,1.,-0.));
#4652 = DIRECTION('',(1.,-7.413832044022E-16,0.));
#4653 = DEFINITIONAL_REPRESENTATION('',(#4654),#4658);
#4654 = LINE('',#4655,#4656);
#4655 = CARTESIAN_POINT('',(0.,0.));
#4656 = VECTOR('',#4657,1.);
#4657 = DIRECTION('',(1.,0.));
#4658 = ( GEOMETRIC_REPRESENTATION_CONTEXT(2) 
PARAMETRIC_REPRESENTATION_CONTEXT() REPRESENTATION_CONTEXT('2D SPACE',''
  ) );
#4659 = ORIENTED_EDGE('',*,*,#4660,.T.);
#4660 = EDGE_CURVE('',#4633,#2739,#4661,.T.);
#4661 = SURFACE_CURVE('',#4662,(#4666,#4673),.PCURVE_S1.);
#4662 = LINE('',#4663,#4664);
#4663 = CARTESIAN_POINT('',(2.396003617094,11.850000000075,5.45));
#4664 = VECTOR('',#4665,1.);
#4665 = DIRECTION('',(0.5,0.866025403784,0.));
#4666 = PCURVE('',#2756,#4667);
#4667 = DEFINITIONAL_REPRESENTATION('',(#4668),#4672);
#4668 = LINE('',#4669,#4670);
#4669 = CARTESIAN_POINT('',(2.396003617094,-4.149999999925));
#4670 = VECTOR('',#4671,1.);
#4671 = DIRECTION('',(0.5,0.866025403784));
#4672 = ( GEOMETRIC_REPRESENTATION_CONTEXT(2) 
PARAMETRIC_REPRESENTATION_CONTEXT() REPRESENTATION_CONTEXT('2D SPACE',''
  ) );
#4673 = PCURVE('',#2784,#4674);
#4674 = DEFINITIONAL_REPRESENTATION('',(#4675),#4679);
#4675 = LINE('',#4676,#4677);
#4676 = CARTESIAN_POINT('',(0.,0.));
#4677 = VECTOR('',#4678,1.);
#4678 = DIRECTION('',(1.,0.));
#4679 = ( GEOMETRIC_REPRESENTATION_CONTEXT(2) 
PARAMETRIC_REPRESENTATION_CONTEXT() REPRESENTATION_CONTEXT('2D SPACE',''
  ) );
#4680 = FACE_BOUND('',#4681,.T.);
#4681 = EDGE_LOOP('',(#4682));
#4682 = ORIENTED_EDGE('',*,*,#4683,.F.);
#4683 = EDGE_CURVE('',#4684,#4684,#4686,.T.);
#4684 = VERTEX_POINT('',#4685);
#4685 = CARTESIAN_POINT('',(2.9,16.,5.45));
#4686 = SURFACE_CURVE('',#4687,(#4692,#4699),.PCURVE_S1.);
#4687 = CIRCLE('',#4688,2.9);
#4688 = AXIS2_PLACEMENT_3D('',#4689,#4690,#4691);
#4689 = CARTESIAN_POINT('',(0.,16.,5.45));
#4690 = DIRECTION('',(0.,0.,1.));
#4691 = DIRECTION('',(1.,0.,-0.));
#4692 = PCURVE('',#2756,#4693);
#4693 = DEFINITIONAL_REPRESENTATION('',(#4694),#4698);
#4694 = CIRCLE('',#4695,2.9);
#4695 = AXIS2_PLACEMENT_2D('',#4696,#4697);
#4696 = CARTESIAN_POINT('',(-1.853458011005E-16,0.));
#4697 = DIRECTION('',(1.,0.));
#4698 = ( GEOMETRIC_REPRESENTATION_CONTEXT(2) 
PARAMETRIC_REPRESENTATION_CONTEXT() REPRESENTATION_CONTEXT('2D SPACE',''
  ) );
#4699 = PCURVE('',#4700,#4705);
#4700 = CYLINDRICAL_SURFACE('',#4701,2.9);
#4701 = AXIS2_PLACEMENT_3D('',#4702,#4703,#4704);
#4702 = CARTESIAN_POINT('',(0.,16.,-0.1));
#4703 = DIRECTION('',(0.,0.,1.));
#4704 = DIRECTION('',(1.,0.,-0.));
#4705 = DEFINITIONAL_REPRESENTATION('',(#4706),#4710);
#4706 = LINE('',#4707,#4708);
#4707 = CARTESIAN_POINT('',(0.,5.55));
#4708 = VECTOR('',#4709,1.);
#4709 = DIRECTION('',(1.,0.));
#4710 = ( GEOMETRIC_REPRESENTATION_CONTEXT(2) 
PARAMETRIC_REPRESENTATION_CONTEXT() REPRESENTATION_CONTEXT('2D SPACE',''
  ) );
#4711 = ADVANCED_FACE('',(#4712),#2784,.T.);
#4712 = FACE_BOUND('',#4713,.T.);
#4713 = EDGE_LOOP('',(#4714,#4715,#4738,#4757,#4758));
#4714 = ORIENTED_EDGE('',*,*,#4660,.F.);
#4715 = ORIENTED_EDGE('',*,*,#4716,.T.);
#4716 = EDGE_CURVE('',#4633,#4717,#4719,.T.);
#4717 = VERTEX_POINT('',#4718);
#4718 = CARTESIAN_POINT('',(2.396003617094,11.850000000075,9.5));
#4719 = SURFACE_CURVE('',#4720,(#4724,#4731),.PCURVE_S1.);
#4720 = LINE('',#4721,#4722);
#4721 = CARTESIAN_POINT('',(2.396003617094,11.850000000075,5.45));
#4722 = VECTOR('',#4723,1.);
#4723 = DIRECTION('',(0.,0.,1.));
#4724 = PCURVE('',#2784,#4725);
#4725 = DEFINITIONAL_REPRESENTATION('',(#4726),#4730);
#4726 = LINE('',#4727,#4728);
#4727 = CARTESIAN_POINT('',(0.,0.));
#4728 = VECTOR('',#4729,1.);
#4729 = DIRECTION('',(0.,-1.));
#4730 = ( GEOMETRIC_REPRESENTATION_CONTEXT(2) 
PARAMETRIC_REPRESENTATION_CONTEXT() REPRESENTATION_CONTEXT('2D SPACE',''
  ) );
#4731 = PCURVE('',#4648,#4732);
#4732 = DEFINITIONAL_REPRESENTATION('',(#4733),#4737);
#4733 = LINE('',#4734,#4735);
#4734 = CARTESIAN_POINT('',(4.792007234188,0.));
#4735 = VECTOR('',#4736,1.);
#4736 = DIRECTION('',(0.,-1.));
#4737 = ( GEOMETRIC_REPRESENTATION_CONTEXT(2) 
PARAMETRIC_REPRESENTATION_CONTEXT() REPRESENTATION_CONTEXT('2D SPACE',''
  ) );
#4738 = ORIENTED_EDGE('',*,*,#4739,.F.);
#4739 = EDGE_CURVE('',#4560,#4717,#4740,.T.);
#4740 = SURFACE_CURVE('',#4741,(#4745,#4751),.PCURVE_S1.);
#4741 = LINE('',#4742,#4743);
#4742 = CARTESIAN_POINT('',(-9.381755867423,-8.549677826435,9.5));
#4743 = VECTOR('',#4744,1.);
#4744 = DIRECTION('',(-0.5,-0.866025403784,0.));
#4745 = PCURVE('',#2784,#4746);
#4746 = DEFINITIONAL_REPRESENTATION('',(#4747),#4750);
#4747 = B_SPLINE_CURVE_WITH_KNOTS('',1,(#4748,#4749),.UNSPECIFIED.,.F.,
  .F.,(2,2),(-28.34752620322,-23.55551896903),.PIECEWISE_BEZIER_KNOTS.);
#4748 = CARTESIAN_POINT('',(4.792007234188,-4.05));
#4749 = CARTESIAN_POINT('',(0.,-4.05));
#4750 = ( GEOMETRIC_REPRESENTATION_CONTEXT(2) 
PARAMETRIC_REPRESENTATION_CONTEXT() REPRESENTATION_CONTEXT('2D SPACE',''
  ) );
#4751 = PCURVE('',#4406,#4752);
#4752 = DEFINITIONAL_REPRESENTATION('',(#4753),#4756);
#4753 = B_SPLINE_CURVE_WITH_KNOTS('',1,(#4754,#4755),.UNSPECIFIED.,.F.,
  .F.,(2,2),(-28.34752620322,-23.55551896903),.PIECEWISE_BEZIER_KNOTS.);
#4754 = CARTESIAN_POINT('',(32.792007234188,41.));
#4755 = CARTESIAN_POINT('',(30.396003617094,36.850000000075));
#4756 = ( GEOMETRIC_REPRESENTATION_CONTEXT(2) 
PARAMETRIC_REPRESENTATION_CONTEXT() REPRESENTATION_CONTEXT('2D SPACE',''
  ) );
#4757 = ORIENTED_EDGE('',*,*,#4583,.F.);
#4758 = ORIENTED_EDGE('',*,*,#2768,.F.);
#4759 = ADVANCED_FACE('',(#4760),#2951,.T.);
#4760 = FACE_BOUND('',#4761,.T.);
#4761 = EDGE_LOOP('',(#4762,#4763,#4764,#4765,#4786));
#4762 = ORIENTED_EDGE('',*,*,#4609,.F.);
#4763 = ORIENTED_EDGE('',*,*,#2937,.T.);
#4764 = ORIENTED_EDGE('',*,*,#4537,.F.);
#4765 = ORIENTED_EDGE('',*,*,#4766,.F.);
#4766 = EDGE_CURVE('',#4767,#4538,#4769,.T.);
#4767 = VERTEX_POINT('',#4768);
#4768 = CARTESIAN_POINT('',(-2.396003617094,11.850000000075,9.5));
#4769 = SURFACE_CURVE('',#4770,(#4774,#4780),.PCURVE_S1.);
#4770 = LINE('',#4771,#4772);
#4771 = CARTESIAN_POINT('',(1.183754058876,5.64967782651,9.5));
#4772 = VECTOR('',#4773,1.);
#4773 = DIRECTION('',(-0.5,0.866025403784,0.));
#4774 = PCURVE('',#2951,#4775);
#4775 = DEFINITIONAL_REPRESENTATION('',(#4776),#4779);
#4776 = B_SPLINE_CURVE_WITH_KNOTS('',1,(#4777,#4778),.UNSPECIFIED.,.F.,
  .F.,(2,2),(7.15951535194,11.951522586128),.PIECEWISE_BEZIER_KNOTS.);
#4777 = CARTESIAN_POINT('',(4.792007234188,-4.05));
#4778 = CARTESIAN_POINT('',(0.,-4.05));
#4779 = ( GEOMETRIC_REPRESENTATION_CONTEXT(2) 
PARAMETRIC_REPRESENTATION_CONTEXT() REPRESENTATION_CONTEXT('2D SPACE',''
  ) );
#4780 = PCURVE('',#4406,#4781);
#4781 = DEFINITIONAL_REPRESENTATION('',(#4782),#4785);
#4782 = B_SPLINE_CURVE_WITH_KNOTS('',1,(#4783,#4784),.UNSPECIFIED.,.F.,
  .F.,(2,2),(7.15951535194,11.951522586128),.PIECEWISE_BEZIER_KNOTS.);
#4783 = CARTESIAN_POINT('',(25.603996382906,36.850000000075));
#4784 = CARTESIAN_POINT('',(23.207992765812,41.));
#4785 = ( GEOMETRIC_REPRESENTATION_CONTEXT(2) 
PARAMETRIC_REPRESENTATION_CONTEXT() REPRESENTATION_CONTEXT('2D SPACE',''
  ) );
#4786 = ORIENTED_EDGE('',*,*,#4787,.F.);
#4787 = EDGE_CURVE('',#4610,#4767,#4788,.T.);
#4788 = SURFACE_CURVE('',#4789,(#4793,#4800),.PCURVE_S1.);
#4789 = LINE('',#4790,#4791);
#4790 = CARTESIAN_POINT('',(-2.396003617094,11.850000000075,5.45));
#4791 = VECTOR('',#4792,1.);
#4792 = DIRECTION('',(0.,0.,1.));
#4793 = PCURVE('',#2951,#4794);
#4794 = DEFINITIONAL_REPRESENTATION('',(#4795),#4799);
#4795 = LINE('',#4796,#4797);
#4796 = CARTESIAN_POINT('',(4.792007234188,0.));
#4797 = VECTOR('',#4798,1.);
#4798 = DIRECTION('',(0.,-1.));
#4799 = ( GEOMETRIC_REPRESENTATION_CONTEXT(2) 
PARAMETRIC_REPRESENTATION_CONTEXT() REPRESENTATION_CONTEXT('2D SPACE',''
  ) );
#4800 = PCURVE('',#4648,#4801);
#4801 = DEFINITIONAL_REPRESENTATION('',(#4802),#4806);
#4802 = LINE('',#4803,#4804);
#4803 = CARTESIAN_POINT('',(0.,0.));
#4804 = VECTOR('',#4805,1.);
#4805 = DIRECTION('',(0.,-1.));
#4806 = ( GEOMETRIC_REPRESENTATION_CONTEXT(2) 
PARAMETRIC_REPRESENTATION_CONTEXT() REPRESENTATION_CONTEXT('2D SPACE',''
  ) );
#4807 = ADVANCED_FACE('',(#4808),#3032,.F.);
#4808 = FACE_BOUND('',#4809,.F.);
#4809 = EDGE_LOOP('',(#4810));
#4810 = ORIENTED_EDGE('',*,*,#3017,.F.);
#4811 = ADVANCED_FACE('',(#4812,#4818),#3113,.F.);
#4812 = FACE_BOUND('',#4813,.F.);
#4813 = EDGE_LOOP('',(#4814,#4815,#4816,#4817));
#4814 = ORIENTED_EDGE('',*,*,#3099,.F.);
#4815 = ORIENTED_EDGE('',*,*,#3179,.T.);
#4816 = ORIENTED_EDGE('',*,*,#3229,.T.);
#4817 = ORIENTED_EDGE('',*,*,#3130,.F.);
#4818 = FACE_BOUND('',#4819,.F.);
#4819 = EDGE_LOOP('',(#4820));
#4820 = ORIENTED_EDGE('',*,*,#4821,.F.);
#4821 = EDGE_CURVE('',#4822,#4822,#4824,.T.);
#4822 = VERTEX_POINT('',#4823);
#4823 = CARTESIAN_POINT('',(2.9,-16.,3.05));
#4824 = SURFACE_CURVE('',#4825,(#4830,#4837),.PCURVE_S1.);
#4825 = CIRCLE('',#4826,2.9);
#4826 = AXIS2_PLACEMENT_3D('',#4827,#4828,#4829);
#4827 = CARTESIAN_POINT('',(0.,-16.,3.05));
#4828 = DIRECTION('',(0.,0.,1.));
#4829 = DIRECTION('',(1.,0.,-0.));
#4830 = PCURVE('',#3113,#4831);
#4831 = DEFINITIONAL_REPRESENTATION('',(#4832),#4836);
#4832 = CIRCLE('',#4833,2.9);
#4833 = AXIS2_PLACEMENT_2D('',#4834,#4835);
#4834 = CARTESIAN_POINT('',(6.125,6.125));
#4835 = DIRECTION('',(1.,0.));
#4836 = ( GEOMETRIC_REPRESENTATION_CONTEXT(2) 
PARAMETRIC_REPRESENTATION_CONTEXT() REPRESENTATION_CONTEXT('2D SPACE',''
  ) );
#4837 = PCURVE('',#4277,#4838);
#4838 = DEFINITIONAL_REPRESENTATION('',(#4839),#4843);
#4839 = LINE('',#4840,#4841);
#4840 = CARTESIAN_POINT('',(0.,3.15));
#4841 = VECTOR('',#4842,1.);
#4842 = DIRECTION('',(1.,0.));
#4843 = ( GEOMETRIC_REPRESENTATION_CONTEXT(2) 
PARAMETRIC_REPRESENTATION_CONTEXT() REPRESENTATION_CONTEXT('2D SPACE',''
  ) );
#4844 = ADVANCED_FACE('',(#4845),#3292,.F.);
#4845 = FACE_BOUND('',#4846,.F.);
#4846 = EDGE_LOOP('',(#4847));
#4847 = ORIENTED_EDGE('',*,*,#3277,.F.);
#4848 = ADVANCED_FACE('',(#4849),#3546,.F.);
#4849 = FACE_BOUND('',#4850,.F.);
#4850 = EDGE_LOOP('',(#4851));
#4851 = ORIENTED_EDGE('',*,*,#3531,.T.);
#4852 = ADVANCED_FACE('',(#4853,#5023),#3580,.T.);
#4853 = FACE_BOUND('',#4854,.T.);
#4854 = EDGE_LOOP('',(#4855,#4885,#4913,#4941,#4969,#4997));
#4855 = ORIENTED_EDGE('',*,*,#4856,.T.);
#4856 = EDGE_CURVE('',#4857,#4859,#4861,.T.);
#4857 = VERTEX_POINT('',#4858);
#4858 = CARTESIAN_POINT('',(-8.709103465678,0.,1.5));
#4859 = VERTEX_POINT('',#4860);
#4860 = CARTESIAN_POINT('',(-10.35455173283,2.849999999949,1.5));
#4861 = SURFACE_CURVE('',#4862,(#4866,#4873),.PCURVE_S1.);
#4862 = LINE('',#4863,#4864);
#4863 = CARTESIAN_POINT('',(-8.709103465678,0.,1.5));
#4864 = VECTOR('',#4865,1.);
#4865 = DIRECTION('',(-0.5,0.866025403784,0.));
#4866 = PCURVE('',#3580,#4867);
#4867 = DEFINITIONAL_REPRESENTATION('',(#4868),#4872);
#4868 = LINE('',#4869,#4870);
#4869 = CARTESIAN_POINT('',(3.290896534322,4.498158330803E-17));
#4870 = VECTOR('',#4871,1.);
#4871 = DIRECTION('',(-0.5,0.866025403784));
#4872 = ( GEOMETRIC_REPRESENTATION_CONTEXT(2) 
PARAMETRIC_REPRESENTATION_CONTEXT() REPRESENTATION_CONTEXT('2D SPACE',''
  ) );
#4873 = PCURVE('',#4874,#4879);
#4874 = PLANE('',#4875);
#4875 = AXIS2_PLACEMENT_3D('',#4876,#4877,#4878);
#4876 = CARTESIAN_POINT('',(-8.709103465678,0.,1.5));
#4877 = DIRECTION('',(-0.866025403784,-0.5,0.));
#4878 = DIRECTION('',(-0.5,0.866025403784,0.));
#4879 = DEFINITIONAL_REPRESENTATION('',(#4880),#4884);
#4880 = LINE('',#4881,#4882);
#4881 = CARTESIAN_POINT('',(0.,0.));
#4882 = VECTOR('',#4883,1.);
#4883 = DIRECTION('',(1.,0.));
#4884 = ( GEOMETRIC_REPRESENTATION_CONTEXT(2) 
PARAMETRIC_REPRESENTATION_CONTEXT() REPRESENTATION_CONTEXT('2D SPACE',''
  ) );
#4885 = ORIENTED_EDGE('',*,*,#4886,.T.);
#4886 = EDGE_CURVE('',#4859,#4887,#4889,.T.);
#4887 = VERTEX_POINT('',#4888);
#4888 = CARTESIAN_POINT('',(-13.64544826716,2.849999999949,1.5));
#4889 = SURFACE_CURVE('',#4890,(#4894,#4901),.PCURVE_S1.);
#4890 = LINE('',#4891,#4892);
#4891 = CARTESIAN_POINT('',(-10.35455173283,2.849999999949,1.5));
#4892 = VECTOR('',#4893,1.);
#4893 = DIRECTION('',(-1.,0.,0.));
#4894 = PCURVE('',#3580,#4895);
#4895 = DEFINITIONAL_REPRESENTATION('',(#4896),#4900);
#4896 = LINE('',#4897,#4898);
#4897 = CARTESIAN_POINT('',(1.645448267161,2.849999999949));
#4898 = VECTOR('',#4899,1.);
#4899 = DIRECTION('',(-1.,0.));
#4900 = ( GEOMETRIC_REPRESENTATION_CONTEXT(2) 
PARAMETRIC_REPRESENTATION_CONTEXT() REPRESENTATION_CONTEXT('2D SPACE',''
  ) );
#4901 = PCURVE('',#4902,#4907);
#4902 = PLANE('',#4903);
#4903 = AXIS2_PLACEMENT_3D('',#4904,#4905,#4906);
#4904 = CARTESIAN_POINT('',(-10.35455173283,2.849999999949,1.5));
#4905 = DIRECTION('',(0.,-1.,0.));
#4906 = DIRECTION('',(-1.,0.,0.));
#4907 = DEFINITIONAL_REPRESENTATION('',(#4908),#4912);
#4908 = LINE('',#4909,#4910);
#4909 = CARTESIAN_POINT('',(0.,-0.));
#4910 = VECTOR('',#4911,1.);
#4911 = DIRECTION('',(1.,0.));
#4912 = ( GEOMETRIC_REPRESENTATION_CONTEXT(2) 
PARAMETRIC_REPRESENTATION_CONTEXT() REPRESENTATION_CONTEXT('2D SPACE',''
  ) );
#4913 = ORIENTED_EDGE('',*,*,#4914,.T.);
#4914 = EDGE_CURVE('',#4887,#4915,#4917,.T.);
#4915 = VERTEX_POINT('',#4916);
#4916 = CARTESIAN_POINT('',(-15.29089653432,4.030185907082E-16,1.5));
#4917 = SURFACE_CURVE('',#4918,(#4922,#4929),.PCURVE_S1.);
#4918 = LINE('',#4919,#4920);
#4919 = CARTESIAN_POINT('',(-13.64544826716,2.849999999949,1.5));
#4920 = VECTOR('',#4921,1.);
#4921 = DIRECTION('',(-0.5,-0.866025403784,0.));
#4922 = PCURVE('',#3580,#4923);
#4923 = DEFINITIONAL_REPRESENTATION('',(#4924),#4928);
#4924 = LINE('',#4925,#4926);
#4925 = CARTESIAN_POINT('',(-1.645448267161,2.849999999949));
#4926 = VECTOR('',#4927,1.);
#4927 = DIRECTION('',(-0.5,-0.866025403784));
#4928 = ( GEOMETRIC_REPRESENTATION_CONTEXT(2) 
PARAMETRIC_REPRESENTATION_CONTEXT() REPRESENTATION_CONTEXT('2D SPACE',''
  ) );
#4929 = PCURVE('',#4930,#4935);
#4930 = PLANE('',#4931);
#4931 = AXIS2_PLACEMENT_3D('',#4932,#4933,#4934);
#4932 = CARTESIAN_POINT('',(-13.64544826716,2.849999999949,1.5));
#4933 = DIRECTION('',(0.866025403784,-0.5,0.));
#4934 = DIRECTION('',(-0.5,-0.866025403784,0.));
#4935 = DEFINITIONAL_REPRESENTATION('',(#4936),#4940);
#4936 = LINE('',#4937,#4938);
#4937 = CARTESIAN_POINT('',(0.,0.));
#4938 = VECTOR('',#4939,1.);
#4939 = DIRECTION('',(1.,0.));
#4940 = ( GEOMETRIC_REPRESENTATION_CONTEXT(2) 
PARAMETRIC_REPRESENTATION_CONTEXT() REPRESENTATION_CONTEXT('2D SPACE',''
  ) );
#4941 = ORIENTED_EDGE('',*,*,#4942,.T.);
#4942 = EDGE_CURVE('',#4915,#4943,#4945,.T.);
#4943 = VERTEX_POINT('',#4944);
#4944 = CARTESIAN_POINT('',(-13.64544826716,-2.849999999949,1.5));
#4945 = SURFACE_CURVE('',#4946,(#4950,#4957),.PCURVE_S1.);
#4946 = LINE('',#4947,#4948);
#4947 = CARTESIAN_POINT('',(-15.29089653432,4.030185907082E-16,1.5));
#4948 = VECTOR('',#4949,1.);
#4949 = DIRECTION('',(0.5,-0.866025403784,0.));
#4950 = PCURVE('',#3580,#4951);
#4951 = DEFINITIONAL_REPRESENTATION('',(#4952),#4956);
#4952 = LINE('',#4953,#4954);
#4953 = CARTESIAN_POINT('',(-3.290896534322,4.480001740162E-16));
#4954 = VECTOR('',#4955,1.);
#4955 = DIRECTION('',(0.5,-0.866025403784));
#4956 = ( GEOMETRIC_REPRESENTATION_CONTEXT(2) 
PARAMETRIC_REPRESENTATION_CONTEXT() REPRESENTATION_CONTEXT('2D SPACE',''
  ) );
#4957 = PCURVE('',#4958,#4963);
#4958 = PLANE('',#4959);
#4959 = AXIS2_PLACEMENT_3D('',#4960,#4961,#4962);
#4960 = CARTESIAN_POINT('',(-15.29089653432,4.030185907082E-16,1.5));
#4961 = DIRECTION('',(0.866025403784,0.5,-0.));
#4962 = DIRECTION('',(0.5,-0.866025403784,0.));
#4963 = DEFINITIONAL_REPRESENTATION('',(#4964),#4968);
#4964 = LINE('',#4965,#4966);
#4965 = CARTESIAN_POINT('',(0.,0.));
#4966 = VECTOR('',#4967,1.);
#4967 = DIRECTION('',(1.,0.));
#4968 = ( GEOMETRIC_REPRESENTATION_CONTEXT(2) 
PARAMETRIC_REPRESENTATION_CONTEXT() REPRESENTATION_CONTEXT('2D SPACE',''
  ) );
#4969 = ORIENTED_EDGE('',*,*,#4970,.T.);
#4970 = EDGE_CURVE('',#4943,#4971,#4973,.T.);
#4971 = VERTEX_POINT('',#4972);
#4972 = CARTESIAN_POINT('',(-10.35455173283,-2.849999999949,1.5));
#4973 = SURFACE_CURVE('',#4974,(#4978,#4985),.PCURVE_S1.);
#4974 = LINE('',#4975,#4976);
#4975 = CARTESIAN_POINT('',(-13.64544826716,-2.849999999949,1.5));
#4976 = VECTOR('',#4977,1.);
#4977 = DIRECTION('',(1.,-6.747237496204E-16,0.));
#4978 = PCURVE('',#3580,#4979);
#4979 = DEFINITIONAL_REPRESENTATION('',(#4980),#4984);
#4980 = LINE('',#4981,#4982);
#4981 = CARTESIAN_POINT('',(-1.645448267161,-2.849999999949));
#4982 = VECTOR('',#4983,1.);
#4983 = DIRECTION('',(1.,-6.747237496204E-16));
#4984 = ( GEOMETRIC_REPRESENTATION_CONTEXT(2) 
PARAMETRIC_REPRESENTATION_CONTEXT() REPRESENTATION_CONTEXT('2D SPACE',''
  ) );
#4985 = PCURVE('',#4986,#4991);
#4986 = PLANE('',#4987);
#4987 = AXIS2_PLACEMENT_3D('',#4988,#4989,#4990);
#4988 = CARTESIAN_POINT('',(-13.64544826716,-2.849999999949,1.5));
#4989 = DIRECTION('',(6.747237496204E-16,1.,-0.));
#4990 = DIRECTION('',(1.,-6.747237496204E-16,0.));
#4991 = DEFINITIONAL_REPRESENTATION('',(#4992),#4996);
#4992 = LINE('',#4993,#4994);
#4993 = CARTESIAN_POINT('',(0.,0.));
#4994 = VECTOR('',#4995,1.);
#4995 = DIRECTION('',(1.,0.));
#4996 = ( GEOMETRIC_REPRESENTATION_CONTEXT(2) 
PARAMETRIC_REPRESENTATION_CONTEXT() REPRESENTATION_CONTEXT('2D SPACE',''
  ) );
#4997 = ORIENTED_EDGE('',*,*,#4998,.T.);
#4998 = EDGE_CURVE('',#4971,#4857,#4999,.T.);
#4999 = SURFACE_CURVE('',#5000,(#5004,#5011),.PCURVE_S1.);
#5000 = LINE('',#5001,#5002);
#5001 = CARTESIAN_POINT('',(-10.35455173283,-2.849999999949,1.5));
#5002 = VECTOR('',#5003,1.);
#5003 = DIRECTION('',(0.5,0.866025403784,0.));
#5004 = PCURVE('',#3580,#5005);
#5005 = DEFINITIONAL_REPRESENTATION('',(#5006),#5010);
#5006 = LINE('',#5007,#5008);
#5007 = CARTESIAN_POINT('',(1.645448267161,-2.849999999949));
#5008 = VECTOR('',#5009,1.);
#5009 = DIRECTION('',(0.5,0.866025403784));
#5010 = ( GEOMETRIC_REPRESENTATION_CONTEXT(2) 
PARAMETRIC_REPRESENTATION_CONTEXT() REPRESENTATION_CONTEXT('2D SPACE',''
  ) );
#5011 = PCURVE('',#5012,#5017);
#5012 = PLANE('',#5013);
#5013 = AXIS2_PLACEMENT_3D('',#5014,#5015,#5016);
#5014 = CARTESIAN_POINT('',(-10.35455173283,-2.849999999949,1.5));
#5015 = DIRECTION('',(-0.866025403784,0.5,0.));
#5016 = DIRECTION('',(0.5,0.866025403784,0.));
#5017 = DEFINITIONAL_REPRESENTATION('',(#5018),#5022);
#5018 = LINE('',#5019,#5020);
#5019 = CARTESIAN_POINT('',(0.,0.));
#5020 = VECTOR('',#5021,1.);
#5021 = DIRECTION('',(1.,0.));
#5022 = ( GEOMETRIC_REPRESENTATION_CONTEXT(2) 
PARAMETRIC_REPRESENTATION_CONTEXT() REPRESENTATION_CONTEXT('2D SPACE',''
  ) );
#5023 = FACE_BOUND('',#5024,.T.);
#5024 = EDGE_LOOP('',(#5025));
#5025 = ORIENTED_EDGE('',*,*,#3563,.F.);
#5026 = ADVANCED_FACE('',(#5027),#3657,.F.);
#5027 = FACE_BOUND('',#5028,.F.);
#5028 = EDGE_LOOP('',(#5029));
#5029 = ORIENTED_EDGE('',*,*,#3642,.F.);
#5030 = ADVANCED_FACE('',(#5031,#5034),#3716,.F.);
#5031 = FACE_BOUND('',#5032,.F.);
#5032 = EDGE_LOOP('',(#5033));
#5033 = ORIENTED_EDGE('',*,*,#3701,.F.);
#5034 = FACE_BOUND('',#5035,.F.);
#5035 = EDGE_LOOP('',(#5036));
#5036 = ORIENTED_EDGE('',*,*,#5037,.F.);
#5037 = EDGE_CURVE('',#5038,#5038,#5040,.T.);
#5038 = VERTEX_POINT('',#5039);
#5039 = CARTESIAN_POINT('',(1.725,-4.225031457058E-16,9.5));
#5040 = SURFACE_CURVE('',#5041,(#5046,#5053),.PCURVE_S1.);
#5041 = CIRCLE('',#5042,1.725);
#5042 = AXIS2_PLACEMENT_3D('',#5043,#5044,#5045);
#5043 = CARTESIAN_POINT('',(0.,0.,9.5));
#5044 = DIRECTION('',(0.,0.,1.));
#5045 = DIRECTION('',(1.,0.,-0.));
#5046 = PCURVE('',#3716,#5047);
#5047 = DEFINITIONAL_REPRESENTATION('',(#5048),#5052);
#5048 = CIRCLE('',#5049,1.725);
#5049 = AXIS2_PLACEMENT_2D('',#5050,#5051);
#5050 = CARTESIAN_POINT('',(3.418600331349E-16,1.70226710729E-17));
#5051 = DIRECTION('',(1.,0.));
#5052 = ( GEOMETRIC_REPRESENTATION_CONTEXT(2) 
PARAMETRIC_REPRESENTATION_CONTEXT() REPRESENTATION_CONTEXT('2D SPACE',''
  ) );
#5053 = PCURVE('',#5054,#5059);
#5054 = CYLINDRICAL_SURFACE('',#5055,1.725);
#5055 = AXIS2_PLACEMENT_3D('',#5056,#5057,#5058);
#5056 = CARTESIAN_POINT('',(0.,0.,9.4));
#5057 = DIRECTION('',(0.,0.,1.));
#5058 = DIRECTION('',(1.,0.,-0.));
#5059 = DEFINITIONAL_REPRESENTATION('',(#5060),#5064);
#5060 = LINE('',#5061,#5062);
#5061 = CARTESIAN_POINT('',(0.,1.E-01));
#5062 = VECTOR('',#5063,1.);
#5063 = DIRECTION('',(1.,0.));
#5064 = ( GEOMETRIC_REPRESENTATION_CONTEXT(2) 
PARAMETRIC_REPRESENTATION_CONTEXT() REPRESENTATION_CONTEXT('2D SPACE',''
  ) );
#5065 = ADVANCED_FACE('',(#5066,#5236),#3753,.T.);
#5066 = FACE_BOUND('',#5067,.T.);
#5067 = EDGE_LOOP('',(#5068,#5098,#5126,#5154,#5182,#5210));
#5068 = ORIENTED_EDGE('',*,*,#5069,.T.);
#5069 = EDGE_CURVE('',#5070,#5072,#5074,.T.);
#5070 = VERTEX_POINT('',#5071);
#5071 = CARTESIAN_POINT('',(15.290896534322,0.,1.5));
#5072 = VERTEX_POINT('',#5073);
#5073 = CARTESIAN_POINT('',(13.645448267161,2.849999999949,1.5));
#5074 = SURFACE_CURVE('',#5075,(#5079,#5086),.PCURVE_S1.);
#5075 = LINE('',#5076,#5077);
#5076 = CARTESIAN_POINT('',(15.290896534322,0.,1.5));
#5077 = VECTOR('',#5078,1.);
#5078 = DIRECTION('',(-0.5,0.866025403784,0.));
#5079 = PCURVE('',#3753,#5080);
#5080 = DEFINITIONAL_REPRESENTATION('',(#5081),#5085);
#5081 = LINE('',#5082,#5083);
#5082 = CARTESIAN_POINT('',(3.290896534322,4.498158330803E-17));
#5083 = VECTOR('',#5084,1.);
#5084 = DIRECTION('',(-0.5,0.866025403784));
#5085 = ( GEOMETRIC_REPRESENTATION_CONTEXT(2) 
PARAMETRIC_REPRESENTATION_CONTEXT() REPRESENTATION_CONTEXT('2D SPACE',''
  ) );
#5086 = PCURVE('',#5087,#5092);
#5087 = PLANE('',#5088);
#5088 = AXIS2_PLACEMENT_3D('',#5089,#5090,#5091);
#5089 = CARTESIAN_POINT('',(15.290896534322,0.,1.5));
#5090 = DIRECTION('',(-0.866025403784,-0.5,0.));
#5091 = DIRECTION('',(-0.5,0.866025403784,0.));
#5092 = DEFINITIONAL_REPRESENTATION('',(#5093),#5097);
#5093 = LINE('',#5094,#5095);
#5094 = CARTESIAN_POINT('',(0.,0.));
#5095 = VECTOR('',#5096,1.);
#5096 = DIRECTION('',(1.,0.));
#5097 = ( GEOMETRIC_REPRESENTATION_CONTEXT(2) 
PARAMETRIC_REPRESENTATION_CONTEXT() REPRESENTATION_CONTEXT('2D SPACE',''
  ) );
#5098 = ORIENTED_EDGE('',*,*,#5099,.T.);
#5099 = EDGE_CURVE('',#5072,#5100,#5102,.T.);
#5100 = VERTEX_POINT('',#5101);
#5101 = CARTESIAN_POINT('',(10.354551732839,2.849999999949,1.5));
#5102 = SURFACE_CURVE('',#5103,(#5107,#5114),.PCURVE_S1.);
#5103 = LINE('',#5104,#5105);
#5104 = CARTESIAN_POINT('',(13.645448267161,2.849999999949,1.5));
#5105 = VECTOR('',#5106,1.);
#5106 = DIRECTION('',(-1.,0.,0.));
#5107 = PCURVE('',#3753,#5108);
#5108 = DEFINITIONAL_REPRESENTATION('',(#5109),#5113);
#5109 = LINE('',#5110,#5111);
#5110 = CARTESIAN_POINT('',(1.645448267161,2.849999999949));
#5111 = VECTOR('',#5112,1.);
#5112 = DIRECTION('',(-1.,0.));
#5113 = ( GEOMETRIC_REPRESENTATION_CONTEXT(2) 
PARAMETRIC_REPRESENTATION_CONTEXT() REPRESENTATION_CONTEXT('2D SPACE',''
  ) );
#5114 = PCURVE('',#5115,#5120);
#5115 = PLANE('',#5116);
#5116 = AXIS2_PLACEMENT_3D('',#5117,#5118,#5119);
#5117 = CARTESIAN_POINT('',(13.645448267161,2.849999999949,1.5));
#5118 = DIRECTION('',(0.,-1.,0.));
#5119 = DIRECTION('',(-1.,0.,0.));
#5120 = DEFINITIONAL_REPRESENTATION('',(#5121),#5125);
#5121 = LINE('',#5122,#5123);
#5122 = CARTESIAN_POINT('',(0.,-0.));
#5123 = VECTOR('',#5124,1.);
#5124 = DIRECTION('',(1.,0.));
#5125 = ( GEOMETRIC_REPRESENTATION_CONTEXT(2) 
PARAMETRIC_REPRESENTATION_CONTEXT() REPRESENTATION_CONTEXT('2D SPACE',''
  ) );
#5126 = ORIENTED_EDGE('',*,*,#5127,.T.);
#5127 = EDGE_CURVE('',#5100,#5128,#5130,.T.);
#5128 = VERTEX_POINT('',#5129);
#5129 = CARTESIAN_POINT('',(8.709103465678,4.030185907082E-16,1.5));
#5130 = SURFACE_CURVE('',#5131,(#5135,#5142),.PCURVE_S1.);
#5131 = LINE('',#5132,#5133);
#5132 = CARTESIAN_POINT('',(10.354551732839,2.849999999949,1.5));
#5133 = VECTOR('',#5134,1.);
#5134 = DIRECTION('',(-0.5,-0.866025403784,0.));
#5135 = PCURVE('',#3753,#5136);
#5136 = DEFINITIONAL_REPRESENTATION('',(#5137),#5141);
#5137 = LINE('',#5138,#5139);
#5138 = CARTESIAN_POINT('',(-1.645448267161,2.849999999949));
#5139 = VECTOR('',#5140,1.);
#5140 = DIRECTION('',(-0.5,-0.866025403784));
#5141 = ( GEOMETRIC_REPRESENTATION_CONTEXT(2) 
PARAMETRIC_REPRESENTATION_CONTEXT() REPRESENTATION_CONTEXT('2D SPACE',''
  ) );
#5142 = PCURVE('',#5143,#5148);
#5143 = PLANE('',#5144);
#5144 = AXIS2_PLACEMENT_3D('',#5145,#5146,#5147);
#5145 = CARTESIAN_POINT('',(10.354551732839,2.849999999949,1.5));
#5146 = DIRECTION('',(0.866025403784,-0.5,0.));
#5147 = DIRECTION('',(-0.5,-0.866025403784,0.));
#5148 = DEFINITIONAL_REPRESENTATION('',(#5149),#5153);
#5149 = LINE('',#5150,#5151);
#5150 = CARTESIAN_POINT('',(0.,0.));
#5151 = VECTOR('',#5152,1.);
#5152 = DIRECTION('',(1.,0.));
#5153 = ( GEOMETRIC_REPRESENTATION_CONTEXT(2) 
PARAMETRIC_REPRESENTATION_CONTEXT() REPRESENTATION_CONTEXT('2D SPACE',''
  ) );
#5154 = ORIENTED_EDGE('',*,*,#5155,.T.);
#5155 = EDGE_CURVE('',#5128,#5156,#5158,.T.);
#5156 = VERTEX_POINT('',#5157);
#5157 = CARTESIAN_POINT('',(10.354551732839,-2.849999999949,1.5));
#5158 = SURFACE_CURVE('',#5159,(#5163,#5170),.PCURVE_S1.);
#5159 = LINE('',#5160,#5161);
#5160 = CARTESIAN_POINT('',(8.709103465678,4.030185907082E-16,1.5));
#5161 = VECTOR('',#5162,1.);
#5162 = DIRECTION('',(0.5,-0.866025403784,0.));
#5163 = PCURVE('',#3753,#5164);
#5164 = DEFINITIONAL_REPRESENTATION('',(#5165),#5169);
#5165 = LINE('',#5166,#5167);
#5166 = CARTESIAN_POINT('',(-3.290896534322,4.480001740162E-16));
#5167 = VECTOR('',#5168,1.);
#5168 = DIRECTION('',(0.5,-0.866025403784));
#5169 = ( GEOMETRIC_REPRESENTATION_CONTEXT(2) 
PARAMETRIC_REPRESENTATION_CONTEXT() REPRESENTATION_CONTEXT('2D SPACE',''
  ) );
#5170 = PCURVE('',#5171,#5176);
#5171 = PLANE('',#5172);
#5172 = AXIS2_PLACEMENT_3D('',#5173,#5174,#5175);
#5173 = CARTESIAN_POINT('',(8.709103465678,4.030185907082E-16,1.5));
#5174 = DIRECTION('',(0.866025403784,0.5,-0.));
#5175 = DIRECTION('',(0.5,-0.866025403784,0.));
#5176 = DEFINITIONAL_REPRESENTATION('',(#5177),#5181);
#5177 = LINE('',#5178,#5179);
#5178 = CARTESIAN_POINT('',(0.,0.));
#5179 = VECTOR('',#5180,1.);
#5180 = DIRECTION('',(1.,0.));
#5181 = ( GEOMETRIC_REPRESENTATION_CONTEXT(2) 
PARAMETRIC_REPRESENTATION_CONTEXT() REPRESENTATION_CONTEXT('2D SPACE',''
  ) );
#5182 = ORIENTED_EDGE('',*,*,#5183,.T.);
#5183 = EDGE_CURVE('',#5156,#5184,#5186,.T.);
#5184 = VERTEX_POINT('',#5185);
#5185 = CARTESIAN_POINT('',(13.645448267161,-2.849999999949,1.5));
#5186 = SURFACE_CURVE('',#5187,(#5191,#5198),.PCURVE_S1.);
#5187 = LINE('',#5188,#5189);
#5188 = CARTESIAN_POINT('',(10.354551732839,-2.849999999949,1.5));
#5189 = VECTOR('',#5190,1.);
#5190 = DIRECTION('',(1.,-6.747237496204E-16,0.));
#5191 = PCURVE('',#3753,#5192);
#5192 = DEFINITIONAL_REPRESENTATION('',(#5193),#5197);
#5193 = LINE('',#5194,#5195);
#5194 = CARTESIAN_POINT('',(-1.645448267161,-2.849999999949));
#5195 = VECTOR('',#5196,1.);
#5196 = DIRECTION('',(1.,-6.747237496204E-16));
#5197 = ( GEOMETRIC_REPRESENTATION_CONTEXT(2) 
PARAMETRIC_REPRESENTATION_CONTEXT() REPRESENTATION_CONTEXT('2D SPACE',''
  ) );
#5198 = PCURVE('',#5199,#5204);
#5199 = PLANE('',#5200);
#5200 = AXIS2_PLACEMENT_3D('',#5201,#5202,#5203);
#5201 = CARTESIAN_POINT('',(10.354551732839,-2.849999999949,1.5));
#5202 = DIRECTION('',(6.747237496204E-16,1.,-0.));
#5203 = DIRECTION('',(1.,-6.747237496204E-16,0.));
#5204 = DEFINITIONAL_REPRESENTATION('',(#5205),#5209);
#5205 = LINE('',#5206,#5207);
#5206 = CARTESIAN_POINT('',(0.,0.));
#5207 = VECTOR('',#5208,1.);
#5208 = DIRECTION('',(1.,0.));
#5209 = ( GEOMETRIC_REPRESENTATION_CONTEXT(2) 
PARAMETRIC_REPRESENTATION_CONTEXT() REPRESENTATION_CONTEXT('2D SPACE',''
  ) );
#5210 = ORIENTED_EDGE('',*,*,#5211,.T.);
#5211 = EDGE_CURVE('',#5184,#5070,#5212,.T.);
#5212 = SURFACE_CURVE('',#5213,(#5217,#5224),.PCURVE_S1.);
#5213 = LINE('',#5214,#5215);
#5214 = CARTESIAN_POINT('',(13.645448267161,-2.849999999949,1.5));
#5215 = VECTOR('',#5216,1.);
#5216 = DIRECTION('',(0.5,0.866025403784,0.));
#5217 = PCURVE('',#3753,#5218);
#5218 = DEFINITIONAL_REPRESENTATION('',(#5219),#5223);
#5219 = LINE('',#5220,#5221);
#5220 = CARTESIAN_POINT('',(1.645448267161,-2.849999999949));
#5221 = VECTOR('',#5222,1.);
#5222 = DIRECTION('',(0.5,0.866025403784));
#5223 = ( GEOMETRIC_REPRESENTATION_CONTEXT(2) 
PARAMETRIC_REPRESENTATION_CONTEXT() REPRESENTATION_CONTEXT('2D SPACE',''
  ) );
#5224 = PCURVE('',#5225,#5230);
#5225 = PLANE('',#5226);
#5226 = AXIS2_PLACEMENT_3D('',#5227,#5228,#5229);
#5227 = CARTESIAN_POINT('',(13.645448267161,-2.849999999949,1.5));
#5228 = DIRECTION('',(-0.866025403784,0.5,0.));
#5229 = DIRECTION('',(0.5,0.866025403784,0.));
#5230 = DEFINITIONAL_REPRESENTATION('',(#5231),#5235);
#5231 = LINE('',#5232,#5233);
#5232 = CARTESIAN_POINT('',(0.,0.));
#5233 = VECTOR('',#5234,1.);
#5234 = DIRECTION('',(1.,0.));
#5235 = ( GEOMETRIC_REPRESENTATION_CONTEXT(2) 
PARAMETRIC_REPRESENTATION_CONTEXT() REPRESENTATION_CONTEXT('2D SPACE',''
  ) );
#5236 = FACE_BOUND('',#5237,.T.);
#5237 = EDGE_LOOP('',(#5238));
#5238 = ORIENTED_EDGE('',*,*,#3736,.F.);
#5239 = ADVANCED_FACE('',(#5240),#3839,.F.);
#5240 = FACE_BOUND('',#5241,.F.);
#5241 = EDGE_LOOP('',(#5242,#5243));
#5242 = ORIENTED_EDGE('',*,*,#3882,.T.);
#5243 = ORIENTED_EDGE('',*,*,#3822,.T.);
#5244 = ADVANCED_FACE('',(#5245,#5251),#3971,.F.);
#5245 = FACE_BOUND('',#5246,.F.);
#5246 = EDGE_LOOP('',(#5247,#5248,#5249,#5250));
#5247 = ORIENTED_EDGE('',*,*,#3957,.F.);
#5248 = ORIENTED_EDGE('',*,*,#4037,.T.);
#5249 = ORIENTED_EDGE('',*,*,#4087,.T.);
#5250 = ORIENTED_EDGE('',*,*,#3988,.F.);
#5251 = FACE_BOUND('',#5252,.F.);
#5252 = EDGE_LOOP('',(#5253));
#5253 = ORIENTED_EDGE('',*,*,#5254,.F.);
#5254 = EDGE_CURVE('',#5255,#5255,#5257,.T.);
#5255 = VERTEX_POINT('',#5256);
#5256 = CARTESIAN_POINT('',(2.9,16.,3.05));
#5257 = SURFACE_CURVE('',#5258,(#5263,#5270),.PCURVE_S1.);
#5258 = CIRCLE('',#5259,2.9);
#5259 = AXIS2_PLACEMENT_3D('',#5260,#5261,#5262);
#5260 = CARTESIAN_POINT('',(0.,16.,3.05));
#5261 = DIRECTION('',(0.,0.,1.));
#5262 = DIRECTION('',(1.,0.,-0.));
#5263 = PCURVE('',#3971,#5264);
#5264 = DEFINITIONAL_REPRESENTATION('',(#5265),#5269);
#5265 = CIRCLE('',#5266,2.9);
#5266 = AXIS2_PLACEMENT_2D('',#5267,#5268);
#5267 = CARTESIAN_POINT('',(6.125,6.125));
#5268 = DIRECTION('',(1.,0.));
#5269 = ( GEOMETRIC_REPRESENTATION_CONTEXT(2) 
PARAMETRIC_REPRESENTATION_CONTEXT() REPRESENTATION_CONTEXT('2D SPACE',''
  ) );
#5270 = PCURVE('',#4700,#5271);
#5271 = DEFINITIONAL_REPRESENTATION('',(#5272),#5276);
#5272 = LINE('',#5273,#5274);
#5273 = CARTESIAN_POINT('',(0.,3.15));
#5274 = VECTOR('',#5275,1.);
#5275 = DIRECTION('',(1.,0.));
#5276 = ( GEOMETRIC_REPRESENTATION_CONTEXT(2) 
PARAMETRIC_REPRESENTATION_CONTEXT() REPRESENTATION_CONTEXT('2D SPACE',''
  ) );
#5277 = ADVANCED_FACE('',(#5278),#4150,.F.);
#5278 = FACE_BOUND('',#5279,.F.);
#5279 = EDGE_LOOP('',(#5280));
#5280 = ORIENTED_EDGE('',*,*,#4135,.F.);
#5281 = ADVANCED_FACE('',(#5282),#4222,.T.);
#5282 = FACE_BOUND('',#5283,.T.);
#5283 = EDGE_LOOP('',(#5284,#5285,#5286,#5305));
#5284 = ORIENTED_EDGE('',*,*,#4206,.F.);
#5285 = ORIENTED_EDGE('',*,*,#4446,.T.);
#5286 = ORIENTED_EDGE('',*,*,#5287,.F.);
#5287 = EDGE_CURVE('',#4371,#4426,#5288,.T.);
#5288 = SURFACE_CURVE('',#5289,(#5293,#5299),.PCURVE_S1.);
#5289 = LINE('',#5290,#5291);
#5290 = CARTESIAN_POINT('',(-12.80199819145,-11.85000000007,9.5));
#5291 = VECTOR('',#5292,1.);
#5292 = DIRECTION('',(1.,-1.853458011005E-16,0.));
#5293 = PCURVE('',#4222,#5294);
#5294 = DEFINITIONAL_REPRESENTATION('',(#5295),#5298);
#5295 = B_SPLINE_CURVE_WITH_KNOTS('',1,(#5296,#5297),.UNSPECIFIED.,.F.,
  .F.,(2,2),(10.405994574359,15.198001808547),.PIECEWISE_BEZIER_KNOTS.);
#5296 = CARTESIAN_POINT('',(4.792007234188,-4.05));
#5297 = CARTESIAN_POINT('',(0.,-4.05));
#5298 = ( GEOMETRIC_REPRESENTATION_CONTEXT(2) 
PARAMETRIC_REPRESENTATION_CONTEXT() REPRESENTATION_CONTEXT('2D SPACE',''
  ) );
#5299 = PCURVE('',#4406,#5300);
#5300 = DEFINITIONAL_REPRESENTATION('',(#5301),#5304);
#5301 = B_SPLINE_CURVE_WITH_KNOTS('',1,(#5302,#5303),.UNSPECIFIED.,.F.,
  .F.,(2,2),(10.405994574359,15.198001808547),.PIECEWISE_BEZIER_KNOTS.);
#5302 = CARTESIAN_POINT('',(25.603996382906,13.149999999925));
#5303 = CARTESIAN_POINT('',(30.396003617094,13.149999999925));
#5304 = ( GEOMETRIC_REPRESENTATION_CONTEXT(2) 
PARAMETRIC_REPRESENTATION_CONTEXT() REPRESENTATION_CONTEXT('2D SPACE',''
  ) );
#5305 = ORIENTED_EDGE('',*,*,#4370,.F.);
#5306 = ADVANCED_FACE('',(#5307),#4277,.F.);
#5307 = FACE_BOUND('',#5308,.F.);
#5308 = EDGE_LOOP('',(#5309,#5310,#5331,#5332));
#5309 = ORIENTED_EDGE('',*,*,#4260,.F.);
#5310 = ORIENTED_EDGE('',*,*,#5311,.F.);
#5311 = EDGE_CURVE('',#4822,#4261,#5312,.T.);
#5312 = SEAM_CURVE('',#5313,(#5317,#5324),.PCURVE_S1.);
#5313 = LINE('',#5314,#5315);
#5314 = CARTESIAN_POINT('',(2.9,-16.,-0.1));
#5315 = VECTOR('',#5316,1.);
#5316 = DIRECTION('',(0.,0.,1.));
#5317 = PCURVE('',#4277,#5318);
#5318 = DEFINITIONAL_REPRESENTATION('',(#5319),#5323);
#5319 = LINE('',#5320,#5321);
#5320 = CARTESIAN_POINT('',(6.28318530718,-0.));
#5321 = VECTOR('',#5322,1.);
#5322 = DIRECTION('',(0.,1.));
#5323 = ( GEOMETRIC_REPRESENTATION_CONTEXT(2) 
PARAMETRIC_REPRESENTATION_CONTEXT() REPRESENTATION_CONTEXT('2D SPACE',''
  ) );
#5324 = PCURVE('',#4277,#5325);
#5325 = DEFINITIONAL_REPRESENTATION('',(#5326),#5330);
#5326 = LINE('',#5327,#5328);
#5327 = CARTESIAN_POINT('',(0.,-0.));
#5328 = VECTOR('',#5329,1.);
#5329 = DIRECTION('',(0.,1.));
#5330 = ( GEOMETRIC_REPRESENTATION_CONTEXT(2) 
PARAMETRIC_REPRESENTATION_CONTEXT() REPRESENTATION_CONTEXT('2D SPACE',''
  ) );
#5331 = ORIENTED_EDGE('',*,*,#4821,.T.);
#5332 = ORIENTED_EDGE('',*,*,#5311,.T.);
#5333 = ADVANCED_FACE('',(#5334),#4333,.F.);
#5334 = FACE_BOUND('',#5335,.F.);
#5335 = EDGE_LOOP('',(#5336,#5359,#5360,#5361,#5390,#5412,#5413,#5437,
    #5466,#5488,#5489,#5513));
#5336 = ORIENTED_EDGE('',*,*,#5337,.T.);
#5337 = EDGE_CURVE('',#5338,#4477,#5340,.T.);
#5338 = VERTEX_POINT('',#5339);
#5339 = CARTESIAN_POINT('',(13.5,-3.306546357698E-15,9.5));
#5340 = SEAM_CURVE('',#5341,(#5345,#5352),.PCURVE_S1.);
#5341 = LINE('',#5342,#5343);
#5342 = CARTESIAN_POINT('',(13.5,-3.306546357698E-15,9.4));
#5343 = VECTOR('',#5344,1.);
#5344 = DIRECTION('',(0.,0.,1.));
#5345 = PCURVE('',#4333,#5346);
#5346 = DEFINITIONAL_REPRESENTATION('',(#5347),#5351);
#5347 = LINE('',#5348,#5349);
#5348 = CARTESIAN_POINT('',(6.28318530718,-0.));
#5349 = VECTOR('',#5350,1.);
#5350 = DIRECTION('',(0.,1.));
#5351 = ( GEOMETRIC_REPRESENTATION_CONTEXT(2) 
PARAMETRIC_REPRESENTATION_CONTEXT() REPRESENTATION_CONTEXT('2D SPACE',''
  ) );
#5352 = PCURVE('',#4333,#5353);
#5353 = DEFINITIONAL_REPRESENTATION('',(#5354),#5358);
#5354 = LINE('',#5355,#5356);
#5355 = CARTESIAN_POINT('',(0.,-0.));
#5356 = VECTOR('',#5357,1.);
#5357 = DIRECTION('',(0.,1.));
#5358 = ( GEOMETRIC_REPRESENTATION_CONTEXT(2) 
PARAMETRIC_REPRESENTATION_CONTEXT() REPRESENTATION_CONTEXT('2D SPACE',''
  ) );
#5359 = ORIENTED_EDGE('',*,*,#4476,.F.);
#5360 = ORIENTED_EDGE('',*,*,#5337,.F.);
#5361 = ORIENTED_EDGE('',*,*,#5362,.T.);
#5362 = EDGE_CURVE('',#5338,#5363,#5365,.T.);
#5363 = VERTEX_POINT('',#5364);
#5364 = CARTESIAN_POINT('',(13.195737948303,2.849999999949,9.5));
#5365 = SURFACE_CURVE('',#5366,(#5371,#5378),.PCURVE_S1.);
#5366 = CIRCLE('',#5367,13.5);
#5367 = AXIS2_PLACEMENT_3D('',#5368,#5369,#5370);
#5368 = CARTESIAN_POINT('',(0.,0.,9.5));
#5369 = DIRECTION('',(0.,0.,1.));
#5370 = DIRECTION('',(1.,0.,-0.));
#5371 = PCURVE('',#4333,#5372);
#5372 = DEFINITIONAL_REPRESENTATION('',(#5373),#5377);
#5373 = LINE('',#5374,#5375);
#5374 = CARTESIAN_POINT('',(0.,1.E-01));
#5375 = VECTOR('',#5376,1.);
#5376 = DIRECTION('',(1.,0.));
#5377 = ( GEOMETRIC_REPRESENTATION_CONTEXT(2) 
PARAMETRIC_REPRESENTATION_CONTEXT() REPRESENTATION_CONTEXT('2D SPACE',''
  ) );
#5378 = PCURVE('',#5379,#5384);
#5379 = PLANE('',#5380);
#5380 = AXIS2_PLACEMENT_3D('',#5381,#5382,#5383);
#5381 = CARTESIAN_POINT('',(-23.,-19.,9.5));
#5382 = DIRECTION('',(0.,0.,1.));
#5383 = DIRECTION('',(1.,0.,0.));
#5384 = DEFINITIONAL_REPRESENTATION('',(#5385),#5389);
#5385 = CIRCLE('',#5386,13.5);
#5386 = AXIS2_PLACEMENT_2D('',#5387,#5388);
#5387 = CARTESIAN_POINT('',(23.,19.));
#5388 = DIRECTION('',(1.,0.));
#5389 = ( GEOMETRIC_REPRESENTATION_CONTEXT(2) 
PARAMETRIC_REPRESENTATION_CONTEXT() REPRESENTATION_CONTEXT('2D SPACE',''
  ) );
#5390 = ORIENTED_EDGE('',*,*,#5391,.T.);
#5391 = EDGE_CURVE('',#5363,#4560,#5392,.T.);
#5392 = SURFACE_CURVE('',#5393,(#5398,#5405),.PCURVE_S1.);
#5393 = CIRCLE('',#5394,13.5);
#5394 = AXIS2_PLACEMENT_3D('',#5395,#5396,#5397);
#5395 = CARTESIAN_POINT('',(0.,0.,9.5));
#5396 = DIRECTION('',(0.,0.,1.));
#5397 = DIRECTION('',(1.,0.,-0.));
#5398 = PCURVE('',#4333,#5399);
#5399 = DEFINITIONAL_REPRESENTATION('',(#5400),#5404);
#5400 = LINE('',#5401,#5402);
#5401 = CARTESIAN_POINT('',(0.,1.E-01));
#5402 = VECTOR('',#5403,1.);
#5403 = DIRECTION('',(1.,0.));
#5404 = ( GEOMETRIC_REPRESENTATION_CONTEXT(2) 
PARAMETRIC_REPRESENTATION_CONTEXT() REPRESENTATION_CONTEXT('2D SPACE',''
  ) );
#5405 = PCURVE('',#4406,#5406);
#5406 = DEFINITIONAL_REPRESENTATION('',(#5407),#5411);
#5407 = CIRCLE('',#5408,13.5);
#5408 = AXIS2_PLACEMENT_2D('',#5409,#5410);
#5409 = CARTESIAN_POINT('',(28.,25.));
#5410 = DIRECTION('',(1.,0.));
#5411 = ( GEOMETRIC_REPRESENTATION_CONTEXT(2) 
PARAMETRIC_REPRESENTATION_CONTEXT() REPRESENTATION_CONTEXT('2D SPACE',''
  ) );
#5412 = ORIENTED_EDGE('',*,*,#4559,.T.);
#5413 = ORIENTED_EDGE('',*,*,#5414,.T.);
#5414 = EDGE_CURVE('',#4538,#5415,#5417,.T.);
#5415 = VERTEX_POINT('',#5416);
#5416 = CARTESIAN_POINT('',(-13.1957379483,2.849999999949,9.5));
#5417 = SURFACE_CURVE('',#5418,(#5423,#5430),.PCURVE_S1.);
#5418 = CIRCLE('',#5419,13.5);
#5419 = AXIS2_PLACEMENT_3D('',#5420,#5421,#5422);
#5420 = CARTESIAN_POINT('',(0.,0.,9.5));
#5421 = DIRECTION('',(0.,0.,1.));
#5422 = DIRECTION('',(1.,0.,-0.));
#5423 = PCURVE('',#4333,#5424);
#5424 = DEFINITIONAL_REPRESENTATION('',(#5425),#5429);
#5425 = LINE('',#5426,#5427);
#5426 = CARTESIAN_POINT('',(0.,1.E-01));
#5427 = VECTOR('',#5428,1.);
#5428 = DIRECTION('',(1.,0.));
#5429 = ( GEOMETRIC_REPRESENTATION_CONTEXT(2) 
PARAMETRIC_REPRESENTATION_CONTEXT() REPRESENTATION_CONTEXT('2D SPACE',''
  ) );
#5430 = PCURVE('',#4406,#5431);
#5431 = DEFINITIONAL_REPRESENTATION('',(#5432),#5436);
#5432 = CIRCLE('',#5433,13.5);
#5433 = AXIS2_PLACEMENT_2D('',#5434,#5435);
#5434 = CARTESIAN_POINT('',(28.,25.));
#5435 = DIRECTION('',(1.,0.));
#5436 = ( GEOMETRIC_REPRESENTATION_CONTEXT(2) 
PARAMETRIC_REPRESENTATION_CONTEXT() REPRESENTATION_CONTEXT('2D SPACE',''
  ) );
#5437 = ORIENTED_EDGE('',*,*,#5438,.T.);
#5438 = EDGE_CURVE('',#5415,#5439,#5441,.T.);
#5439 = VERTEX_POINT('',#5440);
#5440 = CARTESIAN_POINT('',(-13.1957379483,-2.849999999949,9.5));
#5441 = SURFACE_CURVE('',#5442,(#5447,#5454),.PCURVE_S1.);
#5442 = CIRCLE('',#5443,13.5);
#5443 = AXIS2_PLACEMENT_3D('',#5444,#5445,#5446);
#5444 = CARTESIAN_POINT('',(0.,0.,9.5));
#5445 = DIRECTION('',(0.,0.,1.));
#5446 = DIRECTION('',(1.,0.,-0.));
#5447 = PCURVE('',#4333,#5448);
#5448 = DEFINITIONAL_REPRESENTATION('',(#5449),#5453);
#5449 = LINE('',#5450,#5451);
#5450 = CARTESIAN_POINT('',(0.,1.E-01));
#5451 = VECTOR('',#5452,1.);
#5452 = DIRECTION('',(1.,0.));
#5453 = ( GEOMETRIC_REPRESENTATION_CONTEXT(2) 
PARAMETRIC_REPRESENTATION_CONTEXT() REPRESENTATION_CONTEXT('2D SPACE',''
  ) );
#5454 = PCURVE('',#5455,#5460);
#5455 = PLANE('',#5456);
#5456 = AXIS2_PLACEMENT_3D('',#5457,#5458,#5459);
#5457 = CARTESIAN_POINT('',(-23.,-19.,9.5));
#5458 = DIRECTION('',(0.,0.,1.));
#5459 = DIRECTION('',(1.,0.,0.));
#5460 = DEFINITIONAL_REPRESENTATION('',(#5461),#5465);
#5461 = CIRCLE('',#5462,13.5);
#5462 = AXIS2_PLACEMENT_2D('',#5463,#5464);
#5463 = CARTESIAN_POINT('',(23.,19.));
#5464 = DIRECTION('',(1.,0.));
#5465 = ( GEOMETRIC_REPRESENTATION_CONTEXT(2) 
PARAMETRIC_REPRESENTATION_CONTEXT() REPRESENTATION_CONTEXT('2D SPACE',''
  ) );
#5466 = ORIENTED_EDGE('',*,*,#5467,.T.);
#5467 = EDGE_CURVE('',#5439,#4317,#5468,.T.);
#5468 = SURFACE_CURVE('',#5469,(#5474,#5481),.PCURVE_S1.);
#5469 = CIRCLE('',#5470,13.5);
#5470 = AXIS2_PLACEMENT_3D('',#5471,#5472,#5473);
#5471 = CARTESIAN_POINT('',(0.,0.,9.5));
#5472 = DIRECTION('',(0.,0.,1.));
#5473 = DIRECTION('',(1.,0.,-0.));
#5474 = PCURVE('',#4333,#5475);
#5475 = DEFINITIONAL_REPRESENTATION('',(#5476),#5480);
#5476 = LINE('',#5477,#5478);
#5477 = CARTESIAN_POINT('',(0.,1.E-01));
#5478 = VECTOR('',#5479,1.);
#5479 = DIRECTION('',(1.,0.));
#5480 = ( GEOMETRIC_REPRESENTATION_CONTEXT(2) 
PARAMETRIC_REPRESENTATION_CONTEXT() REPRESENTATION_CONTEXT('2D SPACE',''
  ) );
#5481 = PCURVE('',#4406,#5482);
#5482 = DEFINITIONAL_REPRESENTATION('',(#5483),#5487);
#5483 = CIRCLE('',#5484,13.5);
#5484 = AXIS2_PLACEMENT_2D('',#5485,#5486);
#5485 = CARTESIAN_POINT('',(28.,25.));
#5486 = DIRECTION('',(1.,0.));
#5487 = ( GEOMETRIC_REPRESENTATION_CONTEXT(2) 
PARAMETRIC_REPRESENTATION_CONTEXT() REPRESENTATION_CONTEXT('2D SPACE',''
  ) );
#5488 = ORIENTED_EDGE('',*,*,#4316,.T.);
#5489 = ORIENTED_EDGE('',*,*,#5490,.T.);
#5490 = EDGE_CURVE('',#4295,#5491,#5493,.T.);
#5491 = VERTEX_POINT('',#5492);
#5492 = CARTESIAN_POINT('',(13.195737948303,-2.849999999949,9.5));
#5493 = SURFACE_CURVE('',#5494,(#5499,#5506),.PCURVE_S1.);
#5494 = CIRCLE('',#5495,13.5);
#5495 = AXIS2_PLACEMENT_3D('',#5496,#5497,#5498);
#5496 = CARTESIAN_POINT('',(0.,0.,9.5));
#5497 = DIRECTION('',(0.,0.,1.));
#5498 = DIRECTION('',(1.,0.,-0.));
#5499 = PCURVE('',#4333,#5500);
#5500 = DEFINITIONAL_REPRESENTATION('',(#5501),#5505);
#5501 = LINE('',#5502,#5503);
#5502 = CARTESIAN_POINT('',(0.,1.E-01));
#5503 = VECTOR('',#5504,1.);
#5504 = DIRECTION('',(1.,0.));
#5505 = ( GEOMETRIC_REPRESENTATION_CONTEXT(2) 
PARAMETRIC_REPRESENTATION_CONTEXT() REPRESENTATION_CONTEXT('2D SPACE',''
  ) );
#5506 = PCURVE('',#4406,#5507);
#5507 = DEFINITIONAL_REPRESENTATION('',(#5508),#5512);
#5508 = CIRCLE('',#5509,13.5);
#5509 = AXIS2_PLACEMENT_2D('',#5510,#5511);
#5510 = CARTESIAN_POINT('',(28.,25.));
#5511 = DIRECTION('',(1.,0.));
#5512 = ( GEOMETRIC_REPRESENTATION_CONTEXT(2) 
PARAMETRIC_REPRESENTATION_CONTEXT() REPRESENTATION_CONTEXT('2D SPACE',''
  ) );
#5513 = ORIENTED_EDGE('',*,*,#5514,.T.);
#5514 = EDGE_CURVE('',#5491,#5338,#5515,.T.);
#5515 = SURFACE_CURVE('',#5516,(#5521,#5528),.PCURVE_S1.);
#5516 = CIRCLE('',#5517,13.5);
#5517 = AXIS2_PLACEMENT_3D('',#5518,#5519,#5520);
#5518 = CARTESIAN_POINT('',(0.,0.,9.5));
#5519 = DIRECTION('',(0.,0.,1.));
#5520 = DIRECTION('',(1.,0.,-0.));
#5521 = PCURVE('',#4333,#5522);
#5522 = DEFINITIONAL_REPRESENTATION('',(#5523),#5527);
#5523 = LINE('',#5524,#5525);
#5524 = CARTESIAN_POINT('',(0.,1.E-01));
#5525 = VECTOR('',#5526,1.);
#5526 = DIRECTION('',(1.,0.));
#5527 = ( GEOMETRIC_REPRESENTATION_CONTEXT(2) 
PARAMETRIC_REPRESENTATION_CONTEXT() REPRESENTATION_CONTEXT('2D SPACE',''
  ) );
#5528 = PCURVE('',#5379,#5529);
#5529 = DEFINITIONAL_REPRESENTATION('',(#5530),#5534);
#5530 = CIRCLE('',#5531,13.5);
#5531 = AXIS2_PLACEMENT_2D('',#5532,#5533);
#5532 = CARTESIAN_POINT('',(23.,19.));
#5533 = DIRECTION('',(1.,0.));
#5534 = ( GEOMETRIC_REPRESENTATION_CONTEXT(2) 
PARAMETRIC_REPRESENTATION_CONTEXT() REPRESENTATION_CONTEXT('2D SPACE',''
  ) );
#5535 = ADVANCED_FACE('',(#5536,#5730),#4406,.T.);
#5536 = FACE_BOUND('',#5537,.T.);
#5537 = EDGE_LOOP('',(#5538,#5539,#5540,#5541,#5542,#5563,#5584,#5605,
    #5624,#5625,#5626,#5645,#5646,#5647,#5668,#5689,#5710,#5729));
#5538 = ORIENTED_EDGE('',*,*,#4393,.T.);
#5539 = ORIENTED_EDGE('',*,*,#5287,.T.);
#5540 = ORIENTED_EDGE('',*,*,#4425,.T.);
#5541 = ORIENTED_EDGE('',*,*,#5490,.T.);
#5542 = ORIENTED_EDGE('',*,*,#5543,.T.);
#5543 = EDGE_CURVE('',#5491,#5544,#5546,.T.);
#5544 = VERTEX_POINT('',#5545);
#5545 = CARTESIAN_POINT('',(10.354551732839,-2.849999999949,9.5));
#5546 = SURFACE_CURVE('',#5547,(#5551,#5557),.PCURVE_S1.);
#5547 = LINE('',#5548,#5549);
#5548 = CARTESIAN_POINT('',(-8.82272413358,-2.849999999949,9.5));
#5549 = VECTOR('',#5550,1.);
#5550 = DIRECTION('',(-1.,6.747237496204E-16,0.));
#5551 = PCURVE('',#4406,#5552);
#5552 = DEFINITIONAL_REPRESENTATION('',(#5553),#5556);
#5553 = B_SPLINE_CURVE_WITH_KNOTS('',1,(#5554,#5555),.UNSPECIFIED.,.F.,
  .F.,(2,2),(-22.46817240074,-19.17727586642),.PIECEWISE_BEZIER_KNOTS.);
#5554 = CARTESIAN_POINT('',(41.645448267161,22.150000000051));
#5555 = CARTESIAN_POINT('',(38.354551732839,22.150000000051));
#5556 = ( GEOMETRIC_REPRESENTATION_CONTEXT(2) 
PARAMETRIC_REPRESENTATION_CONTEXT() REPRESENTATION_CONTEXT('2D SPACE',''
  ) );
#5557 = PCURVE('',#5199,#5558);
#5558 = DEFINITIONAL_REPRESENTATION('',(#5559),#5562);
#5559 = B_SPLINE_CURVE_WITH_KNOTS('',1,(#5560,#5561),.UNSPECIFIED.,.F.,
  .F.,(2,2),(-22.46817240074,-19.17727586642),.PIECEWISE_BEZIER_KNOTS.);
#5560 = CARTESIAN_POINT('',(3.290896534322,-8.));
#5561 = CARTESIAN_POINT('',(0.,-8.));
#5562 = ( GEOMETRIC_REPRESENTATION_CONTEXT(2) 
PARAMETRIC_REPRESENTATION_CONTEXT() REPRESENTATION_CONTEXT('2D SPACE',''
  ) );
#5563 = ORIENTED_EDGE('',*,*,#5564,.T.);
#5564 = EDGE_CURVE('',#5544,#5565,#5567,.T.);
#5565 = VERTEX_POINT('',#5566);
#5566 = CARTESIAN_POINT('',(8.709103465678,4.030185907082E-16,9.5));
#5567 = SURFACE_CURVE('',#5568,(#5572,#5578),.PCURVE_S1.);
#5568 = LINE('',#5569,#5570);
#5569 = CARTESIAN_POINT('',(9.533124306121,-1.427245962143,9.5));
#5570 = VECTOR('',#5571,1.);
#5571 = DIRECTION('',(-0.5,0.866025403784,0.));
#5572 = PCURVE('',#4406,#5573);
#5573 = DEFINITIONAL_REPRESENTATION('',(#5574),#5577);
#5574 = B_SPLINE_CURVE_WITH_KNOTS('',1,(#5575,#5576),.UNSPECIFIED.,.F.,
  .F.,(2,2),(-1.642854853436,1.648041680886),.PIECEWISE_BEZIER_KNOTS.);
#5575 = CARTESIAN_POINT('',(38.354551732839,22.150000000051));
#5576 = CARTESIAN_POINT('',(36.709103465678,25.));
#5577 = ( GEOMETRIC_REPRESENTATION_CONTEXT(2) 
PARAMETRIC_REPRESENTATION_CONTEXT() REPRESENTATION_CONTEXT('2D SPACE',''
  ) );
#5578 = PCURVE('',#5171,#5579);
#5579 = DEFINITIONAL_REPRESENTATION('',(#5580),#5583);
#5580 = B_SPLINE_CURVE_WITH_KNOTS('',1,(#5581,#5582),.UNSPECIFIED.,.F.,
  .F.,(2,2),(-1.642854853436,1.648041680886),.PIECEWISE_BEZIER_KNOTS.);
#5581 = CARTESIAN_POINT('',(3.290896534322,-8.));
#5582 = CARTESIAN_POINT('',(0.,-8.));
#5583 = ( GEOMETRIC_REPRESENTATION_CONTEXT(2) 
PARAMETRIC_REPRESENTATION_CONTEXT() REPRESENTATION_CONTEXT('2D SPACE',''
  ) );
#5584 = ORIENTED_EDGE('',*,*,#5585,.T.);
#5585 = EDGE_CURVE('',#5565,#5586,#5588,.T.);
#5586 = VERTEX_POINT('',#5587);
#5587 = CARTESIAN_POINT('',(10.354551732839,2.849999999949,9.5));
#5588 = SURFACE_CURVE('',#5589,(#5593,#5599),.PCURVE_S1.);
#5589 = LINE('',#5590,#5591);
#5590 = CARTESIAN_POINT('',(-0.469469107604,-15.89775403788,9.5));
#5591 = VECTOR('',#5592,1.);
#5592 = DIRECTION('',(0.5,0.866025403784,-0.));
#5593 = PCURVE('',#4406,#5594);
#5594 = DEFINITIONAL_REPRESENTATION('',(#5595),#5598);
#5595 = B_SPLINE_CURVE_WITH_KNOTS('',1,(#5596,#5597),.UNSPECIFIED.,.F.,
  .F.,(2,2),(18.357145146564,21.648041680886),.PIECEWISE_BEZIER_KNOTS.);
#5596 = CARTESIAN_POINT('',(36.709103465678,25.));
#5597 = CARTESIAN_POINT('',(38.354551732839,27.849999999949));
#5598 = ( GEOMETRIC_REPRESENTATION_CONTEXT(2) 
PARAMETRIC_REPRESENTATION_CONTEXT() REPRESENTATION_CONTEXT('2D SPACE',''
  ) );
#5599 = PCURVE('',#5143,#5600);
#5600 = DEFINITIONAL_REPRESENTATION('',(#5601),#5604);
#5601 = B_SPLINE_CURVE_WITH_KNOTS('',1,(#5602,#5603),.UNSPECIFIED.,.F.,
  .F.,(2,2),(18.357145146564,21.648041680886),.PIECEWISE_BEZIER_KNOTS.);
#5602 = CARTESIAN_POINT('',(3.290896534322,-8.));
#5603 = CARTESIAN_POINT('',(0.,-8.));
#5604 = ( GEOMETRIC_REPRESENTATION_CONTEXT(2) 
PARAMETRIC_REPRESENTATION_CONTEXT() REPRESENTATION_CONTEXT('2D SPACE',''
  ) );
#5605 = ORIENTED_EDGE('',*,*,#5606,.T.);
#5606 = EDGE_CURVE('',#5586,#5363,#5607,.T.);
#5607 = SURFACE_CURVE('',#5608,(#5612,#5618),.PCURVE_S1.);
#5608 = LINE('',#5609,#5610);
#5609 = CARTESIAN_POINT('',(-7.17727586642,2.849999999949,9.5));
#5610 = VECTOR('',#5611,1.);
#5611 = DIRECTION('',(1.,0.,-0.));
#5612 = PCURVE('',#4406,#5613);
#5613 = DEFINITIONAL_REPRESENTATION('',(#5614),#5617);
#5614 = B_SPLINE_CURVE_WITH_KNOTS('',1,(#5615,#5616),.UNSPECIFIED.,.F.,
  .F.,(2,2),(17.531827599259,20.82272413358),.PIECEWISE_BEZIER_KNOTS.);
#5615 = CARTESIAN_POINT('',(38.354551732839,27.849999999949));
#5616 = CARTESIAN_POINT('',(41.645448267161,27.849999999949));
#5617 = ( GEOMETRIC_REPRESENTATION_CONTEXT(2) 
PARAMETRIC_REPRESENTATION_CONTEXT() REPRESENTATION_CONTEXT('2D SPACE',''
  ) );
#5618 = PCURVE('',#5115,#5619);
#5619 = DEFINITIONAL_REPRESENTATION('',(#5620),#5623);
#5620 = B_SPLINE_CURVE_WITH_KNOTS('',1,(#5621,#5622),.UNSPECIFIED.,.F.,
  .F.,(2,2),(17.531827599259,20.82272413358),.PIECEWISE_BEZIER_KNOTS.);
#5621 = CARTESIAN_POINT('',(3.290896534322,-8.));
#5622 = CARTESIAN_POINT('',(0.,-8.));
#5623 = ( GEOMETRIC_REPRESENTATION_CONTEXT(2) 
PARAMETRIC_REPRESENTATION_CONTEXT() REPRESENTATION_CONTEXT('2D SPACE',''
  ) );
#5624 = ORIENTED_EDGE('',*,*,#5391,.T.);
#5625 = ORIENTED_EDGE('',*,*,#4739,.T.);
#5626 = ORIENTED_EDGE('',*,*,#5627,.T.);
#5627 = EDGE_CURVE('',#4717,#4767,#5628,.T.);
#5628 = SURFACE_CURVE('',#5629,(#5633,#5639),.PCURVE_S1.);
#5629 = LINE('',#5630,#5631);
#5630 = CARTESIAN_POINT('',(-15.19800180854,11.850000000075,9.5));
#5631 = VECTOR('',#5632,1.);
#5632 = DIRECTION('',(-1.,7.413832044022E-16,0.));
#5633 = PCURVE('',#4406,#5634);
#5634 = DEFINITIONAL_REPRESENTATION('',(#5635),#5638);
#5635 = B_SPLINE_CURVE_WITH_KNOTS('',1,(#5636,#5637),.UNSPECIFIED.,.F.,
  .F.,(2,2),(-17.59400542564,-12.80199819145),.PIECEWISE_BEZIER_KNOTS.);
#5636 = CARTESIAN_POINT('',(30.396003617094,36.850000000075));
#5637 = CARTESIAN_POINT('',(25.603996382906,36.850000000075));
#5638 = ( GEOMETRIC_REPRESENTATION_CONTEXT(2) 
PARAMETRIC_REPRESENTATION_CONTEXT() REPRESENTATION_CONTEXT('2D SPACE',''
  ) );
#5639 = PCURVE('',#4648,#5640);
#5640 = DEFINITIONAL_REPRESENTATION('',(#5641),#5644);
#5641 = B_SPLINE_CURVE_WITH_KNOTS('',1,(#5642,#5643),.UNSPECIFIED.,.F.,
  .F.,(2,2),(-17.59400542564,-12.80199819145),.PIECEWISE_BEZIER_KNOTS.);
#5642 = CARTESIAN_POINT('',(4.792007234188,-4.05));
#5643 = CARTESIAN_POINT('',(0.,-4.05));
#5644 = ( GEOMETRIC_REPRESENTATION_CONTEXT(2) 
PARAMETRIC_REPRESENTATION_CONTEXT() REPRESENTATION_CONTEXT('2D SPACE',''
  ) );
#5645 = ORIENTED_EDGE('',*,*,#4766,.T.);
#5646 = ORIENTED_EDGE('',*,*,#5414,.T.);
#5647 = ORIENTED_EDGE('',*,*,#5648,.T.);
#5648 = EDGE_CURVE('',#5415,#5649,#5651,.T.);
#5649 = VERTEX_POINT('',#5650);
#5650 = CARTESIAN_POINT('',(-10.35455173283,2.849999999949,9.5));
#5651 = SURFACE_CURVE('',#5652,(#5656,#5662),.PCURVE_S1.);
#5652 = LINE('',#5653,#5654);
#5653 = CARTESIAN_POINT('',(-19.17727586642,2.849999999949,9.5));
#5654 = VECTOR('',#5655,1.);
#5655 = DIRECTION('',(1.,0.,-0.));
#5656 = PCURVE('',#4406,#5657);
#5657 = DEFINITIONAL_REPRESENTATION('',(#5658),#5661);
#5658 = B_SPLINE_CURVE_WITH_KNOTS('',1,(#5659,#5660),.UNSPECIFIED.,.F.,
  .F.,(2,2),(5.531827599259,8.82272413358),.PIECEWISE_BEZIER_KNOTS.);
#5659 = CARTESIAN_POINT('',(14.354551732839,27.849999999949));
#5660 = CARTESIAN_POINT('',(17.645448267161,27.849999999949));
#5661 = ( GEOMETRIC_REPRESENTATION_CONTEXT(2) 
PARAMETRIC_REPRESENTATION_CONTEXT() REPRESENTATION_CONTEXT('2D SPACE',''
  ) );
#5662 = PCURVE('',#4902,#5663);
#5663 = DEFINITIONAL_REPRESENTATION('',(#5664),#5667);
#5664 = B_SPLINE_CURVE_WITH_KNOTS('',1,(#5665,#5666),.UNSPECIFIED.,.F.,
  .F.,(2,2),(5.531827599259,8.82272413358),.PIECEWISE_BEZIER_KNOTS.);
#5665 = CARTESIAN_POINT('',(3.290896534322,-8.));
#5666 = CARTESIAN_POINT('',(0.,-8.));
#5667 = ( GEOMETRIC_REPRESENTATION_CONTEXT(2) 
PARAMETRIC_REPRESENTATION_CONTEXT() REPRESENTATION_CONTEXT('2D SPACE',''
  ) );
#5668 = ORIENTED_EDGE('',*,*,#5669,.T.);
#5669 = EDGE_CURVE('',#5649,#5670,#5672,.T.);
#5670 = VERTEX_POINT('',#5671);
#5671 = CARTESIAN_POINT('',(-8.709103465678,0.,9.5));
#5672 = SURFACE_CURVE('',#5673,(#5677,#5683),.PCURVE_S1.);
#5673 = LINE('',#5674,#5675);
#5674 = CARTESIAN_POINT('',(-5.707806758816,-5.198398384875,9.5));
#5675 = VECTOR('',#5676,1.);
#5676 = DIRECTION('',(0.5,-0.866025403784,0.));
#5677 = PCURVE('',#4406,#5678);
#5678 = DEFINITIONAL_REPRESENTATION('',(#5679),#5682);
#5679 = B_SPLINE_CURVE_WITH_KNOTS('',1,(#5680,#5681),.UNSPECIFIED.,.F.,
  .F.,(2,2),(-9.293489948047,-6.002593413725),.PIECEWISE_BEZIER_KNOTS.);
#5680 = CARTESIAN_POINT('',(17.645448267161,27.849999999949));
#5681 = CARTESIAN_POINT('',(19.290896534322,25.));
#5682 = ( GEOMETRIC_REPRESENTATION_CONTEXT(2) 
PARAMETRIC_REPRESENTATION_CONTEXT() REPRESENTATION_CONTEXT('2D SPACE',''
  ) );
#5683 = PCURVE('',#4874,#5684);
#5684 = DEFINITIONAL_REPRESENTATION('',(#5685),#5688);
#5685 = B_SPLINE_CURVE_WITH_KNOTS('',1,(#5686,#5687),.UNSPECIFIED.,.F.,
  .F.,(2,2),(-9.293489948047,-6.002593413725),.PIECEWISE_BEZIER_KNOTS.);
#5686 = CARTESIAN_POINT('',(3.290896534322,-8.));
#5687 = CARTESIAN_POINT('',(0.,-8.));
#5688 = ( GEOMETRIC_REPRESENTATION_CONTEXT(2) 
PARAMETRIC_REPRESENTATION_CONTEXT() REPRESENTATION_CONTEXT('2D SPACE',''
  ) );
#5689 = ORIENTED_EDGE('',*,*,#5690,.T.);
#5690 = EDGE_CURVE('',#5670,#5691,#5693,.T.);
#5691 = VERTEX_POINT('',#5692);
#5692 = CARTESIAN_POINT('',(-10.35455173283,-2.849999999949,9.5));
#5693 = SURFACE_CURVE('',#5694,(#5698,#5704),.PCURVE_S1.);
#5694 = LINE('',#5695,#5696);
#5695 = CARTESIAN_POINT('',(-17.3558484397,-14.97660161509,9.5));
#5696 = VECTOR('',#5697,1.);
#5697 = DIRECTION('',(-0.5,-0.866025403784,0.));
#5698 = PCURVE('',#4406,#5699);
#5699 = DEFINITIONAL_REPRESENTATION('',(#5700),#5703);
#5700 = B_SPLINE_CURVE_WITH_KNOTS('',1,(#5701,#5702),.UNSPECIFIED.,.F.,
  .F.,(2,2),(-17.29348994804,-14.00259341372),.PIECEWISE_BEZIER_KNOTS.);
#5701 = CARTESIAN_POINT('',(19.290896534322,25.));
#5702 = CARTESIAN_POINT('',(17.645448267161,22.150000000051));
#5703 = ( GEOMETRIC_REPRESENTATION_CONTEXT(2) 
PARAMETRIC_REPRESENTATION_CONTEXT() REPRESENTATION_CONTEXT('2D SPACE',''
  ) );
#5704 = PCURVE('',#5012,#5705);
#5705 = DEFINITIONAL_REPRESENTATION('',(#5706),#5709);
#5706 = B_SPLINE_CURVE_WITH_KNOTS('',1,(#5707,#5708),.UNSPECIFIED.,.F.,
  .F.,(2,2),(-17.29348994804,-14.00259341372),.PIECEWISE_BEZIER_KNOTS.);
#5707 = CARTESIAN_POINT('',(3.290896534322,-8.));
#5708 = CARTESIAN_POINT('',(0.,-8.));
#5709 = ( GEOMETRIC_REPRESENTATION_CONTEXT(2) 
PARAMETRIC_REPRESENTATION_CONTEXT() REPRESENTATION_CONTEXT('2D SPACE',''
  ) );
#5710 = ORIENTED_EDGE('',*,*,#5711,.T.);
#5711 = EDGE_CURVE('',#5691,#5439,#5712,.T.);
#5712 = SURFACE_CURVE('',#5713,(#5717,#5723),.PCURVE_S1.);
#5713 = LINE('',#5714,#5715);
#5714 = CARTESIAN_POINT('',(-20.82272413358,-2.849999999949,9.5));
#5715 = VECTOR('',#5716,1.);
#5716 = DIRECTION('',(-1.,6.747237496204E-16,0.));
#5717 = PCURVE('',#4406,#5718);
#5718 = DEFINITIONAL_REPRESENTATION('',(#5719),#5722);
#5719 = B_SPLINE_CURVE_WITH_KNOTS('',1,(#5720,#5721),.UNSPECIFIED.,.F.,
  .F.,(2,2),(-10.46817240074,-7.17727586642),.PIECEWISE_BEZIER_KNOTS.);
#5720 = CARTESIAN_POINT('',(17.645448267161,22.150000000051));
#5721 = CARTESIAN_POINT('',(14.354551732839,22.150000000051));
#5722 = ( GEOMETRIC_REPRESENTATION_CONTEXT(2) 
PARAMETRIC_REPRESENTATION_CONTEXT() REPRESENTATION_CONTEXT('2D SPACE',''
  ) );
#5723 = PCURVE('',#4986,#5724);
#5724 = DEFINITIONAL_REPRESENTATION('',(#5725),#5728);
#5725 = B_SPLINE_CURVE_WITH_KNOTS('',1,(#5726,#5727),.UNSPECIFIED.,.F.,
  .F.,(2,2),(-10.46817240074,-7.17727586642),.PIECEWISE_BEZIER_KNOTS.);
#5726 = CARTESIAN_POINT('',(3.290896534322,-8.));
#5727 = CARTESIAN_POINT('',(0.,-8.));
#5728 = ( GEOMETRIC_REPRESENTATION_CONTEXT(2) 
PARAMETRIC_REPRESENTATION_CONTEXT() REPRESENTATION_CONTEXT('2D SPACE',''
  ) );
#5729 = ORIENTED_EDGE('',*,*,#5467,.T.);
#5730 = FACE_BOUND('',#5731,.T.);
#5731 = EDGE_LOOP('',(#5732));
#5732 = ORIENTED_EDGE('',*,*,#5733,.F.);
#5733 = EDGE_CURVE('',#5734,#5734,#5736,.T.);
#5734 = VERTEX_POINT('',#5735);
#5735 = CARTESIAN_POINT('',(6.,0.,9.5));
#5736 = SURFACE_CURVE('',#5737,(#5742,#5749),.PCURVE_S1.);
#5737 = CIRCLE('',#5738,6.);
#5738 = AXIS2_PLACEMENT_3D('',#5739,#5740,#5741);
#5739 = CARTESIAN_POINT('',(0.,0.,9.5));
#5740 = DIRECTION('',(0.,0.,1.));
#5741 = DIRECTION('',(1.,0.,0.));
#5742 = PCURVE('',#4406,#5743);
#5743 = DEFINITIONAL_REPRESENTATION('',(#5744),#5748);
#5744 = CIRCLE('',#5745,6.);
#5745 = AXIS2_PLACEMENT_2D('',#5746,#5747);
#5746 = CARTESIAN_POINT('',(28.,25.));
#5747 = DIRECTION('',(1.,0.));
#5748 = ( GEOMETRIC_REPRESENTATION_CONTEXT(2) 
PARAMETRIC_REPRESENTATION_CONTEXT() REPRESENTATION_CONTEXT('2D SPACE',''
  ) );
#5749 = PCURVE('',#5750,#5755);
#5750 = CYLINDRICAL_SURFACE('',#5751,6.);
#5751 = AXIS2_PLACEMENT_3D('',#5752,#5753,#5754);
#5752 = CARTESIAN_POINT('',(0.,0.,9.5));
#5753 = DIRECTION('',(-0.,-0.,-1.));
#5754 = DIRECTION('',(1.,0.,0.));
#5755 = DEFINITIONAL_REPRESENTATION('',(#5756),#5760);
#5756 = LINE('',#5757,#5758);
#5757 = CARTESIAN_POINT('',(-0.,0.));
#5758 = VECTOR('',#5759,1.);
#5759 = DIRECTION('',(-1.,0.));
#5760 = ( GEOMETRIC_REPRESENTATION_CONTEXT(2) 
PARAMETRIC_REPRESENTATION_CONTEXT() REPRESENTATION_CONTEXT('2D SPACE',''
  ) );
#5761 = ADVANCED_FACE('',(#5762),#4519,.F.);
#5762 = FACE_BOUND('',#5763,.F.);
#5763 = EDGE_LOOP('',(#5764,#5787,#5788,#5789,#5818,#5842));
#5764 = ORIENTED_EDGE('',*,*,#5765,.T.);
#5765 = EDGE_CURVE('',#5766,#4503,#5768,.T.);
#5766 = VERTEX_POINT('',#5767);
#5767 = CARTESIAN_POINT('',(22.95,-1.114428587224E-15,9.5));
#5768 = SEAM_CURVE('',#5769,(#5773,#5780),.PCURVE_S1.);
#5769 = LINE('',#5770,#5771);
#5770 = CARTESIAN_POINT('',(22.95,-1.114428587224E-15,9.4));
#5771 = VECTOR('',#5772,1.);
#5772 = DIRECTION('',(0.,0.,1.));
#5773 = PCURVE('',#4519,#5774);
#5774 = DEFINITIONAL_REPRESENTATION('',(#5775),#5779);
#5775 = LINE('',#5776,#5777);
#5776 = CARTESIAN_POINT('',(6.28318530718,-0.));
#5777 = VECTOR('',#5778,1.);
#5778 = DIRECTION('',(0.,1.));
#5779 = ( GEOMETRIC_REPRESENTATION_CONTEXT(2) 
PARAMETRIC_REPRESENTATION_CONTEXT() REPRESENTATION_CONTEXT('2D SPACE',''
  ) );
#5780 = PCURVE('',#4519,#5781);
#5781 = DEFINITIONAL_REPRESENTATION('',(#5782),#5786);
#5782 = LINE('',#5783,#5784);
#5783 = CARTESIAN_POINT('',(0.,-0.));
#5784 = VECTOR('',#5785,1.);
#5785 = DIRECTION('',(0.,1.));
#5786 = ( GEOMETRIC_REPRESENTATION_CONTEXT(2) 
PARAMETRIC_REPRESENTATION_CONTEXT() REPRESENTATION_CONTEXT('2D SPACE',''
  ) );
#5787 = ORIENTED_EDGE('',*,*,#4502,.F.);
#5788 = ORIENTED_EDGE('',*,*,#5765,.F.);
#5789 = ORIENTED_EDGE('',*,*,#5790,.T.);
#5790 = EDGE_CURVE('',#5766,#5791,#5793,.T.);
#5791 = VERTEX_POINT('',#5792);
#5792 = CARTESIAN_POINT('',(14.234282632395,1.830108962121,9.5));
#5793 = SURFACE_CURVE('',#5794,(#5799,#5806),.PCURVE_S1.);
#5794 = CIRCLE('',#5795,4.55);
#5795 = AXIS2_PLACEMENT_3D('',#5796,#5797,#5798);
#5796 = CARTESIAN_POINT('',(18.4,0.,9.5));
#5797 = DIRECTION('',(0.,0.,1.));
#5798 = DIRECTION('',(1.,0.,-0.));
#5799 = PCURVE('',#4519,#5800);
#5800 = DEFINITIONAL_REPRESENTATION('',(#5801),#5805);
#5801 = LINE('',#5802,#5803);
#5802 = CARTESIAN_POINT('',(0.,1.E-01));
#5803 = VECTOR('',#5804,1.);
#5804 = DIRECTION('',(1.,0.));
#5805 = ( GEOMETRIC_REPRESENTATION_CONTEXT(2) 
PARAMETRIC_REPRESENTATION_CONTEXT() REPRESENTATION_CONTEXT('2D SPACE',''
  ) );
#5806 = PCURVE('',#5807,#5812);
#5807 = PLANE('',#5808);
#5808 = AXIS2_PLACEMENT_3D('',#5809,#5810,#5811);
#5809 = CARTESIAN_POINT('',(-28.,-25.,9.5));
#5810 = DIRECTION('',(0.,0.,1.));
#5811 = DIRECTION('',(1.,0.,0.));
#5812 = DEFINITIONAL_REPRESENTATION('',(#5813),#5817);
#5813 = CIRCLE('',#5814,4.55);
#5814 = AXIS2_PLACEMENT_2D('',#5815,#5816);
#5815 = CARTESIAN_POINT('',(46.4,25.));
#5816 = DIRECTION('',(1.,0.));
#5817 = ( GEOMETRIC_REPRESENTATION_CONTEXT(2) 
PARAMETRIC_REPRESENTATION_CONTEXT() REPRESENTATION_CONTEXT('2D SPACE',''
  ) );
#5818 = ORIENTED_EDGE('',*,*,#5819,.T.);
#5819 = EDGE_CURVE('',#5791,#5820,#5822,.T.);
#5820 = VERTEX_POINT('',#5821);
#5821 = CARTESIAN_POINT('',(14.234282632395,-1.830108962121,9.5));
#5822 = SURFACE_CURVE('',#5823,(#5828,#5835),.PCURVE_S1.);
#5823 = CIRCLE('',#5824,4.55);
#5824 = AXIS2_PLACEMENT_3D('',#5825,#5826,#5827);
#5825 = CARTESIAN_POINT('',(18.4,0.,9.5));
#5826 = DIRECTION('',(0.,0.,1.));
#5827 = DIRECTION('',(1.,0.,-0.));
#5828 = PCURVE('',#4519,#5829);
#5829 = DEFINITIONAL_REPRESENTATION('',(#5830),#5834);
#5830 = LINE('',#5831,#5832);
#5831 = CARTESIAN_POINT('',(0.,1.E-01));
#5832 = VECTOR('',#5833,1.);
#5833 = DIRECTION('',(1.,0.));
#5834 = ( GEOMETRIC_REPRESENTATION_CONTEXT(2) 
PARAMETRIC_REPRESENTATION_CONTEXT() REPRESENTATION_CONTEXT('2D SPACE',''
  ) );
#5835 = PCURVE('',#5379,#5836);
#5836 = DEFINITIONAL_REPRESENTATION('',(#5837),#5841);
#5837 = CIRCLE('',#5838,4.55);
#5838 = AXIS2_PLACEMENT_2D('',#5839,#5840);
#5839 = CARTESIAN_POINT('',(41.4,19.));
#5840 = DIRECTION('',(1.,0.));
#5841 = ( GEOMETRIC_REPRESENTATION_CONTEXT(2) 
PARAMETRIC_REPRESENTATION_CONTEXT() REPRESENTATION_CONTEXT('2D SPACE',''
  ) );
#5842 = ORIENTED_EDGE('',*,*,#5843,.T.);
#5843 = EDGE_CURVE('',#5820,#5766,#5844,.T.);
#5844 = SURFACE_CURVE('',#5845,(#5850,#5857),.PCURVE_S1.);
#5845 = CIRCLE('',#5846,4.55);
#5846 = AXIS2_PLACEMENT_3D('',#5847,#5848,#5849);
#5847 = CARTESIAN_POINT('',(18.4,0.,9.5));
#5848 = DIRECTION('',(0.,0.,1.));
#5849 = DIRECTION('',(1.,0.,-0.));
#5850 = PCURVE('',#4519,#5851);
#5851 = DEFINITIONAL_REPRESENTATION('',(#5852),#5856);
#5852 = LINE('',#5853,#5854);
#5853 = CARTESIAN_POINT('',(0.,1.E-01));
#5854 = VECTOR('',#5855,1.);
#5855 = DIRECTION('',(1.,0.));
#5856 = ( GEOMETRIC_REPRESENTATION_CONTEXT(2) 
PARAMETRIC_REPRESENTATION_CONTEXT() REPRESENTATION_CONTEXT('2D SPACE',''
  ) );
#5857 = PCURVE('',#5807,#5858);
#5858 = DEFINITIONAL_REPRESENTATION('',(#5859),#5863);
#5859 = CIRCLE('',#5860,4.55);
#5860 = AXIS2_PLACEMENT_2D('',#5861,#5862);
#5861 = CARTESIAN_POINT('',(46.4,25.));
#5862 = DIRECTION('',(1.,0.));
#5863 = ( GEOMETRIC_REPRESENTATION_CONTEXT(2) 
PARAMETRIC_REPRESENTATION_CONTEXT() REPRESENTATION_CONTEXT('2D SPACE',''
  ) );
#5864 = ADVANCED_FACE('',(#5865),#4648,.T.);
#5865 = FACE_BOUND('',#5866,.T.);
#5866 = EDGE_LOOP('',(#5867,#5868,#5869,#5870));
#5867 = ORIENTED_EDGE('',*,*,#4632,.F.);
#5868 = ORIENTED_EDGE('',*,*,#4787,.T.);
#5869 = ORIENTED_EDGE('',*,*,#5627,.F.);
#5870 = ORIENTED_EDGE('',*,*,#4716,.F.);
#5871 = ADVANCED_FACE('',(#5872),#4700,.F.);
#5872 = FACE_BOUND('',#5873,.F.);
#5873 = EDGE_LOOP('',(#5874,#5875,#5896,#5897));
#5874 = ORIENTED_EDGE('',*,*,#4683,.F.);
#5875 = ORIENTED_EDGE('',*,*,#5876,.F.);
#5876 = EDGE_CURVE('',#5255,#4684,#5877,.T.);
#5877 = SEAM_CURVE('',#5878,(#5882,#5889),.PCURVE_S1.);
#5878 = LINE('',#5879,#5880);
#5879 = CARTESIAN_POINT('',(2.9,16.,-0.1));
#5880 = VECTOR('',#5881,1.);
#5881 = DIRECTION('',(0.,0.,1.));
#5882 = PCURVE('',#4700,#5883);
#5883 = DEFINITIONAL_REPRESENTATION('',(#5884),#5888);
#5884 = LINE('',#5885,#5886);
#5885 = CARTESIAN_POINT('',(6.28318530718,-0.));
#5886 = VECTOR('',#5887,1.);
#5887 = DIRECTION('',(0.,1.));
#5888 = ( GEOMETRIC_REPRESENTATION_CONTEXT(2) 
PARAMETRIC_REPRESENTATION_CONTEXT() REPRESENTATION_CONTEXT('2D SPACE',''
  ) );
#5889 = PCURVE('',#4700,#5890);
#5890 = DEFINITIONAL_REPRESENTATION('',(#5891),#5895);
#5891 = LINE('',#5892,#5893);
#5892 = CARTESIAN_POINT('',(0.,-0.));
#5893 = VECTOR('',#5894,1.);
#5894 = DIRECTION('',(0.,1.));
#5895 = ( GEOMETRIC_REPRESENTATION_CONTEXT(2) 
PARAMETRIC_REPRESENTATION_CONTEXT() REPRESENTATION_CONTEXT('2D SPACE',''
  ) );
#5896 = ORIENTED_EDGE('',*,*,#5254,.T.);
#5897 = ORIENTED_EDGE('',*,*,#5876,.T.);
#5898 = ADVANCED_FACE('',(#5899),#4874,.T.);
#5899 = FACE_BOUND('',#5900,.T.);
#5900 = EDGE_LOOP('',(#5901,#5902,#5923,#5924));
#5901 = ORIENTED_EDGE('',*,*,#4856,.F.);
#5902 = ORIENTED_EDGE('',*,*,#5903,.T.);
#5903 = EDGE_CURVE('',#4857,#5670,#5904,.T.);
#5904 = SURFACE_CURVE('',#5905,(#5909,#5916),.PCURVE_S1.);
#5905 = LINE('',#5906,#5907);
#5906 = CARTESIAN_POINT('',(-8.709103465678,0.,1.5));
#5907 = VECTOR('',#5908,1.);
#5908 = DIRECTION('',(0.,0.,1.));
#5909 = PCURVE('',#4874,#5910);
#5910 = DEFINITIONAL_REPRESENTATION('',(#5911),#5915);
#5911 = LINE('',#5912,#5913);
#5912 = CARTESIAN_POINT('',(0.,0.));
#5913 = VECTOR('',#5914,1.);
#5914 = DIRECTION('',(0.,-1.));
#5915 = ( GEOMETRIC_REPRESENTATION_CONTEXT(2) 
PARAMETRIC_REPRESENTATION_CONTEXT() REPRESENTATION_CONTEXT('2D SPACE',''
  ) );
#5916 = PCURVE('',#5012,#5917);
#5917 = DEFINITIONAL_REPRESENTATION('',(#5918),#5922);
#5918 = LINE('',#5919,#5920);
#5919 = CARTESIAN_POINT('',(3.290896534322,0.));
#5920 = VECTOR('',#5921,1.);
#5921 = DIRECTION('',(0.,-1.));
#5922 = ( GEOMETRIC_REPRESENTATION_CONTEXT(2) 
PARAMETRIC_REPRESENTATION_CONTEXT() REPRESENTATION_CONTEXT('2D SPACE',''
  ) );
#5923 = ORIENTED_EDGE('',*,*,#5669,.F.);
#5924 = ORIENTED_EDGE('',*,*,#5925,.F.);
#5925 = EDGE_CURVE('',#4859,#5649,#5926,.T.);
#5926 = SURFACE_CURVE('',#5927,(#5931,#5938),.PCURVE_S1.);
#5927 = LINE('',#5928,#5929);
#5928 = CARTESIAN_POINT('',(-10.35455173283,2.849999999949,1.5));
#5929 = VECTOR('',#5930,1.);
#5930 = DIRECTION('',(0.,0.,1.));
#5931 = PCURVE('',#4874,#5932);
#5932 = DEFINITIONAL_REPRESENTATION('',(#5933),#5937);
#5933 = LINE('',#5934,#5935);
#5934 = CARTESIAN_POINT('',(3.290896534322,0.));
#5935 = VECTOR('',#5936,1.);
#5936 = DIRECTION('',(0.,-1.));
#5937 = ( GEOMETRIC_REPRESENTATION_CONTEXT(2) 
PARAMETRIC_REPRESENTATION_CONTEXT() REPRESENTATION_CONTEXT('2D SPACE',''
  ) );
#5938 = PCURVE('',#4902,#5939);
#5939 = DEFINITIONAL_REPRESENTATION('',(#5940),#5944);
#5940 = LINE('',#5941,#5942);
#5941 = CARTESIAN_POINT('',(0.,-0.));
#5942 = VECTOR('',#5943,1.);
#5943 = DIRECTION('',(0.,-1.));
#5944 = ( GEOMETRIC_REPRESENTATION_CONTEXT(2) 
PARAMETRIC_REPRESENTATION_CONTEXT() REPRESENTATION_CONTEXT('2D SPACE',''
  ) );
#5945 = ADVANCED_FACE('',(#5946),#5012,.T.);
#5946 = FACE_BOUND('',#5947,.T.);
#5947 = EDGE_LOOP('',(#5948,#5949,#5970,#5971));
#5948 = ORIENTED_EDGE('',*,*,#4998,.F.);
#5949 = ORIENTED_EDGE('',*,*,#5950,.T.);
#5950 = EDGE_CURVE('',#4971,#5691,#5951,.T.);
#5951 = SURFACE_CURVE('',#5952,(#5956,#5963),.PCURVE_S1.);
#5952 = LINE('',#5953,#5954);
#5953 = CARTESIAN_POINT('',(-10.35455173283,-2.849999999949,1.5));
#5954 = VECTOR('',#5955,1.);
#5955 = DIRECTION('',(0.,0.,1.));
#5956 = PCURVE('',#5012,#5957);
#5957 = DEFINITIONAL_REPRESENTATION('',(#5958),#5962);
#5958 = LINE('',#5959,#5960);
#5959 = CARTESIAN_POINT('',(0.,0.));
#5960 = VECTOR('',#5961,1.);
#5961 = DIRECTION('',(0.,-1.));
#5962 = ( GEOMETRIC_REPRESENTATION_CONTEXT(2) 
PARAMETRIC_REPRESENTATION_CONTEXT() REPRESENTATION_CONTEXT('2D SPACE',''
  ) );
#5963 = PCURVE('',#4986,#5964);
#5964 = DEFINITIONAL_REPRESENTATION('',(#5965),#5969);
#5965 = LINE('',#5966,#5967);
#5966 = CARTESIAN_POINT('',(3.290896534322,0.));
#5967 = VECTOR('',#5968,1.);
#5968 = DIRECTION('',(0.,-1.));
#5969 = ( GEOMETRIC_REPRESENTATION_CONTEXT(2) 
PARAMETRIC_REPRESENTATION_CONTEXT() REPRESENTATION_CONTEXT('2D SPACE',''
  ) );
#5970 = ORIENTED_EDGE('',*,*,#5690,.F.);
#5971 = ORIENTED_EDGE('',*,*,#5903,.F.);
#5972 = ADVANCED_FACE('',(#5973),#4902,.T.);
#5973 = FACE_BOUND('',#5974,.T.);
#5974 = EDGE_LOOP('',(#5975,#5976,#5977,#5978,#6000));
#5975 = ORIENTED_EDGE('',*,*,#4886,.F.);
#5976 = ORIENTED_EDGE('',*,*,#5925,.T.);
#5977 = ORIENTED_EDGE('',*,*,#5648,.F.);
#5978 = ORIENTED_EDGE('',*,*,#5979,.F.);
#5979 = EDGE_CURVE('',#5980,#5415,#5982,.T.);
#5980 = VERTEX_POINT('',#5981);
#5981 = CARTESIAN_POINT('',(-13.64544826716,2.849999999949,9.5));
#5982 = SURFACE_CURVE('',#5983,(#5987,#5993),.PCURVE_S1.);
#5983 = LINE('',#5984,#5985);
#5984 = CARTESIAN_POINT('',(-19.17727586642,2.849999999949,9.5));
#5985 = VECTOR('',#5986,1.);
#5986 = DIRECTION('',(1.,0.,-0.));
#5987 = PCURVE('',#4902,#5988);
#5988 = DEFINITIONAL_REPRESENTATION('',(#5989),#5992);
#5989 = B_SPLINE_CURVE_WITH_KNOTS('',1,(#5990,#5991),.UNSPECIFIED.,.F.,
  .F.,(2,2),(5.531827599259,8.82272413358),.PIECEWISE_BEZIER_KNOTS.);
#5990 = CARTESIAN_POINT('',(3.290896534322,-8.));
#5991 = CARTESIAN_POINT('',(0.,-8.));
#5992 = ( GEOMETRIC_REPRESENTATION_CONTEXT(2) 
PARAMETRIC_REPRESENTATION_CONTEXT() REPRESENTATION_CONTEXT('2D SPACE',''
  ) );
#5993 = PCURVE('',#5455,#5994);
#5994 = DEFINITIONAL_REPRESENTATION('',(#5995),#5999);
#5995 = LINE('',#5996,#5997);
#5996 = CARTESIAN_POINT('',(3.82272413358,21.849999999949));
#5997 = VECTOR('',#5998,1.);
#5998 = DIRECTION('',(1.,0.));
#5999 = ( GEOMETRIC_REPRESENTATION_CONTEXT(2) 
PARAMETRIC_REPRESENTATION_CONTEXT() REPRESENTATION_CONTEXT('2D SPACE',''
  ) );
#6000 = ORIENTED_EDGE('',*,*,#6001,.F.);
#6001 = EDGE_CURVE('',#4887,#5980,#6002,.T.);
#6002 = SURFACE_CURVE('',#6003,(#6007,#6014),.PCURVE_S1.);
#6003 = LINE('',#6004,#6005);
#6004 = CARTESIAN_POINT('',(-13.64544826716,2.849999999949,1.5));
#6005 = VECTOR('',#6006,1.);
#6006 = DIRECTION('',(0.,0.,1.));
#6007 = PCURVE('',#4902,#6008);
#6008 = DEFINITIONAL_REPRESENTATION('',(#6009),#6013);
#6009 = LINE('',#6010,#6011);
#6010 = CARTESIAN_POINT('',(3.290896534322,0.));
#6011 = VECTOR('',#6012,1.);
#6012 = DIRECTION('',(0.,-1.));
#6013 = ( GEOMETRIC_REPRESENTATION_CONTEXT(2) 
PARAMETRIC_REPRESENTATION_CONTEXT() REPRESENTATION_CONTEXT('2D SPACE',''
  ) );
#6014 = PCURVE('',#4930,#6015);
#6015 = DEFINITIONAL_REPRESENTATION('',(#6016),#6020);
#6016 = LINE('',#6017,#6018);
#6017 = CARTESIAN_POINT('',(0.,0.));
#6018 = VECTOR('',#6019,1.);
#6019 = DIRECTION('',(0.,-1.));
#6020 = ( GEOMETRIC_REPRESENTATION_CONTEXT(2) 
PARAMETRIC_REPRESENTATION_CONTEXT() REPRESENTATION_CONTEXT('2D SPACE',''
  ) );
#6021 = ADVANCED_FACE('',(#6022),#4986,.T.);
#6022 = FACE_BOUND('',#6023,.T.);
#6023 = EDGE_LOOP('',(#6024,#6025,#6048,#6068,#6069));
#6024 = ORIENTED_EDGE('',*,*,#4970,.F.);
#6025 = ORIENTED_EDGE('',*,*,#6026,.T.);
#6026 = EDGE_CURVE('',#4943,#6027,#6029,.T.);
#6027 = VERTEX_POINT('',#6028);
#6028 = CARTESIAN_POINT('',(-13.64544826716,-2.849999999949,9.5));
#6029 = SURFACE_CURVE('',#6030,(#6034,#6041),.PCURVE_S1.);
#6030 = LINE('',#6031,#6032);
#6031 = CARTESIAN_POINT('',(-13.64544826716,-2.849999999949,1.5));
#6032 = VECTOR('',#6033,1.);
#6033 = DIRECTION('',(0.,0.,1.));
#6034 = PCURVE('',#4986,#6035);
#6035 = DEFINITIONAL_REPRESENTATION('',(#6036),#6040);
#6036 = LINE('',#6037,#6038);
#6037 = CARTESIAN_POINT('',(0.,0.));
#6038 = VECTOR('',#6039,1.);
#6039 = DIRECTION('',(0.,-1.));
#6040 = ( GEOMETRIC_REPRESENTATION_CONTEXT(2) 
PARAMETRIC_REPRESENTATION_CONTEXT() REPRESENTATION_CONTEXT('2D SPACE',''
  ) );
#6041 = PCURVE('',#4958,#6042);
#6042 = DEFINITIONAL_REPRESENTATION('',(#6043),#6047);
#6043 = LINE('',#6044,#6045);
#6044 = CARTESIAN_POINT('',(3.290896534322,0.));
#6045 = VECTOR('',#6046,1.);
#6046 = DIRECTION('',(0.,-1.));
#6047 = ( GEOMETRIC_REPRESENTATION_CONTEXT(2) 
PARAMETRIC_REPRESENTATION_CONTEXT() REPRESENTATION_CONTEXT('2D SPACE',''
  ) );
#6048 = ORIENTED_EDGE('',*,*,#6049,.F.);
#6049 = EDGE_CURVE('',#5439,#6027,#6050,.T.);
#6050 = SURFACE_CURVE('',#6051,(#6055,#6061),.PCURVE_S1.);
#6051 = LINE('',#6052,#6053);
#6052 = CARTESIAN_POINT('',(-20.82272413358,-2.849999999949,9.5));
#6053 = VECTOR('',#6054,1.);
#6054 = DIRECTION('',(-1.,6.747237496204E-16,0.));
#6055 = PCURVE('',#4986,#6056);
#6056 = DEFINITIONAL_REPRESENTATION('',(#6057),#6060);
#6057 = B_SPLINE_CURVE_WITH_KNOTS('',1,(#6058,#6059),.UNSPECIFIED.,.F.,
  .F.,(2,2),(-10.46817240074,-7.17727586642),.PIECEWISE_BEZIER_KNOTS.);
#6058 = CARTESIAN_POINT('',(3.290896534322,-8.));
#6059 = CARTESIAN_POINT('',(0.,-8.));
#6060 = ( GEOMETRIC_REPRESENTATION_CONTEXT(2) 
PARAMETRIC_REPRESENTATION_CONTEXT() REPRESENTATION_CONTEXT('2D SPACE',''
  ) );
#6061 = PCURVE('',#5455,#6062);
#6062 = DEFINITIONAL_REPRESENTATION('',(#6063),#6067);
#6063 = LINE('',#6064,#6065);
#6064 = CARTESIAN_POINT('',(2.17727586642,16.150000000051));
#6065 = VECTOR('',#6066,1.);
#6066 = DIRECTION('',(-1.,6.747237496204E-16));
#6067 = ( GEOMETRIC_REPRESENTATION_CONTEXT(2) 
PARAMETRIC_REPRESENTATION_CONTEXT() REPRESENTATION_CONTEXT('2D SPACE',''
  ) );
#6068 = ORIENTED_EDGE('',*,*,#5711,.F.);
#6069 = ORIENTED_EDGE('',*,*,#5950,.F.);
#6070 = ADVANCED_FACE('',(#6071),#4930,.T.);
#6071 = FACE_BOUND('',#6072,.T.);
#6072 = EDGE_LOOP('',(#6073,#6074,#6075,#6097));
#6073 = ORIENTED_EDGE('',*,*,#4914,.F.);
#6074 = ORIENTED_EDGE('',*,*,#6001,.T.);
#6075 = ORIENTED_EDGE('',*,*,#6076,.F.);
#6076 = EDGE_CURVE('',#6077,#5980,#6079,.T.);
#6077 = VERTEX_POINT('',#6078);
#6078 = CARTESIAN_POINT('',(-15.29089653432,4.030185907082E-16,9.5));
#6079 = SURFACE_CURVE('',#6080,(#6084,#6090),.PCURVE_S1.);
#6080 = LINE('',#6081,#6082);
#6081 = CARTESIAN_POINT('',(-21.4694691076,-10.70160161517,9.5));
#6082 = VECTOR('',#6083,1.);
#6083 = DIRECTION('',(0.5,0.866025403784,-0.));
#6084 = PCURVE('',#4930,#6085);
#6085 = DEFINITIONAL_REPRESENTATION('',(#6086),#6089);
#6086 = B_SPLINE_CURVE_WITH_KNOTS('',1,(#6087,#6088),.UNSPECIFIED.,.F.,
  .F.,(2,2),(12.357145146564,15.648041680886),.PIECEWISE_BEZIER_KNOTS.);
#6087 = CARTESIAN_POINT('',(3.290896534322,-8.));
#6088 = CARTESIAN_POINT('',(0.,-8.));
#6089 = ( GEOMETRIC_REPRESENTATION_CONTEXT(2) 
PARAMETRIC_REPRESENTATION_CONTEXT() REPRESENTATION_CONTEXT('2D SPACE',''
  ) );
#6090 = PCURVE('',#5455,#6091);
#6091 = DEFINITIONAL_REPRESENTATION('',(#6092),#6096);
#6092 = LINE('',#6093,#6094);
#6093 = CARTESIAN_POINT('',(1.530530892396,8.298398384824));
#6094 = VECTOR('',#6095,1.);
#6095 = DIRECTION('',(0.5,0.866025403784));
#6096 = ( GEOMETRIC_REPRESENTATION_CONTEXT(2) 
PARAMETRIC_REPRESENTATION_CONTEXT() REPRESENTATION_CONTEXT('2D SPACE',''
  ) );
#6097 = ORIENTED_EDGE('',*,*,#6098,.F.);
#6098 = EDGE_CURVE('',#4915,#6077,#6099,.T.);
#6099 = SURFACE_CURVE('',#6100,(#6104,#6111),.PCURVE_S1.);
#6100 = LINE('',#6101,#6102);
#6101 = CARTESIAN_POINT('',(-15.29089653432,4.030185907082E-16,1.5));
#6102 = VECTOR('',#6103,1.);
#6103 = DIRECTION('',(0.,0.,1.));
#6104 = PCURVE('',#4930,#6105);
#6105 = DEFINITIONAL_REPRESENTATION('',(#6106),#6110);
#6106 = LINE('',#6107,#6108);
#6107 = CARTESIAN_POINT('',(3.290896534322,0.));
#6108 = VECTOR('',#6109,1.);
#6109 = DIRECTION('',(0.,-1.));
#6110 = ( GEOMETRIC_REPRESENTATION_CONTEXT(2) 
PARAMETRIC_REPRESENTATION_CONTEXT() REPRESENTATION_CONTEXT('2D SPACE',''
  ) );
#6111 = PCURVE('',#4958,#6112);
#6112 = DEFINITIONAL_REPRESENTATION('',(#6113),#6117);
#6113 = LINE('',#6114,#6115);
#6114 = CARTESIAN_POINT('',(0.,0.));
#6115 = VECTOR('',#6116,1.);
#6116 = DIRECTION('',(0.,-1.));
#6117 = ( GEOMETRIC_REPRESENTATION_CONTEXT(2) 
PARAMETRIC_REPRESENTATION_CONTEXT() REPRESENTATION_CONTEXT('2D SPACE',''
  ) );
#6118 = ADVANCED_FACE('',(#6119),#4958,.T.);
#6119 = FACE_BOUND('',#6120,.T.);
#6120 = EDGE_LOOP('',(#6121,#6122,#6123,#6143));
#6121 = ORIENTED_EDGE('',*,*,#4942,.F.);
#6122 = ORIENTED_EDGE('',*,*,#6098,.T.);
#6123 = ORIENTED_EDGE('',*,*,#6124,.F.);
#6124 = EDGE_CURVE('',#6027,#6077,#6125,.T.);
#6125 = SURFACE_CURVE('',#6126,(#6130,#6136),.PCURVE_S1.);
#6126 = LINE('',#6127,#6128);
#6127 = CARTESIAN_POINT('',(-11.46687569387,-6.623398384849,9.5));
#6128 = VECTOR('',#6129,1.);
#6129 = DIRECTION('',(-0.5,0.866025403784,0.));
#6130 = PCURVE('',#4958,#6131);
#6131 = DEFINITIONAL_REPRESENTATION('',(#6132),#6135);
#6132 = B_SPLINE_CURVE_WITH_KNOTS('',1,(#6133,#6134),.UNSPECIFIED.,.F.,
  .F.,(2,2),(4.357145146564,7.648041680886),.PIECEWISE_BEZIER_KNOTS.);
#6133 = CARTESIAN_POINT('',(3.290896534322,-8.));
#6134 = CARTESIAN_POINT('',(0.,-8.));
#6135 = ( GEOMETRIC_REPRESENTATION_CONTEXT(2) 
PARAMETRIC_REPRESENTATION_CONTEXT() REPRESENTATION_CONTEXT('2D SPACE',''
  ) );
#6136 = PCURVE('',#5455,#6137);
#6137 = DEFINITIONAL_REPRESENTATION('',(#6138),#6142);
#6138 = LINE('',#6139,#6140);
#6139 = CARTESIAN_POINT('',(11.533124306121,12.376601615151));
#6140 = VECTOR('',#6141,1.);
#6141 = DIRECTION('',(-0.5,0.866025403784));
#6142 = ( GEOMETRIC_REPRESENTATION_CONTEXT(2) 
PARAMETRIC_REPRESENTATION_CONTEXT() REPRESENTATION_CONTEXT('2D SPACE',''
  ) );
#6143 = ORIENTED_EDGE('',*,*,#6026,.F.);
#6144 = ADVANCED_FACE('',(#6145,#6686),#5054,.F.);
#6145 = FACE_BOUND('',#6146,.F.);
#6146 = EDGE_LOOP('',(#6147,#6384,#6407,#6434,#6435,#6663,#6684,#6685));
#6147 = ORIENTED_EDGE('',*,*,#6148,.F.);
#6148 = EDGE_CURVE('',#6149,#6151,#6153,.T.);
#6149 = VERTEX_POINT('',#6150);
#6150 = CARTESIAN_POINT('',(1.725,-1.530808498934E-17,23.1));
#6151 = VERTEX_POINT('',#6152);
#6152 = CARTESIAN_POINT('',(1.725,-4.225031457058E-16,19.9));
#6153 = SURFACE_CURVE('',#6154,(#6227,#6303),.PCURVE_S1.);
#6154 = B_SPLINE_CURVE_WITH_KNOTS('',8,(#6155,#6156,#6157,#6158,#6159,
    #6160,#6161,#6162,#6163,#6164,#6165,#6166,#6167,#6168,#6169,#6170,
    #6171,#6172,#6173,#6174,#6175,#6176,#6177,#6178,#6179,#6180,#6181,
    #6182,#6183,#6184,#6185,#6186,#6187,#6188,#6189,#6190,#6191,#6192,
    #6193,#6194,#6195,#6196,#6197,#6198,#6199,#6200,#6201,#6202,#6203,
    #6204,#6205,#6206,#6207,#6208,#6209,#6210,#6211,#6212,#6213,#6214,
    #6215,#6216,#6217,#6218,#6219,#6220,#6221,#6222,#6223,#6224,#6225,
    #6226),.UNSPECIFIED.,.F.,.F.,(9,7,7,7,7,7,7,7,7,7,9),(0.,
    0.11985616349,0.311722771022,0.414065557513,0.443800810539,
    0.50130774595,0.537159808824,0.587934148716,0.689150825852,
    0.878204620459,1.),.UNSPECIFIED.);
#6155 = CARTESIAN_POINT('',(1.725,0.,23.1));
#6156 = CARTESIAN_POINT('',(1.725,-9.245762784669E-02,23.1));
#6157 = CARTESIAN_POINT('',(1.719336264602,-0.18424637142,
    23.093893892878));
#6158 = CARTESIAN_POINT('',(1.708153041899,-0.274623494036,
    23.081836714303));
#6159 = CARTESIAN_POINT('',(1.691741646831,-0.362864626474,
    23.064125072353));
#6160 = CARTESIAN_POINT('',(1.670539499877,-0.448279453774,
    23.041196164557));
#6161 = CARTESIAN_POINT('',(1.645127413873,-0.530226132407,
    23.013628700406));
#6162 = CARTESIAN_POINT('',(1.616225128959,-0.608124437818,
    22.982145729333));
#6163 = CARTESIAN_POINT('',(1.534195583801,-0.798875971037,
    22.892349336761));
#6164 = CARTESIAN_POINT('',(1.47628880989,-0.906139793672,
    22.828560319299));
#6165 = CARTESIAN_POINT('',(1.412927782227,-1.003485636749,
    22.758137103236));
#6166 = CARTESIAN_POINT('',(1.34570365347,-1.091395635072,
    22.682501694247));
#6167 = CARTESIAN_POINT('',(1.275875479257,-1.170463124713,
    22.602677176374));
#6168 = CARTESIAN_POINT('',(1.204463712065,-1.241325477675,
    22.519254157928));
#6169 = CARTESIAN_POINT('',(1.132271134383,-1.304566340797,
    22.432439314903));
#6170 = CARTESIAN_POINT('',(1.022041515963,-1.390474542098,
    22.293603178894));
#6171 = CARTESIAN_POINT('',(0.984051585102,-1.418097231211,
    22.244583667049));
#6172 = CARTESIAN_POINT('',(0.946409872134,-1.443701527118,
    22.194602603725));
#6173 = CARTESIAN_POINT('',(0.909190386948,-1.467413048151,
    22.143431397099));
#6174 = CARTESIAN_POINT('',(0.872616411528,-1.489240375607,
    22.090912077222));
#6175 = CARTESIAN_POINT('',(0.837114526647,-1.509112875305,
    22.036976355613));
#6176 = CARTESIAN_POINT('',(0.803333763549,-1.526924695672,
    21.981627060759));
#6177 = CARTESIAN_POINT('',(0.76303839278,-1.547094156434,
    21.908401838246));
#6178 = CARTESIAN_POINT('',(0.75416816827,-1.551457827233,
    21.891773301601));
#6179 = CARTESIAN_POINT('',(0.745518336087,-1.55564173217,
    21.874996071111));
#6180 = CARTESIAN_POINT('',(0.737109948599,-1.559642684122,
    21.858065185301));
#6181 = CARTESIAN_POINT('',(0.728966350385,-1.563456914786,
    21.840976363265));
#6182 = CARTESIAN_POINT('',(0.721113178238,-1.567080074678,
    21.823726004671));
#6183 = CARTESIAN_POINT('',(0.713578361164,-1.570507233133,
    21.806311189762));
#6184 = CARTESIAN_POINT('',(0.692494183001,-1.579971162828,
    21.754727655457));
#6185 = CARTESIAN_POINT('',(0.679771931236,-1.585513289378,
    21.719790026354));
#6186 = CARTESIAN_POINT('',(0.668597923969,-1.59024414663,21.68416241616
    ));
#6187 = CARTESIAN_POINT('',(0.659284323129,-1.594094348426,
    21.648019605749));
#6188 = CARTESIAN_POINT('',(0.652080978563,-1.59702198773,21.61147744555
    ));
#6189 = CARTESIAN_POINT('',(0.647174718826,-1.59899869486,
    21.574605497539));
#6190 = CARTESIAN_POINT('',(0.644689847911,-1.6,21.53744040642));
#6191 = CARTESIAN_POINT('',(0.644689847911,-1.6,21.476658192696));
#6192 = CARTESIAN_POINT('',(0.645655666258,-1.599610706307,
    21.453352303238));
#6193 = CARTESIAN_POINT('',(0.647582209958,-1.59883460851,
    21.430109511635));
#6194 = CARTESIAN_POINT('',(0.65044979051,-1.597675495021,
    21.406958728066));
#6195 = CARTESIAN_POINT('',(0.654224016933,-1.596139531588,
    21.383933003499));
#6196 = CARTESIAN_POINT('',(0.658855688798,-1.594236339818,
    21.361071940297));
#6197 = CARTESIAN_POINT('',(0.664280689252,-1.591980075688,
    21.338424102842));
#6198 = CARTESIAN_POINT('',(0.67911430827,-1.585723115549,
    21.284362009137));
#6199 = CARTESIAN_POINT('',(0.689245838846,-1.581385839183,
    21.253205920004));
#6200 = CARTESIAN_POINT('',(0.700648899181,-1.576409836755,
    21.222545820872));
#6201 = CARTESIAN_POINT('',(0.713163839346,-1.570823067882,
    21.192361160309));
#6202 = CARTESIAN_POINT('',(0.726638914284,-1.564651350735,21.1626425665
    ));
#6203 = CARTESIAN_POINT('',(0.740932268027,-1.557919418767,
    21.133388238427));
#6204 = CARTESIAN_POINT('',(0.7559139179,-1.550651977448,21.104600337053
    ));
#6205 = CARTESIAN_POINT('',(0.802473677249,-1.527371181644,
    21.01982862708));
#6206 = CARTESIAN_POINT('',(0.836018796948,-1.509707876019,
    20.964755816066));
#6207 = CARTESIAN_POINT('',(0.871278042154,-1.490006010161,
    20.911084707152));
#6208 = CARTESIAN_POINT('',(0.9076096893,-1.468370356263,20.858817666759
    ));
#6209 = CARTESIAN_POINT('',(0.944590709684,-1.444871137636,
    20.807887120417));
#6210 = CARTESIAN_POINT('',(0.981998717763,-1.419500810699,
    20.758136818331));
#6211 = CARTESIAN_POINT('',(1.019759545935,-1.392136683654,
    20.70934011459));
#6212 = CARTESIAN_POINT('',(1.129080396219,-1.307259717146,
    20.571456683457));
#6213 = CARTESIAN_POINT('',(1.200616884653,-1.244903127758,
    20.485310441491));
#6214 = CARTESIAN_POINT('',(1.27141411448,-1.175087022039,
    20.402499971761));
#6215 = CARTESIAN_POINT('',(1.340689264029,-1.097252373216,
    20.32321322045));
#6216 = CARTESIAN_POINT('',(1.407462702427,-1.010781242729,
    20.248003664109));
#6217 = CARTESIAN_POINT('',(1.470529837343,-0.915089448377,
    20.177838659506));
#6218 = CARTESIAN_POINT('',(1.528367871558,-0.809689780821,
    20.114071433615));
#6219 = CARTESIAN_POINT('',(1.611770237951,-0.620010418244,
    20.022707917611));
#6220 = CARTESIAN_POINT('',(1.641777761548,-0.540916869118,
    19.990005522817));
#6221 = CARTESIAN_POINT('',(1.668207232721,-0.457567855339,
    19.961326268854));
#6222 = CARTESIAN_POINT('',(1.690290527314,-0.370562208167,
    19.937441101952));
#6223 = CARTESIAN_POINT('',(1.70740553793,-0.280566030862,
    19.918969215303));
#6224 = CARTESIAN_POINT('',(1.719081103135,-0.188298651018,
    19.906381184339));
#6225 = CARTESIAN_POINT('',(1.725,-9.451722578556E-02,19.9));
#6226 = CARTESIAN_POINT('',(1.725,-2.22044604925E-16,19.9));
#6227 = PCURVE('',#5054,#6228);
#6228 = DEFINITIONAL_REPRESENTATION('',(#6229),#6302);
#6229 = B_SPLINE_CURVE_WITH_KNOTS('',8,(#6230,#6231,#6232,#6233,#6234,
    #6235,#6236,#6237,#6238,#6239,#6240,#6241,#6242,#6243,#6244,#6245,
    #6246,#6247,#6248,#6249,#6250,#6251,#6252,#6253,#6254,#6255,#6256,
    #6257,#6258,#6259,#6260,#6261,#6262,#6263,#6264,#6265,#6266,#6267,
    #6268,#6269,#6270,#6271,#6272,#6273,#6274,#6275,#6276,#6277,#6278,
    #6279,#6280,#6281,#6282,#6283,#6284,#6285,#6286,#6287,#6288,#6289,
    #6290,#6291,#6292,#6293,#6294,#6295,#6296,#6297,#6298,#6299,#6300,
    #6301),.UNSPECIFIED.,.F.,.F.,(9,7,7,7,7,7,7,7,7,7,9),(0.,
    0.11985616349,0.311722771022,0.414065557513,0.443800810539,
    0.50130774595,0.537159808824,0.587934148716,0.689150825852,
    0.878204620459,1.),.UNSPECIFIED.);
#6230 = CARTESIAN_POINT('',(6.28318530718,13.7));
#6231 = CARTESIAN_POINT('',(6.229586682341,13.7));
#6232 = CARTESIAN_POINT('',(6.176375757401,13.693893892878));
#6233 = CARTESIAN_POINT('',(6.123748715341,13.681836714303));
#6234 = CARTESIAN_POINT('',(6.071904792544,13.664125072353));
#6235 = CARTESIAN_POINT('',(6.021057682428,13.641196164557));
#6236 = CARTESIAN_POINT('',(5.971445814132,13.613628700406));
#6237 = CARTESIAN_POINT('',(5.92334150628,13.582145729333));
#6238 = CARTESIAN_POINT('',(5.802969620572,13.492349336761));
#6239 = CARTESIAN_POINT('',(5.732584122542,13.428560319299));
#6240 = CARTESIAN_POINT('',(5.665611374995,13.358137103238));
#6241 = CARTESIAN_POINT('',(5.60180075255,13.282501694246));
#6242 = CARTESIAN_POINT('',(5.540925188809,13.202677176375));
#6243 = CARTESIAN_POINT('',(5.482795302679,13.119254157928));
#6244 = CARTESIAN_POINT('',(5.427249259537,13.032439314903));
#6245 = CARTESIAN_POINT('',(5.346233262397,12.893603178894));
#6246 = CARTESIAN_POINT('',(5.319019026037,12.844583667049));
#6247 = CARTESIAN_POINT('',(5.29264901928,12.794602603725));
#6248 = CARTESIAN_POINT('',(5.267088529774,12.743431397099));
#6249 = CARTESIAN_POINT('',(5.242416957127,12.690912077221));
#6250 = CARTESIAN_POINT('',(5.218843892559,12.636976355614));
#6251 = CARTESIAN_POINT('',(5.196710259903,12.581627060759));
#6252 = CARTESIAN_POINT('',(5.170587745953,12.508401838246));
#6253 = CARTESIAN_POINT('',(5.164857177615,12.491773301601));
#6254 = CARTESIAN_POINT('',(5.159287192453,12.474996071111));
#6255 = CARTESIAN_POINT('',(5.153889288444,12.458065185301));
#6256 = CARTESIAN_POINT('',(5.148676375231,12.440976363265));
#6257 = CARTESIAN_POINT('',(5.143662774125,12.423726004671));
#6258 = CARTESIAN_POINT('',(5.138864218101,12.406311189762));
#6259 = CARTESIAN_POINT('',(5.125466659688,12.354727655457));
#6260 = CARTESIAN_POINT('',(5.117422547218,12.319790026354));
#6261 = CARTESIAN_POINT('',(5.11038870843,12.28416241616));
#6262 = CARTESIAN_POINT('',(5.104546644763,12.248019605749));
#6263 = CARTESIAN_POINT('',(5.1000391288,12.21147744555));
#6264 = CARTESIAN_POINT('',(5.096972695144,12.174605497539));
#6265 = CARTESIAN_POINT('',(5.095419658421,12.13744040642));
#6266 = CARTESIAN_POINT('',(5.095419658421,12.076658192696));
#6267 = CARTESIAN_POINT('',(5.096023322048,12.053352303238));
#6268 = CARTESIAN_POINT('',(5.09722737958,12.030109511635));
#6269 = CARTESIAN_POINT('',(5.099020413926,12.006958728067));
#6270 = CARTESIAN_POINT('',(5.101382597266,11.983933003499));
#6271 = CARTESIAN_POINT('',(5.104285427688,11.961071940297));
#6272 = CARTESIAN_POINT('',(5.107691465827,11.938424102842));
#6273 = CARTESIAN_POINT('',(5.117024363527,11.884362009137));
#6274 = CARTESIAN_POINT('',(5.123413215779,11.853205920004));
#6275 = CARTESIAN_POINT('',(5.130625339611,11.822545820872));
#6276 = CARTESIAN_POINT('',(5.138569827786,11.792361160309));
#6277 = CARTESIAN_POINT('',(5.147160970579,11.7626425665));
#6278 = CARTESIAN_POINT('',(5.156319071889,11.733388238427));
#6279 = CARTESIAN_POINT('',(5.165971265339,11.704600337053));
#6280 = CARTESIAN_POINT('',(5.19614854254,11.61982862708));
#6281 = CARTESIAN_POINT('',(5.218121291028,11.564755816066));
#6282 = CARTESIAN_POINT('',(5.241523584448,11.511084707152));
#6283 = CARTESIAN_POINT('',(5.266018012694,11.458817666759));
#6284 = CARTESIAN_POINT('',(5.291396276997,11.407887120417));
#6285 = CARTESIAN_POINT('',(5.317578444443,11.358136818331));
#6286 = CARTESIAN_POINT('',(5.344597477461,11.30934011459));
#6287 = CARTESIAN_POINT('',(5.424830592452,11.171456683457));
#6288 = CARTESIAN_POINT('',(5.479755874524,11.085310441491));
#6289 = CARTESIAN_POINT('',(5.537212205627,11.002499971761));
#6290 = CARTESIAN_POINT('',(5.597349942302,10.92321322045));
#6291 = CARTESIAN_POINT('',(5.660352956722,10.848003664109));
#6292 = CARTESIAN_POINT('',(5.726444640418,10.777838659507));
#6293 = CARTESIAN_POINT('',(5.795873520576,10.714071433615));
#6294 = CARTESIAN_POINT('',(5.915992785411,10.622707917611));
#6295 = CARTESIAN_POINT('',(5.964967785851,10.590005522817));
#6296 = CARTESIAN_POINT('',(6.015524819121,10.561326268854));
#6297 = CARTESIAN_POINT('',(6.06738044261,10.537441101952));
#6298 = CARTESIAN_POINT('',(6.120287741925,10.518969215303));
#6299 = CARTESIAN_POINT('',(6.174026602022,10.506381184338));
#6300 = CARTESIAN_POINT('',(6.228392712521,10.5));
#6301 = CARTESIAN_POINT('',(6.28318530718,10.5));
#6302 = ( GEOMETRIC_REPRESENTATION_CONTEXT(2) 
PARAMETRIC_REPRESENTATION_CONTEXT() REPRESENTATION_CONTEXT('2D SPACE',''
  ) );
#6303 = PCURVE('',#6304,#6309);
#6304 = CYLINDRICAL_SURFACE('',#6305,1.6);
#6305 = AXIS2_PLACEMENT_3D('',#6306,#6307,#6308);
#6306 = CARTESIAN_POINT('',(-7.,0.,21.5));
#6307 = DIRECTION('',(1.,0.,0.));
#6308 = DIRECTION('',(-0.,0.,1.));
#6309 = DEFINITIONAL_REPRESENTATION('',(#6310),#6383);
#6310 = B_SPLINE_CURVE_WITH_KNOTS('',8,(#6311,#6312,#6313,#6314,#6315,
    #6316,#6317,#6318,#6319,#6320,#6321,#6322,#6323,#6324,#6325,#6326,
    #6327,#6328,#6329,#6330,#6331,#6332,#6333,#6334,#6335,#6336,#6337,
    #6338,#6339,#6340,#6341,#6342,#6343,#6344,#6345,#6346,#6347,#6348,
    #6349,#6350,#6351,#6352,#6353,#6354,#6355,#6356,#6357,#6358,#6359,
    #6360,#6361,#6362,#6363,#6364,#6365,#6366,#6367,#6368,#6369,#6370,
    #6371,#6372,#6373,#6374,#6375,#6376,#6377,#6378,#6379,#6380,#6381,
    #6382),.UNSPECIFIED.,.F.,.F.,(9,7,7,7,7,7,7,7,7,7,9),(0.,
    0.11985616349,0.311722771022,0.414065557513,0.443800810539,
    0.50130774595,0.537159808824,0.587934148716,0.689150825852,
    0.878204620459,1.),.UNSPECIFIED.);
#6311 = CARTESIAN_POINT('',(0.,8.725));
#6312 = CARTESIAN_POINT('',(5.778601740418E-02,8.725));
#6313 = CARTESIAN_POINT('',(0.115153984069,8.719336264602));
#6314 = CARTESIAN_POINT('',(0.171933738858,8.708153041899));
#6315 = CARTESIAN_POINT('',(0.227948603605,8.691741646831));
#6316 = CARTESIAN_POINT('',(0.283004948787,8.670539499877));
#6317 = CARTESIAN_POINT('',(0.336880412593,8.645127413873));
#6318 = CARTESIAN_POINT('',(0.389310773396,8.616225128959));
#6319 = CARTESIAN_POINT('',(0.52107989491,8.534195583801));
#6320 = CARTESIAN_POINT('',(0.598715636427,8.47628880989));
#6321 = CARTESIAN_POINT('',(0.673321555071,8.412927782227));
#6322 = CARTESIAN_POINT('',(0.745314303929,8.345703653469));
#6323 = CARTESIAN_POINT('',(0.815112126639,8.275875479257));
#6324 = CARTESIAN_POINT('',(0.88320299902,8.204463712065));
#6325 = CARTESIAN_POINT('',(0.950141243473,8.132271134383));
#6326 = CARTESIAN_POINT('',(1.052182311555,8.022041515963));
#6327 = CARTESIAN_POINT('',(1.087319398331,7.984051585102));
#6328 = CARTESIAN_POINT('',(1.122371994714,7.946409872134));
#6329 = CARTESIAN_POINT('',(1.157564958346,7.909190386948));
#6330 = CARTESIAN_POINT('',(1.19305316208,7.872616411528));
#6331 = CARTESIAN_POINT('',(1.228926677363,7.837114526647));
#6332 = CARTESIAN_POINT('',(1.265234220766,7.803333763549));
#6333 = CARTESIAN_POINT('',(1.312704360885,7.76303839278));
#6334 = CARTESIAN_POINT('',(1.323448311283,7.75416816827));
#6335 = CARTESIAN_POINT('',(1.334253866289,7.745518336087));
#6336 = CARTESIAN_POINT('',(1.345125430968,7.737109948599));
#6337 = CARTESIAN_POINT('',(1.356067020273,7.728966350385));
#6338 = CARTESIAN_POINT('',(1.367082259043,7.721113178238));
#6339 = CARTESIAN_POINT('',(1.378174381999,7.713578361164));
#6340 = CARTESIAN_POINT('',(1.410952202819,7.692494183001));
#6341 = CARTESIAN_POINT('',(1.433054790053,7.679771931236));
#6342 = CARTESIAN_POINT('',(1.455505470949,7.668597923969));
#6343 = CARTESIAN_POINT('',(1.478207185284,7.659284323129));
#6344 = CARTESIAN_POINT('',(1.501103366512,7.652080978563));
#6345 = CARTESIAN_POINT('',(1.524167908955,7.647174718826));
#6346 = CARTESIAN_POINT('',(1.547396072782,7.644689847911));
#6347 = CARTESIAN_POINT('',(1.58538495636,7.644689847911));
#6348 = CARTESIAN_POINT('',(1.599951154391,7.645655666258));
#6349 = CARTESIAN_POINT('',(1.61448261214,7.647582209958));
#6350 = CARTESIAN_POINT('',(1.628965964237,7.65044979051));
#6351 = CARTESIAN_POINT('',(1.643385113703,7.654224016933));
#6352 = CARTESIAN_POINT('',(1.657719556959,7.658855688798));
#6353 = CARTESIAN_POINT('',(1.67194270884,7.664280689252));
#6354 = CARTESIAN_POINT('',(1.705957064299,7.67911430827));
#6355 = CARTESIAN_POINT('',(1.725612191249,7.689245838846));
#6356 = CARTESIAN_POINT('',(1.74501726588,7.700648899181));
#6357 = CARTESIAN_POINT('',(1.764193803641,7.713163839346));
#6358 = CARTESIAN_POINT('',(1.783155462772,7.726638914284));
#6359 = CARTESIAN_POINT('',(1.801910329083,7.740932268027));
#6360 = CARTESIAN_POINT('',(1.820463200727,7.7559139179));
#6361 = CARTESIAN_POINT('',(1.875407200147,7.802473677249));
#6362 = CARTESIAN_POINT('',(1.911522346976,7.836018796948));
#6363 = CARTESIAN_POINT('',(1.947204652209,7.871278042154));
#6364 = CARTESIAN_POINT('',(1.982502244971,7.9076096893));
#6365 = CARTESIAN_POINT('',(2.017503896011,7.944590709684));
#6366 = CARTESIAN_POINT('',(2.05236228644,7.981998717763));
#6367 = CARTESIAN_POINT('',(2.08729931839,8.019759545935));
#6368 = CARTESIAN_POINT('',(2.188495175875,8.129080396219));
#6369 = CARTESIAN_POINT('',(2.254775922727,8.200616884653));
#6370 = CARTESIAN_POINT('',(2.322161333777,8.271414114481));
#6371 = CARTESIAN_POINT('',(2.391192313518,8.340689264028));
#6372 = CARTESIAN_POINT('',(2.462347779481,8.407462702427));
#6373 = CARTESIAN_POINT('',(2.536041309962,8.470529837343));
#6374 = CARTESIAN_POINT('',(2.612685317416,8.528367871558));
#6375 = CARTESIAN_POINT('',(2.744270533157,8.611770237951));
#6376 = CARTESIAN_POINT('',(2.797676454516,8.641777761548));
#6377 = CARTESIAN_POINT('',(2.852596190936,8.668207232721));
#6378 = CARTESIAN_POINT('',(2.908755379139,8.690290527314));
#6379 = CARTESIAN_POINT('',(2.965924735339,8.70740553793));
#6380 = CARTESIAN_POINT('',(3.023905994617,8.719081103135));
#6381 = CARTESIAN_POINT('',(3.082519387474,8.725));
#6382 = CARTESIAN_POINT('',(3.14159265359,8.725));
#6383 = ( GEOMETRIC_REPRESENTATION_CONTEXT(2) 
PARAMETRIC_REPRESENTATION_CONTEXT() REPRESENTATION_CONTEXT('2D SPACE',''
  ) );
#6384 = ORIENTED_EDGE('',*,*,#6385,.T.);
#6385 = EDGE_CURVE('',#6149,#6386,#6388,.T.);
#6386 = VERTEX_POINT('',#6387);
#6387 = CARTESIAN_POINT('',(1.725,-4.225031457058E-16,27.5));
#6388 = SEAM_CURVE('',#6389,(#6393,#6400),.PCURVE_S1.);
#6389 = LINE('',#6390,#6391);
#6390 = CARTESIAN_POINT('',(1.725,-4.225031457058E-16,9.4));
#6391 = VECTOR('',#6392,1.);
#6392 = DIRECTION('',(0.,0.,1.));
#6393 = PCURVE('',#5054,#6394);
#6394 = DEFINITIONAL_REPRESENTATION('',(#6395),#6399);
#6395 = LINE('',#6396,#6397);
#6396 = CARTESIAN_POINT('',(6.28318530718,-0.));
#6397 = VECTOR('',#6398,1.);
#6398 = DIRECTION('',(0.,1.));
#6399 = ( GEOMETRIC_REPRESENTATION_CONTEXT(2) 
PARAMETRIC_REPRESENTATION_CONTEXT() REPRESENTATION_CONTEXT('2D SPACE',''
  ) );
#6400 = PCURVE('',#5054,#6401);
#6401 = DEFINITIONAL_REPRESENTATION('',(#6402),#6406);
#6402 = LINE('',#6403,#6404);
#6403 = CARTESIAN_POINT('',(0.,-0.));
#6404 = VECTOR('',#6405,1.);
#6405 = DIRECTION('',(0.,1.));
#6406 = ( GEOMETRIC_REPRESENTATION_CONTEXT(2) 
PARAMETRIC_REPRESENTATION_CONTEXT() REPRESENTATION_CONTEXT('2D SPACE',''
  ) );
#6407 = ORIENTED_EDGE('',*,*,#6408,.F.);
#6408 = EDGE_CURVE('',#6386,#6386,#6409,.T.);
#6409 = SURFACE_CURVE('',#6410,(#6415,#6422),.PCURVE_S1.);
#6410 = CIRCLE('',#6411,1.725);
#6411 = AXIS2_PLACEMENT_3D('',#6412,#6413,#6414);
#6412 = CARTESIAN_POINT('',(0.,0.,27.5));
#6413 = DIRECTION('',(0.,0.,1.));
#6414 = DIRECTION('',(1.,0.,-0.));
#6415 = PCURVE('',#5054,#6416);
#6416 = DEFINITIONAL_REPRESENTATION('',(#6417),#6421);
#6417 = LINE('',#6418,#6419);
#6418 = CARTESIAN_POINT('',(0.,18.1));
#6419 = VECTOR('',#6420,1.);
#6420 = DIRECTION('',(1.,0.));
#6421 = ( GEOMETRIC_REPRESENTATION_CONTEXT(2) 
PARAMETRIC_REPRESENTATION_CONTEXT() REPRESENTATION_CONTEXT('2D SPACE',''
  ) );
#6422 = PCURVE('',#6423,#6428);
#6423 = PLANE('',#6424);
#6424 = AXIS2_PLACEMENT_3D('',#6425,#6426,#6427);
#6425 = CARTESIAN_POINT('',(-3.418600331349E-16,-1.70226710729E-17,27.5)
  );
#6426 = DIRECTION('',(0.,0.,1.));
#6427 = DIRECTION('',(1.,0.,-0.));
#6428 = DEFINITIONAL_REPRESENTATION('',(#6429),#6433);
#6429 = CIRCLE('',#6430,1.725);
#6430 = AXIS2_PLACEMENT_2D('',#6431,#6432);
#6431 = CARTESIAN_POINT('',(3.418600331349E-16,1.70226710729E-17));
#6432 = DIRECTION('',(1.,0.));
#6433 = ( GEOMETRIC_REPRESENTATION_CONTEXT(2) 
PARAMETRIC_REPRESENTATION_CONTEXT() REPRESENTATION_CONTEXT('2D SPACE',''
  ) );
#6434 = ORIENTED_EDGE('',*,*,#6385,.F.);
#6435 = ORIENTED_EDGE('',*,*,#6436,.F.);
#6436 = EDGE_CURVE('',#6151,#6149,#6437,.T.);
#6437 = SURFACE_CURVE('',#6438,(#6511,#6587),.PCURVE_S1.);
#6438 = B_SPLINE_CURVE_WITH_KNOTS('',8,(#6439,#6440,#6441,#6442,#6443,
    #6444,#6445,#6446,#6447,#6448,#6449,#6450,#6451,#6452,#6453,#6454,
    #6455,#6456,#6457,#6458,#6459,#6460,#6461,#6462,#6463,#6464,#6465,
    #6466,#6467,#6468,#6469,#6470,#6471,#6472,#6473,#6474,#6475,#6476,
    #6477,#6478,#6479,#6480,#6481,#6482,#6483,#6484,#6485,#6486,#6487,
    #6488,#6489,#6490,#6491,#6492,#6493,#6494,#6495,#6496,#6497,#6498,
    #6499,#6500,#6501,#6502,#6503,#6504,#6505,#6506,#6507,#6508,#6509,
    #6510),.UNSPECIFIED.,.F.,.F.,(9,7,7,7,7,7,7,7,7,7,9),(0.,
    0.119856163489,0.311722771021,0.414065557511,0.443800810537,
    0.501307745948,0.537159808822,0.587934148715,0.689150825851,
    0.878204620459,1.),.UNSPECIFIED.);
#6439 = CARTESIAN_POINT('',(1.725,-9.797174393179E-17,19.9));
#6440 = CARTESIAN_POINT('',(1.725,9.245762784667E-02,19.9));
#6441 = CARTESIAN_POINT('',(1.719336264602,0.18424637142,19.906106107122
    ));
#6442 = CARTESIAN_POINT('',(1.708153041899,0.274623494036,
    19.918163285697));
#6443 = CARTESIAN_POINT('',(1.691741646831,0.362864626474,
    19.935874927647));
#6444 = CARTESIAN_POINT('',(1.670539499877,0.448279453774,
    19.958803835443));
#6445 = CARTESIAN_POINT('',(1.645127413873,0.530226132407,
    19.986371299594));
#6446 = CARTESIAN_POINT('',(1.616225128959,0.608124437818,
    20.017854270667));
#6447 = CARTESIAN_POINT('',(1.534195583801,0.798875971038,
    20.107650663239));
#6448 = CARTESIAN_POINT('',(1.476288809888,0.906139793674,
    20.171439680703));
#6449 = CARTESIAN_POINT('',(1.41292778223,1.003485636745,20.241862896758
    ));
#6450 = CARTESIAN_POINT('',(1.345703653466,1.091395635077,20.31749830576
    ));
#6451 = CARTESIAN_POINT('',(1.275875479259,1.17046312471,20.397322823621
    ));
#6452 = CARTESIAN_POINT('',(1.204463712065,1.241325477676,
    20.480745842073));
#6453 = CARTESIAN_POINT('',(1.132271134383,1.304566340797,
    20.567560685097));
#6454 = CARTESIAN_POINT('',(1.022041515963,1.390474542098,
    20.706396821106));
#6455 = CARTESIAN_POINT('',(0.984051585102,1.418097231211,
    20.755416332951));
#6456 = CARTESIAN_POINT('',(0.946409872133,1.443701527118,
    20.805397396276));
#6457 = CARTESIAN_POINT('',(0.909190386948,1.467413048151,
    20.856568602901));
#6458 = CARTESIAN_POINT('',(0.872616411529,1.489240375607,
    20.909087922778));
#6459 = CARTESIAN_POINT('',(0.837114526647,1.509112875305,
    20.963023644386));
#6460 = CARTESIAN_POINT('',(0.803333763548,1.526924695672,
    21.018372939241));
#6461 = CARTESIAN_POINT('',(0.76303839278,1.547094156434,21.091598161754
    ));
#6462 = CARTESIAN_POINT('',(0.75416816827,1.551457827233,21.108226698399
    ));
#6463 = CARTESIAN_POINT('',(0.745518336087,1.55564173217,21.125003928889
    ));
#6464 = CARTESIAN_POINT('',(0.737109948599,1.559642684122,
    21.141934814699));
#6465 = CARTESIAN_POINT('',(0.728966350385,1.563456914786,
    21.159023636735));
#6466 = CARTESIAN_POINT('',(0.721113178238,1.567080074678,
    21.176273995329));
#6467 = CARTESIAN_POINT('',(0.713578361164,1.570507233133,
    21.193688810238));
#6468 = CARTESIAN_POINT('',(0.692494183001,1.579971162828,
    21.245272344543));
#6469 = CARTESIAN_POINT('',(0.679771931236,1.585513289378,
    21.280209973646));
#6470 = CARTESIAN_POINT('',(0.668597923969,1.59024414663,21.31583758384)
  );
#6471 = CARTESIAN_POINT('',(0.659284323129,1.594094348426,
    21.351980394251));
#6472 = CARTESIAN_POINT('',(0.652080978563,1.59702198773,21.38852255445)
  );
#6473 = CARTESIAN_POINT('',(0.647174718826,1.59899869486,21.425394502461
    ));
#6474 = CARTESIAN_POINT('',(0.644689847911,1.6,21.46255959358));
#6475 = CARTESIAN_POINT('',(0.644689847911,1.6,21.523341807304));
#6476 = CARTESIAN_POINT('',(0.645655666258,1.599610706307,
    21.546647696762));
#6477 = CARTESIAN_POINT('',(0.647582209958,1.59883460851,21.569890488365
    ));
#6478 = CARTESIAN_POINT('',(0.65044979051,1.597675495021,21.593041271933
    ));
#6479 = CARTESIAN_POINT('',(0.654224016933,1.596139531588,
    21.616066996501));
#6480 = CARTESIAN_POINT('',(0.658855688798,1.594236339818,
    21.638928059703));
#6481 = CARTESIAN_POINT('',(0.664280689252,1.591980075687,
    21.661575897159));
#6482 = CARTESIAN_POINT('',(0.67911430827,1.585723115549,21.715637990863
    ));
#6483 = CARTESIAN_POINT('',(0.689245838846,1.581385839183,
    21.746794079996));
#6484 = CARTESIAN_POINT('',(0.700648899181,1.576409836755,
    21.777454179128));
#6485 = CARTESIAN_POINT('',(0.713163839346,1.570823067882,
    21.807638839691));
#6486 = CARTESIAN_POINT('',(0.726638914284,1.564651350735,21.8373574335)
  );
#6487 = CARTESIAN_POINT('',(0.740932268028,1.557919418767,
    21.866611761573));
#6488 = CARTESIAN_POINT('',(0.7559139179,1.550651977448,21.895399662947)
  );
#6489 = CARTESIAN_POINT('',(0.802473677249,1.527371181644,21.98017137292
    ));
#6490 = CARTESIAN_POINT('',(0.836018796948,1.509707876019,
    22.035244183934));
#6491 = CARTESIAN_POINT('',(0.871278042154,1.490006010161,
    22.088915292848));
#6492 = CARTESIAN_POINT('',(0.9076096893,1.468370356263,22.141182333241)
  );
#6493 = CARTESIAN_POINT('',(0.944590709683,1.444871137636,
    22.192112879583));
#6494 = CARTESIAN_POINT('',(0.981998717763,1.419500810699,
    22.241863181669));
#6495 = CARTESIAN_POINT('',(1.019759545936,1.392136683654,22.29065988541
    ));
#6496 = CARTESIAN_POINT('',(1.129080396218,1.307259717146,
    22.428543316542));
#6497 = CARTESIAN_POINT('',(1.200616884655,1.244903127757,
    22.514689558512));
#6498 = CARTESIAN_POINT('',(1.271414114477,1.175087022043,
    22.597500028234));
#6499 = CARTESIAN_POINT('',(1.340689264032,1.097252373212,
    22.676786779555));
#6500 = CARTESIAN_POINT('',(1.407462702425,1.010781242732,
    22.751996335888));
#6501 = CARTESIAN_POINT('',(1.470529837344,0.915089448374,
    22.822161340495));
#6502 = CARTESIAN_POINT('',(1.528367871557,0.809689780822,
    22.885928566384));
#6503 = CARTESIAN_POINT('',(1.61177023795,0.620010418244,22.977292082389
    ));
#6504 = CARTESIAN_POINT('',(1.641777761548,0.540916869118,
    23.009994477183));
#6505 = CARTESIAN_POINT('',(1.668207232721,0.457567855339,
    23.038673731146));
#6506 = CARTESIAN_POINT('',(1.690290527314,0.370562208167,
    23.062558898048));
#6507 = CARTESIAN_POINT('',(1.70740553793,0.280566030862,23.081030784697
    ));
#6508 = CARTESIAN_POINT('',(1.719081103135,0.188298651018,
    23.093618815661));
#6509 = CARTESIAN_POINT('',(1.725,9.451722578557E-02,23.1));
#6510 = CARTESIAN_POINT('',(1.725,1.959434878636E-16,23.1));
#6511 = PCURVE('',#5054,#6512);
#6512 = DEFINITIONAL_REPRESENTATION('',(#6513),#6586);
#6513 = B_SPLINE_CURVE_WITH_KNOTS('',8,(#6514,#6515,#6516,#6517,#6518,
    #6519,#6520,#6521,#6522,#6523,#6524,#6525,#6526,#6527,#6528,#6529,
    #6530,#6531,#6532,#6533,#6534,#6535,#6536,#6537,#6538,#6539,#6540,
    #6541,#6542,#6543,#6544,#6545,#6546,#6547,#6548,#6549,#6550,#6551,
    #6552,#6553,#6554,#6555,#6556,#6557,#6558,#6559,#6560,#6561,#6562,
    #6563,#6564,#6565,#6566,#6567,#6568,#6569,#6570,#6571,#6572,#6573,
    #6574,#6575,#6576,#6577,#6578,#6579,#6580,#6581,#6582,#6583,#6584,
    #6585),.UNSPECIFIED.,.F.,.F.,(9,7,7,7,7,7,7,7,7,7,9),(0.,
    0.119856163489,0.311722771021,0.414065557511,0.443800810537,
    0.501307745948,0.537159808822,0.587934148715,0.689150825851,
    0.878204620459,1.),.UNSPECIFIED.);
#6514 = CARTESIAN_POINT('',(0.,10.5));
#6515 = CARTESIAN_POINT('',(5.359862483865E-02,10.5));
#6516 = CARTESIAN_POINT('',(0.106809549778,10.506106107122));
#6517 = CARTESIAN_POINT('',(0.159436591839,10.518163285697));
#6518 = CARTESIAN_POINT('',(0.211280514635,10.535874927647));
#6519 = CARTESIAN_POINT('',(0.262127624751,10.558803835443));
#6520 = CARTESIAN_POINT('',(0.311739493048,10.586371299594));
#6521 = CARTESIAN_POINT('',(0.3598438009,10.617854270667));
#6522 = CARTESIAN_POINT('',(0.480215686608,10.707650663239));
#6523 = CARTESIAN_POINT('',(0.550601184638,10.771439680703));
#6524 = CARTESIAN_POINT('',(0.617573932182,10.841862896758));
#6525 = CARTESIAN_POINT('',(0.681384554632,10.91749830576));
#6526 = CARTESIAN_POINT('',(0.74226011837,10.997322823622));
#6527 = CARTESIAN_POINT('',(0.800390004501,11.080745842072));
#6528 = CARTESIAN_POINT('',(0.855936047642,11.167560685097));
#6529 = CARTESIAN_POINT('',(0.936952044782,11.306396821106));
#6530 = CARTESIAN_POINT('',(0.964166281143,11.355416332951));
#6531 = CARTESIAN_POINT('',(0.9905362879,11.405397396276));
#6532 = CARTESIAN_POINT('',(1.016096777406,11.456568602901));
#6533 = CARTESIAN_POINT('',(1.040768350053,11.509087922778));
#6534 = CARTESIAN_POINT('',(1.06434141462,11.563023644386));
#6535 = CARTESIAN_POINT('',(1.086475047277,11.618372939241));
#6536 = CARTESIAN_POINT('',(1.112597561227,11.691598161754));
#6537 = CARTESIAN_POINT('',(1.118328129564,11.708226698399));
#6538 = CARTESIAN_POINT('',(1.123898114727,11.725003928889));
#6539 = CARTESIAN_POINT('',(1.129296018736,11.741934814699));
#6540 = CARTESIAN_POINT('',(1.134508931948,11.759023636735));
#6541 = CARTESIAN_POINT('',(1.139522533055,11.776273995329));
#6542 = CARTESIAN_POINT('',(1.144321089079,11.793688810238));
#6543 = CARTESIAN_POINT('',(1.157718647492,11.845272344543));
#6544 = CARTESIAN_POINT('',(1.165762759961,11.880209973646));
#6545 = CARTESIAN_POINT('',(1.17279659875,11.91583758384));
#6546 = CARTESIAN_POINT('',(1.178638662417,11.951980394251));
#6547 = CARTESIAN_POINT('',(1.18314617838,11.98852255445));
#6548 = CARTESIAN_POINT('',(1.186212612036,12.025394502461));
#6549 = CARTESIAN_POINT('',(1.187765648758,12.06255959358));
#6550 = CARTESIAN_POINT('',(1.187765648758,12.123341807304));
#6551 = CARTESIAN_POINT('',(1.187161985132,12.146647696762));
#6552 = CARTESIAN_POINT('',(1.1859579276,12.169890488365));
#6553 = CARTESIAN_POINT('',(1.184164893253,12.193041271933));
#6554 = CARTESIAN_POINT('',(1.181802709913,12.216066996501));
#6555 = CARTESIAN_POINT('',(1.178899879492,12.238928059703));
#6556 = CARTESIAN_POINT('',(1.175493841353,12.261575897159));
#6557 = CARTESIAN_POINT('',(1.166160943652,12.315637990863));
#6558 = CARTESIAN_POINT('',(1.159772091401,12.346794079996));
#6559 = CARTESIAN_POINT('',(1.152559967568,12.377454179128));
#6560 = CARTESIAN_POINT('',(1.144615479393,12.407638839691));
#6561 = CARTESIAN_POINT('',(1.1360243366,12.4373574335));
#6562 = CARTESIAN_POINT('',(1.126866235291,12.466611761573));
#6563 = CARTESIAN_POINT('',(1.117214041841,12.495399662947));
#6564 = CARTESIAN_POINT('',(1.08703676464,12.58017137292));
#6565 = CARTESIAN_POINT('',(1.065064016151,12.635244183934));
#6566 = CARTESIAN_POINT('',(1.041661722732,12.688915292848));
#6567 = CARTESIAN_POINT('',(1.017167294486,12.741182333241));
#6568 = CARTESIAN_POINT('',(0.991789030183,12.792112879583));
#6569 = CARTESIAN_POINT('',(0.965606862736,12.841863181669));
#6570 = CARTESIAN_POINT('',(0.938587829719,12.89065988541));
#6571 = CARTESIAN_POINT('',(0.858354714728,13.028543316542));
#6572 = CARTESIAN_POINT('',(0.803429432654,13.114689558512));
#6573 = CARTESIAN_POINT('',(0.745973101556,13.197500028235));
#6574 = CARTESIAN_POINT('',(0.685835364874,13.276786779554));
#6575 = CARTESIAN_POINT('',(0.62283235046,13.351996335888));
#6576 = CARTESIAN_POINT('',(0.55674066676,13.422161340495));
#6577 = CARTESIAN_POINT('',(0.487311786604,13.485928566384));
#6578 = CARTESIAN_POINT('',(0.367192521769,13.577292082389));
#6579 = CARTESIAN_POINT('',(0.318217521328,13.609994477183));
#6580 = CARTESIAN_POINT('',(0.267660488059,13.638673731146));
#6581 = CARTESIAN_POINT('',(0.215804864569,13.662558898048));
#6582 = CARTESIAN_POINT('',(0.162897565255,13.681030784697));
#6583 = CARTESIAN_POINT('',(0.109158705157,13.693618815661));
#6584 = CARTESIAN_POINT('',(5.47925946583E-02,13.7));
#6585 = CARTESIAN_POINT('',(0.,13.7));
#6586 = ( GEOMETRIC_REPRESENTATION_CONTEXT(2) 
PARAMETRIC_REPRESENTATION_CONTEXT() REPRESENTATION_CONTEXT('2D SPACE',''
  ) );
#6587 = PCURVE('',#6304,#6588);
#6588 = DEFINITIONAL_REPRESENTATION('',(#6589),#6662);
#6589 = B_SPLINE_CURVE_WITH_KNOTS('',8,(#6590,#6591,#6592,#6593,#6594,
    #6595,#6596,#6597,#6598,#6599,#6600,#6601,#6602,#6603,#6604,#6605,
    #6606,#6607,#6608,#6609,#6610,#6611,#6612,#6613,#6614,#6615,#6616,
    #6617,#6618,#6619,#6620,#6621,#6622,#6623,#6624,#6625,#6626,#6627,
    #6628,#6629,#6630,#6631,#6632,#6633,#6634,#6635,#6636,#6637,#6638,
    #6639,#6640,#6641,#6642,#6643,#6644,#6645,#6646,#6647,#6648,#6649,
    #6650,#6651,#6652,#6653,#6654,#6655,#6656,#6657,#6658,#6659,#6660,
    #6661),.UNSPECIFIED.,.F.,.F.,(9,7,7,7,7,7,7,7,7,7,9),(0.,
    0.119856163489,0.311722771021,0.414065557511,0.443800810537,
    0.501307745948,0.537159808822,0.587934148715,0.689150825851,
    0.878204620459,1.),.UNSPECIFIED.);
#6590 = CARTESIAN_POINT('',(3.14159265359,8.725));
#6591 = CARTESIAN_POINT('',(3.199378670994,8.725));
#6592 = CARTESIAN_POINT('',(3.256746637659,8.719336264602));
#6593 = CARTESIAN_POINT('',(3.313526392448,8.708153041899));
#6594 = CARTESIAN_POINT('',(3.369541257195,8.691741646831));
#6595 = CARTESIAN_POINT('',(3.424597602377,8.670539499877));
#6596 = CARTESIAN_POINT('',(3.478473066183,8.645127413873));
#6597 = CARTESIAN_POINT('',(3.530903426986,8.616225128959));
#6598 = CARTESIAN_POINT('',(3.6626725485,8.534195583801));
#6599 = CARTESIAN_POINT('',(3.740308290019,8.476288809889));
#6600 = CARTESIAN_POINT('',(3.814914208656,8.412927782229));
#6601 = CARTESIAN_POINT('',(3.886906957523,8.345703653467));
#6602 = CARTESIAN_POINT('',(3.956704780225,8.275875479259));
#6603 = CARTESIAN_POINT('',(4.02479565261,8.204463712065));
#6604 = CARTESIAN_POINT('',(4.091733897063,8.132271134383));
#6605 = CARTESIAN_POINT('',(4.193774965145,8.022041515963));
#6606 = CARTESIAN_POINT('',(4.228912051921,7.984051585102));
#6607 = CARTESIAN_POINT('',(4.263964648304,7.946409872133));
#6608 = CARTESIAN_POINT('',(4.299157611936,7.909190386948));
#6609 = CARTESIAN_POINT('',(4.334645815669,7.872616411529));
#6610 = CARTESIAN_POINT('',(4.370519330953,7.837114526647));
#6611 = CARTESIAN_POINT('',(4.406826874356,7.803333763548));
#6612 = CARTESIAN_POINT('',(4.454297014474,7.76303839278));
#6613 = CARTESIAN_POINT('',(4.465040964873,7.75416816827));
#6614 = CARTESIAN_POINT('',(4.475846519879,7.745518336087));
#6615 = CARTESIAN_POINT('',(4.486718084558,7.737109948599));
#6616 = CARTESIAN_POINT('',(4.497659673863,7.728966350385));
#6617 = CARTESIAN_POINT('',(4.508674912632,7.721113178238));
#6618 = CARTESIAN_POINT('',(4.519767035588,7.713578361164));
#6619 = CARTESIAN_POINT('',(4.552544856409,7.692494183001));
#6620 = CARTESIAN_POINT('',(4.574647443643,7.679771931236));
#6621 = CARTESIAN_POINT('',(4.597098124538,7.668597923969));
#6622 = CARTESIAN_POINT('',(4.619799838873,7.659284323129));
#6623 = CARTESIAN_POINT('',(4.642696020102,7.652080978563));
#6624 = CARTESIAN_POINT('',(4.665760562545,7.647174718826));
#6625 = CARTESIAN_POINT('',(4.688988726372,7.644689847911));
#6626 = CARTESIAN_POINT('',(4.72697760995,7.644689847911));
#6627 = CARTESIAN_POINT('',(4.741543807981,7.645655666258));
#6628 = CARTESIAN_POINT('',(4.756075265729,7.647582209958));
#6629 = CARTESIAN_POINT('',(4.770558617827,7.65044979051));
#6630 = CARTESIAN_POINT('',(4.784977767293,7.654224016933));
#6631 = CARTESIAN_POINT('',(4.799312210549,7.658855688798));
#6632 = CARTESIAN_POINT('',(4.81353536243,7.664280689252));
#6633 = CARTESIAN_POINT('',(4.847549717889,7.67911430827));
#6634 = CARTESIAN_POINT('',(4.867204844838,7.689245838846));
#6635 = CARTESIAN_POINT('',(4.88660991947,7.700648899181));
#6636 = CARTESIAN_POINT('',(4.905786457231,7.713163839346));
#6637 = CARTESIAN_POINT('',(4.924748116362,7.726638914284));
#6638 = CARTESIAN_POINT('',(4.943502982673,7.740932268028));
#6639 = CARTESIAN_POINT('',(4.962055854317,7.7559139179));
#6640 = CARTESIAN_POINT('',(5.016999853736,7.802473677249));
#6641 = CARTESIAN_POINT('',(5.053115000566,7.836018796948));
#6642 = CARTESIAN_POINT('',(5.088797305799,7.871278042154));
#6643 = CARTESIAN_POINT('',(5.12409489856,7.9076096893));
#6644 = CARTESIAN_POINT('',(5.159096549601,7.944590709683));
#6645 = CARTESIAN_POINT('',(5.19395494003,7.981998717763));
#6646 = CARTESIAN_POINT('',(5.22889197198,8.019759545936));
#6647 = CARTESIAN_POINT('',(5.330087829464,8.129080396218));
#6648 = CARTESIAN_POINT('',(5.396368576319,8.200616884655));
#6649 = CARTESIAN_POINT('',(5.463753987361,8.271414114477));
#6650 = CARTESIAN_POINT('',(5.532784967114,8.340689264032));
#6651 = CARTESIAN_POINT('',(5.603940433066,8.407462702425));
#6652 = CARTESIAN_POINT('',(5.677633963555,8.470529837344));
#6653 = CARTESIAN_POINT('',(5.754277971005,8.528367871557));
#6654 = CARTESIAN_POINT('',(5.885863186747,8.61177023795));
#6655 = CARTESIAN_POINT('',(5.939269108106,8.641777761548));
#6656 = CARTESIAN_POINT('',(5.994188844526,8.668207232721));
#6657 = CARTESIAN_POINT('',(6.050348032728,8.690290527314));
#6658 = CARTESIAN_POINT('',(6.107517388929,8.70740553793));
#6659 = CARTESIAN_POINT('',(6.165498648207,8.719081103135));
#6660 = CARTESIAN_POINT('',(6.224112041064,8.725));
#6661 = CARTESIAN_POINT('',(6.28318530718,8.725));
#6662 = ( GEOMETRIC_REPRESENTATION_CONTEXT(2) 
PARAMETRIC_REPRESENTATION_CONTEXT() REPRESENTATION_CONTEXT('2D SPACE',''
  ) );
#6663 = ORIENTED_EDGE('',*,*,#6664,.F.);
#6664 = EDGE_CURVE('',#5038,#6151,#6665,.T.);
#6665 = SEAM_CURVE('',#6666,(#6670,#6677),.PCURVE_S1.);
#6666 = LINE('',#6667,#6668);
#6667 = CARTESIAN_POINT('',(1.725,-4.225031457058E-16,9.4));
#6668 = VECTOR('',#6669,1.);
#6669 = DIRECTION('',(0.,0.,1.));
#6670 = PCURVE('',#5054,#6671);
#6671 = DEFINITIONAL_REPRESENTATION('',(#6672),#6676);
#6672 = LINE('',#6673,#6674);
#6673 = CARTESIAN_POINT('',(0.,-0.));
#6674 = VECTOR('',#6675,1.);
#6675 = DIRECTION('',(0.,1.));
#6676 = ( GEOMETRIC_REPRESENTATION_CONTEXT(2) 
PARAMETRIC_REPRESENTATION_CONTEXT() REPRESENTATION_CONTEXT('2D SPACE',''
  ) );
#6677 = PCURVE('',#5054,#6678);
#6678 = DEFINITIONAL_REPRESENTATION('',(#6679),#6683);
#6679 = LINE('',#6680,#6681);
#6680 = CARTESIAN_POINT('',(6.28318530718,-0.));
#6681 = VECTOR('',#6682,1.);
#6682 = DIRECTION('',(0.,1.));
#6683 = ( GEOMETRIC_REPRESENTATION_CONTEXT(2) 
PARAMETRIC_REPRESENTATION_CONTEXT() REPRESENTATION_CONTEXT('2D SPACE',''
  ) );
#6684 = ORIENTED_EDGE('',*,*,#5037,.T.);
#6685 = ORIENTED_EDGE('',*,*,#6664,.T.);
#6686 = FACE_BOUND('',#6687,.F.);
#6687 = EDGE_LOOP('',(#6688));
#6688 = ORIENTED_EDGE('',*,*,#6689,.T.);
#6689 = EDGE_CURVE('',#6690,#6690,#6692,.T.);
#6690 = VERTEX_POINT('',#6691);
#6691 = CARTESIAN_POINT('',(-1.725,3.918869757272E-16,23.1));
#6692 = SURFACE_CURVE('',#6693,(#6843,#7048),.PCURVE_S1.);
#6693 = B_SPLINE_CURVE_WITH_KNOTS('',8,(#6694,#6695,#6696,#6697,#6698,
    #6699,#6700,#6701,#6702,#6703,#6704,#6705,#6706,#6707,#6708,#6709,
    #6710,#6711,#6712,#6713,#6714,#6715,#6716,#6717,#6718,#6719,#6720,
    #6721,#6722,#6723,#6724,#6725,#6726,#6727,#6728,#6729,#6730,#6731,
    #6732,#6733,#6734,#6735,#6736,#6737,#6738,#6739,#6740,#6741,#6742,
    #6743,#6744,#6745,#6746,#6747,#6748,#6749,#6750,#6751,#6752,#6753,
    #6754,#6755,#6756,#6757,#6758,#6759,#6760,#6761,#6762,#6763,#6764,
    #6765,#6766,#6767,#6768,#6769,#6770,#6771,#6772,#6773,#6774,#6775,
    #6776,#6777,#6778,#6779,#6780,#6781,#6782,#6783,#6784,#6785,#6786,
    #6787,#6788,#6789,#6790,#6791,#6792,#6793,#6794,#6795,#6796,#6797,
    #6798,#6799,#6800,#6801,#6802,#6803,#6804,#6805,#6806,#6807,#6808,
    #6809,#6810,#6811,#6812,#6813,#6814,#6815,#6816,#6817,#6818,#6819,
    #6820,#6821,#6822,#6823,#6824,#6825,#6826,#6827,#6828,#6829,#6830,
    #6831,#6832,#6833,#6834,#6835,#6836,#6837,#6838,#6839,#6840,#6841,
    #6842),.UNSPECIFIED.,.T.,.F.,(9,7,7,7,7,7,7,7,7,7,7,7,7,7,7,7,7,7,7,
    7,7,9),(0.,6.006688363181E-02,0.156222382612,0.207512296103,
    0.222414358159,0.251234422997,0.269201970767,0.294647940942,
    0.345373495499,0.440119330316,0.475865273223,0.526162250231,
    0.561356524149,0.656978435973,0.707983730908,0.722803098278,
    0.751463234493,0.769331076548,0.79463584166,0.845079909386,
    0.939299979527,1.),.UNSPECIFIED.);
#6694 = CARTESIAN_POINT('',(-1.725,2.22044604925E-16,23.1));
#6695 = CARTESIAN_POINT('',(-1.725,-9.245762798132E-02,23.1));
#6696 = CARTESIAN_POINT('',(-1.719336264585,-0.184246371477,
    23.093893892861));
#6697 = CARTESIAN_POINT('',(-1.708153041895,-0.274623493972,
    23.081836714299));
#6698 = CARTESIAN_POINT('',(-1.691741646856,-0.362864626355,
    23.06412507238));
#6699 = CARTESIAN_POINT('',(-1.67053949991,-0.448279453701,
    23.041196164592));
#6700 = CARTESIAN_POINT('',(-1.64512741387,-0.530226132448,
    23.013628700404));
#6701 = CARTESIAN_POINT('',(-1.616225128908,-0.608124437937,
    22.982145729277));
#6702 = CARTESIAN_POINT('',(-1.534195583801,-0.798875971038,
    22.892349336761));
#6703 = CARTESIAN_POINT('',(-1.476288809889,-0.906139793672,
    22.828560319299));
#6704 = CARTESIAN_POINT('',(-1.412927782228,-1.003485636748,
    22.758137103237));
#6705 = CARTESIAN_POINT('',(-1.345703653469,-1.091395635074,
    22.682501694247));
#6706 = CARTESIAN_POINT('',(-1.275875479257,-1.170463124713,
    22.602677176374));
#6707 = CARTESIAN_POINT('',(-1.204463712065,-1.241325477675,
    22.519254157929));
#6708 = CARTESIAN_POINT('',(-1.132271134383,-1.304566340798,
    22.432439314903));
#6709 = CARTESIAN_POINT('',(-1.022041515963,-1.390474542098,
    22.293603178894));
#6710 = CARTESIAN_POINT('',(-0.984051585102,-1.418097231211,
    22.244583667049));
#6711 = CARTESIAN_POINT('',(-0.946409872133,-1.443701527118,
    22.194602603724));
#6712 = CARTESIAN_POINT('',(-0.909190386948,-1.467413048151,
    22.143431397099));
#6713 = CARTESIAN_POINT('',(-0.872616411529,-1.489240375607,
    22.090912077222));
#6714 = CARTESIAN_POINT('',(-0.837114526647,-1.509112875305,
    22.036976355614));
#6715 = CARTESIAN_POINT('',(-0.803333763548,-1.526924695672,
    21.981627060759));
#6716 = CARTESIAN_POINT('',(-0.76303839278,-1.547094156434,
    21.908401838246));
#6717 = CARTESIAN_POINT('',(-0.75416816827,-1.551457827233,
    21.891773301601));
#6718 = CARTESIAN_POINT('',(-0.745518336087,-1.55564173217,
    21.874996071111));
#6719 = CARTESIAN_POINT('',(-0.737109948599,-1.559642684122,
    21.858065185301));
#6720 = CARTESIAN_POINT('',(-0.728966350385,-1.563456914786,
    21.840976363265));
#6721 = CARTESIAN_POINT('',(-0.721113178238,-1.567080074678,
    21.823726004671));
#6722 = CARTESIAN_POINT('',(-0.713578361164,-1.570507233133,
    21.806311189762));
#6723 = CARTESIAN_POINT('',(-0.692494183001,-1.579971162828,
    21.754727655457));
#6724 = CARTESIAN_POINT('',(-0.679771931236,-1.585513289378,
    21.719790026354));
#6725 = CARTESIAN_POINT('',(-0.668597923969,-1.59024414663,
    21.68416241616));
#6726 = CARTESIAN_POINT('',(-0.659284323129,-1.594094348426,
    21.648019605749));
#6727 = CARTESIAN_POINT('',(-0.652080978563,-1.59702198773,
    21.61147744555));
#6728 = CARTESIAN_POINT('',(-0.647174718826,-1.59899869486,
    21.574605497539));
#6729 = CARTESIAN_POINT('',(-0.644689847911,-1.6,21.53744040642));
#6730 = CARTESIAN_POINT('',(-0.644689847911,-1.6,21.47665819648));
#6731 = CARTESIAN_POINT('',(-0.645655666749,-1.599610706102,
    21.453352301159));
#6732 = CARTESIAN_POINT('',(-0.647582210233,-1.598834608396,
    21.430109507882));
#6733 = CARTESIAN_POINT('',(-0.650449790104,-1.597675495192,
    21.406958727968));
#6734 = CARTESIAN_POINT('',(-0.654224016215,-1.59613953189,
    21.383933007141));
#6735 = CARTESIAN_POINT('',(-0.658855688713,-1.594236339853,
    21.361071942469));
#6736 = CARTESIAN_POINT('',(-0.664280690228,-1.591980075276,
    21.338424099287));
#6737 = CARTESIAN_POINT('',(-0.679114308272,-1.585723115549,
    21.28436200913));
#6738 = CARTESIAN_POINT('',(-0.689245838847,-1.581385839182,21.25320592)
  );
#6739 = CARTESIAN_POINT('',(-0.700648899181,-1.576409836755,
    21.222545820875));
#6740 = CARTESIAN_POINT('',(-0.713163839343,-1.570823067883,
    21.192361160316));
#6741 = CARTESIAN_POINT('',(-0.726638914282,-1.564651350736,
    21.162642566505));
#6742 = CARTESIAN_POINT('',(-0.740932268028,-1.557919418767,
    21.133388238425));
#6743 = CARTESIAN_POINT('',(-0.755913917904,-1.550651977446,
    21.104600337045));
#6744 = CARTESIAN_POINT('',(-0.802473677249,-1.527371181644,
    21.01982862708));
#6745 = CARTESIAN_POINT('',(-0.836018796948,-1.509707876019,
    20.964755816065));
#6746 = CARTESIAN_POINT('',(-0.871278042154,-1.490006010161,
    20.911084707152));
#6747 = CARTESIAN_POINT('',(-0.9076096893,-1.468370356263,
    20.858817666759));
#6748 = CARTESIAN_POINT('',(-0.944590709684,-1.444871137636,
    20.807887120416));
#6749 = CARTESIAN_POINT('',(-0.981998717763,-1.419500810699,
    20.758136818332));
#6750 = CARTESIAN_POINT('',(-1.019759545936,-1.392136683654,
    20.70934011459));
#6751 = CARTESIAN_POINT('',(-1.129080396219,-1.307259717146,
    20.571456683457));
#6752 = CARTESIAN_POINT('',(-1.200616884652,-1.244903127759,
    20.485310441492));
#6753 = CARTESIAN_POINT('',(-1.271414114482,-1.175087022037,
    20.402499971759));
#6754 = CARTESIAN_POINT('',(-1.340689264026,-1.09725237322,
    20.323213220453));
#6755 = CARTESIAN_POINT('',(-1.407462702429,-1.010781242725,
    20.248003664106));
#6756 = CARTESIAN_POINT('',(-1.470529837342,-0.915089448378,
    20.177838659508));
#6757 = CARTESIAN_POINT('',(-1.528367871558,-0.809689780821,
    20.114071433615));
#6758 = CARTESIAN_POINT('',(-1.598229237844,-0.650806286275,
    20.037541470105));
#6759 = CARTESIAN_POINT('',(-1.61637270171,-0.605822442691,
    20.017724224479));
#6760 = CARTESIAN_POINT('',(-1.633385303558,-0.559432962826,
    19.99918988429));
#6761 = CARTESIAN_POINT('',(-1.649136195068,-0.511699957103,
    19.98206815665));
#6762 = CARTESIAN_POINT('',(-1.663500893001,-0.462692541577,
    19.966482481284));
#6763 = CARTESIAN_POINT('',(-1.676361467568,-0.412486582704,
    19.952550160525));
#6764 = CARTESIAN_POINT('',(-1.68760673081,-0.361164442104,
    19.940382489302));
#6765 = CARTESIAN_POINT('',(-1.710535725634,-0.235155097664,
    19.9155954545));
#6766 = CARTESIAN_POINT('',(-1.720528376286,-0.159494945759,
    19.904815113731));
#6767 = CARTESIAN_POINT('',(-1.726755009446,-8.2469871728E-02,
    19.898107539116));
#6768 = CARTESIAN_POINT('',(-1.728999104321,-4.740789082365E-03,
    19.895691938151));
#6769 = CARTESIAN_POINT('',(-1.727184773209,7.30185453796E-02,
    19.897644728188));
#6770 = CARTESIAN_POINT('',(-1.721377366328,0.150134014061,
    19.903900121571));
#6771 = CARTESIAN_POINT('',(-1.71178289505,0.22594363944,19.914249617244
    ));
#6772 = CARTESIAN_POINT('',(-1.689624166131,0.35149664035,
    19.938200133087));
#6773 = CARTESIAN_POINT('',(-1.678820732019,0.402208990276,
    19.949887344348));
#6774 = CARTESIAN_POINT('',(-1.666434075464,0.451858229116,
    19.963302776425));
#6775 = CARTESIAN_POINT('',(-1.652569576302,0.500361239295,
    19.978340862495));
#6776 = CARTESIAN_POINT('',(-1.637339706023,0.547640991369,
    19.994889601671));
#6777 = CARTESIAN_POINT('',(-1.620863843846,0.593626825734,
    20.012830435567));
#6778 = CARTESIAN_POINT('',(-1.603268092774,0.638254734329,
    20.032038124857));
#6779 = CARTESIAN_POINT('',(-1.534195583801,0.798875971037,
    20.107650663239));
#6780 = CARTESIAN_POINT('',(-1.476288809888,0.906139793675,
    20.171439680704));
#6781 = CARTESIAN_POINT('',(-1.412927782231,1.003485636742,
    20.241862896757));
#6782 = CARTESIAN_POINT('',(-1.345703653465,1.09139563508,
    20.317498305761));
#6783 = CARTESIAN_POINT('',(-1.27587547926,1.170463124708,20.39732282362
    ));
#6784 = CARTESIAN_POINT('',(-1.204463712064,1.241325477677,
    20.480745842073));
#6785 = CARTESIAN_POINT('',(-1.132271134383,1.304566340797,
    20.567560685097));
#6786 = CARTESIAN_POINT('',(-1.022041515964,1.390474542098,
    20.706396821105));
#6787 = CARTESIAN_POINT('',(-0.984051585102,1.418097231211,
    20.755416332951));
#6788 = CARTESIAN_POINT('',(-0.946409872133,1.443701527118,
    20.805397396276));
#6789 = CARTESIAN_POINT('',(-0.909190386948,1.467413048151,
    20.856568602901));
#6790 = CARTESIAN_POINT('',(-0.872616411529,1.489240375607,
    20.909087922777));
#6791 = CARTESIAN_POINT('',(-0.837114526648,1.509112875305,
    20.963023644386));
#6792 = CARTESIAN_POINT('',(-0.803333763548,1.526924695672,
    21.018372939241));
#6793 = CARTESIAN_POINT('',(-0.76303839278,1.547094156434,
    21.091598161754));
#6794 = CARTESIAN_POINT('',(-0.75416816827,1.551457827233,
    21.108226698399));
#6795 = CARTESIAN_POINT('',(-0.745518336087,1.55564173217,
    21.125003928889));
#6796 = CARTESIAN_POINT('',(-0.737109948599,1.559642684122,
    21.141934814699));
#6797 = CARTESIAN_POINT('',(-0.728966350385,1.563456914786,
    21.159023636735));
#6798 = CARTESIAN_POINT('',(-0.721113178238,1.567080074678,
    21.176273995329));
#6799 = CARTESIAN_POINT('',(-0.713578361164,1.570507233133,
    21.193688810238));
#6800 = CARTESIAN_POINT('',(-0.692494183001,1.579971162828,
    21.245272344543));
#6801 = CARTESIAN_POINT('',(-0.679771931236,1.585513289378,
    21.280209973646));
#6802 = CARTESIAN_POINT('',(-0.668597923969,1.59024414663,21.31583758384
    ));
#6803 = CARTESIAN_POINT('',(-0.659284323129,1.594094348426,
    21.351980394251));
#6804 = CARTESIAN_POINT('',(-0.652080978563,1.59702198773,21.38852255445
    ));
#6805 = CARTESIAN_POINT('',(-0.647174718826,1.59899869486,
    21.425394502461));
#6806 = CARTESIAN_POINT('',(-0.644689847911,1.6,21.46255959358));
#6807 = CARTESIAN_POINT('',(-0.644689847911,1.6,21.52334180352));
#6808 = CARTESIAN_POINT('',(-0.645655666749,1.599610706102,
    21.546647698841));
#6809 = CARTESIAN_POINT('',(-0.647582210233,1.598834608396,
    21.569890492118));
#6810 = CARTESIAN_POINT('',(-0.650449790104,1.597675495192,
    21.593041272032));
#6811 = CARTESIAN_POINT('',(-0.654224016215,1.59613953189,
    21.616066992859));
#6812 = CARTESIAN_POINT('',(-0.658855688713,1.594236339853,
    21.638928057531));
#6813 = CARTESIAN_POINT('',(-0.664280690228,1.591980075276,
    21.661575900713));
#6814 = CARTESIAN_POINT('',(-0.67911430827,1.585723115549,
    21.715637990863));
#6815 = CARTESIAN_POINT('',(-0.689245838846,1.581385839183,
    21.746794079996));
#6816 = CARTESIAN_POINT('',(-0.700648899181,1.576409836755,
    21.777454179128));
#6817 = CARTESIAN_POINT('',(-0.713163839346,1.570823067882,
    21.807638839691));
#6818 = CARTESIAN_POINT('',(-0.726638914284,1.564651350735,21.8373574335
    ));
#6819 = CARTESIAN_POINT('',(-0.740932268027,1.557919418767,
    21.866611761573));
#6820 = CARTESIAN_POINT('',(-0.7559139179,1.550651977448,21.895399662947
    ));
#6821 = CARTESIAN_POINT('',(-0.80247367725,1.527371181644,21.98017137292
    ));
#6822 = CARTESIAN_POINT('',(-0.836018796947,1.509707876019,
    22.035244183934));
#6823 = CARTESIAN_POINT('',(-0.871278042154,1.490006010161,
    22.088915292848));
#6824 = CARTESIAN_POINT('',(-0.9076096893,1.468370356263,22.141182333241
    ));
#6825 = CARTESIAN_POINT('',(-0.944590709683,1.444871137636,
    22.192112879583));
#6826 = CARTESIAN_POINT('',(-0.981998717763,1.419500810699,
    22.241863181669));
#6827 = CARTESIAN_POINT('',(-1.019759545935,1.392136683654,
    22.29065988541));
#6828 = CARTESIAN_POINT('',(-1.129080396219,1.307259717145,
    22.428543316544));
#6829 = CARTESIAN_POINT('',(-1.200616884652,1.244903127759,
    22.514689558508));
#6830 = CARTESIAN_POINT('',(-1.271414114481,1.175087022038,
    22.597500028241));
#6831 = CARTESIAN_POINT('',(-1.340689264027,1.097252373219,
    22.676786779548));
#6832 = CARTESIAN_POINT('',(-1.407462702428,1.010781242726,
    22.751996335893));
#6833 = CARTESIAN_POINT('',(-1.470529837342,0.915089448378,
    22.822161340493));
#6834 = CARTESIAN_POINT('',(-1.528367871558,0.809689780821,
    22.885928566385));
#6835 = CARTESIAN_POINT('',(-1.611770237951,0.620010418244,
    22.977292082389));
#6836 = CARTESIAN_POINT('',(-1.641777761548,0.540916869118,
    23.009994477183));
#6837 = CARTESIAN_POINT('',(-1.668207232721,0.457567855339,
    23.038673731146));
#6838 = CARTESIAN_POINT('',(-1.690290527314,0.370562208167,
    23.062558898048));
#6839 = CARTESIAN_POINT('',(-1.707405537931,0.280566030862,
    23.081030784697));
#6840 = CARTESIAN_POINT('',(-1.719081103135,0.188298651018,
    23.093618815661));
#6841 = CARTESIAN_POINT('',(-1.725,9.451722578551E-02,23.1));
#6842 = CARTESIAN_POINT('',(-1.725,2.22044604925E-16,23.1));
#6843 = PCURVE('',#5054,#6844);
#6844 = DEFINITIONAL_REPRESENTATION('',(#6845),#7047);
#6845 = B_SPLINE_CURVE_WITH_KNOTS('',3,(#6846,#6847,#6848,#6849,#6850,
    #6851,#6852,#6853,#6854,#6855,#6856,#6857,#6858,#6859,#6860,#6861,
    #6862,#6863,#6864,#6865,#6866,#6867,#6868,#6869,#6870,#6871,#6872,
    #6873,#6874,#6875,#6876,#6877,#6878,#6879,#6880,#6881,#6882,#6883,
    #6884,#6885,#6886,#6887,#6888,#6889,#6890,#6891,#6892,#6893,#6894,
    #6895,#6896,#6897,#6898,#6899,#6900,#6901,#6902,#6903,#6904,#6905,
    #6906,#6907,#6908,#6909,#6910,#6911,#6912,#6913,#6914,#6915,#6916,
    #6917,#6918,#6919,#6920,#6921,#6922,#6923,#6924,#6925,#6926,#6927,
    #6928,#6929,#6930,#6931,#6932,#6933,#6934,#6935,#6936,#6937,#6938,
    #6939,#6940,#6941,#6942,#6943,#6944,#6945,#6946,#6947,#6948,#6949,
    #6950,#6951,#6952,#6953,#6954,#6955,#6956,#6957,#6958,#6959,#6960,
    #6961,#6962,#6963,#6964,#6965,#6966,#6967,#6968,#6969,#6970,#6971,
    #6972,#6973,#6974,#6975,#6976,#6977,#6978,#6979,#6980,#6981,#6982,
    #6983,#6984,#6985,#6986,#6987,#6988,#6989,#6990,#6991,#6992,#6993,
    #6994,#6995,#6996,#6997,#6998,#6999,#7000,#7001,#7002,#7003,#7004,
    #7005,#7006,#7007,#7008,#7009,#7010,#7011,#7012,#7013,#7014,#7015,
    #7016,#7017,#7018,#7019,#7020,#7021,#7022,#7023,#7024,#7025,#7026,
    #7027,#7028,#7029,#7030,#7031,#7032,#7033,#7034,#7035,#7036,#7037,
    #7038,#7039,#7040,#7041,#7042,#7043,#7044,#7045,#7046),
  .UNSPECIFIED.,.T.,.F.,(4,1,1,1,1,1,1,1,1,1,1,1,1,1,1,1,1,1,1,1,1,1,1,1
    ,1,1,1,1,1,1,1,1,1,1,1,1,1,1,1,1,1,1,1,1,1,1,1,1,1,1,1,1,1,1,1,1,1,1
    ,1,1,1,1,1,1,1,1,1,1,1,1,1,1,1,1,1,1,1,1,1,1,1,1,1,1,1,1,1,1,1,1,1,1
    ,1,1,1,1,1,1,1,1,1,1,1,1,1,1,1,1,1,1,1,1,1,1,1,1,1,1,1,1,1,1,1,1,1,1
    ,1,1,1,1,1,1,1,1,1,1,1,1,1,1,1,1,1,1,1,1,1,1,1,1,1,1,1,1,1,1,1,1,1,1
    ,1,1,1,1,1,1,1,1,1,1,1,1,1,1,1,1,1,1,1,1,1,1,1,1,1,1,1,1,1,1,1,1,1,1
    ,1,1,1,1,4),(0.,5.050505050505E-03,1.010101010101E-02,
    1.515151515152E-02,2.020202020202E-02,2.525252525253E-02,
    3.030303030303E-02,3.535353535354E-02,4.040404040404E-02,
    4.545454545455E-02,5.050505050505E-02,5.555555555556E-02,
    6.060606060606E-02,6.565656565657E-02,7.070707070707E-02,
    7.575757575758E-02,8.080808080808E-02,8.585858585859E-02,
    9.090909090909E-02,9.59595959596E-02,0.10101010101,0.106060606061,
    0.111111111111,0.116161616162,0.121212121212,0.126262626263,
    0.131313131313,0.136363636364,0.141414141414,0.146464646465,
    0.151515151515,0.156565656566,0.161616161616,0.166666666667,
    0.171717171717,0.176767676768,0.181818181818,0.186868686869,
    0.191919191919,0.19696969697,0.20202020202,0.207070707071,
    0.212121212121,0.217171717172,0.222222222222,0.227272727273,
    0.232323232323,0.237373737374,0.242424242424,0.247474747475,
    0.252525252525,0.257575757576,0.262626262626,0.267676767677,
    0.272727272727,0.277777777778,0.282828282828,0.287878787879,
    0.292929292929,0.29797979798,0.30303030303,0.308080808081,
    0.313131313131,0.318181818182,0.323232323232,0.328282828283,
    0.333333333333,0.338383838384,0.343434343434,0.348484848485,
    0.353535353535,0.358585858586,0.363636363636,0.368686868687,
    0.373737373737,0.378787878788,0.383838383838,0.388888888889,
    0.393939393939,0.39898989899,0.40404040404,0.409090909091,
    0.414141414141,0.419191919192,0.424242424242,0.429292929293,
    0.434343434343,0.439393939394,0.444444444444,0.449494949495,
    0.454545454545,0.459595959596,0.464646464646,0.469696969697,
    0.474747474747,0.479797979798,0.484848484848,0.489898989899,
    0.494949494949,0.5,0.505050505051,0.510101010101,0.515151515152,
    0.520202020202,0.525252525253,0.530303030303,0.535353535354,
    0.540404040404,0.545454545455,0.550505050505,0.555555555556,
    0.560606060606,0.565656565657,0.570707070707,0.575757575758,
    0.580808080808,0.585858585859,0.590909090909,0.59595959596,
    0.60101010101,0.606060606061,0.611111111111,0.616161616162,
    0.621212121212,0.626262626263,0.631313131313,0.636363636364,
    0.641414141414,0.646464646465,0.651515151515,0.656565656566,
    0.661616161616,0.666666666667,0.671717171717,0.676767676768,
    0.681818181818,0.686868686869,0.691919191919,0.69696969697,
    0.70202020202,0.707070707071,0.712121212121,0.717171717172,
    0.722222222222,0.727272727273,0.732323232323,0.737373737374,
    0.742424242424,0.747474747475,0.752525252525,0.757575757576,
    0.762626262626,0.767676767677,0.772727272727,0.777777777778,
    0.782828282828,0.787878787879,0.792929292929,0.79797979798,
    0.80303030303,0.808080808081,0.813131313131,0.818181818182,
    0.823232323232,0.828282828283,0.833333333333,0.838383838384,
    0.843434343434,0.848484848485,0.853535353535,0.858585858586,
    0.863636363636,0.868686868687,0.873737373737,0.878787878788,
    0.883838383838,0.888888888889,0.893939393939,0.89898989899,
    0.90404040404,0.909090909091,0.914141414141,0.919191919192,
    0.924242424242,0.929292929293,0.934343434343,0.939393939394,
    0.944444444444,0.949494949495,0.954545454545,0.959595959596,
    0.964646464646,0.969696969697,0.974747474747,0.979797979798,
    0.984848484848,0.989898989899,0.994949494949,1.),
  .QUASI_UNIFORM_KNOTS.);
#6846 = CARTESIAN_POINT('',(3.14159265359,13.7));
#6847 = CARTESIAN_POINT('',(3.15361031881,13.700000988783));
#6848 = CARTESIAN_POINT('',(3.177594678905,13.699193404871));
#6849 = CARTESIAN_POINT('',(3.213378264747,13.695603279381));
#6850 = CARTESIAN_POINT('',(3.24892917911,13.689679685861));
#6851 = CARTESIAN_POINT('',(3.284206563508,13.681484192151));
#6852 = CARTESIAN_POINT('',(3.319168446882,13.67108904203));
#6853 = CARTESIAN_POINT('',(3.353771349732,13.658578694036));
#6854 = CARTESIAN_POINT('',(3.387970094083,13.644049394985));
#6855 = CARTESIAN_POINT('',(3.421717234689,13.627609547023));
#6856 = CARTESIAN_POINT('',(3.454963834898,13.609378947265));
#6857 = CARTESIAN_POINT('',(3.48765529238,13.589491825006));
#6858 = CARTESIAN_POINT('',(3.519745683114,13.568085897506));
#6859 = CARTESIAN_POINT('',(3.551143055816,13.545343635329));
#6860 = CARTESIAN_POINT('',(3.581917677757,13.521334847915));
#6861 = CARTESIAN_POINT('',(3.612149448378,13.496097847667));
#6862 = CARTESIAN_POINT('',(3.641834065152,13.469728450563));
#6863 = CARTESIAN_POINT('',(3.670989214756,13.442299887726));
#6864 = CARTESIAN_POINT('',(3.69962614005,13.413884384053));
#6865 = CARTESIAN_POINT('',(3.727757270401,13.384547466244));
#6866 = CARTESIAN_POINT('',(3.755394177493,13.354349554363));
#6867 = CARTESIAN_POINT('',(3.782548109465,13.323345582273));
#6868 = CARTESIAN_POINT('',(3.809229817299,13.291585129212));
#6869 = CARTESIAN_POINT('',(3.835449549961,13.259112399275));
#6870 = CARTESIAN_POINT('',(3.861216980283,13.2259662241));
#6871 = CARTESIAN_POINT('',(3.886541115002,13.192180048903));
#6872 = CARTESIAN_POINT('',(3.911430186795,13.157781877511));
#6873 = CARTESIAN_POINT('',(3.935891451984,13.12279429862));
#6874 = CARTESIAN_POINT('',(3.959931164496,13.087234107214));
#6875 = CARTESIAN_POINT('',(3.9835536776,13.051113315016));
#6876 = CARTESIAN_POINT('',(4.006763548446,13.014434825935));
#6877 = CARTESIAN_POINT('',(4.029556139627,12.977207837553));
#6878 = CARTESIAN_POINT('',(4.051950805699,12.93938940078));
#6879 = CARTESIAN_POINT('',(4.073863291452,12.901103801983));
#6880 = CARTESIAN_POINT('',(4.095275031126,12.862363059579));
#6881 = CARTESIAN_POINT('',(4.116215301914,12.823074065508));
#6882 = CARTESIAN_POINT('',(4.136679486188,12.783180911259));
#6883 = CARTESIAN_POINT('',(4.156649566627,12.742629320987));
#6884 = CARTESIAN_POINT('',(4.17608746614,12.701377991179));
#6885 = CARTESIAN_POINT('',(4.194936226691,12.659395813653));
#6886 = CARTESIAN_POINT('',(4.213118493681,12.616664392038));
#6887 = CARTESIAN_POINT('',(4.230539548335,12.573169351031));
#6888 = CARTESIAN_POINT('',(4.247076598322,12.5289271478));
#6889 = CARTESIAN_POINT('',(4.262620427807,12.483877165456));
#6890 = CARTESIAN_POINT('',(4.277079552757,12.437801218979));
#6891 = CARTESIAN_POINT('',(4.29024494771,12.390760905303));
#6892 = CARTESIAN_POINT('',(4.301988824603,12.342409352722));
#6893 = CARTESIAN_POINT('',(4.312036363912,12.292752591023));
#6894 = CARTESIAN_POINT('',(4.320051188844,12.242190299407));
#6895 = CARTESIAN_POINT('',(4.325789819744,12.190892245959));
#6896 = CARTESIAN_POINT('',(4.329059059276,12.139044170989));
#6897 = CARTESIAN_POINT('',(4.329717112405,12.086571130922));
#6898 = CARTESIAN_POINT('',(4.327699365609,12.03421329205));
#6899 = CARTESIAN_POINT('',(4.323104652076,11.982316371318));
#6900 = CARTESIAN_POINT('',(4.31610633252,11.93111115331));
#6901 = CARTESIAN_POINT('',(4.306989659146,11.881021011211));
#6902 = CARTESIAN_POINT('',(4.296023749002,11.832065468967));
#6903 = CARTESIAN_POINT('',(4.28343873092,11.784166297744));
#6904 = CARTESIAN_POINT('',(4.26945716061,11.737303923806));
#6905 = CARTESIAN_POINT('',(4.254284409188,11.69147242295));
#6906 = CARTESIAN_POINT('',(4.238106026256,11.64666303249));
#6907 = CARTESIAN_POINT('',(4.22096685129,11.602579789785));
#6908 = CARTESIAN_POINT('',(4.203011695387,11.559280360335));
#6909 = CARTESIAN_POINT('',(4.184342507521,11.516743404516));
#6910 = CARTESIAN_POINT('',(4.16504726866,11.474956879324));
#6911 = CARTESIAN_POINT('',(4.145192003098,11.433892630816));
#6912 = CARTESIAN_POINT('',(4.124823029501,11.393512261351));
#6913 = CARTESIAN_POINT('',(4.103967053987,11.353765802251));
#6914 = CARTESIAN_POINT('',(4.082631403672,11.314592207382));
#6915 = CARTESIAN_POINT('',(4.060807478585,11.275924197234));
#6916 = CARTESIAN_POINT('',(4.038462735143,11.237678441732));
#6917 = CARTESIAN_POINT('',(4.0157101929,11.200028943324));
#6918 = CARTESIAN_POINT('',(3.992536392078,11.162936891948));
#6919 = CARTESIAN_POINT('',(3.96894596424,11.126407767422));
#6920 = CARTESIAN_POINT('',(3.94493556596,11.090442973445));
#6921 = CARTESIAN_POINT('',(3.920501426553,11.055052529886));
#6922 = CARTESIAN_POINT('',(3.895637788001,11.020251468929));
#6923 = CARTESIAN_POINT('',(3.870337698366,10.986060651007));
#6924 = CARTESIAN_POINT('',(3.844593100323,10.952506440062));
#6925 = CARTESIAN_POINT('',(3.818395045607,10.919620719816));
#6926 = CARTESIAN_POINT('',(3.791733823014,10.88744084746));
#6927 = CARTESIAN_POINT('',(3.764599064773,10.856009646981));
#6928 = CARTESIAN_POINT('',(3.736979824665,10.825375413325));
#6929 = CARTESIAN_POINT('',(3.708864624157,10.795591923773));
#6930 = CARTESIAN_POINT('',(3.680241517263,10.766718490064));
#6931 = CARTESIAN_POINT('',(3.651097999442,10.738819917964));
#6932 = CARTESIAN_POINT('',(3.62142142866,10.711966878009));
#6933 = CARTESIAN_POINT('',(3.591197477367,10.686234816812));
#6934 = CARTESIAN_POINT('',(3.560415886174,10.661708405537));
#6935 = CARTESIAN_POINT('',(3.529048929487,10.638465434495));
#6936 = CARTESIAN_POINT('',(3.497091587605,10.616608870898));
#6937 = CARTESIAN_POINT('',(3.464576996971,10.596268084305));
#6938 = CARTESIAN_POINT('',(3.431526274618,10.577560450183));
#6939 = CARTESIAN_POINT('',(3.39796164771,10.560601303927));
#6940 = CARTESIAN_POINT('',(3.363902532503,10.545501280517));
#6941 = CARTESIAN_POINT('',(3.329368518217,10.53236729698));
#6942 = CARTESIAN_POINT('',(3.294371792444,10.521301577975));
#6943 = CARTESIAN_POINT('',(3.259001968671,10.512421040281));
#6944 = CARTESIAN_POINT('',(3.223349871598,10.505817988645));
#6945 = CARTESIAN_POINT('',(3.187502891764,10.501560152396));
#6946 = CARTESIAN_POINT('',(3.151547264077,10.499690835617));
#6947 = CARTESIAN_POINT('',(3.115568263572,10.500228943399));
#6948 = CARTESIAN_POINT('',(3.07965107366,10.503168973039));
#6949 = CARTESIAN_POINT('',(3.043881092169,10.50848113381));
#6950 = CARTESIAN_POINT('',(3.008345822214,10.516110851892));
#6951 = CARTESIAN_POINT('',(2.973130957657,10.525980470501));
#6952 = CARTESIAN_POINT('',(2.938338041235,10.537982648479));
#6953 = CARTESIAN_POINT('',(2.904010976076,10.552008658922));
#6954 = CARTESIAN_POINT('',(2.870162926454,10.567956140766));
#6955 = CARTESIAN_POINT('',(2.836816721965,10.58571541209));
#6956 = CARTESIAN_POINT('',(2.803994861325,10.605172787802));
#6957 = CARTESIAN_POINT('',(2.771721570199,10.626210085846));
#6958 = CARTESIAN_POINT('',(2.740025082885,10.648702981776));
#6959 = CARTESIAN_POINT('',(2.708926958044,10.672527781388));
#6960 = CARTESIAN_POINT('',(2.678391099714,10.69760862792));
#6961 = CARTESIAN_POINT('',(2.64840914828,10.723856500055));
#6962 = CARTESIAN_POINT('',(2.618966392049,10.751192917112));
#6963 = CARTESIAN_POINT('',(2.59005038998,10.779543817094));
#6964 = CARTESIAN_POINT('',(2.561648646747,10.808841097971));
#6965 = CARTESIAN_POINT('',(2.533749232412,10.839022131203));
#6966 = CARTESIAN_POINT('',(2.506340626872,10.870029839616));
#6967 = CARTESIAN_POINT('',(2.479411788758,10.901812642099));
#6968 = CARTESIAN_POINT('',(2.452952184804,10.934324449993));
#6969 = CARTESIAN_POINT('',(2.426951853995,10.96752466693));
#6970 = CARTESIAN_POINT('',(2.401401495259,11.001378200719));
#6971 = CARTESIAN_POINT('',(2.376292575922,11.035855508543));
#6972 = CARTESIAN_POINT('',(2.351617514986,11.070932596));
#6973 = CARTESIAN_POINT('',(2.327369765001,11.106591287686));
#6974 = CARTESIAN_POINT('',(2.303544486412,11.142818605913));
#6975 = CARTESIAN_POINT('',(2.28013726413,11.179609628238));
#6976 = CARTESIAN_POINT('',(2.257150428725,11.216957546125));
#6977 = CARTESIAN_POINT('',(2.234571344256,11.254891713212));
#6978 = CARTESIAN_POINT('',(2.212455719992,11.293336862309));
#6979 = CARTESIAN_POINT('',(2.190857583065,11.332219101149));
#6980 = CARTESIAN_POINT('',(2.169735404216,11.371649667181));
#6981 = CARTESIAN_POINT('',(2.149093993232,11.411682412654));
#6982 = CARTESIAN_POINT('',(2.128948558164,11.452374994807));
#6983 = CARTESIAN_POINT('',(2.109335556109,11.493770558895));
#6984 = CARTESIAN_POINT('',(2.09031053421,11.535902021006));
#6985 = CARTESIAN_POINT('',(2.071949671125,11.578789885801));
#6986 = CARTESIAN_POINT('',(2.054347878064,11.622447630381));
#6987 = CARTESIAN_POINT('',(2.037625165369,11.666867473004));
#6988 = CARTESIAN_POINT('',(2.021901403968,11.712081099234));
#6989 = CARTESIAN_POINT('',(2.007260305002,11.758324319272));
#6990 = CARTESIAN_POINT('',(1.993908452366,11.805552258826));
#6991 = CARTESIAN_POINT('',(1.981988098407,11.854052637318));
#6992 = CARTESIAN_POINT('',(1.971752528375,11.903916320595));
#6993 = CARTESIAN_POINT('',(1.963555056704,11.954707547301));
#6994 = CARTESIAN_POINT('',(1.957645135649,12.00625463996));
#6995 = CARTESIAN_POINT('',(1.954223338524,12.058363570552));
#6996 = CARTESIAN_POINT('',(1.953435500945,12.111107342144));
#6997 = CARTESIAN_POINT('',(1.955354695225,12.163777871425));
#6998 = CARTESIAN_POINT('',(1.959885126209,12.215982654746));
#6999 = CARTESIAN_POINT('',(1.966853583997,12.267501449448));
#7000 = CARTESIAN_POINT('',(1.975972831803,12.317901506581));
#7001 = CARTESIAN_POINT('',(1.986966986532,12.367150328247));
#7002 = CARTESIAN_POINT('',(1.999602202694,12.415331015092));
#7003 = CARTESIAN_POINT('',(2.013651875853,12.462463019666));
#7004 = CARTESIAN_POINT('',(2.028907000637,12.508552496867));
#7005 = CARTESIAN_POINT('',(2.045179120281,12.5536090523));
#7006 = CARTESIAN_POINT('',(2.062421996476,12.597931484651));
#7007 = CARTESIAN_POINT('',(2.080488571756,12.641461298631));
#7008 = CARTESIAN_POINT('',(2.099275470823,12.684220302755));
#7009 = CARTESIAN_POINT('',(2.118693643593,12.72622095758));
#7010 = CARTESIAN_POINT('',(2.138676492323,12.767492204652));
#7011 = CARTESIAN_POINT('',(2.159177511385,12.808073388743));
#7012 = CARTESIAN_POINT('',(2.180170413531,12.848015985585));
#7013 = CARTESIAN_POINT('',(2.2016479941,12.887381546725));
#7014 = CARTESIAN_POINT('',(2.223621883004,12.926242375819));
#7015 = CARTESIAN_POINT('',(2.246118411602,12.964670340473));
#7016 = CARTESIAN_POINT('',(2.269024635637,13.002492187131));
#7017 = CARTESIAN_POINT('',(2.292357368028,13.039751782272));
#7018 = CARTESIAN_POINT('',(2.316111301597,13.076441816614));
#7019 = CARTESIAN_POINT('',(2.340290208997,13.112560748728));
#7020 = CARTESIAN_POINT('',(2.364898011803,13.14809781657));
#7021 = CARTESIAN_POINT('',(2.389940705823,13.183037257542));
#7022 = CARTESIAN_POINT('',(2.415425466277,13.217357327485));
#7023 = CARTESIAN_POINT('',(2.441360584228,13.251030668942));
#7024 = CARTESIAN_POINT('',(2.467755244676,13.284024282296));
#7025 = CARTESIAN_POINT('',(2.494619399395,13.316299573228));
#7026 = CARTESIAN_POINT('',(2.52196366437,13.347812359991));
#7027 = CARTESIAN_POINT('',(2.549799228032,13.378512856838));
#7028 = CARTESIAN_POINT('',(2.578137860414,13.408345701221));
#7029 = CARTESIAN_POINT('',(2.60699164669,13.437249747281));
#7030 = CARTESIAN_POINT('',(2.636373836417,13.465158669961));
#7031 = CARTESIAN_POINT('',(2.666295599274,13.491998474767));
#7032 = CARTESIAN_POINT('',(2.696778116057,13.517696476396));
#7033 = CARTESIAN_POINT('',(2.727807484892,13.542147378698));
#7034 = CARTESIAN_POINT('',(2.759503244378,13.565339459824));
#7035 = CARTESIAN_POINT('',(2.791895979533,13.587168721853));
#7036 = CARTESIAN_POINT('',(2.824902643432,13.607456113306));
#7037 = CARTESIAN_POINT('',(2.858474680317,13.626058429922));
#7038 = CARTESIAN_POINT('',(2.892558036542,13.642838461543));
#7039 = CARTESIAN_POINT('',(2.927103557635,13.657672874185));
#7040 = CARTESIAN_POINT('',(2.962063867307,13.670449989632));
#7041 = CARTESIAN_POINT('',(2.997393856355,13.681070324093));
#7042 = CARTESIAN_POINT('',(3.033050185195,13.689446277462));
#7043 = CARTESIAN_POINT('',(3.068991070392,13.695502545476));
#7044 = CARTESIAN_POINT('',(3.105175884836,13.69917457401));
#7045 = CARTESIAN_POINT('',(3.12943542757,13.700000995551));
#7046 = CARTESIAN_POINT('',(3.14159265359,13.7));
#7047 = ( GEOMETRIC_REPRESENTATION_CONTEXT(2) 
PARAMETRIC_REPRESENTATION_CONTEXT() REPRESENTATION_CONTEXT('2D SPACE',''
  ) );
#7048 = PCURVE('',#7049,#7054);
#7049 = CYLINDRICAL_SURFACE('',#7050,1.6);
#7050 = AXIS2_PLACEMENT_3D('',#7051,#7052,#7053);
#7051 = CARTESIAN_POINT('',(-7.,0.,21.5));
#7052 = DIRECTION('',(1.,0.,0.));
#7053 = DIRECTION('',(-0.,0.,1.));
#7054 = DEFINITIONAL_REPRESENTATION('',(#7055),#7257);
#7055 = B_SPLINE_CURVE_WITH_KNOTS('',3,(#7056,#7057,#7058,#7059,#7060,
    #7061,#7062,#7063,#7064,#7065,#7066,#7067,#7068,#7069,#7070,#7071,
    #7072,#7073,#7074,#7075,#7076,#7077,#7078,#7079,#7080,#7081,#7082,
    #7083,#7084,#7085,#7086,#7087,#7088,#7089,#7090,#7091,#7092,#7093,
    #7094,#7095,#7096,#7097,#7098,#7099,#7100,#7101,#7102,#7103,#7104,
    #7105,#7106,#7107,#7108,#7109,#7110,#7111,#7112,#7113,#7114,#7115,
    #7116,#7117,#7118,#7119,#7120,#7121,#7122,#7123,#7124,#7125,#7126,
    #7127,#7128,#7129,#7130,#7131,#7132,#7133,#7134,#7135,#7136,#7137,
    #7138,#7139,#7140,#7141,#7142,#7143,#7144,#7145,#7146,#7147,#7148,
    #7149,#7150,#7151,#7152,#7153,#7154,#7155,#7156,#7157,#7158,#7159,
    #7160,#7161,#7162,#7163,#7164,#7165,#7166,#7167,#7168,#7169,#7170,
    #7171,#7172,#7173,#7174,#7175,#7176,#7177,#7178,#7179,#7180,#7181,
    #7182,#7183,#7184,#7185,#7186,#7187,#7188,#7189,#7190,#7191,#7192,
    #7193,#7194,#7195,#7196,#7197,#7198,#7199,#7200,#7201,#7202,#7203,
    #7204,#7205,#7206,#7207,#7208,#7209,#7210,#7211,#7212,#7213,#7214,
    #7215,#7216,#7217,#7218,#7219,#7220,#7221,#7222,#7223,#7224,#7225,
    #7226,#7227,#7228,#7229,#7230,#7231,#7232,#7233,#7234,#7235,#7236,
    #7237,#7238,#7239,#7240,#7241,#7242,#7243,#7244,#7245,#7246,#7247,
    #7248,#7249,#7250,#7251,#7252,#7253,#7254,#7255,#7256),
  .UNSPECIFIED.,.F.,.F.,(4,1,1,1,1,1,1,1,1,1,1,1,1,1,1,1,1,1,1,1,1,1,1,1
    ,1,1,1,1,1,1,1,1,1,1,1,1,1,1,1,1,1,1,1,1,1,1,1,1,1,1,1,1,1,1,1,1,1,1
    ,1,1,1,1,1,1,1,1,1,1,1,1,1,1,1,1,1,1,1,1,1,1,1,1,1,1,1,1,1,1,1,1,1,1
    ,1,1,1,1,1,1,1,1,1,1,1,1,1,1,1,1,1,1,1,1,1,1,1,1,1,1,1,1,1,1,1,1,1,1
    ,1,1,1,1,1,1,1,1,1,1,1,1,1,1,1,1,1,1,1,1,1,1,1,1,1,1,1,1,1,1,1,1,1,1
    ,1,1,1,1,1,1,1,1,1,1,1,1,1,1,1,1,1,1,1,1,1,1,1,1,1,1,1,1,1,1,1,1,1,1
    ,1,1,1,1,4),(0.,5.050505050505E-03,1.010101010101E-02,
    1.515151515152E-02,2.020202020202E-02,2.525252525253E-02,
    3.030303030303E-02,3.535353535354E-02,4.040404040404E-02,
    4.545454545455E-02,5.050505050505E-02,5.555555555556E-02,
    6.060606060606E-02,6.565656565657E-02,7.070707070707E-02,
    7.575757575758E-02,8.080808080808E-02,8.585858585859E-02,
    9.090909090909E-02,9.59595959596E-02,0.10101010101,0.106060606061,
    0.111111111111,0.116161616162,0.121212121212,0.126262626263,
    0.131313131313,0.136363636364,0.141414141414,0.146464646465,
    0.151515151515,0.156565656566,0.161616161616,0.166666666667,
    0.171717171717,0.176767676768,0.181818181818,0.186868686869,
    0.191919191919,0.19696969697,0.20202020202,0.207070707071,
    0.212121212121,0.217171717172,0.222222222222,0.227272727273,
    0.232323232323,0.237373737374,0.242424242424,0.247474747475,
    0.252525252525,0.257575757576,0.262626262626,0.267676767677,
    0.272727272727,0.277777777778,0.282828282828,0.287878787879,
    0.292929292929,0.29797979798,0.30303030303,0.308080808081,
    0.313131313131,0.318181818182,0.323232323232,0.328282828283,
    0.333333333333,0.338383838384,0.343434343434,0.348484848485,
    0.353535353535,0.358585858586,0.363636363636,0.368686868687,
    0.373737373737,0.378787878788,0.383838383838,0.388888888889,
    0.393939393939,0.39898989899,0.40404040404,0.409090909091,
    0.414141414141,0.419191919192,0.424242424242,0.429292929293,
    0.434343434343,0.439393939394,0.444444444444,0.449494949495,
    0.454545454545,0.459595959596,0.464646464646,0.469696969697,
    0.474747474747,0.479797979798,0.484848484848,0.489898989899,
    0.494949494949,0.5,0.505050505051,0.510101010101,0.515151515152,
    0.520202020202,0.525252525253,0.530303030303,0.535353535354,
    0.540404040404,0.545454545455,0.550505050505,0.555555555556,
    0.560606060606,0.565656565657,0.570707070707,0.575757575758,
    0.580808080808,0.585858585859,0.590909090909,0.59595959596,
    0.60101010101,0.606060606061,0.611111111111,0.616161616162,
    0.621212121212,0.626262626263,0.631313131313,0.636363636364,
    0.641414141414,0.646464646465,0.651515151515,0.656565656566,
    0.661616161616,0.666666666667,0.671717171717,0.676767676768,
    0.681818181818,0.686868686869,0.691919191919,0.69696969697,
    0.70202020202,0.707070707071,0.712121212121,0.717171717172,
    0.722222222222,0.727272727273,0.732323232323,0.737373737374,
    0.742424242424,0.747474747475,0.752525252525,0.757575757576,
    0.762626262626,0.767676767677,0.772727272727,0.777777777778,
    0.782828282828,0.787878787879,0.792929292929,0.79797979798,
    0.80303030303,0.808080808081,0.813131313131,0.818181818182,
    0.823232323232,0.828282828283,0.833333333333,0.838383838384,
    0.843434343434,0.848484848485,0.853535353535,0.858585858586,
    0.863636363636,0.868686868687,0.873737373737,0.878787878788,
    0.883838383838,0.888888888889,0.893939393939,0.89898989899,
    0.90404040404,0.909090909091,0.914141414141,0.919191919192,
    0.924242424242,0.929292929293,0.934343434343,0.939393939394,
    0.944444444444,0.949494949495,0.954545454545,0.959595959596,
    0.964646464646,0.969696969697,0.974747474747,0.979797979798,
    0.984848484848,0.989898989899,0.994949494949,1.),
  .QUASI_UNIFORM_KNOTS.);
#7056 = CARTESIAN_POINT('',(0.,5.275));
#7057 = CARTESIAN_POINT('',(1.295652886651E-02,5.274998974519));
#7058 = CARTESIAN_POINT('',(3.881469677572E-02,5.27574824642));
#7059 = CARTESIAN_POINT('',(7.740199046415E-02,5.279077628326));
#7060 = CARTESIAN_POINT('',(0.115754465673,5.284568807169));
#7061 = CARTESIAN_POINT('',(0.153835762699,5.292161244895));
#7062 = CARTESIAN_POINT('',(0.191608143123,5.301783425311));
#7063 = CARTESIAN_POINT('',(0.229032024005,5.313351351328));
#7064 = CARTESIAN_POINT('',(0.266065753948,5.326769098123));
#7065 = CARTESIAN_POINT('',(0.302664949933,5.341928603084));
#7066 = CARTESIAN_POINT('',(0.338783289607,5.35871052755));
#7067 = CARTESIAN_POINT('',(0.374367861426,5.376981669489));
#7068 = CARTESIAN_POINT('',(0.409374769441,5.39660517549));
#7069 = CARTESIAN_POINT('',(0.443709105273,5.417403079439));
#7070 = CARTESIAN_POINT('',(0.477452825023,5.439300376174));
#7071 = CARTESIAN_POINT('',(0.510699448162,5.462249946035));
#7072 = CARTESIAN_POINT('',(0.543450599788,5.486151492804));
#7073 = CARTESIAN_POINT('',(0.575732354867,5.510924694501));
#7074 = CARTESIAN_POINT('',(0.607564190118,5.536489414301));
#7075 = CARTESIAN_POINT('',(0.638967434198,5.562770797613));
#7076 = CARTESIAN_POINT('',(0.669963138563,5.589697684197));
#7077 = CARTESIAN_POINT('',(0.700572786517,5.617202793014));
#7078 = CARTESIAN_POINT('',(0.730818244831,5.645222409949));
#7079 = CARTESIAN_POINT('',(0.760721920761,5.673696180346));
#7080 = CARTESIAN_POINT('',(0.790306868656,5.702566839119));
#7081 = CARTESIAN_POINT('',(0.819596909762,5.731779906611));
#7082 = CARTESIAN_POINT('',(0.848616773963,5.761283356283));
#7083 = CARTESIAN_POINT('',(0.877392176851,5.791027143852));
#7084 = CARTESIAN_POINT('',(0.905950187166,5.820962965784));
#7085 = CARTESIAN_POINT('',(0.934318573771,5.851042808892));
#7086 = CARTESIAN_POINT('',(0.962529048962,5.881221589576));
#7087 = CARTESIAN_POINT('',(0.990606085829,5.911444030674));
#7088 = CARTESIAN_POINT('',(1.018609721662,5.9416897799));
#7089 = CARTESIAN_POINT('',(1.046475225017,5.971798499951));
#7090 = CARTESIAN_POINT('',(1.074222597726,6.00169579491));
#7091 = CARTESIAN_POINT('',(1.101943301906,6.031377221202));
#7092 = CARTESIAN_POINT('',(1.129697794278,6.060794170065));
#7093 = CARTESIAN_POINT('',(1.157542686481,6.089880101161));
#7094 = CARTESIAN_POINT('',(1.185523573788,6.118539679458));
#7095 = CARTESIAN_POINT('',(1.213677949177,6.146648936766));
#7096 = CARTESIAN_POINT('',(1.242034281102,6.174051846617));
#7097 = CARTESIAN_POINT('',(1.270618339368,6.200564062631));
#7098 = CARTESIAN_POINT('',(1.299436199829,6.225955857452));
#7099 = CARTESIAN_POINT('',(1.32854500465,6.250015790095));
#7100 = CARTESIAN_POINT('',(1.358101668997,6.272559867482));
#7101 = CARTESIAN_POINT('',(1.388083642401,6.293219524058));
#7102 = CARTESIAN_POINT('',(1.418729400717,6.311752210613));
#7103 = CARTESIAN_POINT('',(1.450052829845,6.327684010192));
#7104 = CARTESIAN_POINT('',(1.481825210039,6.34044175982));
#7105 = CARTESIAN_POINT('',(1.513967979307,6.349602581443));
#7106 = CARTESIAN_POINT('',(1.546395639141,6.35483109762));
#7107 = CARTESIAN_POINT('',(1.579187967243,6.355884370254));
#7108 = CARTESIAN_POINT('',(1.611917300008,6.352655669909));
#7109 = CARTESIAN_POINT('',(1.644402194852,6.345313370408));
#7110 = CARTESIAN_POINT('',(1.676530885646,6.334157050844));
#7111 = CARTESIAN_POINT('',(1.708066603062,6.319673107065));
#7112 = CARTESIAN_POINT('',(1.739021423543,6.302326737204));
#7113 = CARTESIAN_POINT('',(1.769466715763,6.282523126189));
#7114 = CARTESIAN_POINT('',(1.799434753351,6.260655603308));
#7115 = CARTESIAN_POINT('',(1.828947329493,6.237089367629));
#7116 = CARTESIAN_POINT('',(1.858025523632,6.212154890949));
#7117 = CARTESIAN_POINT('',(1.88687810842,6.185964800594));
#7118 = CARTESIAN_POINT('',(1.915485384686,6.158784845156));
#7119 = CARTESIAN_POINT('',(1.943877886095,6.130811924821));
#7120 = CARTESIAN_POINT('',(1.972080118767,6.102219637312));
#7121 = CARTESIAN_POINT('',(2.000127500418,6.073146639583));
#7122 = CARTESIAN_POINT('',(2.028063357545,6.043701268795));
#7123 = CARTESIAN_POINT('',(2.055940610108,6.013962969548));
#7124 = CARTESIAN_POINT('',(2.083822622167,5.983984449169));
#7125 = CARTESIAN_POINT('',(2.11178049364,5.953797880053));
#7126 = CARTESIAN_POINT('',(2.139903002291,5.92340750447));
#7127 = CARTESIAN_POINT('',(2.168090471765,5.893015235242));
#7128 = CARTESIAN_POINT('',(2.196398911193,5.86264900525));
#7129 = CARTESIAN_POINT('',(2.224855117435,5.832364140644));
#7130 = CARTESIAN_POINT('',(2.253491354997,5.802207191142));
#7131 = CARTESIAN_POINT('',(2.282336364526,5.772226762897));
#7132 = CARTESIAN_POINT('',(2.311418030123,5.742471586109));
#7133 = CARTESIAN_POINT('',(2.340762889035,5.712991856638));
#7134 = CARTESIAN_POINT('',(2.370396461796,5.683839576341));
#7135 = CARTESIAN_POINT('',(2.400343343762,5.655069057926));
#7136 = CARTESIAN_POINT('',(2.430627347094,5.626737300228));
#7137 = CARTESIAN_POINT('',(2.461271620949,5.59890432815));
#7138 = CARTESIAN_POINT('',(2.492298768837,5.571633488066));
#7139 = CARTESIAN_POINT('',(2.523730973049,5.544991704707));
#7140 = CARTESIAN_POINT('',(2.555590075925,5.51904973809));
#7141 = CARTESIAN_POINT('',(2.587897812833,5.493882323512));
#7142 = CARTESIAN_POINT('',(2.620675467921,5.469568657225));
#7143 = CARTESIAN_POINT('',(2.653945671195,5.446191517376));
#7144 = CARTESIAN_POINT('',(2.687726188175,5.423841412303));
#7145 = CARTESIAN_POINT('',(2.722053575514,5.402601901174));
#7146 = CARTESIAN_POINT('',(2.756939229338,5.382579005551));
#7147 = CARTESIAN_POINT('',(2.792353011414,5.363902526863));
#7148 = CARTESIAN_POINT('',(2.828278177322,5.346690875208));
#7149 = CARTESIAN_POINT('',(2.864696965155,5.331060041714));
#7150 = CARTESIAN_POINT('',(2.901594863346,5.317121051913));
#7151 = CARTESIAN_POINT('',(2.938957372879,5.304980752237));
#7152 = CARTESIAN_POINT('',(2.976778179021,5.294740783004));
#7153 = CARTESIAN_POINT('',(3.01496762708,5.28651549158));
#7154 = CARTESIAN_POINT('',(3.053435242244,5.280395411003));
#7155 = CARTESIAN_POINT('',(3.092094585257,5.276447113778));
#7156 = CARTESIAN_POINT('',(3.13086068632,5.274713227701));
#7157 = CARTESIAN_POINT('',(3.169649730759,5.275212378957));
#7158 = CARTESIAN_POINT('',(3.208378028016,5.27793914897));
#7159 = CARTESIAN_POINT('',(3.24696158938,5.282864195451));
#7160 = CARTESIAN_POINT('',(3.285313987525,5.289933849426));
#7161 = CARTESIAN_POINT('',(3.323350486621,5.299071790677));
#7162 = CARTESIAN_POINT('',(3.36096882084,5.310173080013));
#7163 = CARTESIAN_POINT('',(3.39812855593,5.323130549353));
#7164 = CARTESIAN_POINT('',(3.43482226379,5.337842020676));
#7165 = CARTESIAN_POINT('',(3.471031862453,5.354197734536));
#7166 = CARTESIAN_POINT('',(3.506739414516,5.372083550245));
#7167 = CARTESIAN_POINT('',(3.541924890947,5.391380604794));
#7168 = CARTESIAN_POINT('',(3.576563651134,5.411963928326));
#7169 = CARTESIAN_POINT('',(3.610638034453,5.433708774665));
#7170 = CARTESIAN_POINT('',(3.644193586204,5.456533673264));
#7171 = CARTESIAN_POINT('',(3.677245832669,5.480344482936));
#7172 = CARTESIAN_POINT('',(3.709817601565,5.505056027655));
#7173 = CARTESIAN_POINT('',(3.741929684715,5.530586439036));
#7174 = CARTESIAN_POINT('',(3.773603473438,5.556858465126));
#7175 = CARTESIAN_POINT('',(3.804860390339,5.583798895409));
#7176 = CARTESIAN_POINT('',(3.835722183273,5.611338472032));
#7177 = CARTESIAN_POINT('',(3.866210991508,5.63941164889));
#7178 = CARTESIAN_POINT('',(3.89634947558,5.667956363738));
#7179 = CARTESIAN_POINT('',(3.926160934196,5.696913772645));
#7180 = CARTESIAN_POINT('',(3.95566942579,5.726227946136));
#7181 = CARTESIAN_POINT('',(3.98489990758,5.755845532003));
#7182 = CARTESIAN_POINT('',(4.013878334623,5.785715307348));
#7183 = CARTESIAN_POINT('',(4.042631952883,5.815787856347));
#7184 = CARTESIAN_POINT('',(4.071188930314,5.846014427087));
#7185 = CARTESIAN_POINT('',(4.099580544443,5.876348429393));
#7186 = CARTESIAN_POINT('',(4.127833942901,5.906736574525));
#7187 = CARTESIAN_POINT('',(4.156000232836,5.937148083184));
#7188 = CARTESIAN_POINT('',(4.18405090475,5.967461137093));
#7189 = CARTESIAN_POINT('',(4.211961187676,5.997552185465));
#7190 = CARTESIAN_POINT('',(4.239837097838,6.027432047602));
#7191 = CARTESIAN_POINT('',(4.267738311283,6.057051012575));
#7192 = CARTESIAN_POINT('',(4.295724498433,6.086345712558));
#7193 = CARTESIAN_POINT('',(4.323842992758,6.115222567815));
#7194 = CARTESIAN_POINT('',(4.352132901979,6.143559169537));
#7195 = CARTESIAN_POINT('',(4.380624388997,6.171200814448));
#7196 = CARTESIAN_POINT('',(4.409342909014,6.197962412561));
#7197 = CARTESIAN_POINT('',(4.438300366101,6.223618111875));
#7198 = CARTESIAN_POINT('',(4.467535424485,6.247939486743));
#7199 = CARTESIAN_POINT('',(4.49721695058,6.270753802636));
#7200 = CARTESIAN_POINT('',(4.527333089616,6.291695921647));
#7201 = CARTESIAN_POINT('',(4.558085145308,6.31049979782));
#7202 = CARTESIAN_POINT('',(4.58954856198,6.326724880143));
#7203 = CARTESIAN_POINT('',(4.621471630718,6.33977059581));
#7204 = CARTESIAN_POINT('',(4.653774876329,6.349203577884));
#7205 = CARTESIAN_POINT('',(4.68636795176,6.354675714979));
#7206 = CARTESIAN_POINT('',(4.71932987026,6.355936704075));
#7207 = CARTESIAN_POINT('',(4.752253539776,6.352865592982));
#7208 = CARTESIAN_POINT('',(4.784928929768,6.345625496949));
#7209 = CARTESIAN_POINT('',(4.817251515295,6.334515766342));
#7210 = CARTESIAN_POINT('',(4.848979308015,6.320026299417));
#7211 = CARTESIAN_POINT('',(4.880116719279,6.302633609334));
#7212 = CARTESIAN_POINT('',(4.910738592002,6.282749433231));
#7213 = CARTESIAN_POINT('',(4.940877490067,6.260774207927));
#7214 = CARTESIAN_POINT('',(4.970555667837,6.237079573004));
#7215 = CARTESIAN_POINT('',(4.99979501691,6.212001240707));
#7216 = CARTESIAN_POINT('',(5.028806440241,6.185654727794));
#7217 = CARTESIAN_POINT('',(5.057569989412,6.158309936726));
#7218 = CARTESIAN_POINT('',(5.086116778243,6.13016660377));
#7219 = CARTESIAN_POINT('',(5.114471867406,6.101400582164));
#7220 = CARTESIAN_POINT('',(5.142671497835,6.072152020851));
#7221 = CARTESIAN_POINT('',(5.17075996765,6.042530181476));
#7222 = CARTESIAN_POINT('',(5.198791638499,6.012614613549));
#7223 = CARTESIAN_POINT('',(5.226830680955,5.982458600898));
#7224 = CARTESIAN_POINT('',(5.254952444719,5.952091042517));
#7225 = CARTESIAN_POINT('',(5.28323807977,5.921525737637));
#7226 = CARTESIAN_POINT('',(5.311588695564,5.890964983074));
#7227 = CARTESIAN_POINT('',(5.340064707542,5.860433107771));
#7228 = CARTESIAN_POINT('',(5.368692259156,5.829987319378));
#7229 = CARTESIAN_POINT('',(5.397504287885,5.79967463704));
#7230 = CARTESIAN_POINT('',(5.426529827441,5.769544590642));
#7231 = CARTESIAN_POINT('',(5.455797136457,5.739646802753));
#7232 = CARTESIAN_POINT('',(5.485333088347,5.710032471823));
#7233 = CARTESIAN_POINT('',(5.515163537063,5.680754683821));
#7234 = CARTESIAN_POINT('',(5.545313402902,5.651868932124));
#7235 = CARTESIAN_POINT('',(5.575806818536,5.623433495797));
#7236 = CARTESIAN_POINT('',(5.606667255751,5.595509781862));
#7237 = CARTESIAN_POINT('',(5.637917629988,5.568162634496));
#7238 = CARTESIAN_POINT('',(5.669580487193,5.54146055865));
#7239 = CARTESIAN_POINT('',(5.701677866035,5.515476119541));
#7240 = CARTESIAN_POINT('',(5.73423236222,5.490285568463));
#7241 = CARTESIAN_POINT('',(5.767263694837,5.465971264883));
#7242 = CARTESIAN_POINT('',(5.800802045633,5.442613587196));
#7243 = CARTESIAN_POINT('',(5.834838784039,5.420322004759));
#7244 = CARTESIAN_POINT('',(5.869511031072,5.399119816943));
#7245 = CARTESIAN_POINT('',(5.904857435474,5.379113683025));
#7246 = CARTESIAN_POINT('',(5.940793049424,5.36047889744));
#7247 = CARTESIAN_POINT('',(5.97727130211,5.343357764048));
#7248 = CARTESIAN_POINT('',(6.014240099789,5.327886631812));
#7249 = CARTESIAN_POINT('',(6.051653101701,5.314188469627));
#7250 = CARTESIAN_POINT('',(6.089466223616,5.302374700888));
#7251 = CARTESIAN_POINT('',(6.127638115649,5.292544537662));
#7252 = CARTESIAN_POINT('',(6.166129578241,5.284785134438));
#7253 = CARTESIAN_POINT('',(6.204903315104,5.279171041683));
#7254 = CARTESIAN_POINT('',(6.243923463978,5.275765718318));
#7255 = CARTESIAN_POINT('',(6.270078315651,5.274998963742));
#7256 = CARTESIAN_POINT('',(6.28318530718,5.275));
#7257 = ( GEOMETRIC_REPRESENTATION_CONTEXT(2) 
PARAMETRIC_REPRESENTATION_CONTEXT() REPRESENTATION_CONTEXT('2D SPACE',''
  ) );
#7258 = ADVANCED_FACE('',(#7259),#5087,.T.);
#7259 = FACE_BOUND('',#7260,.T.);
#7260 = EDGE_LOOP('',(#7261,#7262,#7285,#7304,#7326));
#7261 = ORIENTED_EDGE('',*,*,#5069,.F.);
#7262 = ORIENTED_EDGE('',*,*,#7263,.T.);
#7263 = EDGE_CURVE('',#5070,#7264,#7266,.T.);
#7264 = VERTEX_POINT('',#7265);
#7265 = CARTESIAN_POINT('',(15.290896534322,0.,9.5));
#7266 = SURFACE_CURVE('',#7267,(#7271,#7278),.PCURVE_S1.);
#7267 = LINE('',#7268,#7269);
#7268 = CARTESIAN_POINT('',(15.290896534322,0.,1.5));
#7269 = VECTOR('',#7270,1.);
#7270 = DIRECTION('',(0.,0.,1.));
#7271 = PCURVE('',#5087,#7272);
#7272 = DEFINITIONAL_REPRESENTATION('',(#7273),#7277);
#7273 = LINE('',#7274,#7275);
#7274 = CARTESIAN_POINT('',(0.,0.));
#7275 = VECTOR('',#7276,1.);
#7276 = DIRECTION('',(0.,-1.));
#7277 = ( GEOMETRIC_REPRESENTATION_CONTEXT(2) 
PARAMETRIC_REPRESENTATION_CONTEXT() REPRESENTATION_CONTEXT('2D SPACE',''
  ) );
#7278 = PCURVE('',#5225,#7279);
#7279 = DEFINITIONAL_REPRESENTATION('',(#7280),#7284);
#7280 = LINE('',#7281,#7282);
#7281 = CARTESIAN_POINT('',(3.290896534322,0.));
#7282 = VECTOR('',#7283,1.);
#7283 = DIRECTION('',(0.,-1.));
#7284 = ( GEOMETRIC_REPRESENTATION_CONTEXT(2) 
PARAMETRIC_REPRESENTATION_CONTEXT() REPRESENTATION_CONTEXT('2D SPACE',''
  ) );
#7285 = ORIENTED_EDGE('',*,*,#7286,.F.);
#7286 = EDGE_CURVE('',#5791,#7264,#7287,.T.);
#7287 = SURFACE_CURVE('',#7288,(#7292,#7298),.PCURVE_S1.);
#7288 = LINE('',#7289,#7290);
#7289 = CARTESIAN_POINT('',(15.292193241184,-2.245962168418E-03,9.5));
#7290 = VECTOR('',#7291,1.);
#7291 = DIRECTION('',(0.5,-0.866025403784,0.));
#7292 = PCURVE('',#5087,#7293);
#7293 = DEFINITIONAL_REPRESENTATION('',(#7294),#7297);
#7294 = B_SPLINE_CURVE_WITH_KNOTS('',1,(#7295,#7296),.UNSPECIFIED.,.F.,
  .F.,(2,2),(-3.293489948047,-2.593413725051E-03),
  .PIECEWISE_BEZIER_KNOTS.);
#7295 = CARTESIAN_POINT('',(3.290896534322,-8.));
#7296 = CARTESIAN_POINT('',(0.,-8.));
#7297 = ( GEOMETRIC_REPRESENTATION_CONTEXT(2) 
PARAMETRIC_REPRESENTATION_CONTEXT() REPRESENTATION_CONTEXT('2D SPACE',''
  ) );
#7298 = PCURVE('',#5807,#7299);
#7299 = DEFINITIONAL_REPRESENTATION('',(#7300),#7303);
#7300 = B_SPLINE_CURVE_WITH_KNOTS('',1,(#7301,#7302),.UNSPECIFIED.,.F.,
  .F.,(2,2),(-3.293489948047,-2.593413725051E-03),
  .PIECEWISE_BEZIER_KNOTS.);
#7301 = CARTESIAN_POINT('',(41.645448267161,27.849999999949));
#7302 = CARTESIAN_POINT('',(43.290896534322,25.));
#7303 = ( GEOMETRIC_REPRESENTATION_CONTEXT(2) 
PARAMETRIC_REPRESENTATION_CONTEXT() REPRESENTATION_CONTEXT('2D SPACE',''
  ) );
#7304 = ORIENTED_EDGE('',*,*,#7305,.F.);
#7305 = EDGE_CURVE('',#7306,#5791,#7308,.T.);
#7306 = VERTEX_POINT('',#7307);
#7307 = CARTESIAN_POINT('',(13.645448267161,2.849999999949,9.5));
#7308 = SURFACE_CURVE('',#7309,(#7313,#7319),.PCURVE_S1.);
#7309 = LINE('',#7310,#7311);
#7310 = CARTESIAN_POINT('',(15.292193241184,-2.245962168418E-03,9.5));
#7311 = VECTOR('',#7312,1.);
#7312 = DIRECTION('',(0.5,-0.866025403784,0.));
#7313 = PCURVE('',#5087,#7314);
#7314 = DEFINITIONAL_REPRESENTATION('',(#7315),#7318);
#7315 = B_SPLINE_CURVE_WITH_KNOTS('',1,(#7316,#7317),.UNSPECIFIED.,.F.,
  .F.,(2,2),(-3.293489948047,-2.593413725051E-03),
  .PIECEWISE_BEZIER_KNOTS.);
#7316 = CARTESIAN_POINT('',(3.290896534322,-8.));
#7317 = CARTESIAN_POINT('',(0.,-8.));
#7318 = ( GEOMETRIC_REPRESENTATION_CONTEXT(2) 
PARAMETRIC_REPRESENTATION_CONTEXT() REPRESENTATION_CONTEXT('2D SPACE',''
  ) );
#7319 = PCURVE('',#5379,#7320);
#7320 = DEFINITIONAL_REPRESENTATION('',(#7321),#7325);
#7321 = LINE('',#7322,#7323);
#7322 = CARTESIAN_POINT('',(38.292193241184,18.997754037832));
#7323 = VECTOR('',#7324,1.);
#7324 = DIRECTION('',(0.5,-0.866025403784));
#7325 = ( GEOMETRIC_REPRESENTATION_CONTEXT(2) 
PARAMETRIC_REPRESENTATION_CONTEXT() REPRESENTATION_CONTEXT('2D SPACE',''
  ) );
#7326 = ORIENTED_EDGE('',*,*,#7327,.F.);
#7327 = EDGE_CURVE('',#5072,#7306,#7328,.T.);
#7328 = SURFACE_CURVE('',#7329,(#7333,#7340),.PCURVE_S1.);
#7329 = LINE('',#7330,#7331);
#7330 = CARTESIAN_POINT('',(13.645448267161,2.849999999949,1.5));
#7331 = VECTOR('',#7332,1.);
#7332 = DIRECTION('',(0.,0.,1.));
#7333 = PCURVE('',#5087,#7334);
#7334 = DEFINITIONAL_REPRESENTATION('',(#7335),#7339);
#7335 = LINE('',#7336,#7337);
#7336 = CARTESIAN_POINT('',(3.290896534322,0.));
#7337 = VECTOR('',#7338,1.);
#7338 = DIRECTION('',(0.,-1.));
#7339 = ( GEOMETRIC_REPRESENTATION_CONTEXT(2) 
PARAMETRIC_REPRESENTATION_CONTEXT() REPRESENTATION_CONTEXT('2D SPACE',''
  ) );
#7340 = PCURVE('',#5115,#7341);
#7341 = DEFINITIONAL_REPRESENTATION('',(#7342),#7346);
#7342 = LINE('',#7343,#7344);
#7343 = CARTESIAN_POINT('',(0.,-0.));
#7344 = VECTOR('',#7345,1.);
#7345 = DIRECTION('',(0.,-1.));
#7346 = ( GEOMETRIC_REPRESENTATION_CONTEXT(2) 
PARAMETRIC_REPRESENTATION_CONTEXT() REPRESENTATION_CONTEXT('2D SPACE',''
  ) );
#7347 = ADVANCED_FACE('',(#7348),#5225,.T.);
#7348 = FACE_BOUND('',#7349,.T.);
#7349 = EDGE_LOOP('',(#7350,#7351,#7374,#7394,#7413));
#7350 = ORIENTED_EDGE('',*,*,#5211,.F.);
#7351 = ORIENTED_EDGE('',*,*,#7352,.T.);
#7352 = EDGE_CURVE('',#5184,#7353,#7355,.T.);
#7353 = VERTEX_POINT('',#7354);
#7354 = CARTESIAN_POINT('',(13.645448267161,-2.849999999949,9.5));
#7355 = SURFACE_CURVE('',#7356,(#7360,#7367),.PCURVE_S1.);
#7356 = LINE('',#7357,#7358);
#7357 = CARTESIAN_POINT('',(13.645448267161,-2.849999999949,1.5));
#7358 = VECTOR('',#7359,1.);
#7359 = DIRECTION('',(0.,0.,1.));
#7360 = PCURVE('',#5225,#7361);
#7361 = DEFINITIONAL_REPRESENTATION('',(#7362),#7366);
#7362 = LINE('',#7363,#7364);
#7363 = CARTESIAN_POINT('',(0.,0.));
#7364 = VECTOR('',#7365,1.);
#7365 = DIRECTION('',(0.,-1.));
#7366 = ( GEOMETRIC_REPRESENTATION_CONTEXT(2) 
PARAMETRIC_REPRESENTATION_CONTEXT() REPRESENTATION_CONTEXT('2D SPACE',''
  ) );
#7367 = PCURVE('',#5199,#7368);
#7368 = DEFINITIONAL_REPRESENTATION('',(#7369),#7373);
#7369 = LINE('',#7370,#7371);
#7370 = CARTESIAN_POINT('',(3.290896534322,0.));
#7371 = VECTOR('',#7372,1.);
#7372 = DIRECTION('',(0.,-1.));
#7373 = ( GEOMETRIC_REPRESENTATION_CONTEXT(2) 
PARAMETRIC_REPRESENTATION_CONTEXT() REPRESENTATION_CONTEXT('2D SPACE',''
  ) );
#7374 = ORIENTED_EDGE('',*,*,#7375,.F.);
#7375 = EDGE_CURVE('',#5820,#7353,#7376,.T.);
#7376 = SURFACE_CURVE('',#7377,(#7381,#7387),.PCURVE_S1.);
#7377 = LINE('',#7378,#7379);
#7378 = CARTESIAN_POINT('',(3.644151560298,-20.1727540378,9.5));
#7379 = VECTOR('',#7380,1.);
#7380 = DIRECTION('',(-0.5,-0.866025403784,0.));
#7381 = PCURVE('',#5225,#7382);
#7382 = DEFINITIONAL_REPRESENTATION('',(#7383),#7386);
#7383 = B_SPLINE_CURVE_WITH_KNOTS('',1,(#7384,#7385),.UNSPECIFIED.,.F.,
  .F.,(2,2),(-23.29348994804,-20.00259341372),.PIECEWISE_BEZIER_KNOTS.);
#7384 = CARTESIAN_POINT('',(3.290896534322,-8.));
#7385 = CARTESIAN_POINT('',(0.,-8.));
#7386 = ( GEOMETRIC_REPRESENTATION_CONTEXT(2) 
PARAMETRIC_REPRESENTATION_CONTEXT() REPRESENTATION_CONTEXT('2D SPACE',''
  ) );
#7387 = PCURVE('',#5379,#7388);
#7388 = DEFINITIONAL_REPRESENTATION('',(#7389),#7393);
#7389 = LINE('',#7390,#7391);
#7390 = CARTESIAN_POINT('',(26.644151560298,-1.172754037806));
#7391 = VECTOR('',#7392,1.);
#7392 = DIRECTION('',(-0.5,-0.866025403784));
#7393 = ( GEOMETRIC_REPRESENTATION_CONTEXT(2) 
PARAMETRIC_REPRESENTATION_CONTEXT() REPRESENTATION_CONTEXT('2D SPACE',''
  ) );
#7394 = ORIENTED_EDGE('',*,*,#7395,.F.);
#7395 = EDGE_CURVE('',#7264,#5820,#7396,.T.);
#7396 = SURFACE_CURVE('',#7397,(#7401,#7407),.PCURVE_S1.);
#7397 = LINE('',#7398,#7399);
#7398 = CARTESIAN_POINT('',(3.644151560298,-20.1727540378,9.5));
#7399 = VECTOR('',#7400,1.);
#7400 = DIRECTION('',(-0.5,-0.866025403784,0.));
#7401 = PCURVE('',#5225,#7402);
#7402 = DEFINITIONAL_REPRESENTATION('',(#7403),#7406);
#7403 = B_SPLINE_CURVE_WITH_KNOTS('',1,(#7404,#7405),.UNSPECIFIED.,.F.,
  .F.,(2,2),(-23.29348994804,-20.00259341372),.PIECEWISE_BEZIER_KNOTS.);
#7404 = CARTESIAN_POINT('',(3.290896534322,-8.));
#7405 = CARTESIAN_POINT('',(0.,-8.));
#7406 = ( GEOMETRIC_REPRESENTATION_CONTEXT(2) 
PARAMETRIC_REPRESENTATION_CONTEXT() REPRESENTATION_CONTEXT('2D SPACE',''
  ) );
#7407 = PCURVE('',#5807,#7408);
#7408 = DEFINITIONAL_REPRESENTATION('',(#7409),#7412);
#7409 = B_SPLINE_CURVE_WITH_KNOTS('',1,(#7410,#7411),.UNSPECIFIED.,.F.,
  .F.,(2,2),(-23.29348994804,-20.00259341372),.PIECEWISE_BEZIER_KNOTS.);
#7410 = CARTESIAN_POINT('',(43.290896534322,25.));
#7411 = CARTESIAN_POINT('',(41.645448267161,22.150000000051));
#7412 = ( GEOMETRIC_REPRESENTATION_CONTEXT(2) 
PARAMETRIC_REPRESENTATION_CONTEXT() REPRESENTATION_CONTEXT('2D SPACE',''
  ) );
#7413 = ORIENTED_EDGE('',*,*,#7263,.F.);
#7414 = ADVANCED_FACE('',(#7415),#5115,.T.);
#7415 = FACE_BOUND('',#7416,.T.);
#7416 = EDGE_LOOP('',(#7417,#7418,#7419,#7439,#7440));
#7417 = ORIENTED_EDGE('',*,*,#5099,.F.);
#7418 = ORIENTED_EDGE('',*,*,#7327,.T.);
#7419 = ORIENTED_EDGE('',*,*,#7420,.F.);
#7420 = EDGE_CURVE('',#5363,#7306,#7421,.T.);
#7421 = SURFACE_CURVE('',#7422,(#7426,#7432),.PCURVE_S1.);
#7422 = LINE('',#7423,#7424);
#7423 = CARTESIAN_POINT('',(-7.17727586642,2.849999999949,9.5));
#7424 = VECTOR('',#7425,1.);
#7425 = DIRECTION('',(1.,0.,-0.));
#7426 = PCURVE('',#5115,#7427);
#7427 = DEFINITIONAL_REPRESENTATION('',(#7428),#7431);
#7428 = B_SPLINE_CURVE_WITH_KNOTS('',1,(#7429,#7430),.UNSPECIFIED.,.F.,
  .F.,(2,2),(17.531827599259,20.82272413358),.PIECEWISE_BEZIER_KNOTS.);
#7429 = CARTESIAN_POINT('',(3.290896534322,-8.));
#7430 = CARTESIAN_POINT('',(0.,-8.));
#7431 = ( GEOMETRIC_REPRESENTATION_CONTEXT(2) 
PARAMETRIC_REPRESENTATION_CONTEXT() REPRESENTATION_CONTEXT('2D SPACE',''
  ) );
#7432 = PCURVE('',#5379,#7433);
#7433 = DEFINITIONAL_REPRESENTATION('',(#7434),#7438);
#7434 = LINE('',#7435,#7436);
#7435 = CARTESIAN_POINT('',(15.82272413358,21.849999999949));
#7436 = VECTOR('',#7437,1.);
#7437 = DIRECTION('',(1.,0.));
#7438 = ( GEOMETRIC_REPRESENTATION_CONTEXT(2) 
PARAMETRIC_REPRESENTATION_CONTEXT() REPRESENTATION_CONTEXT('2D SPACE',''
  ) );
#7439 = ORIENTED_EDGE('',*,*,#5606,.F.);
#7440 = ORIENTED_EDGE('',*,*,#7441,.F.);
#7441 = EDGE_CURVE('',#5100,#5586,#7442,.T.);
#7442 = SURFACE_CURVE('',#7443,(#7447,#7454),.PCURVE_S1.);
#7443 = LINE('',#7444,#7445);
#7444 = CARTESIAN_POINT('',(10.354551732839,2.849999999949,1.5));
#7445 = VECTOR('',#7446,1.);
#7446 = DIRECTION('',(0.,0.,1.));
#7447 = PCURVE('',#5115,#7448);
#7448 = DEFINITIONAL_REPRESENTATION('',(#7449),#7453);
#7449 = LINE('',#7450,#7451);
#7450 = CARTESIAN_POINT('',(3.290896534322,0.));
#7451 = VECTOR('',#7452,1.);
#7452 = DIRECTION('',(0.,-1.));
#7453 = ( GEOMETRIC_REPRESENTATION_CONTEXT(2) 
PARAMETRIC_REPRESENTATION_CONTEXT() REPRESENTATION_CONTEXT('2D SPACE',''
  ) );
#7454 = PCURVE('',#5143,#7455);
#7455 = DEFINITIONAL_REPRESENTATION('',(#7456),#7460);
#7456 = LINE('',#7457,#7458);
#7457 = CARTESIAN_POINT('',(0.,0.));
#7458 = VECTOR('',#7459,1.);
#7459 = DIRECTION('',(0.,-1.));
#7460 = ( GEOMETRIC_REPRESENTATION_CONTEXT(2) 
PARAMETRIC_REPRESENTATION_CONTEXT() REPRESENTATION_CONTEXT('2D SPACE',''
  ) );
#7461 = ADVANCED_FACE('',(#7462),#5199,.T.);
#7462 = FACE_BOUND('',#7463,.T.);
#7463 = EDGE_LOOP('',(#7464,#7465,#7486,#7487,#7507));
#7464 = ORIENTED_EDGE('',*,*,#5183,.F.);
#7465 = ORIENTED_EDGE('',*,*,#7466,.T.);
#7466 = EDGE_CURVE('',#5156,#5544,#7467,.T.);
#7467 = SURFACE_CURVE('',#7468,(#7472,#7479),.PCURVE_S1.);
#7468 = LINE('',#7469,#7470);
#7469 = CARTESIAN_POINT('',(10.354551732839,-2.849999999949,1.5));
#7470 = VECTOR('',#7471,1.);
#7471 = DIRECTION('',(0.,0.,1.));
#7472 = PCURVE('',#5199,#7473);
#7473 = DEFINITIONAL_REPRESENTATION('',(#7474),#7478);
#7474 = LINE('',#7475,#7476);
#7475 = CARTESIAN_POINT('',(0.,0.));
#7476 = VECTOR('',#7477,1.);
#7477 = DIRECTION('',(0.,-1.));
#7478 = ( GEOMETRIC_REPRESENTATION_CONTEXT(2) 
PARAMETRIC_REPRESENTATION_CONTEXT() REPRESENTATION_CONTEXT('2D SPACE',''
  ) );
#7479 = PCURVE('',#5171,#7480);
#7480 = DEFINITIONAL_REPRESENTATION('',(#7481),#7485);
#7481 = LINE('',#7482,#7483);
#7482 = CARTESIAN_POINT('',(3.290896534322,0.));
#7483 = VECTOR('',#7484,1.);
#7484 = DIRECTION('',(0.,-1.));
#7485 = ( GEOMETRIC_REPRESENTATION_CONTEXT(2) 
PARAMETRIC_REPRESENTATION_CONTEXT() REPRESENTATION_CONTEXT('2D SPACE',''
  ) );
#7486 = ORIENTED_EDGE('',*,*,#5543,.F.);
#7487 = ORIENTED_EDGE('',*,*,#7488,.F.);
#7488 = EDGE_CURVE('',#7353,#5491,#7489,.T.);
#7489 = SURFACE_CURVE('',#7490,(#7494,#7500),.PCURVE_S1.);
#7490 = LINE('',#7491,#7492);
#7491 = CARTESIAN_POINT('',(-8.82272413358,-2.849999999949,9.5));
#7492 = VECTOR('',#7493,1.);
#7493 = DIRECTION('',(-1.,6.747237496204E-16,0.));
#7494 = PCURVE('',#5199,#7495);
#7495 = DEFINITIONAL_REPRESENTATION('',(#7496),#7499);
#7496 = B_SPLINE_CURVE_WITH_KNOTS('',1,(#7497,#7498),.UNSPECIFIED.,.F.,
  .F.,(2,2),(-22.46817240074,-19.17727586642),.PIECEWISE_BEZIER_KNOTS.);
#7497 = CARTESIAN_POINT('',(3.290896534322,-8.));
#7498 = CARTESIAN_POINT('',(0.,-8.));
#7499 = ( GEOMETRIC_REPRESENTATION_CONTEXT(2) 
PARAMETRIC_REPRESENTATION_CONTEXT() REPRESENTATION_CONTEXT('2D SPACE',''
  ) );
#7500 = PCURVE('',#5379,#7501);
#7501 = DEFINITIONAL_REPRESENTATION('',(#7502),#7506);
#7502 = LINE('',#7503,#7504);
#7503 = CARTESIAN_POINT('',(14.17727586642,16.150000000051));
#7504 = VECTOR('',#7505,1.);
#7505 = DIRECTION('',(-1.,6.747237496204E-16));
#7506 = ( GEOMETRIC_REPRESENTATION_CONTEXT(2) 
PARAMETRIC_REPRESENTATION_CONTEXT() REPRESENTATION_CONTEXT('2D SPACE',''
  ) );
#7507 = ORIENTED_EDGE('',*,*,#7352,.F.);
#7508 = ADVANCED_FACE('',(#7509),#5143,.T.);
#7509 = FACE_BOUND('',#7510,.T.);
#7510 = EDGE_LOOP('',(#7511,#7512,#7513,#7514));
#7511 = ORIENTED_EDGE('',*,*,#5127,.F.);
#7512 = ORIENTED_EDGE('',*,*,#7441,.T.);
#7513 = ORIENTED_EDGE('',*,*,#5585,.F.);
#7514 = ORIENTED_EDGE('',*,*,#7515,.F.);
#7515 = EDGE_CURVE('',#5128,#5565,#7516,.T.);
#7516 = SURFACE_CURVE('',#7517,(#7521,#7528),.PCURVE_S1.);
#7517 = LINE('',#7518,#7519);
#7518 = CARTESIAN_POINT('',(8.709103465678,4.030185907082E-16,1.5));
#7519 = VECTOR('',#7520,1.);
#7520 = DIRECTION('',(0.,0.,1.));
#7521 = PCURVE('',#5143,#7522);
#7522 = DEFINITIONAL_REPRESENTATION('',(#7523),#7527);
#7523 = LINE('',#7524,#7525);
#7524 = CARTESIAN_POINT('',(3.290896534322,0.));
#7525 = VECTOR('',#7526,1.);
#7526 = DIRECTION('',(0.,-1.));
#7527 = ( GEOMETRIC_REPRESENTATION_CONTEXT(2) 
PARAMETRIC_REPRESENTATION_CONTEXT() REPRESENTATION_CONTEXT('2D SPACE',''
  ) );
#7528 = PCURVE('',#5171,#7529);
#7529 = DEFINITIONAL_REPRESENTATION('',(#7530),#7534);
#7530 = LINE('',#7531,#7532);
#7531 = CARTESIAN_POINT('',(0.,0.));
#7532 = VECTOR('',#7533,1.);
#7533 = DIRECTION('',(0.,-1.));
#7534 = ( GEOMETRIC_REPRESENTATION_CONTEXT(2) 
PARAMETRIC_REPRESENTATION_CONTEXT() REPRESENTATION_CONTEXT('2D SPACE',''
  ) );
#7535 = ADVANCED_FACE('',(#7536),#5171,.T.);
#7536 = FACE_BOUND('',#7537,.T.);
#7537 = EDGE_LOOP('',(#7538,#7539,#7540,#7541));
#7538 = ORIENTED_EDGE('',*,*,#5155,.F.);
#7539 = ORIENTED_EDGE('',*,*,#7515,.T.);
#7540 = ORIENTED_EDGE('',*,*,#5564,.F.);
#7541 = ORIENTED_EDGE('',*,*,#7466,.F.);
#7542 = ADVANCED_FACE('',(#7543),#5379,.F.);
#7543 = FACE_BOUND('',#7544,.F.);
#7544 = EDGE_LOOP('',(#7545,#7546,#7547,#7548,#7549,#7550,#7551));
#7545 = ORIENTED_EDGE('',*,*,#5514,.F.);
#7546 = ORIENTED_EDGE('',*,*,#7488,.F.);
#7547 = ORIENTED_EDGE('',*,*,#7375,.F.);
#7548 = ORIENTED_EDGE('',*,*,#5819,.F.);
#7549 = ORIENTED_EDGE('',*,*,#7305,.F.);
#7550 = ORIENTED_EDGE('',*,*,#7420,.F.);
#7551 = ORIENTED_EDGE('',*,*,#5362,.F.);
#7552 = ADVANCED_FACE('',(#7553),#5455,.F.);
#7553 = FACE_BOUND('',#7554,.F.);
#7554 = EDGE_LOOP('',(#7555,#7556,#7557,#7558,#7559));
#7555 = ORIENTED_EDGE('',*,*,#6049,.F.);
#7556 = ORIENTED_EDGE('',*,*,#5438,.F.);
#7557 = ORIENTED_EDGE('',*,*,#5979,.F.);
#7558 = ORIENTED_EDGE('',*,*,#6076,.F.);
#7559 = ORIENTED_EDGE('',*,*,#6124,.F.);
#7560 = ADVANCED_FACE('',(#7561,#7816),#5750,.T.);
#7561 = FACE_BOUND('',#7562,.F.);
#7562 = EDGE_LOOP('',(#7563,#7586,#7678,#7701,#7723,#7724,#7814,#7815));
#7563 = ORIENTED_EDGE('',*,*,#7564,.T.);
#7564 = EDGE_CURVE('',#5734,#7565,#7567,.T.);
#7565 = VERTEX_POINT('',#7566);
#7566 = CARTESIAN_POINT('',(6.,0.,19.9));
#7567 = SEAM_CURVE('',#7568,(#7572,#7579),.PCURVE_S1.);
#7568 = LINE('',#7569,#7570);
#7569 = CARTESIAN_POINT('',(6.,0.,9.5));
#7570 = VECTOR('',#7571,1.);
#7571 = DIRECTION('',(0.,0.,1.));
#7572 = PCURVE('',#5750,#7573);
#7573 = DEFINITIONAL_REPRESENTATION('',(#7574),#7578);
#7574 = LINE('',#7575,#7576);
#7575 = CARTESIAN_POINT('',(-0.,0.));
#7576 = VECTOR('',#7577,1.);
#7577 = DIRECTION('',(-0.,-1.));
#7578 = ( GEOMETRIC_REPRESENTATION_CONTEXT(2) 
PARAMETRIC_REPRESENTATION_CONTEXT() REPRESENTATION_CONTEXT('2D SPACE',''
  ) );
#7579 = PCURVE('',#5750,#7580);
#7580 = DEFINITIONAL_REPRESENTATION('',(#7581),#7585);
#7581 = LINE('',#7582,#7583);
#7582 = CARTESIAN_POINT('',(-6.28318530718,0.));
#7583 = VECTOR('',#7584,1.);
#7584 = DIRECTION('',(-0.,-1.));
#7585 = ( GEOMETRIC_REPRESENTATION_CONTEXT(2) 
PARAMETRIC_REPRESENTATION_CONTEXT() REPRESENTATION_CONTEXT('2D SPACE',''
  ) );
#7586 = ORIENTED_EDGE('',*,*,#7587,.T.);
#7587 = EDGE_CURVE('',#7565,#7588,#7590,.T.);
#7588 = VERTEX_POINT('',#7589);
#7589 = CARTESIAN_POINT('',(6.,1.959434878636E-16,23.1));
#7590 = SURFACE_CURVE('',#7591,(#7618,#7648),.PCURVE_S1.);
#7591 = B_SPLINE_CURVE_WITH_KNOTS('',7,(#7592,#7593,#7594,#7595,#7596,
    #7597,#7598,#7599,#7600,#7601,#7602,#7603,#7604,#7605,#7606,#7607,
    #7608,#7609,#7610,#7611,#7612,#7613,#7614,#7615,#7616,#7617),
  .UNSPECIFIED.,.F.,.F.,(8,6,6,6,8),(0.,0.238292691467,0.500040211725,
    0.761787731983,1.),.UNSPECIFIED.);
#7592 = CARTESIAN_POINT('',(6.,6.125709918283E-16,19.9));
#7593 = CARTESIAN_POINT('',(6.,0.202241392693,19.9));
#7594 = CARTESIAN_POINT('',(5.992046542758,0.399760566134,
    19.929823819029));
#7595 = CARTESIAN_POINT('',(5.976810854919,0.587427907758,19.98696627841
    ));
#7596 = CARTESIAN_POINT('',(5.956072416364,0.760834771839,
    20.067965857326));
#7597 = CARTESIAN_POINT('',(5.93236949192,0.916431089584,20.168389706955
    ));
#7598 = CARTESIAN_POINT('',(5.908235179511,1.051847314684,
    20.282791864079));
#7599 = CARTESIAN_POINT('',(5.860619350944,1.292122618913,
    20.538659074983));
#7600 = CARTESIAN_POINT('',(5.836808446692,1.395830676641,
    20.685053972081));
#7601 = CARTESIAN_POINT('',(5.816017601464,1.477949028075,
    20.840177262441));
#7602 = CARTESIAN_POINT('',(5.799591748554,1.539068927485,
    21.001280370138));
#7603 = CARTESIAN_POINT('',(5.788359194669,1.579665401042,
    21.166177682835));
#7604 = CARTESIAN_POINT('',(5.78273291792,1.6,21.333003409556));
#7605 = CARTESIAN_POINT('',(5.78273291792,1.6,21.666996590444));
#7606 = CARTESIAN_POINT('',(5.788359194669,1.579665401042,
    21.833822317165));
#7607 = CARTESIAN_POINT('',(5.799591748554,1.539068927485,
    21.998719629863));
#7608 = CARTESIAN_POINT('',(5.816017601464,1.477949028075,
    22.159822737559));
#7609 = CARTESIAN_POINT('',(5.836808446692,1.395830676641,
    22.314946027919));
#7610 = CARTESIAN_POINT('',(5.860619350944,1.292122618913,
    22.461340925017));
#7611 = CARTESIAN_POINT('',(5.908227521268,1.051885959114,
    22.717166983783));
#7612 = CARTESIAN_POINT('',(5.93236447301,0.916465589378,22.83159369339)
  );
#7613 = CARTESIAN_POINT('',(5.956075975074,0.760828989383,22.93205292836
    ));
#7614 = CARTESIAN_POINT('',(5.976820202848,0.587368621176,
    23.013068703142));
#7615 = CARTESIAN_POINT('',(5.992053022192,0.399665247687,
    23.070200493955));
#7616 = CARTESIAN_POINT('',(6.,0.202158953669,23.1));
#7617 = CARTESIAN_POINT('',(6.,1.959434878636E-16,23.1));
#7618 = PCURVE('',#5750,#7619);
#7619 = DEFINITIONAL_REPRESENTATION('',(#7620),#7647);
#7620 = B_SPLINE_CURVE_WITH_KNOTS('',7,(#7621,#7622,#7623,#7624,#7625,
    #7626,#7627,#7628,#7629,#7630,#7631,#7632,#7633,#7634,#7635,#7636,
    #7637,#7638,#7639,#7640,#7641,#7642,#7643,#7644,#7645,#7646),
  .UNSPECIFIED.,.F.,.F.,(8,6,6,6,8),(0.,0.238292691467,0.500040211725,
    0.761787731983,1.),.UNSPECIFIED.);
#7621 = CARTESIAN_POINT('',(0.,-10.4));
#7622 = CARTESIAN_POINT('',(-3.370689878212E-02,-10.4));
#7623 = CARTESIAN_POINT('',(-6.662681279776E-02,-10.42982381902));
#7624 = CARTESIAN_POINT('',(-9.796697455729E-02,-10.4869662784));
#7625 = CARTESIAN_POINT('',(-0.127043405423,-10.56796585732));
#7626 = CARTESIAN_POINT('',(-0.153261633231,-10.66838970695));
#7627 = CARTESIAN_POINT('',(-0.176182345813,-10.78279186407));
#7628 = CARTESIAN_POINT('',(-0.217007000997,-11.03865907498));
#7629 = CARTESIAN_POINT('',(-0.234733392922,-11.18505397208));
#7630 = CARTESIAN_POINT('',(-0.248848249455,-11.34017726244));
#7631 = CARTESIAN_POINT('',(-0.25939606951,-11.50128037013));
#7632 = CARTESIAN_POINT('',(-0.266416361612,-11.66617768283));
#7633 = CARTESIAN_POINT('',(-0.269932795833,-11.83300340955));
#7634 = CARTESIAN_POINT('',(-0.269932795833,-12.16699659044));
#7635 = CARTESIAN_POINT('',(-0.266416361612,-12.33382231716));
#7636 = CARTESIAN_POINT('',(-0.25939606951,-12.49871962986));
#7637 = CARTESIAN_POINT('',(-0.248848249455,-12.65982273755));
#7638 = CARTESIAN_POINT('',(-0.234733392922,-12.81494602791));
#7639 = CARTESIAN_POINT('',(-0.217007000997,-12.96134092501));
#7640 = CARTESIAN_POINT('',(-0.176188911804,-13.21716698378));
#7641 = CARTESIAN_POINT('',(-0.153267437243,-13.33159369339));
#7642 = CARTESIAN_POINT('',(-0.127042352012,-13.43205292836));
#7643 = CARTESIAN_POINT('',(-9.795701214228E-02,-13.51306870314));
#7644 = CARTESIAN_POINT('',(-6.661092742208E-02,-13.57020049395));
#7645 = CARTESIAN_POINT('',(-3.369315894489E-02,-13.6));
#7646 = CARTESIAN_POINT('',(0.,-13.6));
#7647 = ( GEOMETRIC_REPRESENTATION_CONTEXT(2) 
PARAMETRIC_REPRESENTATION_CONTEXT() REPRESENTATION_CONTEXT('2D SPACE',''
  ) );
#7648 = PCURVE('',#6304,#7649);
#7649 = DEFINITIONAL_REPRESENTATION('',(#7650),#7677);
#7650 = B_SPLINE_CURVE_WITH_KNOTS('',7,(#7651,#7652,#7653,#7654,#7655,
    #7656,#7657,#7658,#7659,#7660,#7661,#7662,#7663,#7664,#7665,#7666,
    #7667,#7668,#7669,#7670,#7671,#7672,#7673,#7674,#7675,#7676),
  .UNSPECIFIED.,.F.,.F.,(8,6,6,6,8),(0.,0.238292691467,0.500040211725,
    0.761787731983,1.),.UNSPECIFIED.);
#7651 = CARTESIAN_POINT('',(3.14159265359,13.));
#7652 = CARTESIAN_POINT('',(3.267993524023,13.));
#7653 = CARTESIAN_POINT('',(3.391442927319,12.992046542758));
#7654 = CARTESIAN_POINT('',(3.512033878977,12.976810854919));
#7655 = CARTESIAN_POINT('',(3.629615544709,12.956072416364));
#7656 = CARTESIAN_POINT('',(3.743805511507,12.93236949192));
#7657 = CARTESIAN_POINT('',(3.853864550409,12.908235179511));
#7658 = CARTESIAN_POINT('',(4.073238883953,12.860619350944));
#7659 = CARTESIAN_POINT('',(4.184307960665,12.836808446692));
#7660 = CARTESIAN_POINT('',(4.292589094544,12.816017601464));
#7661 = CARTESIAN_POINT('',(4.398831597614,12.799591748554));
#7662 = CARTESIAN_POINT('',(4.503750175713,12.788359194669));
#7663 = CARTESIAN_POINT('',(4.608016111357,12.78273291792));
#7664 = CARTESIAN_POINT('',(4.816761849412,12.78273291792));
#7665 = CARTESIAN_POINT('',(4.921027785057,12.788359194669));
#7666 = CARTESIAN_POINT('',(5.025946363156,12.799591748554));
#7667 = CARTESIAN_POINT('',(5.132188866226,12.816017601464));
#7668 = CARTESIAN_POINT('',(5.240470000104,12.836808446692));
#7669 = CARTESIAN_POINT('',(5.351539076816,12.860619350944));
#7670 = CARTESIAN_POINT('',(5.570878127517,12.908227521268));
#7671 = CARTESIAN_POINT('',(5.680950136011,12.93236447301));
#7672 = CARTESIAN_POINT('',(5.795171511841,12.956075975074));
#7673 = CARTESIAN_POINT('',(5.912785119877,12.976820202848));
#7674 = CARTESIAN_POINT('',(6.033394617574,12.992053022192));
#7675 = CARTESIAN_POINT('',(6.156835961136,13.));
#7676 = CARTESIAN_POINT('',(6.28318530718,13.));
#7677 = ( GEOMETRIC_REPRESENTATION_CONTEXT(2) 
PARAMETRIC_REPRESENTATION_CONTEXT() REPRESENTATION_CONTEXT('2D SPACE',''
  ) );
#7678 = ORIENTED_EDGE('',*,*,#7679,.T.);
#7679 = EDGE_CURVE('',#7588,#7680,#7682,.T.);
#7680 = VERTEX_POINT('',#7681);
#7681 = CARTESIAN_POINT('',(6.,0.,27.5));
#7682 = SEAM_CURVE('',#7683,(#7687,#7694),.PCURVE_S1.);
#7683 = LINE('',#7684,#7685);
#7684 = CARTESIAN_POINT('',(6.,0.,9.5));
#7685 = VECTOR('',#7686,1.);
#7686 = DIRECTION('',(0.,0.,1.));
#7687 = PCURVE('',#5750,#7688);
#7688 = DEFINITIONAL_REPRESENTATION('',(#7689),#7693);
#7689 = LINE('',#7690,#7691);
#7690 = CARTESIAN_POINT('',(-0.,0.));
#7691 = VECTOR('',#7692,1.);
#7692 = DIRECTION('',(-0.,-1.));
#7693 = ( GEOMETRIC_REPRESENTATION_CONTEXT(2) 
PARAMETRIC_REPRESENTATION_CONTEXT() REPRESENTATION_CONTEXT('2D SPACE',''
  ) );
#7694 = PCURVE('',#5750,#7695);
#7695 = DEFINITIONAL_REPRESENTATION('',(#7696),#7700);
#7696 = LINE('',#7697,#7698);
#7697 = CARTESIAN_POINT('',(-6.28318530718,0.));
#7698 = VECTOR('',#7699,1.);
#7699 = DIRECTION('',(-0.,-1.));
#7700 = ( GEOMETRIC_REPRESENTATION_CONTEXT(2) 
PARAMETRIC_REPRESENTATION_CONTEXT() REPRESENTATION_CONTEXT('2D SPACE',''
  ) );
#7701 = ORIENTED_EDGE('',*,*,#7702,.T.);
#7702 = EDGE_CURVE('',#7680,#7680,#7703,.T.);
#7703 = SURFACE_CURVE('',#7704,(#7709,#7716),.PCURVE_S1.);
#7704 = CIRCLE('',#7705,6.);
#7705 = AXIS2_PLACEMENT_3D('',#7706,#7707,#7708);
#7706 = CARTESIAN_POINT('',(0.,0.,27.5));
#7707 = DIRECTION('',(0.,0.,1.));
#7708 = DIRECTION('',(1.,0.,0.));
#7709 = PCURVE('',#5750,#7710);
#7710 = DEFINITIONAL_REPRESENTATION('',(#7711),#7715);
#7711 = LINE('',#7712,#7713);
#7712 = CARTESIAN_POINT('',(-0.,-18.));
#7713 = VECTOR('',#7714,1.);
#7714 = DIRECTION('',(-1.,0.));
#7715 = ( GEOMETRIC_REPRESENTATION_CONTEXT(2) 
PARAMETRIC_REPRESENTATION_CONTEXT() REPRESENTATION_CONTEXT('2D SPACE',''
  ) );
#7716 = PCURVE('',#6423,#7717);
#7717 = DEFINITIONAL_REPRESENTATION('',(#7718),#7722);
#7718 = CIRCLE('',#7719,6.);
#7719 = AXIS2_PLACEMENT_2D('',#7720,#7721);
#7720 = CARTESIAN_POINT('',(3.418600331349E-16,1.70226710729E-17));
#7721 = DIRECTION('',(1.,0.));
#7722 = ( GEOMETRIC_REPRESENTATION_CONTEXT(2) 
PARAMETRIC_REPRESENTATION_CONTEXT() REPRESENTATION_CONTEXT('2D SPACE',''
  ) );
#7723 = ORIENTED_EDGE('',*,*,#7679,.F.);
#7724 = ORIENTED_EDGE('',*,*,#7725,.T.);
#7725 = EDGE_CURVE('',#7588,#7565,#7726,.T.);
#7726 = SURFACE_CURVE('',#7727,(#7754,#7784),.PCURVE_S1.);
#7727 = B_SPLINE_CURVE_WITH_KNOTS('',7,(#7728,#7729,#7730,#7731,#7732,
    #7733,#7734,#7735,#7736,#7737,#7738,#7739,#7740,#7741,#7742,#7743,
    #7744,#7745,#7746,#7747,#7748,#7749,#7750,#7751,#7752,#7753),
  .UNSPECIFIED.,.F.,.F.,(8,6,6,6,8),(0.,0.238290614334,0.50003082199,
    0.761788252835,1.),.UNSPECIFIED.);
#7728 = CARTESIAN_POINT('',(6.,-4.440892098501E-16,23.1));
#7729 = CARTESIAN_POINT('',(6.,-0.202241392693,23.1));
#7730 = CARTESIAN_POINT('',(5.992046542758,-0.399760566134,
    23.070176180971));
#7731 = CARTESIAN_POINT('',(5.976810854919,-0.587427907758,
    23.01303372159));
#7732 = CARTESIAN_POINT('',(5.956072416364,-0.760834771839,
    22.932034142674));
#7733 = CARTESIAN_POINT('',(5.93236949192,-0.916431089584,
    22.831610293045));
#7734 = CARTESIAN_POINT('',(5.908235179511,-1.051847314684,
    22.717208135922));
#7735 = CARTESIAN_POINT('',(5.860619830022,-1.292120201426,
    22.461343499378));
#7736 = CARTESIAN_POINT('',(5.83680898233,-1.395828605477,
    22.314949643958));
#7737 = CARTESIAN_POINT('',(5.816017522327,-1.477949829279,
    22.159823739769));
#7738 = CARTESIAN_POINT('',(5.799590882376,-1.53907202334,
    21.998714756857));
#7739 = CARTESIAN_POINT('',(5.788358465291,-1.579668048483,
    21.833811718286));
#7740 = CARTESIAN_POINT('',(5.78273291792,-1.6,21.666985602355));
#7741 = CARTESIAN_POINT('',(5.78273291792,-1.6,21.333003409556));
#7742 = CARTESIAN_POINT('',(5.788359194669,-1.579665401042,
    21.166177682835));
#7743 = CARTESIAN_POINT('',(5.799591748554,-1.539068927485,
    21.001280370138));
#7744 = CARTESIAN_POINT('',(5.816017601464,-1.477949028075,
    20.840177262441));
#7745 = CARTESIAN_POINT('',(5.836808446692,-1.395830676641,
    20.685053972082));
#7746 = CARTESIAN_POINT('',(5.860619350944,-1.292122618913,
    20.538659074983));
#7747 = CARTESIAN_POINT('',(5.908226612835,-1.051890543179,
    20.28283789775));
#7748 = CARTESIAN_POINT('',(5.932363005921,-0.916474029096,
    20.168412908682));
#7749 = CARTESIAN_POINT('',(5.95607502819,-0.760837212744,
    20.067950225514));
#7750 = CARTESIAN_POINT('',(5.976820568367,-0.587370694657,
    19.986929684486));
#7751 = CARTESIAN_POINT('',(5.992053853105,-0.399658691081,
    19.929796505324));
#7752 = CARTESIAN_POINT('',(6.,-0.202148687842,19.9));
#7753 = CARTESIAN_POINT('',(6.,-2.22044604925E-16,19.9));
#7754 = PCURVE('',#5750,#7755);
#7755 = DEFINITIONAL_REPRESENTATION('',(#7756),#7783);
#7756 = B_SPLINE_CURVE_WITH_KNOTS('',7,(#7757,#7758,#7759,#7760,#7761,
    #7762,#7763,#7764,#7765,#7766,#7767,#7768,#7769,#7770,#7771,#7772,
    #7773,#7774,#7775,#7776,#7777,#7778,#7779,#7780,#7781,#7782),
  .UNSPECIFIED.,.F.,.F.,(8,6,6,6,8),(0.,0.238290614334,0.50003082199,
    0.761788252835,1.),.UNSPECIFIED.);
#7757 = CARTESIAN_POINT('',(-6.28318530718,-13.6));
#7758 = CARTESIAN_POINT('',(-6.249478408397,-13.6));
#7759 = CARTESIAN_POINT('',(-6.216558494382,-13.57017618097));
#7760 = CARTESIAN_POINT('',(-6.185218332622,-13.51303372159));
#7761 = CARTESIAN_POINT('',(-6.156141901757,-13.43203414267));
#7762 = CARTESIAN_POINT('',(-6.129923673949,-13.33161029304));
#7763 = CARTESIAN_POINT('',(-6.107002961367,-13.21720813592));
#7764 = CARTESIAN_POINT('',(-6.066178716933,-12.96134349937));
#7765 = CARTESIAN_POINT('',(-6.048452270221,-12.81494964395));
#7766 = CARTESIAN_POINT('',(-6.034336925225,-12.65982373976));
#7767 = CARTESIAN_POINT('',(-6.023788702257,-12.49871475685));
#7768 = CARTESIAN_POINT('',(-6.01676848772,-12.33381171828));
#7769 = CARTESIAN_POINT('',(-6.013252511346,-12.16698560235));
#7770 = CARTESIAN_POINT('',(-6.013252511346,-11.83300340955));
#7771 = CARTESIAN_POINT('',(-6.016768945568,-11.66617768283));
#7772 = CARTESIAN_POINT('',(-6.02378923767,-11.50128037013));
#7773 = CARTESIAN_POINT('',(-6.034337057724,-11.34017726244));
#7774 = CARTESIAN_POINT('',(-6.048451914257,-11.18505397208));
#7775 = CARTESIAN_POINT('',(-6.066178306183,-11.03865907498));
#7776 = CARTESIAN_POINT('',(-6.106995616507,-10.78283789775));
#7777 = CARTESIAN_POINT('',(-6.129916441075,-10.66841290868));
#7778 = CARTESIAN_POINT('',(-6.156141583606,-10.56795022551));
#7779 = CARTESIAN_POINT('',(-6.185227954096,-10.48692968448));
#7780 = CARTESIAN_POINT('',(-6.21657547556,-10.42979650532));
#7781 = CARTESIAN_POINT('',(-6.249493859206,-10.4));
#7782 = CARTESIAN_POINT('',(-6.28318530718,-10.4));
#7783 = ( GEOMETRIC_REPRESENTATION_CONTEXT(2) 
PARAMETRIC_REPRESENTATION_CONTEXT() REPRESENTATION_CONTEXT('2D SPACE',''
  ) );
#7784 = PCURVE('',#6304,#7785);
#7785 = DEFINITIONAL_REPRESENTATION('',(#7786),#7813);
#7786 = B_SPLINE_CURVE_WITH_KNOTS('',7,(#7787,#7788,#7789,#7790,#7791,
    #7792,#7793,#7794,#7795,#7796,#7797,#7798,#7799,#7800,#7801,#7802,
    #7803,#7804,#7805,#7806,#7807,#7808,#7809,#7810,#7811,#7812),
  .UNSPECIFIED.,.F.,.F.,(8,6,6,6,8),(0.,0.238290614334,0.50003082199,
    0.761788252835,1.),.UNSPECIFIED.);
#7787 = CARTESIAN_POINT('',(0.,13.));
#7788 = CARTESIAN_POINT('',(0.126400870433,13.));
#7789 = CARTESIAN_POINT('',(0.249850273729,12.992046542758));
#7790 = CARTESIAN_POINT('',(0.370441225387,12.976810854919));
#7791 = CARTESIAN_POINT('',(0.488022891119,12.956072416364));
#7792 = CARTESIAN_POINT('',(0.602212857917,12.93236949192));
#7793 = CARTESIAN_POINT('',(0.712271896819,12.908235179511));
#7794 = CARTESIAN_POINT('',(0.931644023168,12.860619830022));
#7795 = CARTESIAN_POINT('',(1.042712780072,12.83680898233));
#7796 = CARTESIAN_POINT('',(1.150996157435,12.816017522327));
#7797 = CARTESIAN_POINT('',(1.257242374213,12.799590882376));
#7798 = CARTESIAN_POINT('',(1.362164132482,12.788358465291));
#7799 = CARTESIAN_POINT('',(1.466430325323,12.78273291792));
#7800 = CARTESIAN_POINT('',(1.675169195822,12.78273291792));
#7801 = CARTESIAN_POINT('',(1.779435131467,12.788359194669));
#7802 = CARTESIAN_POINT('',(1.884353709566,12.799591748554));
#7803 = CARTESIAN_POINT('',(1.990596212636,12.816017601464));
#7804 = CARTESIAN_POINT('',(2.098877346514,12.836808446692));
#7805 = CARTESIAN_POINT('',(2.209946423226,12.860619350944));
#7806 = CARTESIAN_POINT('',(2.429281288619,12.908226612835));
#7807 = CARTESIAN_POINT('',(2.539350868807,12.932363005921));
#7808 = CARTESIAN_POINT('',(2.653573658626,12.95607502819));
#7809 = CARTESIAN_POINT('',(2.771191666965,12.976820568367));
#7810 = CARTESIAN_POINT('',(2.891806058516,12.992053853105));
#7811 = CARTESIAN_POINT('',(3.015249723689,13.));
#7812 = CARTESIAN_POINT('',(3.14159265359,13.));
#7813 = ( GEOMETRIC_REPRESENTATION_CONTEXT(2) 
PARAMETRIC_REPRESENTATION_CONTEXT() REPRESENTATION_CONTEXT('2D SPACE',''
  ) );
#7814 = ORIENTED_EDGE('',*,*,#7564,.F.);
#7815 = ORIENTED_EDGE('',*,*,#5733,.F.);
#7816 = FACE_BOUND('',#7817,.F.);
#7817 = EDGE_LOOP('',(#7818));
#7818 = ORIENTED_EDGE('',*,*,#7819,.F.);
#7819 = EDGE_CURVE('',#7820,#7820,#7822,.T.);
#7820 = VERTEX_POINT('',#7821);
#7821 = CARTESIAN_POINT('',(-6.,3.918869757272E-16,23.1));
#7822 = SURFACE_CURVE('',#7823,(#7874,#7947),.PCURVE_S1.);
#7823 = B_SPLINE_CURVE_WITH_KNOTS('',7,(#7824,#7825,#7826,#7827,#7828,
    #7829,#7830,#7831,#7832,#7833,#7834,#7835,#7836,#7837,#7838,#7839,
    #7840,#7841,#7842,#7843,#7844,#7845,#7846,#7847,#7848,#7849,#7850,
    #7851,#7852,#7853,#7854,#7855,#7856,#7857,#7858,#7859,#7860,#7861,
    #7862,#7863,#7864,#7865,#7866,#7867,#7868,#7869,#7870,#7871,#7872,
    #7873),.UNSPECIFIED.,.T.,.F.,(8,6,6,6,6,6,6,6,8),(0.,0.119138231607,
    0.250000563586,0.380871506649,0.499970307013,0.61912372577,
    0.75000525511,0.880886788263,1.),.UNSPECIFIED.);
#7824 = CARTESIAN_POINT('',(-6.,6.661338147751E-16,23.1));
#7825 = CARTESIAN_POINT('',(-6.,-0.202241392693,23.1));
#7826 = CARTESIAN_POINT('',(-5.992046542758,-0.399760566134,
    23.070176180971));
#7827 = CARTESIAN_POINT('',(-5.976810854919,-0.587427907758,
    23.01303372159));
#7828 = CARTESIAN_POINT('',(-5.956072416364,-0.760834771839,
    22.932034142674));
#7829 = CARTESIAN_POINT('',(-5.93236949192,-0.916431089584,
    22.831610293045));
#7830 = CARTESIAN_POINT('',(-5.908235179511,-1.051847314684,
    22.717208135922));
#7831 = CARTESIAN_POINT('',(-5.860619830022,-1.292120201426,
    22.461343499378));
#7832 = CARTESIAN_POINT('',(-5.83680898233,-1.395828605477,
    22.314949643958));
#7833 = CARTESIAN_POINT('',(-5.816017522327,-1.477949829279,
    22.159823739769));
#7834 = CARTESIAN_POINT('',(-5.799590882376,-1.53907202334,
    21.998714756857));
#7835 = CARTESIAN_POINT('',(-5.788358465291,-1.579668048483,
    21.833811718286));
#7836 = CARTESIAN_POINT('',(-5.78273291792,-1.6,21.666985602355));
#7837 = CARTESIAN_POINT('',(-5.78273291792,-1.6,21.333003409556));
#7838 = CARTESIAN_POINT('',(-5.788359194669,-1.579665401042,
    21.166177682835));
#7839 = CARTESIAN_POINT('',(-5.799591748554,-1.539068927485,
    21.001280370138));
#7840 = CARTESIAN_POINT('',(-5.816017601464,-1.477949028075,
    20.840177262441));
#7841 = CARTESIAN_POINT('',(-5.836808446692,-1.395830676641,
    20.685053972082));
#7842 = CARTESIAN_POINT('',(-5.860619350944,-1.292122618913,
    20.538659074983));
#7843 = CARTESIAN_POINT('',(-5.908226612835,-1.051890543179,
    20.28283789775));
#7844 = CARTESIAN_POINT('',(-5.932363005921,-0.916474029095,
    20.168412908682));
#7845 = CARTESIAN_POINT('',(-5.95607502819,-0.760837212744,
    20.067950225514));
#7846 = CARTESIAN_POINT('',(-5.976820568367,-0.587370694657,
    19.986929684486));
#7847 = CARTESIAN_POINT('',(-5.992053853105,-0.399658691082,
    19.929796505324));
#7848 = CARTESIAN_POINT('',(-6.,-0.202148687842,19.9));
#7849 = CARTESIAN_POINT('',(-6.,0.202241392693,19.9));
#7850 = CARTESIAN_POINT('',(-5.992046542758,0.399760566134,
    19.929823819029));
#7851 = CARTESIAN_POINT('',(-5.976810854919,0.587427907757,
    19.986966278409));
#7852 = CARTESIAN_POINT('',(-5.956072416364,0.760834771839,
    20.067965857326));
#7853 = CARTESIAN_POINT('',(-5.93236949192,0.916431089584,
    20.168389706955));
#7854 = CARTESIAN_POINT('',(-5.908235179511,1.051847314684,
    20.282791864079));
#7855 = CARTESIAN_POINT('',(-5.860619350944,1.292122618913,
    20.538659074983));
#7856 = CARTESIAN_POINT('',(-5.836808446692,1.395830676642,
    20.685053972082));
#7857 = CARTESIAN_POINT('',(-5.816017601464,1.477949028074,
    20.84017726244));
#7858 = CARTESIAN_POINT('',(-5.799591748554,1.539068927485,
    21.001280370139));
#7859 = CARTESIAN_POINT('',(-5.788359194669,1.579665401041,
    21.166177682834));
#7860 = CARTESIAN_POINT('',(-5.78273291792,1.6,21.333003409556));
#7861 = CARTESIAN_POINT('',(-5.78273291792,1.6,21.666996595307));
#7862 = CARTESIAN_POINT('',(-5.788359194873,1.579665399787,
    21.833822305213));
#7863 = CARTESIAN_POINT('',(-5.799591747428,1.53906893346,
    21.998719638701));
#7864 = CARTESIAN_POINT('',(-5.8160176037,1.477949016829,22.159822741395
    ));
#7865 = CARTESIAN_POINT('',(-5.836808444663,1.395830686726,
    22.314946018834));
#7866 = CARTESIAN_POINT('',(-5.860619351702,1.292122615086,
    22.461340929092));
#7867 = CARTESIAN_POINT('',(-5.908227521268,1.051885959114,
    22.717166983783));
#7868 = CARTESIAN_POINT('',(-5.932364473011,0.916465589378,
    22.83159369339));
#7869 = CARTESIAN_POINT('',(-5.956075975074,0.760828989383,
    22.932052928359));
#7870 = CARTESIAN_POINT('',(-5.976820202848,0.587368621175,
    23.013068703143));
#7871 = CARTESIAN_POINT('',(-5.992053022192,0.399665247688,
    23.070200493955));
#7872 = CARTESIAN_POINT('',(-6.,0.202158953669,23.1));
#7873 = CARTESIAN_POINT('',(-6.,6.661338147751E-16,23.1));
#7874 = PCURVE('',#5750,#7875);
#7875 = DEFINITIONAL_REPRESENTATION('',(#7876),#7946);
#7876 = B_SPLINE_CURVE_WITH_KNOTS('',3,(#7877,#7878,#7879,#7880,#7881,
    #7882,#7883,#7884,#7885,#7886,#7887,#7888,#7889,#7890,#7891,#7892,
    #7893,#7894,#7895,#7896,#7897,#7898,#7899,#7900,#7901,#7902,#7903,
    #7904,#7905,#7906,#7907,#7908,#7909,#7910,#7911,#7912,#7913,#7914,
    #7915,#7916,#7917,#7918,#7919,#7920,#7921,#7922,#7923,#7924,#7925,
    #7926,#7927,#7928,#7929,#7930,#7931,#7932,#7933,#7934,#7935,#7936,
    #7937,#7938,#7939,#7940,#7941,#7942,#7943,#7944,#7945),
  .UNSPECIFIED.,.T.,.F.,(4,1,1,1,1,1,1,1,1,1,1,1,1,1,1,1,1,1,1,1,1,1,1,1
    ,1,1,1,1,1,1,1,1,1,1,1,1,1,1,1,1,1,1,1,1,1,1,1,1,1,1,1,1,1,1,1,1,1,1
    ,1,1,1,1,1,1,1,1,4),(0.,1.515151515152E-02,3.030303030303E-02,
    4.545454545455E-02,6.060606060606E-02,7.575757575758E-02,
    9.090909090909E-02,0.106060606061,0.121212121212,0.136363636364,
    0.151515151515,0.166666666667,0.181818181818,0.19696969697,
    0.212121212121,0.227272727273,0.242424242424,0.257575757576,
    0.272727272727,0.287878787879,0.30303030303,0.318181818182,
    0.333333333333,0.348484848485,0.363636363636,0.378787878788,
    0.393939393939,0.409090909091,0.424242424242,0.439393939394,
    0.454545454545,0.469696969697,0.484848484848,0.5,0.515151515152,
    0.530303030303,0.545454545455,0.560606060606,0.575757575758,
    0.590909090909,0.606060606061,0.621212121212,0.636363636364,
    0.651515151515,0.666666666667,0.681818181818,0.69696969697,
    0.712121212121,0.727272727273,0.742424242424,0.757575757576,
    0.772727272727,0.787878787879,0.80303030303,0.818181818182,
    0.833333333333,0.848484848485,0.863636363636,0.878787878788,
    0.893939393939,0.909090909091,0.924242424242,0.939393939394,
    0.954545454545,0.969696969697,0.984848484848,1.),
  .QUASI_UNIFORM_KNOTS.);
#7877 = CARTESIAN_POINT('',(-3.14159265359,-13.6));
#7878 = CARTESIAN_POINT('',(-3.151596917883,-13.60001766938));
#7879 = CARTESIAN_POINT('',(-3.171419840003,-13.59323286241));
#7880 = CARTESIAN_POINT('',(-3.200292436108,-13.56401558181));
#7881 = CARTESIAN_POINT('',(-3.227989005189,-13.51709411869));
#7882 = CARTESIAN_POINT('',(-3.254227760241,-13.4541000387));
#7883 = CARTESIAN_POINT('',(-3.278753091644,-13.37684786183));
#7884 = CARTESIAN_POINT('',(-3.301334447844,-13.28741757285));
#7885 = CARTESIAN_POINT('',(-3.321801766216,-13.1879486018));
#7886 = CARTESIAN_POINT('',(-3.33993832495,-13.08139091463));
#7887 = CARTESIAN_POINT('',(-3.355932574483,-12.96860221437));
#7888 = CARTESIAN_POINT('',(-3.369913228262,-12.84993610499));
#7889 = CARTESIAN_POINT('',(-3.381861117889,-12.72659988939));
#7890 = CARTESIAN_POINT('',(-3.391797004289,-12.59943330594));
#7891 = CARTESIAN_POINT('',(-3.399730272397,-12.46925770797));
#7892 = CARTESIAN_POINT('',(-3.40567174162,-12.33680325012));
#7893 = CARTESIAN_POINT('',(-3.409629176548,-12.20274446835));
#7894 = CARTESIAN_POINT('',(-3.411607787215,-12.06771638932));
#7895 = CARTESIAN_POINT('',(-3.411607844516,-11.93229348706));
#7896 = CARTESIAN_POINT('',(-3.409629480736,-11.79727104266));
#7897 = CARTESIAN_POINT('',(-3.405672595887,-11.66322118483));
#7898 = CARTESIAN_POINT('',(-3.399732057707,-11.53077729885));
#7899 = CARTESIAN_POINT('',(-3.391800110005,-11.40061240536));
#7900 = CARTESIAN_POINT('',(-3.381865872136,-11.27345536714));
#7901 = CARTESIAN_POINT('',(-3.369919912865,-11.15012690775));
#7902 = CARTESIAN_POINT('',(-3.355941222047,-11.0314651557));
#7903 = CARTESIAN_POINT('',(-3.339949436416,-10.91868110497));
#7904 = CARTESIAN_POINT('',(-3.321813712238,-10.81211394437));
#7905 = CARTESIAN_POINT('',(-3.301339760511,-10.71260297242));
#7906 = CARTESIAN_POINT('',(-3.278747382793,-10.6231280208));
#7907 = CARTESIAN_POINT('',(-3.254207055482,-10.54584062378));
#7908 = CARTESIAN_POINT('',(-3.227955307055,-10.48282971197));
#7909 = CARTESIAN_POINT('',(-3.200236697706,-10.43591805439));
#7910 = CARTESIAN_POINT('',(-3.171386332514,-10.40671835718));
#7911 = CARTESIAN_POINT('',(-3.141532396116,-10.39662138317));
#7912 = CARTESIAN_POINT('',(-3.111687221364,-10.40679634348));
#7913 = CARTESIAN_POINT('',(-3.082851190996,-10.43605269022));
#7914 = CARTESIAN_POINT('',(-3.055152004472,-10.48299313003));
#7915 = CARTESIAN_POINT('',(-3.028921239939,-10.54600285661));
#7916 = CARTESIAN_POINT('',(-3.004400983764,-10.62326330732));
#7917 = CARTESIAN_POINT('',(-2.98182524156,-10.71269613816));
#7918 = CARTESIAN_POINT('',(-2.961362988511,-10.81216227755));
#7919 = CARTESIAN_POINT('',(-2.943231110654,-10.91871222253));
#7920 = CARTESIAN_POINT('',(-2.927240707778,-11.03149175512));
#7921 = CARTESIAN_POINT('',(-2.913263637683,-11.15014403573));
#7922 = CARTESIAN_POINT('',(-2.901318816805,-11.27346314625));
#7923 = CARTESIAN_POINT('',(-2.891385431807,-11.40060989471));
#7924 = CARTESIAN_POINT('',(-2.883454002532,-11.53076410311));
#7925 = CARTESIAN_POINT('',(-2.877513664136,-11.66319697846));
#7926 = CARTESIAN_POINT('',(-2.873556660108,-11.79723572304));
#7927 = CARTESIAN_POINT('',(-2.871577852697,-11.93224693093));
#7928 = CARTESIAN_POINT('',(-2.871577166247,-12.06765919854));
#7929 = CARTESIAN_POINT('',(-2.873554602148,-12.20267088618));
#7930 = CARTESIAN_POINT('',(-2.877510232128,-12.33671051222));
#7931 = CARTESIAN_POINT('',(-2.883449192516,-12.46914472991));
#7932 = CARTESIAN_POINT('',(-2.891379234982,-12.59930074914));
#7933 = CARTESIAN_POINT('',(-2.901311233676,-12.72644989749));
#7934 = CARTESIAN_POINT('',(-2.913254628197,-12.84977177997));
#7935 = CARTESIAN_POINT('',(-2.927230380604,-12.96842829542));
#7936 = CARTESIAN_POINT('',(-2.943219019671,-13.08120979121));
#7937 = CARTESIAN_POINT('',(-2.961350758946,-13.18777374499));
#7938 = CARTESIAN_POINT('',(-2.981819982958,-13.28728393949));
#7939 = CARTESIAN_POINT('',(-3.004407123733,-13.37676131619));
#7940 = CARTESIAN_POINT('',(-3.028940859303,-13.45405632993));
#7941 = CARTESIAN_POINT('',(-3.055188563923,-13.51708036993));
#7942 = CARTESIAN_POINT('',(-3.082892544032,-13.56401652903));
#7943 = CARTESIAN_POINT('',(-3.111768832105,-13.59323517246));
#7944 = CARTESIAN_POINT('',(-3.131590380674,-13.60001811281));
#7945 = CARTESIAN_POINT('',(-3.14159265359,-13.6));
#7946 = ( GEOMETRIC_REPRESENTATION_CONTEXT(2) 
PARAMETRIC_REPRESENTATION_CONTEXT() REPRESENTATION_CONTEXT('2D SPACE',''
  ) );
#7947 = PCURVE('',#7049,#7948);
#7948 = DEFINITIONAL_REPRESENTATION('',(#7949),#8019);
#7949 = B_SPLINE_CURVE_WITH_KNOTS('',3,(#7950,#7951,#7952,#7953,#7954,
    #7955,#7956,#7957,#7958,#7959,#7960,#7961,#7962,#7963,#7964,#7965,
    #7966,#7967,#7968,#7969,#7970,#7971,#7972,#7973,#7974,#7975,#7976,
    #7977,#7978,#7979,#7980,#7981,#7982,#7983,#7984,#7985,#7986,#7987,
    #7988,#7989,#7990,#7991,#7992,#7993,#7994,#7995,#7996,#7997,#7998,
    #7999,#8000,#8001,#8002,#8003,#8004,#8005,#8006,#8007,#8008,#8009,
    #8010,#8011,#8012,#8013,#8014,#8015,#8016,#8017,#8018),
  .UNSPECIFIED.,.F.,.F.,(4,1,1,1,1,1,1,1,1,1,1,1,1,1,1,1,1,1,1,1,1,1,1,1
    ,1,1,1,1,1,1,1,1,1,1,1,1,1,1,1,1,1,1,1,1,1,1,1,1,1,1,1,1,1,1,1,1,1,1
    ,1,1,1,1,1,1,1,1,4),(0.,1.515151515152E-02,3.030303030303E-02,
    4.545454545455E-02,6.060606060606E-02,7.575757575758E-02,
    9.090909090909E-02,0.106060606061,0.121212121212,0.136363636364,
    0.151515151515,0.166666666667,0.181818181818,0.19696969697,
    0.212121212121,0.227272727273,0.242424242424,0.257575757576,
    0.272727272727,0.287878787879,0.30303030303,0.318181818182,
    0.333333333333,0.348484848485,0.363636363636,0.378787878788,
    0.393939393939,0.409090909091,0.424242424242,0.439393939394,
    0.454545454545,0.469696969697,0.484848484848,0.5,0.515151515152,
    0.530303030303,0.545454545455,0.560606060606,0.575757575758,
    0.590909090909,0.606060606061,0.621212121212,0.636363636364,
    0.651515151515,0.666666666667,0.681818181818,0.69696969697,
    0.712121212121,0.727272727273,0.742424242424,0.757575757576,
    0.772727272727,0.787878787879,0.80303030303,0.818181818182,
    0.833333333333,0.848484848485,0.863636363636,0.878787878788,
    0.893939393939,0.909090909091,0.924242424242,0.939393939394,
    0.954545454545,0.969696969697,0.984848484848,1.),
  .QUASI_UNIFORM_KNOTS.);
#7950 = CARTESIAN_POINT('',(0.,1.));
#7951 = CARTESIAN_POINT('',(3.750411510456E-02,0.999983199197));
#7952 = CARTESIAN_POINT('',(0.111861355078,1.001815302879));
#7953 = CARTESIAN_POINT('',(0.221397374975,1.009530618205));
#7954 = CARTESIAN_POINT('',(0.328909689968,1.021653045807));
#7955 = CARTESIAN_POINT('',(0.434293919409,1.037377858287));
#7956 = CARTESIAN_POINT('',(0.537396626566,1.055800239665));
#7957 = CARTESIAN_POINT('',(0.637953777309,1.075931393081));
#7958 = CARTESIAN_POINT('',(0.735747408939,1.096796804783));
#7959 = CARTESIAN_POINT('',(0.829962822195,1.117353225509));
#7960 = CARTESIAN_POINT('',(0.921599654806,1.137079287655));
#7961 = CARTESIAN_POINT('',(1.01159838867,1.155549560613));
#7962 = CARTESIAN_POINT('',(1.100060170912,1.172239732527));
#7963 = CARTESIAN_POINT('',(1.187286927611,1.18675226693));
#7964 = CARTESIAN_POINT('',(1.273509887989,1.1987516386));
#7965 = CARTESIAN_POINT('',(1.358967702791,1.207977275262));
#7966 = CARTESIAN_POINT('',(1.443892102035,1.214235584369));
#7967 = CARTESIAN_POINT('',(1.528511343928,1.217398527636));
#7968 = CARTESIAN_POINT('',(1.613075139733,1.217398619675));
#7969 = CARTESIAN_POINT('',(1.697690806612,1.214236069967));
#7970 = CARTESIAN_POINT('',(1.782609388502,1.20797861978));
#7971 = CARTESIAN_POINT('',(1.868059978402,1.198754388014));
#7972 = CARTESIAN_POINT('',(1.954275049199,1.186756906365));
#7973 = CARTESIAN_POINT('',(2.041493902657,1.172246559721));
#7974 = CARTESIAN_POINT('',(2.1299479923,1.155558687401));
#7975 = CARTESIAN_POINT('',(2.219940376245,1.137090386949));
#7976 = CARTESIAN_POINT('',(2.311569151913,1.117366455717));
#7977 = CARTESIAN_POINT('',(2.405786417952,1.096809545374));
#7978 = CARTESIAN_POINT('',(2.503615472499,1.075936111221));
#7979 = CARTESIAN_POINT('',(2.60422181956,1.055794802421));
#7980 = CARTESIAN_POINT('',(2.707384238508,1.037363597963));
#7981 = CARTESIAN_POINT('',(2.812817123194,1.021633316477));
#7982 = CARTESIAN_POINT('',(2.920406914273,1.009514764922));
#7983 = CARTESIAN_POINT('',(3.029863901167,1.001796682904));
#7984 = CARTESIAN_POINT('',(3.141818172923,0.999096475781));
#7985 = CARTESIAN_POINT('',(3.253742265669,1.001817476205));
#7986 = CARTESIAN_POINT('',(3.363151946191,1.009550009313));
#7987 = CARTESIAN_POINT('',(3.470676328972,1.021674829814));
#7988 = CARTESIAN_POINT('',(3.576035983684,1.037403106955));
#7989 = CARTESIAN_POINT('',(3.679124323433,1.055825984181));
#7990 = CARTESIAN_POINT('',(3.779664716724,1.075956114021));
#7991 = CARTESIAN_POINT('',(3.877442622425,1.096819084633));
#7992 = CARTESIAN_POINT('',(3.971642285997,1.117372136608));
#7993 = CARTESIAN_POINT('',(4.063265622371,1.137094740928));
#7994 = CARTESIAN_POINT('',(4.153249773022,1.155561110097));
#7995 = CARTESIAN_POINT('',(4.241696751907,1.17224746223));
#7996 = CARTESIAN_POINT('',(4.328908484897,1.18675656986));
#7997 = CARTESIAN_POINT('',(4.415116654268,1.19875323901));
#7998 = CARTESIAN_POINT('',(4.500560421047,1.207977127729));
#7999 = CARTESIAN_POINT('',(4.58547224912,1.214234743423));
#8000 = CARTESIAN_POINT('',(4.670081070005,1.217397994084));
#8001 = CARTESIAN_POINT('',(4.754638239151,1.217399095345));
#8002 = CARTESIAN_POINT('',(4.839246940406,1.214238021464));
#8003 = CARTESIAN_POINT('',(4.924158473374,1.207982515818));
#8004 = CARTESIAN_POINT('',(5.00960179194,1.198760625204));
#8005 = CARTESIAN_POINT('',(5.095809336997,1.186765799952));
#8006 = CARTESIAN_POINT('',(5.183020326316,1.17225832058));
#8007 = CARTESIAN_POINT('',(5.271466212093,1.155573379502));
#8008 = CARTESIAN_POINT('',(5.361449746085,1.137107966729));
#8009 = CARTESIAN_POINT('',(5.45306981213,1.117386495068));
#8010 = CARTESIAN_POINT('',(5.547275152092,1.096832133719));
#8011 = CARTESIAN_POINT('',(5.645090185601,1.075960684017));
#8012 = CARTESIAN_POINT('',(5.745681073715,1.055820488965));
#8013 = CARTESIAN_POINT('',(5.848823571256,1.037388656048));
#8014 = CARTESIAN_POINT('',(5.954245511998,1.021656597169));
#8015 = CARTESIAN_POINT('',(6.061786831875,1.009530380318));
#8016 = CARTESIAN_POINT('',(6.171336659397,1.001814694586));
#8017 = CARTESIAN_POINT('',(6.245688578142,0.999983063426));
#8018 = CARTESIAN_POINT('',(6.28318530718,1.));
#8019 = ( GEOMETRIC_REPRESENTATION_CONTEXT(2) 
PARAMETRIC_REPRESENTATION_CONTEXT() REPRESENTATION_CONTEXT('2D SPACE',''
  ) );
#8020 = ADVANCED_FACE('',(#8021),#5807,.T.);
#8021 = FACE_BOUND('',#8022,.T.);
#8022 = EDGE_LOOP('',(#8023,#8024,#8025,#8026));
#8023 = ORIENTED_EDGE('',*,*,#7395,.T.);
#8024 = ORIENTED_EDGE('',*,*,#5843,.T.);
#8025 = ORIENTED_EDGE('',*,*,#5790,.T.);
#8026 = ORIENTED_EDGE('',*,*,#7286,.T.);
#8027 = ADVANCED_FACE('',(#8028),#6304,.F.);
#8028 = FACE_BOUND('',#8029,.F.);
#8029 = EDGE_LOOP('',(#8030,#8031,#8052,#8053,#8054,#8055));
#8030 = ORIENTED_EDGE('',*,*,#6436,.T.);
#8031 = ORIENTED_EDGE('',*,*,#8032,.T.);
#8032 = EDGE_CURVE('',#6149,#7588,#8033,.T.);
#8033 = SEAM_CURVE('',#8034,(#8038,#8045),.PCURVE_S1.);
#8034 = LINE('',#8035,#8036);
#8035 = CARTESIAN_POINT('',(-7.,3.918869757272E-16,23.1));
#8036 = VECTOR('',#8037,1.);
#8037 = DIRECTION('',(1.,0.,0.));
#8038 = PCURVE('',#6304,#8039);
#8039 = DEFINITIONAL_REPRESENTATION('',(#8040),#8044);
#8040 = LINE('',#8041,#8042);
#8041 = CARTESIAN_POINT('',(6.28318530718,-0.));
#8042 = VECTOR('',#8043,1.);
#8043 = DIRECTION('',(0.,1.));
#8044 = ( GEOMETRIC_REPRESENTATION_CONTEXT(2) 
PARAMETRIC_REPRESENTATION_CONTEXT() REPRESENTATION_CONTEXT('2D SPACE',''
  ) );
#8045 = PCURVE('',#6304,#8046);
#8046 = DEFINITIONAL_REPRESENTATION('',(#8047),#8051);
#8047 = LINE('',#8048,#8049);
#8048 = CARTESIAN_POINT('',(0.,-0.));
#8049 = VECTOR('',#8050,1.);
#8050 = DIRECTION('',(0.,1.));
#8051 = ( GEOMETRIC_REPRESENTATION_CONTEXT(2) 
PARAMETRIC_REPRESENTATION_CONTEXT() REPRESENTATION_CONTEXT('2D SPACE',''
  ) );
#8052 = ORIENTED_EDGE('',*,*,#7587,.F.);
#8053 = ORIENTED_EDGE('',*,*,#7725,.F.);
#8054 = ORIENTED_EDGE('',*,*,#8032,.F.);
#8055 = ORIENTED_EDGE('',*,*,#6148,.T.);
#8056 = ADVANCED_FACE('',(#8057,#8060),#6423,.T.);
#8057 = FACE_BOUND('',#8058,.T.);
#8058 = EDGE_LOOP('',(#8059));
#8059 = ORIENTED_EDGE('',*,*,#7702,.T.);
#8060 = FACE_BOUND('',#8061,.T.);
#8061 = EDGE_LOOP('',(#8062));
#8062 = ORIENTED_EDGE('',*,*,#6408,.F.);
#8063 = ADVANCED_FACE('',(#8064),#7049,.F.);
#8064 = FACE_BOUND('',#8065,.F.);
#8065 = EDGE_LOOP('',(#8066,#8087,#8088,#8089));
#8066 = ORIENTED_EDGE('',*,*,#8067,.T.);
#8067 = EDGE_CURVE('',#7820,#6690,#8068,.T.);
#8068 = SEAM_CURVE('',#8069,(#8073,#8080),.PCURVE_S1.);
#8069 = LINE('',#8070,#8071);
#8070 = CARTESIAN_POINT('',(-7.,3.918869757272E-16,23.1));
#8071 = VECTOR('',#8072,1.);
#8072 = DIRECTION('',(1.,0.,0.));
#8073 = PCURVE('',#7049,#8074);
#8074 = DEFINITIONAL_REPRESENTATION('',(#8075),#8079);
#8075 = LINE('',#8076,#8077);
#8076 = CARTESIAN_POINT('',(6.28318530718,-0.));
#8077 = VECTOR('',#8078,1.);
#8078 = DIRECTION('',(0.,1.));
#8079 = ( GEOMETRIC_REPRESENTATION_CONTEXT(2) 
PARAMETRIC_REPRESENTATION_CONTEXT() REPRESENTATION_CONTEXT('2D SPACE',''
  ) );
#8080 = PCURVE('',#7049,#8081);
#8081 = DEFINITIONAL_REPRESENTATION('',(#8082),#8086);
#8082 = LINE('',#8083,#8084);
#8083 = CARTESIAN_POINT('',(0.,-0.));
#8084 = VECTOR('',#8085,1.);
#8085 = DIRECTION('',(0.,1.));
#8086 = ( GEOMETRIC_REPRESENTATION_CONTEXT(2) 
PARAMETRIC_REPRESENTATION_CONTEXT() REPRESENTATION_CONTEXT('2D SPACE',''
  ) );
#8087 = ORIENTED_EDGE('',*,*,#6689,.F.);
#8088 = ORIENTED_EDGE('',*,*,#8067,.F.);
#8089 = ORIENTED_EDGE('',*,*,#7819,.T.);
#8090 = ( GEOMETRIC_REPRESENTATION_CONTEXT(3) 
GLOBAL_UNCERTAINTY_ASSIGNED_CONTEXT((#8094)) 
GLOBAL_UNIT_ASSIGNED_CONTEXT((#8091,#8092,#8093)) REPRESENTATION_CONTEXT
('Context #1','3D Context with UNIT and UNCERTAINTY') );
#8091 = ( LENGTH_UNIT() NAMED_UNIT(*) SI_UNIT(.MILLI.,.METRE.) );
#8092 = ( NAMED_UNIT(*) PLANE_ANGLE_UNIT() SI_UNIT($,.RADIAN.) );
#8093 = ( NAMED_UNIT(*) SI_UNIT($,.STERADIAN.) SOLID_ANGLE_UNIT() );
#8094 = UNCERTAINTY_MEASURE_WITH_UNIT(LENGTH_MEASURE(1.E-07),#8091,
  'distance_accuracy_value','confusion accuracy');
#8095 = PRODUCT_RELATED_PRODUCT_CATEGORY('part',$,(#7));
ENDSEC;
END-ISO-10303-21;
