ISO-10303-21;
HEADER;
FILE_DESCRIPTION(('Open CASCADE Model'),'2;1');
FILE_NAME('Open CASCADE Shape Model','1970-01-01T00:00:00',('Author'),(
    'Open CASCADE'),'Open CASCADE STEP processor 7.9','Open CASCADE 7.9'
  ,'Unknown');
FILE_SCHEMA(('AUTOMOTIVE_DESIGN { 1 0 10303 214 1 1 1 1 }'));
ENDSEC;
DATA;
#1 = APPLICATION_PROTOCOL_DEFINITION('international standard',
  'automotive_design',2000,#2);
#2 = APPLICATION_CONTEXT(
  'core data for automotive mechanical design processes');
#3 = SHAPE_DEFINITION_REPRESENTATION(#4,#10);
#4 = PRODUCT_DEFINITION_SHAPE('','',#5);
#5 = PRODUCT_DEFINITION('design','',#6,#9);
#6 = PRODUCT_DEFINITION_FORMATION('','',#7);
#7 = PRODUCT('so101_matcha_spoon_tool','so101_matcha_spoon_tool','',(#8)
  );
#8 = PRODUCT_CONTEXT('',#2,'mechanical');
#9 = PRODUCT_DEFINITION_CONTEXT('part definition',#2,'design');
#10 = SHAPE_REPRESENTATION('',(#11,#15,#19,#23,#27,#31,#35,#39,#43,#47,
    #51,#55,#59,#63,#67,#71,#75,#79,#83,#87,#91,#95,#99),#103);
#11 = AXIS2_PLACEMENT_3D('',#12,#13,#14);
#12 = CARTESIAN_POINT('',(0.,0.,0.));
#13 = DIRECTION('',(0.,0.,1.));
#14 = DIRECTION('',(1.,0.,-0.));
#15 = AXIS2_PLACEMENT_3D('',#16,#17,#18);
#16 = CARTESIAN_POINT('',(0.,0.,0.));
#17 = DIRECTION('',(0.,0.,1.));
#18 = DIRECTION('',(1.,0.,-0.));
#19 = AXIS2_PLACEMENT_3D('',#20,#21,#22);
#20 = CARTESIAN_POINT('',(0.,0.,0.));
#21 = DIRECTION('',(0.,0.,1.));
#22 = DIRECTION('',(1.,0.,-0.));
#23 = AXIS2_PLACEMENT_3D('',#24,#25,#26);
#24 = CARTESIAN_POINT('',(0.,0.,0.));
#25 = DIRECTION('',(0.,0.,1.));
#26 = DIRECTION('',(1.,0.,-0.));
#27 = AXIS2_PLACEMENT_3D('',#28,#29,#30);
#28 = CARTESIAN_POINT('',(0.,0.,0.));
#29 = DIRECTION('',(0.,0.,1.));
#30 = DIRECTION('',(1.,0.,-0.));
#31 = AXIS2_PLACEMENT_3D('',#32,#33,#34);
#32 = CARTESIAN_POINT('',(0.,0.,0.));
#33 = DIRECTION('',(0.,0.,1.));
#34 = DIRECTION('',(1.,0.,-0.));
#35 = AXIS2_PLACEMENT_3D('',#36,#37,#38);
#36 = CARTESIAN_POINT('',(0.,0.,0.));
#37 = DIRECTION('',(0.,0.,1.));
#38 = DIRECTION('',(1.,0.,-0.));
#39 = AXIS2_PLACEMENT_3D('',#40,#41,#42);
#40 = CARTESIAN_POINT('',(0.,0.,0.));
#41 = DIRECTION('',(0.,0.,1.));
#42 = DIRECTION('',(1.,0.,-0.));
#43 = AXIS2_PLACEMENT_3D('',#44,#45,#46);
#44 = CARTESIAN_POINT('',(0.,0.,0.));
#45 = DIRECTION('',(0.,0.,1.));
#46 = DIRECTION('',(1.,0.,-0.));
#47 = AXIS2_PLACEMENT_3D('',#48,#49,#50);
#48 = CARTESIAN_POINT('',(0.,0.,0.));
#49 = DIRECTION('',(0.,0.,1.));
#50 = DIRECTION('',(1.,0.,-0.));
#51 = AXIS2_PLACEMENT_3D('',#52,#53,#54);
#52 = CARTESIAN_POINT('',(0.,0.,0.));
#53 = DIRECTION('',(0.,0.,1.));
#54 = DIRECTION('',(1.,0.,-0.));
#55 = AXIS2_PLACEMENT_3D('',#56,#57,#58);
#56 = CARTESIAN_POINT('',(0.,0.,0.));
#57 = DIRECTION('',(0.,0.,1.));
#58 = DIRECTION('',(1.,0.,-0.));
#59 = AXIS2_PLACEMENT_3D('',#60,#61,#62);
#60 = CARTESIAN_POINT('',(0.,0.,0.));
#61 = DIRECTION('',(0.,0.,1.));
#62 = DIRECTION('',(1.,0.,-0.));
#63 = AXIS2_PLACEMENT_3D('',#64,#65,#66);
#64 = CARTESIAN_POINT('',(0.,0.,0.));
#65 = DIRECTION('',(0.,0.,1.));
#66 = DIRECTION('',(1.,0.,-0.));
#67 = AXIS2_PLACEMENT_3D('',#68,#69,#70);
#68 = CARTESIAN_POINT('',(0.,0.,0.));
#69 = DIRECTION('',(0.,0.,1.));
#70 = DIRECTION('',(1.,0.,-0.));
#71 = AXIS2_PLACEMENT_3D('',#72,#73,#74);
#72 = CARTESIAN_POINT('',(0.,0.,0.));
#73 = DIRECTION('',(0.,0.,1.));
#74 = DIRECTION('',(1.,0.,-0.));
#75 = AXIS2_PLACEMENT_3D('',#76,#77,#78);
#76 = CARTESIAN_POINT('',(0.,0.,0.));
#77 = DIRECTION('',(0.,0.,1.));
#78 = DIRECTION('',(1.,0.,-0.));
#79 = AXIS2_PLACEMENT_3D('',#80,#81,#82);
#80 = CARTESIAN_POINT('',(0.,0.,0.));
#81 = DIRECTION('',(0.,0.,1.));
#82 = DIRECTION('',(1.,0.,-0.));
#83 = AXIS2_PLACEMENT_3D('',#84,#85,#86);
#84 = CARTESIAN_POINT('',(0.,0.,0.));
#85 = DIRECTION('',(0.,0.,1.));
#86 = DIRECTION('',(1.,0.,-0.));
#87 = AXIS2_PLACEMENT_3D('',#88,#89,#90);
#88 = CARTESIAN_POINT('',(0.,0.,0.));
#89 = DIRECTION('',(0.,0.,1.));
#90 = DIRECTION('',(1.,0.,-0.));
#91 = AXIS2_PLACEMENT_3D('',#92,#93,#94);
#92 = CARTESIAN_POINT('',(0.,0.,0.));
#93 = DIRECTION('',(0.,0.,1.));
#94 = DIRECTION('',(1.,0.,-0.));
#95 = AXIS2_PLACEMENT_3D('',#96,#97,#98);
#96 = CARTESIAN_POINT('',(0.,0.,0.));
#97 = DIRECTION('',(0.,0.,1.));
#98 = DIRECTION('',(1.,0.,-0.));
#99 = AXIS2_PLACEMENT_3D('',#100,#101,#102);
#100 = CARTESIAN_POINT('',(0.,0.,0.));
#101 = DIRECTION('',(0.,0.,1.));
#102 = DIRECTION('',(1.,0.,-0.));
#103 = ( GEOMETRIC_REPRESENTATION_CONTEXT(3) 
GLOBAL_UNCERTAINTY_ASSIGNED_CONTEXT((#107)) GLOBAL_UNIT_ASSIGNED_CONTEXT
((#104,#105,#106)) REPRESENTATION_CONTEXT('Context #1',
  '3D Context with UNIT and UNCERTAINTY') );
#104 = ( LENGTH_UNIT() NAMED_UNIT(*) SI_UNIT(.MILLI.,.METRE.) );
#105 = ( NAMED_UNIT(*) PLANE_ANGLE_UNIT() SI_UNIT($,.RADIAN.) );
#106 = ( NAMED_UNIT(*) SI_UNIT($,.STERADIAN.) SOLID_ANGLE_UNIT() );
#107 = UNCERTAINTY_MEASURE_WITH_UNIT(LENGTH_MEASURE(2.E-07),#104,
  'distance_accuracy_value','confusion accuracy');
#108 = PRODUCT_RELATED_PRODUCT_CATEGORY('part',$,(#7));
#109 = SHAPE_DEFINITION_REPRESENTATION(#110,#116);
#110 = PRODUCT_DEFINITION_SHAPE('','',#111);
#111 = PRODUCT_DEFINITION('design','',#112,#115);
#112 = PRODUCT_DEFINITION_FORMATION('','',#113);
#113 = PRODUCT('common_tool_plate','common_tool_plate','',(#114));
#114 = PRODUCT_CONTEXT('',#2,'mechanical');
#115 = PRODUCT_DEFINITION_CONTEXT('part definition',#2,'design');
#116 = ADVANCED_BREP_SHAPE_REPRESENTATION('',(#11,#117),#5295);
#117 = MANIFOLD_SOLID_BREP('',#118);
#118 = CLOSED_SHELL('',(#119,#239,#1464,#1513,#2395,#2422,#2449,#2476,
    #2503,#2530,#2557,#2584,#2611,#2638,#2645,#2672,#2748,#2797,#2846,
    #2895,#2944,#2971,#2998,#3074,#3123,#3172,#3199,#3275,#3324,#3373,
    #3422,#3471,#3498,#3525,#3552,#3628,#3677,#3726,#3775,#3824,#3851,
    #3927,#3976,#4025,#4074,#4123,#4150,#4177,#4253,#4302,#4351,#4378,
    #4449,#4498,#4547,#4574,#4629,#4679,#4729,#4820,#4848,#4924,#4973,
    #5022,#5049,#5089,#5102,#5114,#5126,#5166,#5199,#5203,#5208,#5241,
    #5268));
#119 = ADVANCED_FACE('',(#120),#134,.F.);
#120 = FACE_BOUND('',#121,.F.);
#121 = EDGE_LOOP('',(#122,#157,#185,#213));
#122 = ORIENTED_EDGE('',*,*,#123,.F.);
#123 = EDGE_CURVE('',#124,#126,#128,.T.);
#124 = VERTEX_POINT('',#125);
#125 = CARTESIAN_POINT('',(-28.,-21.,9.5));
#126 = VERTEX_POINT('',#127);
#127 = CARTESIAN_POINT('',(-28.,-12.,9.5));
#128 = SURFACE_CURVE('',#129,(#133,#145),.PCURVE_S1.);
#129 = LINE('',#130,#131);
#130 = CARTESIAN_POINT('',(-28.,-25.,9.5));
#131 = VECTOR('',#132,1.);
#132 = DIRECTION('',(0.,1.,0.));
#133 = PCURVE('',#134,#139);
#134 = PLANE('',#135);
#135 = AXIS2_PLACEMENT_3D('',#136,#137,#138);
#136 = CARTESIAN_POINT('',(-28.,-25.,0.));
#137 = DIRECTION('',(1.,0.,0.));
#138 = DIRECTION('',(0.,0.,1.));
#139 = DEFINITIONAL_REPRESENTATION('',(#140),#144);
#140 = LINE('',#141,#142);
#141 = CARTESIAN_POINT('',(9.5,0.));
#142 = VECTOR('',#143,1.);
#143 = DIRECTION('',(0.,-1.));
#144 = ( GEOMETRIC_REPRESENTATION_CONTEXT(2) 
PARAMETRIC_REPRESENTATION_CONTEXT() REPRESENTATION_CONTEXT('2D SPACE',''
  ) );
#145 = PCURVE('',#146,#151);
#146 = PLANE('',#147);
#147 = AXIS2_PLACEMENT_3D('',#148,#149,#150);
#148 = CARTESIAN_POINT('',(-28.,-25.,9.5));
#149 = DIRECTION('',(0.,0.,1.));
#150 = DIRECTION('',(1.,0.,0.));
#151 = DEFINITIONAL_REPRESENTATION('',(#152),#156);
#152 = LINE('',#153,#154);
#153 = CARTESIAN_POINT('',(0.,0.));
#154 = VECTOR('',#155,1.);
#155 = DIRECTION('',(0.,1.));
#156 = ( GEOMETRIC_REPRESENTATION_CONTEXT(2) 
PARAMETRIC_REPRESENTATION_CONTEXT() REPRESENTATION_CONTEXT('2D SPACE',''
  ) );
#157 = ORIENTED_EDGE('',*,*,#158,.F.);
#158 = EDGE_CURVE('',#159,#124,#161,.T.);
#159 = VERTEX_POINT('',#160);
#160 = CARTESIAN_POINT('',(-28.,-21.,0.));
#161 = SURFACE_CURVE('',#162,(#166,#173),.PCURVE_S1.);
#162 = LINE('',#163,#164);
#163 = CARTESIAN_POINT('',(-28.,-21.,0.));
#164 = VECTOR('',#165,1.);
#165 = DIRECTION('',(0.,0.,1.));
#166 = PCURVE('',#134,#167);
#167 = DEFINITIONAL_REPRESENTATION('',(#168),#172);
#168 = LINE('',#169,#170);
#169 = CARTESIAN_POINT('',(0.,-4.));
#170 = VECTOR('',#171,1.);
#171 = DIRECTION('',(1.,0.));
#172 = ( GEOMETRIC_REPRESENTATION_CONTEXT(2) 
PARAMETRIC_REPRESENTATION_CONTEXT() REPRESENTATION_CONTEXT('2D SPACE',''
  ) );
#173 = PCURVE('',#174,#179);
#174 = CYLINDRICAL_SURFACE('',#175,4.);
#175 = AXIS2_PLACEMENT_3D('',#176,#177,#178);
#176 = CARTESIAN_POINT('',(-24.,-21.,0.));
#177 = DIRECTION('',(0.,0.,1.));
#178 = DIRECTION('',(-1.,-0.,0.));
#179 = DEFINITIONAL_REPRESENTATION('',(#180),#184);
#180 = LINE('',#181,#182);
#181 = CARTESIAN_POINT('',(0.,0.));
#182 = VECTOR('',#183,1.);
#183 = DIRECTION('',(0.,1.));
#184 = ( GEOMETRIC_REPRESENTATION_CONTEXT(2) 
PARAMETRIC_REPRESENTATION_CONTEXT() REPRESENTATION_CONTEXT('2D SPACE',''
  ) );
#185 = ORIENTED_EDGE('',*,*,#186,.T.);
#186 = EDGE_CURVE('',#159,#187,#189,.T.);
#187 = VERTEX_POINT('',#188);
#188 = CARTESIAN_POINT('',(-28.,-12.,0.));
#189 = SURFACE_CURVE('',#190,(#194,#201),.PCURVE_S1.);
#190 = LINE('',#191,#192);
#191 = CARTESIAN_POINT('',(-28.,-25.,0.));
#192 = VECTOR('',#193,1.);
#193 = DIRECTION('',(0.,1.,0.));
#194 = PCURVE('',#134,#195);
#195 = DEFINITIONAL_REPRESENTATION('',(#196),#200);
#196 = LINE('',#197,#198);
#197 = CARTESIAN_POINT('',(0.,0.));
#198 = VECTOR('',#199,1.);
#199 = DIRECTION('',(0.,-1.));
#200 = ( GEOMETRIC_REPRESENTATION_CONTEXT(2) 
PARAMETRIC_REPRESENTATION_CONTEXT() REPRESENTATION_CONTEXT('2D SPACE',''
  ) );
#201 = PCURVE('',#202,#207);
#202 = PLANE('',#203);
#203 = AXIS2_PLACEMENT_3D('',#204,#205,#206);
#204 = CARTESIAN_POINT('',(-28.,-25.,0.));
#205 = DIRECTION('',(0.,0.,1.));
#206 = DIRECTION('',(1.,0.,0.));
#207 = DEFINITIONAL_REPRESENTATION('',(#208),#212);
#208 = LINE('',#209,#210);
#209 = CARTESIAN_POINT('',(0.,0.));
#210 = VECTOR('',#211,1.);
#211 = DIRECTION('',(0.,1.));
#212 = ( GEOMETRIC_REPRESENTATION_CONTEXT(2) 
PARAMETRIC_REPRESENTATION_CONTEXT() REPRESENTATION_CONTEXT('2D SPACE',''
  ) );
#213 = ORIENTED_EDGE('',*,*,#214,.T.);
#214 = EDGE_CURVE('',#187,#126,#215,.T.);
#215 = SURFACE_CURVE('',#216,(#220,#227),.PCURVE_S1.);
#216 = LINE('',#217,#218);
#217 = CARTESIAN_POINT('',(-28.,-12.,0.));
#218 = VECTOR('',#219,1.);
#219 = DIRECTION('',(0.,0.,1.));
#220 = PCURVE('',#134,#221);
#221 = DEFINITIONAL_REPRESENTATION('',(#222),#226);
#222 = LINE('',#223,#224);
#223 = CARTESIAN_POINT('',(0.,-13.));
#224 = VECTOR('',#225,1.);
#225 = DIRECTION('',(1.,0.));
#226 = ( GEOMETRIC_REPRESENTATION_CONTEXT(2) 
PARAMETRIC_REPRESENTATION_CONTEXT() REPRESENTATION_CONTEXT('2D SPACE',''
  ) );
#227 = PCURVE('',#228,#233);
#228 = PLANE('',#229);
#229 = AXIS2_PLACEMENT_3D('',#230,#231,#232);
#230 = CARTESIAN_POINT('',(-36.,-12.,0.));
#231 = DIRECTION('',(0.,1.,0.));
#232 = DIRECTION('',(0.,0.,1.));
#233 = DEFINITIONAL_REPRESENTATION('',(#234),#238);
#234 = LINE('',#235,#236);
#235 = CARTESIAN_POINT('',(0.,8.));
#236 = VECTOR('',#237,1.);
#237 = DIRECTION('',(1.,0.));
#238 = ( GEOMETRIC_REPRESENTATION_CONTEXT(2) 
PARAMETRIC_REPRESENTATION_CONTEXT() REPRESENTATION_CONTEXT('2D SPACE',''
  ) );
#239 = ADVANCED_FACE('',(#240,#551,#586,#744,#779,#885,#1043,#1078,#1113
    ,#1271,#1429),#146,.T.);
#240 = FACE_BOUND('',#241,.T.);
#241 = EDGE_LOOP('',(#242,#243,#267,#295,#328,#356,#385,#413,#446,#474,
    #502,#530));
#242 = ORIENTED_EDGE('',*,*,#123,.F.);
#243 = ORIENTED_EDGE('',*,*,#244,.T.);
#244 = EDGE_CURVE('',#124,#245,#247,.T.);
#245 = VERTEX_POINT('',#246);
#246 = CARTESIAN_POINT('',(-24.,-25.,9.5));
#247 = SURFACE_CURVE('',#248,(#253,#260),.PCURVE_S1.);
#248 = CIRCLE('',#249,4.);
#249 = AXIS2_PLACEMENT_3D('',#250,#251,#252);
#250 = CARTESIAN_POINT('',(-24.,-21.,9.5));
#251 = DIRECTION('',(0.,0.,1.));
#252 = DIRECTION('',(0.,-1.,0.));
#253 = PCURVE('',#146,#254);
#254 = DEFINITIONAL_REPRESENTATION('',(#255),#259);
#255 = CIRCLE('',#256,4.);
#256 = AXIS2_PLACEMENT_2D('',#257,#258);
#257 = CARTESIAN_POINT('',(4.,4.));
#258 = DIRECTION('',(0.,-1.));
#259 = ( GEOMETRIC_REPRESENTATION_CONTEXT(2) 
PARAMETRIC_REPRESENTATION_CONTEXT() REPRESENTATION_CONTEXT('2D SPACE',''
  ) );
#260 = PCURVE('',#174,#261);
#261 = DEFINITIONAL_REPRESENTATION('',(#262),#266);
#262 = LINE('',#263,#264);
#263 = CARTESIAN_POINT('',(-4.712388980385,9.5));
#264 = VECTOR('',#265,1.);
#265 = DIRECTION('',(1.,0.));
#266 = ( GEOMETRIC_REPRESENTATION_CONTEXT(2) 
PARAMETRIC_REPRESENTATION_CONTEXT() REPRESENTATION_CONTEXT('2D SPACE',''
  ) );
#267 = ORIENTED_EDGE('',*,*,#268,.T.);
#268 = EDGE_CURVE('',#245,#269,#271,.T.);
#269 = VERTEX_POINT('',#270);
#270 = CARTESIAN_POINT('',(24.,-25.,9.5));
#271 = SURFACE_CURVE('',#272,(#276,#283),.PCURVE_S1.);
#272 = LINE('',#273,#274);
#273 = CARTESIAN_POINT('',(-28.,-25.,9.5));
#274 = VECTOR('',#275,1.);
#275 = DIRECTION('',(1.,0.,0.));
#276 = PCURVE('',#146,#277);
#277 = DEFINITIONAL_REPRESENTATION('',(#278),#282);
#278 = LINE('',#279,#280);
#279 = CARTESIAN_POINT('',(0.,0.));
#280 = VECTOR('',#281,1.);
#281 = DIRECTION('',(1.,0.));
#282 = ( GEOMETRIC_REPRESENTATION_CONTEXT(2) 
PARAMETRIC_REPRESENTATION_CONTEXT() REPRESENTATION_CONTEXT('2D SPACE',''
  ) );
#283 = PCURVE('',#284,#289);
#284 = PLANE('',#285);
#285 = AXIS2_PLACEMENT_3D('',#286,#287,#288);
#286 = CARTESIAN_POINT('',(-28.,-25.,0.));
#287 = DIRECTION('',(0.,1.,0.));
#288 = DIRECTION('',(0.,0.,1.));
#289 = DEFINITIONAL_REPRESENTATION('',(#290),#294);
#290 = LINE('',#291,#292);
#291 = CARTESIAN_POINT('',(9.5,0.));
#292 = VECTOR('',#293,1.);
#293 = DIRECTION('',(0.,1.));
#294 = ( GEOMETRIC_REPRESENTATION_CONTEXT(2) 
PARAMETRIC_REPRESENTATION_CONTEXT() REPRESENTATION_CONTEXT('2D SPACE',''
  ) );
#295 = ORIENTED_EDGE('',*,*,#296,.F.);
#296 = EDGE_CURVE('',#297,#269,#299,.T.);
#297 = VERTEX_POINT('',#298);
#298 = CARTESIAN_POINT('',(28.,-21.,9.5));
#299 = SURFACE_CURVE('',#300,(#305,#316),.PCURVE_S1.);
#300 = CIRCLE('',#301,4.);
#301 = AXIS2_PLACEMENT_3D('',#302,#303,#304);
#302 = CARTESIAN_POINT('',(24.,-21.,9.5));
#303 = DIRECTION('',(-0.,-0.,-1.));
#304 = DIRECTION('',(0.,-1.,0.));
#305 = PCURVE('',#146,#306);
#306 = DEFINITIONAL_REPRESENTATION('',(#307),#315);
#307 = ( BOUNDED_CURVE() B_SPLINE_CURVE(2,(#308,#309,#310,#311,#312,#313
,#314),.UNSPECIFIED.,.T.,.F.) B_SPLINE_CURVE_WITH_KNOTS((1,2,2,2,2,1),(
    -2.094395102393,0.,2.094395102393,4.188790204786,6.28318530718,
8.377580409573),.UNSPECIFIED.) CURVE() GEOMETRIC_REPRESENTATION_ITEM() 
RATIONAL_B_SPLINE_CURVE((1.,0.5,1.,0.5,1.,0.5,1.)) REPRESENTATION_ITEM(
  '') );
#308 = CARTESIAN_POINT('',(52.,0.));
#309 = CARTESIAN_POINT('',(45.071796769724,0.));
#310 = CARTESIAN_POINT('',(48.535898384862,6.));
#311 = CARTESIAN_POINT('',(52.,12.));
#312 = CARTESIAN_POINT('',(55.464101615138,6.));
#313 = CARTESIAN_POINT('',(58.928203230276,6.217248937901E-15));
#314 = CARTESIAN_POINT('',(52.,0.));
#315 = ( GEOMETRIC_REPRESENTATION_CONTEXT(2) 
PARAMETRIC_REPRESENTATION_CONTEXT() REPRESENTATION_CONTEXT('2D SPACE',''
  ) );
#316 = PCURVE('',#317,#322);
#317 = CYLINDRICAL_SURFACE('',#318,4.);
#318 = AXIS2_PLACEMENT_3D('',#319,#320,#321);
#319 = CARTESIAN_POINT('',(24.,-21.,0.));
#320 = DIRECTION('',(0.,0.,1.));
#321 = DIRECTION('',(1.,0.,-0.));
#322 = DEFINITIONAL_REPRESENTATION('',(#323),#327);
#323 = LINE('',#324,#325);
#324 = CARTESIAN_POINT('',(4.712388980385,9.5));
#325 = VECTOR('',#326,1.);
#326 = DIRECTION('',(-1.,0.));
#327 = ( GEOMETRIC_REPRESENTATION_CONTEXT(2) 
PARAMETRIC_REPRESENTATION_CONTEXT() REPRESENTATION_CONTEXT('2D SPACE',''
  ) );
#328 = ORIENTED_EDGE('',*,*,#329,.T.);
#329 = EDGE_CURVE('',#297,#330,#332,.T.);
#330 = VERTEX_POINT('',#331);
#331 = CARTESIAN_POINT('',(28.,21.,9.5));
#332 = SURFACE_CURVE('',#333,(#337,#344),.PCURVE_S1.);
#333 = LINE('',#334,#335);
#334 = CARTESIAN_POINT('',(28.,-25.,9.5));
#335 = VECTOR('',#336,1.);
#336 = DIRECTION('',(0.,1.,0.));
#337 = PCURVE('',#146,#338);
#338 = DEFINITIONAL_REPRESENTATION('',(#339),#343);
#339 = LINE('',#340,#341);
#340 = CARTESIAN_POINT('',(56.,0.));
#341 = VECTOR('',#342,1.);
#342 = DIRECTION('',(0.,1.));
#343 = ( GEOMETRIC_REPRESENTATION_CONTEXT(2) 
PARAMETRIC_REPRESENTATION_CONTEXT() REPRESENTATION_CONTEXT('2D SPACE',''
  ) );
#344 = PCURVE('',#345,#350);
#345 = PLANE('',#346);
#346 = AXIS2_PLACEMENT_3D('',#347,#348,#349);
#347 = CARTESIAN_POINT('',(28.,-25.,0.));
#348 = DIRECTION('',(1.,0.,0.));
#349 = DIRECTION('',(0.,0.,1.));
#350 = DEFINITIONAL_REPRESENTATION('',(#351),#355);
#351 = LINE('',#352,#353);
#352 = CARTESIAN_POINT('',(9.5,0.));
#353 = VECTOR('',#354,1.);
#354 = DIRECTION('',(0.,-1.));
#355 = ( GEOMETRIC_REPRESENTATION_CONTEXT(2) 
PARAMETRIC_REPRESENTATION_CONTEXT() REPRESENTATION_CONTEXT('2D SPACE',''
  ) );
#356 = ORIENTED_EDGE('',*,*,#357,.T.);
#357 = EDGE_CURVE('',#330,#358,#360,.T.);
#358 = VERTEX_POINT('',#359);
#359 = CARTESIAN_POINT('',(24.,25.,9.5));
#360 = SURFACE_CURVE('',#361,(#366,#373),.PCURVE_S1.);
#361 = CIRCLE('',#362,4.);
#362 = AXIS2_PLACEMENT_3D('',#363,#364,#365);
#363 = CARTESIAN_POINT('',(24.,21.,9.5));
#364 = DIRECTION('',(0.,0.,1.));
#365 = DIRECTION('',(0.,-1.,0.));
#366 = PCURVE('',#146,#367);
#367 = DEFINITIONAL_REPRESENTATION('',(#368),#372);
#368 = CIRCLE('',#369,4.);
#369 = AXIS2_PLACEMENT_2D('',#370,#371);
#370 = CARTESIAN_POINT('',(52.,46.));
#371 = DIRECTION('',(0.,-1.));
#372 = ( GEOMETRIC_REPRESENTATION_CONTEXT(2) 
PARAMETRIC_REPRESENTATION_CONTEXT() REPRESENTATION_CONTEXT('2D SPACE',''
  ) );
#373 = PCURVE('',#374,#379);
#374 = CYLINDRICAL_SURFACE('',#375,4.);
#375 = AXIS2_PLACEMENT_3D('',#376,#377,#378);
#376 = CARTESIAN_POINT('',(24.,21.,0.));
#377 = DIRECTION('',(0.,0.,1.));
#378 = DIRECTION('',(1.,0.,-0.));
#379 = DEFINITIONAL_REPRESENTATION('',(#380),#384);
#380 = LINE('',#381,#382);
#381 = CARTESIAN_POINT('',(-1.570796326795,9.5));
#382 = VECTOR('',#383,1.);
#383 = DIRECTION('',(1.,0.));
#384 = ( GEOMETRIC_REPRESENTATION_CONTEXT(2) 
PARAMETRIC_REPRESENTATION_CONTEXT() REPRESENTATION_CONTEXT('2D SPACE',''
  ) );
#385 = ORIENTED_EDGE('',*,*,#386,.F.);
#386 = EDGE_CURVE('',#387,#358,#389,.T.);
#387 = VERTEX_POINT('',#388);
#388 = CARTESIAN_POINT('',(-24.,25.,9.5));
#389 = SURFACE_CURVE('',#390,(#394,#401),.PCURVE_S1.);
#390 = LINE('',#391,#392);
#391 = CARTESIAN_POINT('',(-28.,25.,9.5));
#392 = VECTOR('',#393,1.);
#393 = DIRECTION('',(1.,0.,0.));
#394 = PCURVE('',#146,#395);
#395 = DEFINITIONAL_REPRESENTATION('',(#396),#400);
#396 = LINE('',#397,#398);
#397 = CARTESIAN_POINT('',(0.,50.));
#398 = VECTOR('',#399,1.);
#399 = DIRECTION('',(1.,0.));
#400 = ( GEOMETRIC_REPRESENTATION_CONTEXT(2) 
PARAMETRIC_REPRESENTATION_CONTEXT() REPRESENTATION_CONTEXT('2D SPACE',''
  ) );
#401 = PCURVE('',#402,#407);
#402 = PLANE('',#403);
#403 = AXIS2_PLACEMENT_3D('',#404,#405,#406);
#404 = CARTESIAN_POINT('',(-28.,25.,0.));
#405 = DIRECTION('',(0.,1.,0.));
#406 = DIRECTION('',(0.,0.,1.));
#407 = DEFINITIONAL_REPRESENTATION('',(#408),#412);
#408 = LINE('',#409,#410);
#409 = CARTESIAN_POINT('',(9.5,0.));
#410 = VECTOR('',#411,1.);
#411 = DIRECTION('',(0.,1.));
#412 = ( GEOMETRIC_REPRESENTATION_CONTEXT(2) 
PARAMETRIC_REPRESENTATION_CONTEXT() REPRESENTATION_CONTEXT('2D SPACE',''
  ) );
#413 = ORIENTED_EDGE('',*,*,#414,.F.);
#414 = EDGE_CURVE('',#415,#387,#417,.T.);
#415 = VERTEX_POINT('',#416);
#416 = CARTESIAN_POINT('',(-28.,21.,9.5));
#417 = SURFACE_CURVE('',#418,(#423,#434),.PCURVE_S1.);
#418 = CIRCLE('',#419,4.);
#419 = AXIS2_PLACEMENT_3D('',#420,#421,#422);
#420 = CARTESIAN_POINT('',(-24.,21.,9.5));
#421 = DIRECTION('',(-0.,-0.,-1.));
#422 = DIRECTION('',(0.,-1.,0.));
#423 = PCURVE('',#146,#424);
#424 = DEFINITIONAL_REPRESENTATION('',(#425),#433);
#425 = ( BOUNDED_CURVE() B_SPLINE_CURVE(2,(#426,#427,#428,#429,#430,#431
,#432),.UNSPECIFIED.,.T.,.F.) B_SPLINE_CURVE_WITH_KNOTS((1,2,2,2,2,1),(
    -2.094395102393,0.,2.094395102393,4.188790204786,6.28318530718,
8.377580409573),.UNSPECIFIED.) CURVE() GEOMETRIC_REPRESENTATION_ITEM() 
RATIONAL_B_SPLINE_CURVE((1.,0.5,1.,0.5,1.,0.5,1.)) REPRESENTATION_ITEM(
  '') );
#426 = CARTESIAN_POINT('',(4.,42.));
#427 = CARTESIAN_POINT('',(-2.928203230276,42.));
#428 = CARTESIAN_POINT('',(0.535898384862,48.));
#429 = CARTESIAN_POINT('',(4.,54.));
#430 = CARTESIAN_POINT('',(7.464101615138,48.));
#431 = CARTESIAN_POINT('',(10.928203230276,42.));
#432 = CARTESIAN_POINT('',(4.,42.));
#433 = ( GEOMETRIC_REPRESENTATION_CONTEXT(2) 
PARAMETRIC_REPRESENTATION_CONTEXT() REPRESENTATION_CONTEXT('2D SPACE',''
  ) );
#434 = PCURVE('',#435,#440);
#435 = CYLINDRICAL_SURFACE('',#436,4.);
#436 = AXIS2_PLACEMENT_3D('',#437,#438,#439);
#437 = CARTESIAN_POINT('',(-24.,21.,0.));
#438 = DIRECTION('',(0.,0.,1.));
#439 = DIRECTION('',(-1.,-0.,0.));
#440 = DEFINITIONAL_REPRESENTATION('',(#441),#445);
#441 = LINE('',#442,#443);
#442 = CARTESIAN_POINT('',(1.570796326795,9.5));
#443 = VECTOR('',#444,1.);
#444 = DIRECTION('',(-1.,0.));
#445 = ( GEOMETRIC_REPRESENTATION_CONTEXT(2) 
PARAMETRIC_REPRESENTATION_CONTEXT() REPRESENTATION_CONTEXT('2D SPACE',''
  ) );
#446 = ORIENTED_EDGE('',*,*,#447,.F.);
#447 = EDGE_CURVE('',#448,#415,#450,.T.);
#448 = VERTEX_POINT('',#449);
#449 = CARTESIAN_POINT('',(-28.,12.,9.5));
#450 = SURFACE_CURVE('',#451,(#455,#462),.PCURVE_S1.);
#451 = LINE('',#452,#453);
#452 = CARTESIAN_POINT('',(-28.,-25.,9.5));
#453 = VECTOR('',#454,1.);
#454 = DIRECTION('',(0.,1.,0.));
#455 = PCURVE('',#146,#456);
#456 = DEFINITIONAL_REPRESENTATION('',(#457),#461);
#457 = LINE('',#458,#459);
#458 = CARTESIAN_POINT('',(0.,0.));
#459 = VECTOR('',#460,1.);
#460 = DIRECTION('',(0.,1.));
#461 = ( GEOMETRIC_REPRESENTATION_CONTEXT(2) 
PARAMETRIC_REPRESENTATION_CONTEXT() REPRESENTATION_CONTEXT('2D SPACE',''
  ) );
#462 = PCURVE('',#463,#468);
#463 = PLANE('',#464);
#464 = AXIS2_PLACEMENT_3D('',#465,#466,#467);
#465 = CARTESIAN_POINT('',(-28.,-25.,0.));
#466 = DIRECTION('',(1.,0.,0.));
#467 = DIRECTION('',(0.,0.,1.));
#468 = DEFINITIONAL_REPRESENTATION('',(#469),#473);
#469 = LINE('',#470,#471);
#470 = CARTESIAN_POINT('',(9.5,0.));
#471 = VECTOR('',#472,1.);
#472 = DIRECTION('',(0.,-1.));
#473 = ( GEOMETRIC_REPRESENTATION_CONTEXT(2) 
PARAMETRIC_REPRESENTATION_CONTEXT() REPRESENTATION_CONTEXT('2D SPACE',''
  ) );
#474 = ORIENTED_EDGE('',*,*,#475,.F.);
#475 = EDGE_CURVE('',#476,#448,#478,.T.);
#476 = VERTEX_POINT('',#477);
#477 = CARTESIAN_POINT('',(-36.,12.,9.5));
#478 = SURFACE_CURVE('',#479,(#483,#490),.PCURVE_S1.);
#479 = LINE('',#480,#481);
#480 = CARTESIAN_POINT('',(-36.,12.,9.5));
#481 = VECTOR('',#482,1.);
#482 = DIRECTION('',(1.,0.,0.));
#483 = PCURVE('',#146,#484);
#484 = DEFINITIONAL_REPRESENTATION('',(#485),#489);
#485 = LINE('',#486,#487);
#486 = CARTESIAN_POINT('',(-8.,37.));
#487 = VECTOR('',#488,1.);
#488 = DIRECTION('',(1.,0.));
#489 = ( GEOMETRIC_REPRESENTATION_CONTEXT(2) 
PARAMETRIC_REPRESENTATION_CONTEXT() REPRESENTATION_CONTEXT('2D SPACE',''
  ) );
#490 = PCURVE('',#491,#496);
#491 = PLANE('',#492);
#492 = AXIS2_PLACEMENT_3D('',#493,#494,#495);
#493 = CARTESIAN_POINT('',(-36.,12.,0.));
#494 = DIRECTION('',(0.,1.,0.));
#495 = DIRECTION('',(0.,0.,1.));
#496 = DEFINITIONAL_REPRESENTATION('',(#497),#501);
#497 = LINE('',#498,#499);
#498 = CARTESIAN_POINT('',(9.5,0.));
#499 = VECTOR('',#500,1.);
#500 = DIRECTION('',(0.,1.));
#501 = ( GEOMETRIC_REPRESENTATION_CONTEXT(2) 
PARAMETRIC_REPRESENTATION_CONTEXT() REPRESENTATION_CONTEXT('2D SPACE',''
  ) );
#502 = ORIENTED_EDGE('',*,*,#503,.F.);
#503 = EDGE_CURVE('',#504,#476,#506,.T.);
#504 = VERTEX_POINT('',#505);
#505 = CARTESIAN_POINT('',(-36.,-12.,9.5));
#506 = SURFACE_CURVE('',#507,(#511,#518),.PCURVE_S1.);
#507 = LINE('',#508,#509);
#508 = CARTESIAN_POINT('',(-36.,-12.,9.5));
#509 = VECTOR('',#510,1.);
#510 = DIRECTION('',(0.,1.,0.));
#511 = PCURVE('',#146,#512);
#512 = DEFINITIONAL_REPRESENTATION('',(#513),#517);
#513 = LINE('',#514,#515);
#514 = CARTESIAN_POINT('',(-8.,13.));
#515 = VECTOR('',#516,1.);
#516 = DIRECTION('',(0.,1.));
#517 = ( GEOMETRIC_REPRESENTATION_CONTEXT(2) 
PARAMETRIC_REPRESENTATION_CONTEXT() REPRESENTATION_CONTEXT('2D SPACE',''
  ) );
#518 = PCURVE('',#519,#524);
#519 = PLANE('',#520);
#520 = AXIS2_PLACEMENT_3D('',#521,#522,#523);
#521 = CARTESIAN_POINT('',(-36.,-12.,0.));
#522 = DIRECTION('',(1.,0.,0.));
#523 = DIRECTION('',(0.,0.,1.));
#524 = DEFINITIONAL_REPRESENTATION('',(#525),#529);
#525 = LINE('',#526,#527);
#526 = CARTESIAN_POINT('',(9.5,0.));
#527 = VECTOR('',#528,1.);
#528 = DIRECTION('',(0.,-1.));
#529 = ( GEOMETRIC_REPRESENTATION_CONTEXT(2) 
PARAMETRIC_REPRESENTATION_CONTEXT() REPRESENTATION_CONTEXT('2D SPACE',''
  ) );
#530 = ORIENTED_EDGE('',*,*,#531,.T.);
#531 = EDGE_CURVE('',#504,#126,#532,.T.);
#532 = SURFACE_CURVE('',#533,(#537,#544),.PCURVE_S1.);
#533 = LINE('',#534,#535);
#534 = CARTESIAN_POINT('',(-36.,-12.,9.5));
#535 = VECTOR('',#536,1.);
#536 = DIRECTION('',(1.,0.,0.));
#537 = PCURVE('',#146,#538);
#538 = DEFINITIONAL_REPRESENTATION('',(#539),#543);
#539 = LINE('',#540,#541);
#540 = CARTESIAN_POINT('',(-8.,13.));
#541 = VECTOR('',#542,1.);
#542 = DIRECTION('',(1.,0.));
#543 = ( GEOMETRIC_REPRESENTATION_CONTEXT(2) 
PARAMETRIC_REPRESENTATION_CONTEXT() REPRESENTATION_CONTEXT('2D SPACE',''
  ) );
#544 = PCURVE('',#228,#545);
#545 = DEFINITIONAL_REPRESENTATION('',(#546),#550);
#546 = LINE('',#547,#548);
#547 = CARTESIAN_POINT('',(9.5,0.));
#548 = VECTOR('',#549,1.);
#549 = DIRECTION('',(0.,1.));
#550 = ( GEOMETRIC_REPRESENTATION_CONTEXT(2) 
PARAMETRIC_REPRESENTATION_CONTEXT() REPRESENTATION_CONTEXT('2D SPACE',''
  ) );
#551 = FACE_BOUND('',#552,.T.);
#552 = EDGE_LOOP('',(#553));
#553 = ORIENTED_EDGE('',*,*,#554,.T.);
#554 = EDGE_CURVE('',#555,#555,#557,.T.);
#555 = VERTEX_POINT('',#556);
#556 = CARTESIAN_POINT('',(-22.65,-17.,9.5));
#557 = SURFACE_CURVE('',#558,(#563,#574),.PCURVE_S1.);
#558 = CIRCLE('',#559,1.65);
#559 = AXIS2_PLACEMENT_3D('',#560,#561,#562);
#560 = CARTESIAN_POINT('',(-21.,-17.,9.5));
#561 = DIRECTION('',(0.,0.,-1.));
#562 = DIRECTION('',(-1.,0.,0.));
#563 = PCURVE('',#146,#564);
#564 = DEFINITIONAL_REPRESENTATION('',(#565),#573);
#565 = ( BOUNDED_CURVE() B_SPLINE_CURVE(2,(#566,#567,#568,#569,#570,#571
,#572),.UNSPECIFIED.,.T.,.F.) B_SPLINE_CURVE_WITH_KNOTS((1,2,2,2,2,1),(
    -2.094395102393,0.,2.094395102393,4.188790204786,6.28318530718,
8.377580409573),.UNSPECIFIED.) CURVE() GEOMETRIC_REPRESENTATION_ITEM() 
RATIONAL_B_SPLINE_CURVE((1.,0.5,1.,0.5,1.,0.5,1.)) REPRESENTATION_ITEM(
  '') );
#566 = CARTESIAN_POINT('',(5.35,8.));
#567 = CARTESIAN_POINT('',(5.35,10.857883832489));
#568 = CARTESIAN_POINT('',(7.825,9.428941916244));
#569 = CARTESIAN_POINT('',(10.3,8.));
#570 = CARTESIAN_POINT('',(7.825,6.571058083756));
#571 = CARTESIAN_POINT('',(5.35,5.142116167511));
#572 = CARTESIAN_POINT('',(5.35,8.));
#573 = ( GEOMETRIC_REPRESENTATION_CONTEXT(2) 
PARAMETRIC_REPRESENTATION_CONTEXT() REPRESENTATION_CONTEXT('2D SPACE',''
  ) );
#574 = PCURVE('',#575,#580);
#575 = CYLINDRICAL_SURFACE('',#576,1.65);
#576 = AXIS2_PLACEMENT_3D('',#577,#578,#579);
#577 = CARTESIAN_POINT('',(-21.,-17.,9.5));
#578 = DIRECTION('',(0.,0.,-1.));
#579 = DIRECTION('',(-1.,0.,0.));
#580 = DEFINITIONAL_REPRESENTATION('',(#581),#585);
#581 = LINE('',#582,#583);
#582 = CARTESIAN_POINT('',(0.,0.));
#583 = VECTOR('',#584,1.);
#584 = DIRECTION('',(1.,0.));
#585 = ( GEOMETRIC_REPRESENTATION_CONTEXT(2) 
PARAMETRIC_REPRESENTATION_CONTEXT() REPRESENTATION_CONTEXT('2D SPACE',''
  ) );
#586 = FACE_BOUND('',#587,.T.);
#587 = EDGE_LOOP('',(#588,#616,#642,#668,#694,#720));
#588 = ORIENTED_EDGE('',*,*,#589,.T.);
#589 = EDGE_CURVE('',#590,#592,#594,.T.);
#590 = VERTEX_POINT('',#591);
#591 = CARTESIAN_POINT('',(-2.396003617094,-11.85000000007,9.5));
#592 = VERTEX_POINT('',#593);
#593 = CARTESIAN_POINT('',(2.396003617094,-11.85000000007,9.5));
#594 = SURFACE_CURVE('',#595,(#599,#605),.PCURVE_S1.);
#595 = LINE('',#596,#597);
#596 = CARTESIAN_POINT('',(-12.80199819145,-11.85000000007,9.5));
#597 = VECTOR('',#598,1.);
#598 = DIRECTION('',(1.,-1.853458011005E-16,0.));
#599 = PCURVE('',#146,#600);
#600 = DEFINITIONAL_REPRESENTATION('',(#601),#604);
#601 = B_SPLINE_CURVE_WITH_KNOTS('',1,(#602,#603),.UNSPECIFIED.,.F.,.F.,
  (2,2),(10.405994574359,15.198001808547),.PIECEWISE_BEZIER_KNOTS.);
#602 = CARTESIAN_POINT('',(25.603996382906,13.149999999925));
#603 = CARTESIAN_POINT('',(30.396003617094,13.149999999925));
#604 = ( GEOMETRIC_REPRESENTATION_CONTEXT(2) 
PARAMETRIC_REPRESENTATION_CONTEXT() REPRESENTATION_CONTEXT('2D SPACE',''
  ) );
#605 = PCURVE('',#606,#611);
#606 = PLANE('',#607);
#607 = AXIS2_PLACEMENT_3D('',#608,#609,#610);
#608 = CARTESIAN_POINT('',(2.396003617094,-11.85000000007,5.45));
#609 = DIRECTION('',(-1.853458011005E-16,-1.,0.));
#610 = DIRECTION('',(-1.,1.853458011005E-16,0.));
#611 = DEFINITIONAL_REPRESENTATION('',(#612),#615);
#612 = B_SPLINE_CURVE_WITH_KNOTS('',1,(#613,#614),.UNSPECIFIED.,.F.,.F.,
  (2,2),(10.405994574359,15.198001808547),.PIECEWISE_BEZIER_KNOTS.);
#613 = CARTESIAN_POINT('',(4.792007234188,-4.05));
#614 = CARTESIAN_POINT('',(0.,-4.05));
#615 = ( GEOMETRIC_REPRESENTATION_CONTEXT(2) 
PARAMETRIC_REPRESENTATION_CONTEXT() REPRESENTATION_CONTEXT('2D SPACE',''
  ) );
#616 = ORIENTED_EDGE('',*,*,#617,.T.);
#617 = EDGE_CURVE('',#592,#618,#620,.T.);
#618 = VERTEX_POINT('',#619);
#619 = CARTESIAN_POINT('',(4.792007234188,-16.,9.5));
#620 = SURFACE_CURVE('',#621,(#625,#631),.PCURVE_S1.);
#621 = LINE('',#622,#623);
#622 = CARTESIAN_POINT('',(2.641563488429,-12.27532217352,9.5));
#623 = VECTOR('',#624,1.);
#624 = DIRECTION('',(0.5,-0.866025403784,0.));
#625 = PCURVE('',#146,#626);
#626 = DEFINITIONAL_REPRESENTATION('',(#627),#630);
#627 = B_SPLINE_CURVE_WITH_KNOTS('',1,(#628,#629),.UNSPECIFIED.,.F.,.F.,
  (2,2),(-0.491119742671,4.300887491517),.PIECEWISE_BEZIER_KNOTS.);
#628 = CARTESIAN_POINT('',(30.396003617094,13.149999999925));
#629 = CARTESIAN_POINT('',(32.792007234188,9.));
#630 = ( GEOMETRIC_REPRESENTATION_CONTEXT(2) 
PARAMETRIC_REPRESENTATION_CONTEXT() REPRESENTATION_CONTEXT('2D SPACE',''
  ) );
#631 = PCURVE('',#632,#637);
#632 = PLANE('',#633);
#633 = AXIS2_PLACEMENT_3D('',#634,#635,#636);
#634 = CARTESIAN_POINT('',(4.792007234188,-16.,5.45));
#635 = DIRECTION('',(-0.866025403784,-0.5,0.));
#636 = DIRECTION('',(-0.5,0.866025403784,0.));
#637 = DEFINITIONAL_REPRESENTATION('',(#638),#641);
#638 = B_SPLINE_CURVE_WITH_KNOTS('',1,(#639,#640),.UNSPECIFIED.,.F.,.F.,
  (2,2),(-0.491119742671,4.300887491517),.PIECEWISE_BEZIER_KNOTS.);
#639 = CARTESIAN_POINT('',(4.792007234188,-4.05));
#640 = CARTESIAN_POINT('',(0.,-4.05));
#641 = ( GEOMETRIC_REPRESENTATION_CONTEXT(2) 
PARAMETRIC_REPRESENTATION_CONTEXT() REPRESENTATION_CONTEXT('2D SPACE',''
  ) );
#642 = ORIENTED_EDGE('',*,*,#643,.T.);
#643 = EDGE_CURVE('',#618,#644,#646,.T.);
#644 = VERTEX_POINT('',#645);
#645 = CARTESIAN_POINT('',(2.396003617094,-20.14999999992,9.5));
#646 = SURFACE_CURVE('',#647,(#651,#657),.PCURVE_S1.);
#647 = LINE('',#648,#649);
#648 = CARTESIAN_POINT('',(-2.453552637148,-28.54967782643,9.5));
#649 = VECTOR('',#650,1.);
#650 = DIRECTION('',(-0.5,-0.866025403784,0.));
#651 = PCURVE('',#146,#652);
#652 = DEFINITIONAL_REPRESENTATION('',(#653),#656);
#653 = B_SPLINE_CURVE_WITH_KNOTS('',1,(#654,#655),.UNSPECIFIED.,.F.,.F.,
  (2,2),(-14.49111974267,-9.699112508483),.PIECEWISE_BEZIER_KNOTS.);
#654 = CARTESIAN_POINT('',(32.792007234188,9.));
#655 = CARTESIAN_POINT('',(30.396003617094,4.850000000075));
#656 = ( GEOMETRIC_REPRESENTATION_CONTEXT(2) 
PARAMETRIC_REPRESENTATION_CONTEXT() REPRESENTATION_CONTEXT('2D SPACE',''
  ) );
#657 = PCURVE('',#658,#663);
#658 = PLANE('',#659);
#659 = AXIS2_PLACEMENT_3D('',#660,#661,#662);
#660 = CARTESIAN_POINT('',(2.396003617094,-20.14999999992,5.45));
#661 = DIRECTION('',(-0.866025403784,0.5,0.));
#662 = DIRECTION('',(0.5,0.866025403784,0.));
#663 = DEFINITIONAL_REPRESENTATION('',(#664),#667);
#664 = B_SPLINE_CURVE_WITH_KNOTS('',1,(#665,#666),.UNSPECIFIED.,.F.,.F.,
  (2,2),(-14.49111974267,-9.699112508483),.PIECEWISE_BEZIER_KNOTS.);
#665 = CARTESIAN_POINT('',(4.792007234188,-4.05));
#666 = CARTESIAN_POINT('',(0.,-4.05));
#667 = ( GEOMETRIC_REPRESENTATION_CONTEXT(2) 
PARAMETRIC_REPRESENTATION_CONTEXT() REPRESENTATION_CONTEXT('2D SPACE',''
  ) );
#668 = ORIENTED_EDGE('',*,*,#669,.T.);
#669 = EDGE_CURVE('',#644,#670,#672,.T.);
#670 = VERTEX_POINT('',#671);
#671 = CARTESIAN_POINT('',(-2.396003617094,-20.14999999992,9.5));
#672 = SURFACE_CURVE('',#673,(#677,#683),.PCURVE_S1.);
#673 = LINE('',#674,#675);
#674 = CARTESIAN_POINT('',(-15.19800180854,-20.14999999992,9.5));
#675 = VECTOR('',#676,1.);
#676 = DIRECTION('',(-1.,7.413832044022E-16,0.));
#677 = PCURVE('',#146,#678);
#678 = DEFINITIONAL_REPRESENTATION('',(#679),#682);
#679 = B_SPLINE_CURVE_WITH_KNOTS('',1,(#680,#681),.UNSPECIFIED.,.F.,.F.,
  (2,2),(-17.59400542564,-12.80199819145),.PIECEWISE_BEZIER_KNOTS.);
#680 = CARTESIAN_POINT('',(30.396003617094,4.850000000075));
#681 = CARTESIAN_POINT('',(25.603996382906,4.850000000075));
#682 = ( GEOMETRIC_REPRESENTATION_CONTEXT(2) 
PARAMETRIC_REPRESENTATION_CONTEXT() REPRESENTATION_CONTEXT('2D SPACE',''
  ) );
#683 = PCURVE('',#684,#689);
#684 = PLANE('',#685);
#685 = AXIS2_PLACEMENT_3D('',#686,#687,#688);
#686 = CARTESIAN_POINT('',(-2.396003617094,-20.14999999992,5.45));
#687 = DIRECTION('',(7.413832044022E-16,1.,-0.));
#688 = DIRECTION('',(1.,-7.413832044022E-16,0.));
#689 = DEFINITIONAL_REPRESENTATION('',(#690),#693);
#690 = B_SPLINE_CURVE_WITH_KNOTS('',1,(#691,#692),.UNSPECIFIED.,.F.,.F.,
  (2,2),(-17.59400542564,-12.80199819145),.PIECEWISE_BEZIER_KNOTS.);
#691 = CARTESIAN_POINT('',(4.792007234188,-4.05));
#692 = CARTESIAN_POINT('',(0.,-4.05));
#693 = ( GEOMETRIC_REPRESENTATION_CONTEXT(2) 
PARAMETRIC_REPRESENTATION_CONTEXT() REPRESENTATION_CONTEXT('2D SPACE',''
  ) );
#694 = ORIENTED_EDGE('',*,*,#695,.T.);
#695 = EDGE_CURVE('',#670,#696,#698,.T.);
#696 = VERTEX_POINT('',#697);
#697 = CARTESIAN_POINT('',(-4.792007234188,-16.,9.5));
#698 = SURFACE_CURVE('',#699,(#703,#709),.PCURVE_S1.);
#699 = LINE('',#700,#701);
#700 = CARTESIAN_POINT('',(-5.744449171399,-14.35032217349,9.5));
#701 = VECTOR('',#702,1.);
#702 = DIRECTION('',(-0.5,0.866025403784,0.));
#703 = PCURVE('',#146,#704);
#704 = DEFINITIONAL_REPRESENTATION('',(#705),#708);
#705 = B_SPLINE_CURVE_WITH_KNOTS('',1,(#706,#707),.UNSPECIFIED.,.F.,.F.,
  (2,2),(-6.696891108611,-1.904883874423),.PIECEWISE_BEZIER_KNOTS.);
#706 = CARTESIAN_POINT('',(25.603996382906,4.850000000075));
#707 = CARTESIAN_POINT('',(23.207992765812,9.));
#708 = ( GEOMETRIC_REPRESENTATION_CONTEXT(2) 
PARAMETRIC_REPRESENTATION_CONTEXT() REPRESENTATION_CONTEXT('2D SPACE',''
  ) );
#709 = PCURVE('',#710,#715);
#710 = PLANE('',#711);
#711 = AXIS2_PLACEMENT_3D('',#712,#713,#714);
#712 = CARTESIAN_POINT('',(-4.792007234188,-16.,5.45));
#713 = DIRECTION('',(0.866025403784,0.5,-0.));
#714 = DIRECTION('',(0.5,-0.866025403784,0.));
#715 = DEFINITIONAL_REPRESENTATION('',(#716),#719);
#716 = B_SPLINE_CURVE_WITH_KNOTS('',1,(#717,#718),.UNSPECIFIED.,.F.,.F.,
  (2,2),(-6.696891108611,-1.904883874423),.PIECEWISE_BEZIER_KNOTS.);
#717 = CARTESIAN_POINT('',(4.792007234188,-4.05));
#718 = CARTESIAN_POINT('',(0.,-4.05));
#719 = ( GEOMETRIC_REPRESENTATION_CONTEXT(2) 
PARAMETRIC_REPRESENTATION_CONTEXT() REPRESENTATION_CONTEXT('2D SPACE',''
  ) );
#720 = ORIENTED_EDGE('',*,*,#721,.T.);
#721 = EDGE_CURVE('',#696,#590,#722,.T.);
#722 = SURFACE_CURVE('',#723,(#727,#733),.PCURVE_S1.);
#723 = LINE('',#724,#725);
#724 = CARTESIAN_POINT('',(-8.443561679882,-22.32467782654,9.5));
#725 = VECTOR('',#726,1.);
#726 = DIRECTION('',(0.5,0.866025403784,-0.));
#727 = PCURVE('',#146,#728);
#728 = DEFINITIONAL_REPRESENTATION('',(#729),#732);
#729 = B_SPLINE_CURVE_WITH_KNOTS('',1,(#730,#731),.UNSPECIFIED.,.F.,.F.,
  (2,2),(7.303108891389,12.095116125577),.PIECEWISE_BEZIER_KNOTS.);
#730 = CARTESIAN_POINT('',(23.207992765812,9.));
#731 = CARTESIAN_POINT('',(25.603996382906,13.149999999925));
#732 = ( GEOMETRIC_REPRESENTATION_CONTEXT(2) 
PARAMETRIC_REPRESENTATION_CONTEXT() REPRESENTATION_CONTEXT('2D SPACE',''
  ) );
#733 = PCURVE('',#734,#739);
#734 = PLANE('',#735);
#735 = AXIS2_PLACEMENT_3D('',#736,#737,#738);
#736 = CARTESIAN_POINT('',(-2.396003617094,-11.85000000007,5.45));
#737 = DIRECTION('',(0.866025403784,-0.5,0.));
#738 = DIRECTION('',(-0.5,-0.866025403784,0.));
#739 = DEFINITIONAL_REPRESENTATION('',(#740),#743);
#740 = B_SPLINE_CURVE_WITH_KNOTS('',1,(#741,#742),.UNSPECIFIED.,.F.,.F.,
  (2,2),(7.303108891389,12.095116125577),.PIECEWISE_BEZIER_KNOTS.);
#741 = CARTESIAN_POINT('',(4.792007234188,-4.05));
#742 = CARTESIAN_POINT('',(0.,-4.05));
#743 = ( GEOMETRIC_REPRESENTATION_CONTEXT(2) 
PARAMETRIC_REPRESENTATION_CONTEXT() REPRESENTATION_CONTEXT('2D SPACE',''
  ) );
#744 = FACE_BOUND('',#745,.T.);
#745 = EDGE_LOOP('',(#746));
#746 = ORIENTED_EDGE('',*,*,#747,.T.);
#747 = EDGE_CURVE('',#748,#748,#750,.T.);
#748 = VERTEX_POINT('',#749);
#749 = CARTESIAN_POINT('',(19.35,-17.,9.5));
#750 = SURFACE_CURVE('',#751,(#756,#767),.PCURVE_S1.);
#751 = CIRCLE('',#752,1.65);
#752 = AXIS2_PLACEMENT_3D('',#753,#754,#755);
#753 = CARTESIAN_POINT('',(21.,-17.,9.5));
#754 = DIRECTION('',(0.,0.,-1.));
#755 = DIRECTION('',(-1.,0.,0.));
#756 = PCURVE('',#146,#757);
#757 = DEFINITIONAL_REPRESENTATION('',(#758),#766);
#758 = ( BOUNDED_CURVE() B_SPLINE_CURVE(2,(#759,#760,#761,#762,#763,#764
,#765),.UNSPECIFIED.,.T.,.F.) B_SPLINE_CURVE_WITH_KNOTS((1,2,2,2,2,1),(
    -2.094395102393,0.,2.094395102393,4.188790204786,6.28318530718,
8.377580409573),.UNSPECIFIED.) CURVE() GEOMETRIC_REPRESENTATION_ITEM() 
RATIONAL_B_SPLINE_CURVE((1.,0.5,1.,0.5,1.,0.5,1.)) REPRESENTATION_ITEM(
  '') );
#759 = CARTESIAN_POINT('',(47.35,8.));
#760 = CARTESIAN_POINT('',(47.35,10.857883832489));
#761 = CARTESIAN_POINT('',(49.825,9.428941916244));
#762 = CARTESIAN_POINT('',(52.3,8.));
#763 = CARTESIAN_POINT('',(49.825,6.571058083756));
#764 = CARTESIAN_POINT('',(47.35,5.142116167511));
#765 = CARTESIAN_POINT('',(47.35,8.));
#766 = ( GEOMETRIC_REPRESENTATION_CONTEXT(2) 
PARAMETRIC_REPRESENTATION_CONTEXT() REPRESENTATION_CONTEXT('2D SPACE',''
  ) );
#767 = PCURVE('',#768,#773);
#768 = CYLINDRICAL_SURFACE('',#769,1.65);
#769 = AXIS2_PLACEMENT_3D('',#770,#771,#772);
#770 = CARTESIAN_POINT('',(21.,-17.,9.5));
#771 = DIRECTION('',(0.,0.,-1.));
#772 = DIRECTION('',(-1.,0.,0.));
#773 = DEFINITIONAL_REPRESENTATION('',(#774),#778);
#774 = LINE('',#775,#776);
#775 = CARTESIAN_POINT('',(0.,0.));
#776 = VECTOR('',#777,1.);
#777 = DIRECTION('',(1.,0.));
#778 = ( GEOMETRIC_REPRESENTATION_CONTEXT(2) 
PARAMETRIC_REPRESENTATION_CONTEXT() REPRESENTATION_CONTEXT('2D SPACE',''
  ) );
#779 = FACE_BOUND('',#780,.T.);
#780 = EDGE_LOOP('',(#781,#809,#835,#861));
#781 = ORIENTED_EDGE('',*,*,#782,.T.);
#782 = EDGE_CURVE('',#783,#785,#787,.T.);
#783 = VERTEX_POINT('',#784);
#784 = CARTESIAN_POINT('',(-25.,-9.,9.5));
#785 = VERTEX_POINT('',#786);
#786 = CARTESIAN_POINT('',(-28.,-9.,9.5));
#787 = SURFACE_CURVE('',#788,(#792,#798),.PCURVE_S1.);
#788 = LINE('',#789,#790);
#789 = CARTESIAN_POINT('',(-28.,-9.,9.5));
#790 = VECTOR('',#791,1.);
#791 = DIRECTION('',(-1.,0.,0.));
#792 = PCURVE('',#146,#793);
#793 = DEFINITIONAL_REPRESENTATION('',(#794),#797);
#794 = B_SPLINE_CURVE_WITH_KNOTS('',1,(#795,#796),.UNSPECIFIED.,.F.,.F.,
  (2,2),(-3.,0.),.PIECEWISE_BEZIER_KNOTS.);
#795 = CARTESIAN_POINT('',(3.,16.));
#796 = CARTESIAN_POINT('',(0.,16.));
#797 = ( GEOMETRIC_REPRESENTATION_CONTEXT(2) 
PARAMETRIC_REPRESENTATION_CONTEXT() REPRESENTATION_CONTEXT('2D SPACE',''
  ) );
#798 = PCURVE('',#799,#804);
#799 = PLANE('',#800);
#800 = AXIS2_PLACEMENT_3D('',#801,#802,#803);
#801 = CARTESIAN_POINT('',(-28.,-9.,1.));
#802 = DIRECTION('',(0.,1.,0.));
#803 = DIRECTION('',(0.,0.,1.));
#804 = DEFINITIONAL_REPRESENTATION('',(#805),#808);
#805 = B_SPLINE_CURVE_WITH_KNOTS('',1,(#806,#807),.UNSPECIFIED.,.F.,.F.,
  (2,2),(-3.,0.),.PIECEWISE_BEZIER_KNOTS.);
#806 = CARTESIAN_POINT('',(8.5,3.));
#807 = CARTESIAN_POINT('',(8.5,0.));
#808 = ( GEOMETRIC_REPRESENTATION_CONTEXT(2) 
PARAMETRIC_REPRESENTATION_CONTEXT() REPRESENTATION_CONTEXT('2D SPACE',''
  ) );
#809 = ORIENTED_EDGE('',*,*,#810,.T.);
#810 = EDGE_CURVE('',#785,#811,#813,.T.);
#811 = VERTEX_POINT('',#812);
#812 = CARTESIAN_POINT('',(-28.,9.,9.5));
#813 = SURFACE_CURVE('',#814,(#818,#824),.PCURVE_S1.);
#814 = LINE('',#815,#816);
#815 = CARTESIAN_POINT('',(-28.,-17.,9.5));
#816 = VECTOR('',#817,1.);
#817 = DIRECTION('',(0.,1.,0.));
#818 = PCURVE('',#146,#819);
#819 = DEFINITIONAL_REPRESENTATION('',(#820),#823);
#820 = B_SPLINE_CURVE_WITH_KNOTS('',1,(#821,#822),.UNSPECIFIED.,.F.,.F.,
  (2,2),(8.,26.),.PIECEWISE_BEZIER_KNOTS.);
#821 = CARTESIAN_POINT('',(0.,16.));
#822 = CARTESIAN_POINT('',(0.,34.));
#823 = ( GEOMETRIC_REPRESENTATION_CONTEXT(2) 
PARAMETRIC_REPRESENTATION_CONTEXT() REPRESENTATION_CONTEXT('2D SPACE',''
  ) );
#824 = PCURVE('',#825,#830);
#825 = PLANE('',#826);
#826 = AXIS2_PLACEMENT_3D('',#827,#828,#829);
#827 = CARTESIAN_POINT('',(-28.,-9.,1.));
#828 = DIRECTION('',(1.,0.,0.));
#829 = DIRECTION('',(0.,0.,1.));
#830 = DEFINITIONAL_REPRESENTATION('',(#831),#834);
#831 = B_SPLINE_CURVE_WITH_KNOTS('',1,(#832,#833),.UNSPECIFIED.,.F.,.F.,
  (2,2),(8.,26.),.PIECEWISE_BEZIER_KNOTS.);
#832 = CARTESIAN_POINT('',(8.5,0.));
#833 = CARTESIAN_POINT('',(8.5,-18.));
#834 = ( GEOMETRIC_REPRESENTATION_CONTEXT(2) 
PARAMETRIC_REPRESENTATION_CONTEXT() REPRESENTATION_CONTEXT('2D SPACE',''
  ) );
#835 = ORIENTED_EDGE('',*,*,#836,.F.);
#836 = EDGE_CURVE('',#837,#811,#839,.T.);
#837 = VERTEX_POINT('',#838);
#838 = CARTESIAN_POINT('',(-25.,9.,9.5));
#839 = SURFACE_CURVE('',#840,(#844,#850),.PCURVE_S1.);
#840 = LINE('',#841,#842);
#841 = CARTESIAN_POINT('',(-28.,9.,9.5));
#842 = VECTOR('',#843,1.);
#843 = DIRECTION('',(-1.,0.,0.));
#844 = PCURVE('',#146,#845);
#845 = DEFINITIONAL_REPRESENTATION('',(#846),#849);
#846 = B_SPLINE_CURVE_WITH_KNOTS('',1,(#847,#848),.UNSPECIFIED.,.F.,.F.,
  (2,2),(-3.,0.),.PIECEWISE_BEZIER_KNOTS.);
#847 = CARTESIAN_POINT('',(3.,34.));
#848 = CARTESIAN_POINT('',(0.,34.));
#849 = ( GEOMETRIC_REPRESENTATION_CONTEXT(2) 
PARAMETRIC_REPRESENTATION_CONTEXT() REPRESENTATION_CONTEXT('2D SPACE',''
  ) );
#850 = PCURVE('',#851,#856);
#851 = PLANE('',#852);
#852 = AXIS2_PLACEMENT_3D('',#853,#854,#855);
#853 = CARTESIAN_POINT('',(-28.,9.,1.));
#854 = DIRECTION('',(0.,1.,0.));
#855 = DIRECTION('',(0.,0.,1.));
#856 = DEFINITIONAL_REPRESENTATION('',(#857),#860);
#857 = B_SPLINE_CURVE_WITH_KNOTS('',1,(#858,#859),.UNSPECIFIED.,.F.,.F.,
  (2,2),(-3.,0.),.PIECEWISE_BEZIER_KNOTS.);
#858 = CARTESIAN_POINT('',(8.5,3.));
#859 = CARTESIAN_POINT('',(8.5,0.));
#860 = ( GEOMETRIC_REPRESENTATION_CONTEXT(2) 
PARAMETRIC_REPRESENTATION_CONTEXT() REPRESENTATION_CONTEXT('2D SPACE',''
  ) );
#861 = ORIENTED_EDGE('',*,*,#862,.F.);
#862 = EDGE_CURVE('',#783,#837,#863,.T.);
#863 = SURFACE_CURVE('',#864,(#868,#874),.PCURVE_S1.);
#864 = LINE('',#865,#866);
#865 = CARTESIAN_POINT('',(-25.,-17.,9.5));
#866 = VECTOR('',#867,1.);
#867 = DIRECTION('',(0.,1.,0.));
#868 = PCURVE('',#146,#869);
#869 = DEFINITIONAL_REPRESENTATION('',(#870),#873);
#870 = B_SPLINE_CURVE_WITH_KNOTS('',1,(#871,#872),.UNSPECIFIED.,.F.,.F.,
  (2,2),(8.,26.),.PIECEWISE_BEZIER_KNOTS.);
#871 = CARTESIAN_POINT('',(3.,16.));
#872 = CARTESIAN_POINT('',(3.,34.));
#873 = ( GEOMETRIC_REPRESENTATION_CONTEXT(2) 
PARAMETRIC_REPRESENTATION_CONTEXT() REPRESENTATION_CONTEXT('2D SPACE',''
  ) );
#874 = PCURVE('',#875,#880);
#875 = PLANE('',#876);
#876 = AXIS2_PLACEMENT_3D('',#877,#878,#879);
#877 = CARTESIAN_POINT('',(-25.,-9.,1.));
#878 = DIRECTION('',(1.,0.,0.));
#879 = DIRECTION('',(0.,0.,1.));
#880 = DEFINITIONAL_REPRESENTATION('',(#881),#884);
#881 = B_SPLINE_CURVE_WITH_KNOTS('',1,(#882,#883),.UNSPECIFIED.,.F.,.F.,
  (2,2),(8.,26.),.PIECEWISE_BEZIER_KNOTS.);
#882 = CARTESIAN_POINT('',(8.5,0.));
#883 = CARTESIAN_POINT('',(8.5,-18.));
#884 = ( GEOMETRIC_REPRESENTATION_CONTEXT(2) 
PARAMETRIC_REPRESENTATION_CONTEXT() REPRESENTATION_CONTEXT('2D SPACE',''
  ) );
#885 = FACE_BOUND('',#886,.T.);
#886 = EDGE_LOOP('',(#887,#915,#941,#967,#993,#1019));
#887 = ORIENTED_EDGE('',*,*,#888,.T.);
#888 = EDGE_CURVE('',#889,#891,#893,.T.);
#889 = VERTEX_POINT('',#890);
#890 = CARTESIAN_POINT('',(-13.64544826716,2.849999999949,9.5));
#891 = VERTEX_POINT('',#892);
#892 = CARTESIAN_POINT('',(-10.35455173283,2.849999999949,9.5));
#893 = SURFACE_CURVE('',#894,(#898,#904),.PCURVE_S1.);
#894 = LINE('',#895,#896);
#895 = CARTESIAN_POINT('',(-19.17727586642,2.849999999949,9.5));
#896 = VECTOR('',#897,1.);
#897 = DIRECTION('',(1.,0.,-0.));
#898 = PCURVE('',#146,#899);
#899 = DEFINITIONAL_REPRESENTATION('',(#900),#903);
#900 = B_SPLINE_CURVE_WITH_KNOTS('',1,(#901,#902),.UNSPECIFIED.,.F.,.F.,
  (2,2),(5.531827599259,8.82272413358),.PIECEWISE_BEZIER_KNOTS.);
#901 = CARTESIAN_POINT('',(14.354551732839,27.849999999949));
#902 = CARTESIAN_POINT('',(17.645448267161,27.849999999949));
#903 = ( GEOMETRIC_REPRESENTATION_CONTEXT(2) 
PARAMETRIC_REPRESENTATION_CONTEXT() REPRESENTATION_CONTEXT('2D SPACE',''
  ) );
#904 = PCURVE('',#905,#910);
#905 = PLANE('',#906);
#906 = AXIS2_PLACEMENT_3D('',#907,#908,#909);
#907 = CARTESIAN_POINT('',(-10.35455173283,2.849999999949,1.5));
#908 = DIRECTION('',(0.,-1.,0.));
#909 = DIRECTION('',(-1.,0.,0.));
#910 = DEFINITIONAL_REPRESENTATION('',(#911),#914);
#911 = B_SPLINE_CURVE_WITH_KNOTS('',1,(#912,#913),.UNSPECIFIED.,.F.,.F.,
  (2,2),(5.531827599259,8.82272413358),.PIECEWISE_BEZIER_KNOTS.);
#912 = CARTESIAN_POINT('',(3.290896534322,-8.));
#913 = CARTESIAN_POINT('',(0.,-8.));
#914 = ( GEOMETRIC_REPRESENTATION_CONTEXT(2) 
PARAMETRIC_REPRESENTATION_CONTEXT() REPRESENTATION_CONTEXT('2D SPACE',''
  ) );
#915 = ORIENTED_EDGE('',*,*,#916,.T.);
#916 = EDGE_CURVE('',#891,#917,#919,.T.);
#917 = VERTEX_POINT('',#918);
#918 = CARTESIAN_POINT('',(-8.709103465678,0.,9.5));
#919 = SURFACE_CURVE('',#920,(#924,#930),.PCURVE_S1.);
#920 = LINE('',#921,#922);
#921 = CARTESIAN_POINT('',(-5.707806758816,-5.198398384875,9.5));
#922 = VECTOR('',#923,1.);
#923 = DIRECTION('',(0.5,-0.866025403784,0.));
#924 = PCURVE('',#146,#925);
#925 = DEFINITIONAL_REPRESENTATION('',(#926),#929);
#926 = B_SPLINE_CURVE_WITH_KNOTS('',1,(#927,#928),.UNSPECIFIED.,.F.,.F.,
  (2,2),(-9.293489948047,-6.002593413725),.PIECEWISE_BEZIER_KNOTS.);
#927 = CARTESIAN_POINT('',(17.645448267161,27.849999999949));
#928 = CARTESIAN_POINT('',(19.290896534322,25.));
#929 = ( GEOMETRIC_REPRESENTATION_CONTEXT(2) 
PARAMETRIC_REPRESENTATION_CONTEXT() REPRESENTATION_CONTEXT('2D SPACE',''
  ) );
#930 = PCURVE('',#931,#936);
#931 = PLANE('',#932);
#932 = AXIS2_PLACEMENT_3D('',#933,#934,#935);
#933 = CARTESIAN_POINT('',(-8.709103465678,0.,1.5));
#934 = DIRECTION('',(-0.866025403784,-0.5,0.));
#935 = DIRECTION('',(-0.5,0.866025403784,0.));
#936 = DEFINITIONAL_REPRESENTATION('',(#937),#940);
#937 = B_SPLINE_CURVE_WITH_KNOTS('',1,(#938,#939),.UNSPECIFIED.,.F.,.F.,
  (2,2),(-9.293489948047,-6.002593413725),.PIECEWISE_BEZIER_KNOTS.);
#938 = CARTESIAN_POINT('',(3.290896534322,-8.));
#939 = CARTESIAN_POINT('',(0.,-8.));
#940 = ( GEOMETRIC_REPRESENTATION_CONTEXT(2) 
PARAMETRIC_REPRESENTATION_CONTEXT() REPRESENTATION_CONTEXT('2D SPACE',''
  ) );
#941 = ORIENTED_EDGE('',*,*,#942,.T.);
#942 = EDGE_CURVE('',#917,#943,#945,.T.);
#943 = VERTEX_POINT('',#944);
#944 = CARTESIAN_POINT('',(-10.35455173283,-2.849999999949,9.5));
#945 = SURFACE_CURVE('',#946,(#950,#956),.PCURVE_S1.);
#946 = LINE('',#947,#948);
#947 = CARTESIAN_POINT('',(-17.3558484397,-14.97660161509,9.5));
#948 = VECTOR('',#949,1.);
#949 = DIRECTION('',(-0.5,-0.866025403784,0.));
#950 = PCURVE('',#146,#951);
#951 = DEFINITIONAL_REPRESENTATION('',(#952),#955);
#952 = B_SPLINE_CURVE_WITH_KNOTS('',1,(#953,#954),.UNSPECIFIED.,.F.,.F.,
  (2,2),(-17.29348994804,-14.00259341372),.PIECEWISE_BEZIER_KNOTS.);
#953 = CARTESIAN_POINT('',(19.290896534322,25.));
#954 = CARTESIAN_POINT('',(17.645448267161,22.150000000051));
#955 = ( GEOMETRIC_REPRESENTATION_CONTEXT(2) 
PARAMETRIC_REPRESENTATION_CONTEXT() REPRESENTATION_CONTEXT('2D SPACE',''
  ) );
#956 = PCURVE('',#957,#962);
#957 = PLANE('',#958);
#958 = AXIS2_PLACEMENT_3D('',#959,#960,#961);
#959 = CARTESIAN_POINT('',(-10.35455173283,-2.849999999949,1.5));
#960 = DIRECTION('',(-0.866025403784,0.5,0.));
#961 = DIRECTION('',(0.5,0.866025403784,0.));
#962 = DEFINITIONAL_REPRESENTATION('',(#963),#966);
#963 = B_SPLINE_CURVE_WITH_KNOTS('',1,(#964,#965),.UNSPECIFIED.,.F.,.F.,
  (2,2),(-17.29348994804,-14.00259341372),.PIECEWISE_BEZIER_KNOTS.);
#964 = CARTESIAN_POINT('',(3.290896534322,-8.));
#965 = CARTESIAN_POINT('',(0.,-8.));
#966 = ( GEOMETRIC_REPRESENTATION_CONTEXT(2) 
PARAMETRIC_REPRESENTATION_CONTEXT() REPRESENTATION_CONTEXT('2D SPACE',''
  ) );
#967 = ORIENTED_EDGE('',*,*,#968,.T.);
#968 = EDGE_CURVE('',#943,#969,#971,.T.);
#969 = VERTEX_POINT('',#970);
#970 = CARTESIAN_POINT('',(-13.64544826716,-2.849999999949,9.5));
#971 = SURFACE_CURVE('',#972,(#976,#982),.PCURVE_S1.);
#972 = LINE('',#973,#974);
#973 = CARTESIAN_POINT('',(-20.82272413358,-2.849999999949,9.5));
#974 = VECTOR('',#975,1.);
#975 = DIRECTION('',(-1.,6.747237496204E-16,0.));
#976 = PCURVE('',#146,#977);
#977 = DEFINITIONAL_REPRESENTATION('',(#978),#981);
#978 = B_SPLINE_CURVE_WITH_KNOTS('',1,(#979,#980),.UNSPECIFIED.,.F.,.F.,
  (2,2),(-10.46817240074,-7.17727586642),.PIECEWISE_BEZIER_KNOTS.);
#979 = CARTESIAN_POINT('',(17.645448267161,22.150000000051));
#980 = CARTESIAN_POINT('',(14.354551732839,22.150000000051));
#981 = ( GEOMETRIC_REPRESENTATION_CONTEXT(2) 
PARAMETRIC_REPRESENTATION_CONTEXT() REPRESENTATION_CONTEXT('2D SPACE',''
  ) );
#982 = PCURVE('',#983,#988);
#983 = PLANE('',#984);
#984 = AXIS2_PLACEMENT_3D('',#985,#986,#987);
#985 = CARTESIAN_POINT('',(-13.64544826716,-2.849999999949,1.5));
#986 = DIRECTION('',(6.747237496204E-16,1.,-0.));
#987 = DIRECTION('',(1.,-6.747237496204E-16,0.));
#988 = DEFINITIONAL_REPRESENTATION('',(#989),#992);
#989 = B_SPLINE_CURVE_WITH_KNOTS('',1,(#990,#991),.UNSPECIFIED.,.F.,.F.,
  (2,2),(-10.46817240074,-7.17727586642),.PIECEWISE_BEZIER_KNOTS.);
#990 = CARTESIAN_POINT('',(3.290896534322,-8.));
#991 = CARTESIAN_POINT('',(0.,-8.));
#992 = ( GEOMETRIC_REPRESENTATION_CONTEXT(2) 
PARAMETRIC_REPRESENTATION_CONTEXT() REPRESENTATION_CONTEXT('2D SPACE',''
  ) );
#993 = ORIENTED_EDGE('',*,*,#994,.T.);
#994 = EDGE_CURVE('',#969,#995,#997,.T.);
#995 = VERTEX_POINT('',#996);
#996 = CARTESIAN_POINT('',(-15.29089653432,4.030185907082E-16,9.5));
#997 = SURFACE_CURVE('',#998,(#1002,#1008),.PCURVE_S1.);
#998 = LINE('',#999,#1000);
#999 = CARTESIAN_POINT('',(-11.46687569387,-6.623398384849,9.5));
#1000 = VECTOR('',#1001,1.);
#1001 = DIRECTION('',(-0.5,0.866025403784,0.));
#1002 = PCURVE('',#146,#1003);
#1003 = DEFINITIONAL_REPRESENTATION('',(#1004),#1007);
#1004 = B_SPLINE_CURVE_WITH_KNOTS('',1,(#1005,#1006),.UNSPECIFIED.,.F.,
  .F.,(2,2),(4.357145146564,7.648041680886),.PIECEWISE_BEZIER_KNOTS.);
#1005 = CARTESIAN_POINT('',(14.354551732839,22.150000000051));
#1006 = CARTESIAN_POINT('',(12.709103465678,25.));
#1007 = ( GEOMETRIC_REPRESENTATION_CONTEXT(2) 
PARAMETRIC_REPRESENTATION_CONTEXT() REPRESENTATION_CONTEXT('2D SPACE',''
  ) );
#1008 = PCURVE('',#1009,#1014);
#1009 = PLANE('',#1010);
#1010 = AXIS2_PLACEMENT_3D('',#1011,#1012,#1013);
#1011 = CARTESIAN_POINT('',(-15.29089653432,4.030185907082E-16,1.5));
#1012 = DIRECTION('',(0.866025403784,0.5,-0.));
#1013 = DIRECTION('',(0.5,-0.866025403784,0.));
#1014 = DEFINITIONAL_REPRESENTATION('',(#1015),#1018);
#1015 = B_SPLINE_CURVE_WITH_KNOTS('',1,(#1016,#1017),.UNSPECIFIED.,.F.,
  .F.,(2,2),(4.357145146564,7.648041680886),.PIECEWISE_BEZIER_KNOTS.);
#1016 = CARTESIAN_POINT('',(3.290896534322,-8.));
#1017 = CARTESIAN_POINT('',(0.,-8.));
#1018 = ( GEOMETRIC_REPRESENTATION_CONTEXT(2) 
PARAMETRIC_REPRESENTATION_CONTEXT() REPRESENTATION_CONTEXT('2D SPACE',''
  ) );
#1019 = ORIENTED_EDGE('',*,*,#1020,.T.);
#1020 = EDGE_CURVE('',#995,#889,#1021,.T.);
#1021 = SURFACE_CURVE('',#1022,(#1026,#1032),.PCURVE_S1.);
#1022 = LINE('',#1023,#1024);
#1023 = CARTESIAN_POINT('',(-21.4694691076,-10.70160161517,9.5));
#1024 = VECTOR('',#1025,1.);
#1025 = DIRECTION('',(0.5,0.866025403784,-0.));
#1026 = PCURVE('',#146,#1027);
#1027 = DEFINITIONAL_REPRESENTATION('',(#1028),#1031);
#1028 = B_SPLINE_CURVE_WITH_KNOTS('',1,(#1029,#1030),.UNSPECIFIED.,.F.,
  .F.,(2,2),(12.357145146564,15.648041680886),.PIECEWISE_BEZIER_KNOTS.);
#1029 = CARTESIAN_POINT('',(12.709103465678,25.));
#1030 = CARTESIAN_POINT('',(14.354551732839,27.849999999949));
#1031 = ( GEOMETRIC_REPRESENTATION_CONTEXT(2) 
PARAMETRIC_REPRESENTATION_CONTEXT() REPRESENTATION_CONTEXT('2D SPACE',''
  ) );
#1032 = PCURVE('',#1033,#1038);
#1033 = PLANE('',#1034);
#1034 = AXIS2_PLACEMENT_3D('',#1035,#1036,#1037);
#1035 = CARTESIAN_POINT('',(-13.64544826716,2.849999999949,1.5));
#1036 = DIRECTION('',(0.866025403784,-0.5,0.));
#1037 = DIRECTION('',(-0.5,-0.866025403784,0.));
#1038 = DEFINITIONAL_REPRESENTATION('',(#1039),#1042);
#1039 = B_SPLINE_CURVE_WITH_KNOTS('',1,(#1040,#1041),.UNSPECIFIED.,.F.,
  .F.,(2,2),(12.357145146564,15.648041680886),.PIECEWISE_BEZIER_KNOTS.);
#1040 = CARTESIAN_POINT('',(3.290896534322,-8.));
#1041 = CARTESIAN_POINT('',(0.,-8.));
#1042 = ( GEOMETRIC_REPRESENTATION_CONTEXT(2) 
PARAMETRIC_REPRESENTATION_CONTEXT() REPRESENTATION_CONTEXT('2D SPACE',''
  ) );
#1043 = FACE_BOUND('',#1044,.T.);
#1044 = EDGE_LOOP('',(#1045));
#1045 = ORIENTED_EDGE('',*,*,#1046,.T.);
#1046 = EDGE_CURVE('',#1047,#1047,#1049,.T.);
#1047 = VERTEX_POINT('',#1048);
#1048 = CARTESIAN_POINT('',(-22.65,17.,9.5));
#1049 = SURFACE_CURVE('',#1050,(#1055,#1066),.PCURVE_S1.);
#1050 = CIRCLE('',#1051,1.65);
#1051 = AXIS2_PLACEMENT_3D('',#1052,#1053,#1054);
#1052 = CARTESIAN_POINT('',(-21.,17.,9.5));
#1053 = DIRECTION('',(0.,0.,-1.));
#1054 = DIRECTION('',(-1.,0.,0.));
#1055 = PCURVE('',#146,#1056);
#1056 = DEFINITIONAL_REPRESENTATION('',(#1057),#1065);
#1057 = ( BOUNDED_CURVE() B_SPLINE_CURVE(2,(#1058,#1059,#1060,#1061,
#1062,#1063,#1064),.UNSPECIFIED.,.T.,.F.) B_SPLINE_CURVE_WITH_KNOTS((1,2
    ,2,2,2,1),(-2.094395102393,0.,2.094395102393,4.188790204786,
6.28318530718,8.377580409573),.UNSPECIFIED.) CURVE() 
GEOMETRIC_REPRESENTATION_ITEM() RATIONAL_B_SPLINE_CURVE((1.,0.5,1.,0.5,
1.,0.5,1.)) REPRESENTATION_ITEM('') );
#1058 = CARTESIAN_POINT('',(5.35,42.));
#1059 = CARTESIAN_POINT('',(5.35,44.857883832489));
#1060 = CARTESIAN_POINT('',(7.825,43.428941916244));
#1061 = CARTESIAN_POINT('',(10.3,42.));
#1062 = CARTESIAN_POINT('',(7.825,40.571058083756));
#1063 = CARTESIAN_POINT('',(5.35,39.142116167511));
#1064 = CARTESIAN_POINT('',(5.35,42.));
#1065 = ( GEOMETRIC_REPRESENTATION_CONTEXT(2) 
PARAMETRIC_REPRESENTATION_CONTEXT() REPRESENTATION_CONTEXT('2D SPACE',''
  ) );
#1066 = PCURVE('',#1067,#1072);
#1067 = CYLINDRICAL_SURFACE('',#1068,1.65);
#1068 = AXIS2_PLACEMENT_3D('',#1069,#1070,#1071);
#1069 = CARTESIAN_POINT('',(-21.,17.,9.5));
#1070 = DIRECTION('',(0.,0.,-1.));
#1071 = DIRECTION('',(-1.,0.,0.));
#1072 = DEFINITIONAL_REPRESENTATION('',(#1073),#1077);
#1073 = LINE('',#1074,#1075);
#1074 = CARTESIAN_POINT('',(0.,0.));
#1075 = VECTOR('',#1076,1.);
#1076 = DIRECTION('',(1.,0.));
#1077 = ( GEOMETRIC_REPRESENTATION_CONTEXT(2) 
PARAMETRIC_REPRESENTATION_CONTEXT() REPRESENTATION_CONTEXT('2D SPACE',''
  ) );
#1078 = FACE_BOUND('',#1079,.T.);
#1079 = EDGE_LOOP('',(#1080));
#1080 = ORIENTED_EDGE('',*,*,#1081,.T.);
#1081 = EDGE_CURVE('',#1082,#1082,#1084,.T.);
#1082 = VERTEX_POINT('',#1083);
#1083 = CARTESIAN_POINT('',(-4.,-9.797174393179E-16,9.5));
#1084 = SURFACE_CURVE('',#1085,(#1090,#1101),.PCURVE_S1.);
#1085 = CIRCLE('',#1086,4.);
#1086 = AXIS2_PLACEMENT_3D('',#1087,#1088,#1089);
#1087 = CARTESIAN_POINT('',(0.,0.,9.5));
#1088 = DIRECTION('',(0.,0.,-1.));
#1089 = DIRECTION('',(-1.,0.,0.));
#1090 = PCURVE('',#146,#1091);
#1091 = DEFINITIONAL_REPRESENTATION('',(#1092),#1100);
#1092 = ( BOUNDED_CURVE() B_SPLINE_CURVE(2,(#1093,#1094,#1095,#1096,
#1097,#1098,#1099),.UNSPECIFIED.,.T.,.F.) B_SPLINE_CURVE_WITH_KNOTS((1,2
    ,2,2,2,1),(-2.094395102393,0.,2.094395102393,4.188790204786,
6.28318530718,8.377580409573),.UNSPECIFIED.) CURVE() 
GEOMETRIC_REPRESENTATION_ITEM() RATIONAL_B_SPLINE_CURVE((1.,0.5,1.,0.5,
1.,0.5,1.)) REPRESENTATION_ITEM('') );
#1093 = CARTESIAN_POINT('',(24.,25.));
#1094 = CARTESIAN_POINT('',(24.,31.928203230276));
#1095 = CARTESIAN_POINT('',(30.,28.464101615138));
#1096 = CARTESIAN_POINT('',(36.,25.));
#1097 = CARTESIAN_POINT('',(30.,21.535898384862));
#1098 = CARTESIAN_POINT('',(24.,18.071796769724));
#1099 = CARTESIAN_POINT('',(24.,25.));
#1100 = ( GEOMETRIC_REPRESENTATION_CONTEXT(2) 
PARAMETRIC_REPRESENTATION_CONTEXT() REPRESENTATION_CONTEXT('2D SPACE',''
  ) );
#1101 = PCURVE('',#1102,#1107);
#1102 = CYLINDRICAL_SURFACE('',#1103,4.);
#1103 = AXIS2_PLACEMENT_3D('',#1104,#1105,#1106);
#1104 = CARTESIAN_POINT('',(0.,0.,9.5));
#1105 = DIRECTION('',(0.,0.,-1.));
#1106 = DIRECTION('',(-1.,0.,0.));
#1107 = DEFINITIONAL_REPRESENTATION('',(#1108),#1112);
#1108 = LINE('',#1109,#1110);
#1109 = CARTESIAN_POINT('',(0.,0.));
#1110 = VECTOR('',#1111,1.);
#1111 = DIRECTION('',(1.,0.));
#1112 = ( GEOMETRIC_REPRESENTATION_CONTEXT(2) 
PARAMETRIC_REPRESENTATION_CONTEXT() REPRESENTATION_CONTEXT('2D SPACE',''
  ) );
#1113 = FACE_BOUND('',#1114,.T.);
#1114 = EDGE_LOOP('',(#1115,#1143,#1169,#1195,#1221,#1247));
#1115 = ORIENTED_EDGE('',*,*,#1116,.T.);
#1116 = EDGE_CURVE('',#1117,#1119,#1121,.T.);
#1117 = VERTEX_POINT('',#1118);
#1118 = CARTESIAN_POINT('',(10.354551732839,2.849999999949,9.5));
#1119 = VERTEX_POINT('',#1120);
#1120 = CARTESIAN_POINT('',(13.645448267161,2.849999999949,9.5));
#1121 = SURFACE_CURVE('',#1122,(#1126,#1132),.PCURVE_S1.);
#1122 = LINE('',#1123,#1124);
#1123 = CARTESIAN_POINT('',(-7.17727586642,2.849999999949,9.5));
#1124 = VECTOR('',#1125,1.);
#1125 = DIRECTION('',(1.,0.,-0.));
#1126 = PCURVE('',#146,#1127);
#1127 = DEFINITIONAL_REPRESENTATION('',(#1128),#1131);
#1128 = B_SPLINE_CURVE_WITH_KNOTS('',1,(#1129,#1130),.UNSPECIFIED.,.F.,
  .F.,(2,2),(17.531827599259,20.82272413358),.PIECEWISE_BEZIER_KNOTS.);
#1129 = CARTESIAN_POINT('',(38.354551732839,27.849999999949));
#1130 = CARTESIAN_POINT('',(41.645448267161,27.849999999949));
#1131 = ( GEOMETRIC_REPRESENTATION_CONTEXT(2) 
PARAMETRIC_REPRESENTATION_CONTEXT() REPRESENTATION_CONTEXT('2D SPACE',''
  ) );
#1132 = PCURVE('',#1133,#1138);
#1133 = PLANE('',#1134);
#1134 = AXIS2_PLACEMENT_3D('',#1135,#1136,#1137);
#1135 = CARTESIAN_POINT('',(13.645448267161,2.849999999949,1.5));
#1136 = DIRECTION('',(0.,-1.,0.));
#1137 = DIRECTION('',(-1.,0.,0.));
#1138 = DEFINITIONAL_REPRESENTATION('',(#1139),#1142);
#1139 = B_SPLINE_CURVE_WITH_KNOTS('',1,(#1140,#1141),.UNSPECIFIED.,.F.,
  .F.,(2,2),(17.531827599259,20.82272413358),.PIECEWISE_BEZIER_KNOTS.);
#1140 = CARTESIAN_POINT('',(3.290896534322,-8.));
#1141 = CARTESIAN_POINT('',(0.,-8.));
#1142 = ( GEOMETRIC_REPRESENTATION_CONTEXT(2) 
PARAMETRIC_REPRESENTATION_CONTEXT() REPRESENTATION_CONTEXT('2D SPACE',''
  ) );
#1143 = ORIENTED_EDGE('',*,*,#1144,.T.);
#1144 = EDGE_CURVE('',#1119,#1145,#1147,.T.);
#1145 = VERTEX_POINT('',#1146);
#1146 = CARTESIAN_POINT('',(15.290896534322,0.,9.5));
#1147 = SURFACE_CURVE('',#1148,(#1152,#1158),.PCURVE_S1.);
#1148 = LINE('',#1149,#1150);
#1149 = CARTESIAN_POINT('',(15.292193241184,-2.245962168418E-03,9.5));
#1150 = VECTOR('',#1151,1.);
#1151 = DIRECTION('',(0.5,-0.866025403784,0.));
#1152 = PCURVE('',#146,#1153);
#1153 = DEFINITIONAL_REPRESENTATION('',(#1154),#1157);
#1154 = B_SPLINE_CURVE_WITH_KNOTS('',1,(#1155,#1156),.UNSPECIFIED.,.F.,
  .F.,(2,2),(-3.293489948047,-2.593413725051E-03),
  .PIECEWISE_BEZIER_KNOTS.);
#1155 = CARTESIAN_POINT('',(41.645448267161,27.849999999949));
#1156 = CARTESIAN_POINT('',(43.290896534322,25.));
#1157 = ( GEOMETRIC_REPRESENTATION_CONTEXT(2) 
PARAMETRIC_REPRESENTATION_CONTEXT() REPRESENTATION_CONTEXT('2D SPACE',''
  ) );
#1158 = PCURVE('',#1159,#1164);
#1159 = PLANE('',#1160);
#1160 = AXIS2_PLACEMENT_3D('',#1161,#1162,#1163);
#1161 = CARTESIAN_POINT('',(15.290896534322,0.,1.5));
#1162 = DIRECTION('',(-0.866025403784,-0.5,0.));
#1163 = DIRECTION('',(-0.5,0.866025403784,0.));
#1164 = DEFINITIONAL_REPRESENTATION('',(#1165),#1168);
#1165 = B_SPLINE_CURVE_WITH_KNOTS('',1,(#1166,#1167),.UNSPECIFIED.,.F.,
  .F.,(2,2),(-3.293489948047,-2.593413725051E-03),
  .PIECEWISE_BEZIER_KNOTS.);
#1166 = CARTESIAN_POINT('',(3.290896534322,-8.));
#1167 = CARTESIAN_POINT('',(0.,-8.));
#1168 = ( GEOMETRIC_REPRESENTATION_CONTEXT(2) 
PARAMETRIC_REPRESENTATION_CONTEXT() REPRESENTATION_CONTEXT('2D SPACE',''
  ) );
#1169 = ORIENTED_EDGE('',*,*,#1170,.T.);
#1170 = EDGE_CURVE('',#1145,#1171,#1173,.T.);
#1171 = VERTEX_POINT('',#1172);
#1172 = CARTESIAN_POINT('',(13.645448267161,-2.849999999949,9.5));
#1173 = SURFACE_CURVE('',#1174,(#1178,#1184),.PCURVE_S1.);
#1174 = LINE('',#1175,#1176);
#1175 = CARTESIAN_POINT('',(3.644151560298,-20.1727540378,9.5));
#1176 = VECTOR('',#1177,1.);
#1177 = DIRECTION('',(-0.5,-0.866025403784,0.));
#1178 = PCURVE('',#146,#1179);
#1179 = DEFINITIONAL_REPRESENTATION('',(#1180),#1183);
#1180 = B_SPLINE_CURVE_WITH_KNOTS('',1,(#1181,#1182),.UNSPECIFIED.,.F.,
  .F.,(2,2),(-23.29348994804,-20.00259341372),.PIECEWISE_BEZIER_KNOTS.);
#1181 = CARTESIAN_POINT('',(43.290896534322,25.));
#1182 = CARTESIAN_POINT('',(41.645448267161,22.150000000051));
#1183 = ( GEOMETRIC_REPRESENTATION_CONTEXT(2) 
PARAMETRIC_REPRESENTATION_CONTEXT() REPRESENTATION_CONTEXT('2D SPACE',''
  ) );
#1184 = PCURVE('',#1185,#1190);
#1185 = PLANE('',#1186);
#1186 = AXIS2_PLACEMENT_3D('',#1187,#1188,#1189);
#1187 = CARTESIAN_POINT('',(13.645448267161,-2.849999999949,1.5));
#1188 = DIRECTION('',(-0.866025403784,0.5,0.));
#1189 = DIRECTION('',(0.5,0.866025403784,0.));
#1190 = DEFINITIONAL_REPRESENTATION('',(#1191),#1194);
#1191 = B_SPLINE_CURVE_WITH_KNOTS('',1,(#1192,#1193),.UNSPECIFIED.,.F.,
  .F.,(2,2),(-23.29348994804,-20.00259341372),.PIECEWISE_BEZIER_KNOTS.);
#1192 = CARTESIAN_POINT('',(3.290896534322,-8.));
#1193 = CARTESIAN_POINT('',(0.,-8.));
#1194 = ( GEOMETRIC_REPRESENTATION_CONTEXT(2) 
PARAMETRIC_REPRESENTATION_CONTEXT() REPRESENTATION_CONTEXT('2D SPACE',''
  ) );
#1195 = ORIENTED_EDGE('',*,*,#1196,.T.);
#1196 = EDGE_CURVE('',#1171,#1197,#1199,.T.);
#1197 = VERTEX_POINT('',#1198);
#1198 = CARTESIAN_POINT('',(10.354551732839,-2.849999999949,9.5));
#1199 = SURFACE_CURVE('',#1200,(#1204,#1210),.PCURVE_S1.);
#1200 = LINE('',#1201,#1202);
#1201 = CARTESIAN_POINT('',(-8.82272413358,-2.849999999949,9.5));
#1202 = VECTOR('',#1203,1.);
#1203 = DIRECTION('',(-1.,6.747237496204E-16,0.));
#1204 = PCURVE('',#146,#1205);
#1205 = DEFINITIONAL_REPRESENTATION('',(#1206),#1209);
#1206 = B_SPLINE_CURVE_WITH_KNOTS('',1,(#1207,#1208),.UNSPECIFIED.,.F.,
  .F.,(2,2),(-22.46817240074,-19.17727586642),.PIECEWISE_BEZIER_KNOTS.);
#1207 = CARTESIAN_POINT('',(41.645448267161,22.150000000051));
#1208 = CARTESIAN_POINT('',(38.354551732839,22.150000000051));
#1209 = ( GEOMETRIC_REPRESENTATION_CONTEXT(2) 
PARAMETRIC_REPRESENTATION_CONTEXT() REPRESENTATION_CONTEXT('2D SPACE',''
  ) );
#1210 = PCURVE('',#1211,#1216);
#1211 = PLANE('',#1212);
#1212 = AXIS2_PLACEMENT_3D('',#1213,#1214,#1215);
#1213 = CARTESIAN_POINT('',(10.354551732839,-2.849999999949,1.5));
#1214 = DIRECTION('',(6.747237496204E-16,1.,-0.));
#1215 = DIRECTION('',(1.,-6.747237496204E-16,0.));
#1216 = DEFINITIONAL_REPRESENTATION('',(#1217),#1220);
#1217 = B_SPLINE_CURVE_WITH_KNOTS('',1,(#1218,#1219),.UNSPECIFIED.,.F.,
  .F.,(2,2),(-22.46817240074,-19.17727586642),.PIECEWISE_BEZIER_KNOTS.);
#1218 = CARTESIAN_POINT('',(3.290896534322,-8.));
#1219 = CARTESIAN_POINT('',(0.,-8.));
#1220 = ( GEOMETRIC_REPRESENTATION_CONTEXT(2) 
PARAMETRIC_REPRESENTATION_CONTEXT() REPRESENTATION_CONTEXT('2D SPACE',''
  ) );
#1221 = ORIENTED_EDGE('',*,*,#1222,.T.);
#1222 = EDGE_CURVE('',#1197,#1223,#1225,.T.);
#1223 = VERTEX_POINT('',#1224);
#1224 = CARTESIAN_POINT('',(8.709103465678,4.030185907082E-16,9.5));
#1225 = SURFACE_CURVE('',#1226,(#1230,#1236),.PCURVE_S1.);
#1226 = LINE('',#1227,#1228);
#1227 = CARTESIAN_POINT('',(9.533124306121,-1.427245962143,9.5));
#1228 = VECTOR('',#1229,1.);
#1229 = DIRECTION('',(-0.5,0.866025403784,0.));
#1230 = PCURVE('',#146,#1231);
#1231 = DEFINITIONAL_REPRESENTATION('',(#1232),#1235);
#1232 = B_SPLINE_CURVE_WITH_KNOTS('',1,(#1233,#1234),.UNSPECIFIED.,.F.,
  .F.,(2,2),(-1.642854853436,1.648041680886),.PIECEWISE_BEZIER_KNOTS.);
#1233 = CARTESIAN_POINT('',(38.354551732839,22.150000000051));
#1234 = CARTESIAN_POINT('',(36.709103465678,25.));
#1235 = ( GEOMETRIC_REPRESENTATION_CONTEXT(2) 
PARAMETRIC_REPRESENTATION_CONTEXT() REPRESENTATION_CONTEXT('2D SPACE',''
  ) );
#1236 = PCURVE('',#1237,#1242);
#1237 = PLANE('',#1238);
#1238 = AXIS2_PLACEMENT_3D('',#1239,#1240,#1241);
#1239 = CARTESIAN_POINT('',(8.709103465678,4.030185907082E-16,1.5));
#1240 = DIRECTION('',(0.866025403784,0.5,-0.));
#1241 = DIRECTION('',(0.5,-0.866025403784,0.));
#1242 = DEFINITIONAL_REPRESENTATION('',(#1243),#1246);
#1243 = B_SPLINE_CURVE_WITH_KNOTS('',1,(#1244,#1245),.UNSPECIFIED.,.F.,
  .F.,(2,2),(-1.642854853436,1.648041680886),.PIECEWISE_BEZIER_KNOTS.);
#1244 = CARTESIAN_POINT('',(3.290896534322,-8.));
#1245 = CARTESIAN_POINT('',(0.,-8.));
#1246 = ( GEOMETRIC_REPRESENTATION_CONTEXT(2) 
PARAMETRIC_REPRESENTATION_CONTEXT() REPRESENTATION_CONTEXT('2D SPACE',''
  ) );
#1247 = ORIENTED_EDGE('',*,*,#1248,.T.);
#1248 = EDGE_CURVE('',#1223,#1117,#1249,.T.);
#1249 = SURFACE_CURVE('',#1250,(#1254,#1260),.PCURVE_S1.);
#1250 = LINE('',#1251,#1252);
#1251 = CARTESIAN_POINT('',(-0.469469107604,-15.89775403788,9.5));
#1252 = VECTOR('',#1253,1.);
#1253 = DIRECTION('',(0.5,0.866025403784,-0.));
#1254 = PCURVE('',#146,#1255);
#1255 = DEFINITIONAL_REPRESENTATION('',(#1256),#1259);
#1256 = B_SPLINE_CURVE_WITH_KNOTS('',1,(#1257,#1258),.UNSPECIFIED.,.F.,
  .F.,(2,2),(18.357145146564,21.648041680886),.PIECEWISE_BEZIER_KNOTS.);
#1257 = CARTESIAN_POINT('',(36.709103465678,25.));
#1258 = CARTESIAN_POINT('',(38.354551732839,27.849999999949));
#1259 = ( GEOMETRIC_REPRESENTATION_CONTEXT(2) 
PARAMETRIC_REPRESENTATION_CONTEXT() REPRESENTATION_CONTEXT('2D SPACE',''
  ) );
#1260 = PCURVE('',#1261,#1266);
#1261 = PLANE('',#1262);
#1262 = AXIS2_PLACEMENT_3D('',#1263,#1264,#1265);
#1263 = CARTESIAN_POINT('',(10.354551732839,2.849999999949,1.5));
#1264 = DIRECTION('',(0.866025403784,-0.5,0.));
#1265 = DIRECTION('',(-0.5,-0.866025403784,0.));
#1266 = DEFINITIONAL_REPRESENTATION('',(#1267),#1270);
#1267 = B_SPLINE_CURVE_WITH_KNOTS('',1,(#1268,#1269),.UNSPECIFIED.,.F.,
  .F.,(2,2),(18.357145146564,21.648041680886),.PIECEWISE_BEZIER_KNOTS.);
#1268 = CARTESIAN_POINT('',(3.290896534322,-8.));
#1269 = CARTESIAN_POINT('',(0.,-8.));
#1270 = ( GEOMETRIC_REPRESENTATION_CONTEXT(2) 
PARAMETRIC_REPRESENTATION_CONTEXT() REPRESENTATION_CONTEXT('2D SPACE',''
  ) );
#1271 = FACE_BOUND('',#1272,.T.);
#1272 = EDGE_LOOP('',(#1273,#1301,#1327,#1353,#1379,#1405));
#1273 = ORIENTED_EDGE('',*,*,#1274,.T.);
#1274 = EDGE_CURVE('',#1275,#1277,#1279,.T.);
#1275 = VERTEX_POINT('',#1276);
#1276 = CARTESIAN_POINT('',(-2.396003617094,20.149999999925,9.5));
#1277 = VERTEX_POINT('',#1278);
#1278 = CARTESIAN_POINT('',(2.396003617094,20.149999999925,9.5));
#1279 = SURFACE_CURVE('',#1280,(#1284,#1290),.PCURVE_S1.);
#1280 = LINE('',#1281,#1282);
#1281 = CARTESIAN_POINT('',(-12.80199819145,20.149999999925,9.5));
#1282 = VECTOR('',#1283,1.);
#1283 = DIRECTION('',(1.,-1.853458011005E-16,0.));
#1284 = PCURVE('',#146,#1285);
#1285 = DEFINITIONAL_REPRESENTATION('',(#1286),#1289);
#1286 = B_SPLINE_CURVE_WITH_KNOTS('',1,(#1287,#1288),.UNSPECIFIED.,.F.,
  .F.,(2,2),(10.405994574359,15.198001808547),.PIECEWISE_BEZIER_KNOTS.);
#1287 = CARTESIAN_POINT('',(25.603996382906,45.149999999925));
#1288 = CARTESIAN_POINT('',(30.396003617094,45.149999999925));
#1289 = ( GEOMETRIC_REPRESENTATION_CONTEXT(2) 
PARAMETRIC_REPRESENTATION_CONTEXT() REPRESENTATION_CONTEXT('2D SPACE',''
  ) );
#1290 = PCURVE('',#1291,#1296);
#1291 = PLANE('',#1292);
#1292 = AXIS2_PLACEMENT_3D('',#1293,#1294,#1295);
#1293 = CARTESIAN_POINT('',(2.396003617094,20.149999999925,5.45));
#1294 = DIRECTION('',(-1.853458011005E-16,-1.,0.));
#1295 = DIRECTION('',(-1.,1.853458011005E-16,0.));
#1296 = DEFINITIONAL_REPRESENTATION('',(#1297),#1300);
#1297 = B_SPLINE_CURVE_WITH_KNOTS('',1,(#1298,#1299),.UNSPECIFIED.,.F.,
  .F.,(2,2),(10.405994574359,15.198001808547),.PIECEWISE_BEZIER_KNOTS.);
#1298 = CARTESIAN_POINT('',(4.792007234188,-4.05));
#1299 = CARTESIAN_POINT('',(0.,-4.05));
#1300 = ( GEOMETRIC_REPRESENTATION_CONTEXT(2) 
PARAMETRIC_REPRESENTATION_CONTEXT() REPRESENTATION_CONTEXT('2D SPACE',''
  ) );
#1301 = ORIENTED_EDGE('',*,*,#1302,.T.);
#1302 = EDGE_CURVE('',#1277,#1303,#1305,.T.);
#1303 = VERTEX_POINT('',#1304);
#1304 = CARTESIAN_POINT('',(4.792007234188,16.,9.5));
#1305 = SURFACE_CURVE('',#1306,(#1310,#1316),.PCURVE_S1.);
#1306 = LINE('',#1307,#1308);
#1307 = CARTESIAN_POINT('',(9.569766718705,7.724677826472,9.5));
#1308 = VECTOR('',#1309,1.);
#1309 = DIRECTION('',(0.5,-0.866025403784,0.));
#1310 = PCURVE('',#146,#1311);
#1311 = DEFINITIONAL_REPRESENTATION('',(#1312),#1315);
#1312 = B_SPLINE_CURVE_WITH_KNOTS('',1,(#1313,#1314),.UNSPECIFIED.,.F.,
  .F.,(2,2),(-14.34752620322,-9.555518969034),.PIECEWISE_BEZIER_KNOTS.);
#1313 = CARTESIAN_POINT('',(30.396003617094,45.149999999925));
#1314 = CARTESIAN_POINT('',(32.792007234188,41.));
#1315 = ( GEOMETRIC_REPRESENTATION_CONTEXT(2) 
PARAMETRIC_REPRESENTATION_CONTEXT() REPRESENTATION_CONTEXT('2D SPACE',''
  ) );
#1316 = PCURVE('',#1317,#1322);
#1317 = PLANE('',#1318);
#1318 = AXIS2_PLACEMENT_3D('',#1319,#1320,#1321);
#1319 = CARTESIAN_POINT('',(4.792007234188,16.,5.45));
#1320 = DIRECTION('',(-0.866025403784,-0.5,0.));
#1321 = DIRECTION('',(-0.5,0.866025403784,0.));
#1322 = DEFINITIONAL_REPRESENTATION('',(#1323),#1326);
#1323 = B_SPLINE_CURVE_WITH_KNOTS('',1,(#1324,#1325),.UNSPECIFIED.,.F.,
  .F.,(2,2),(-14.34752620322,-9.555518969034),.PIECEWISE_BEZIER_KNOTS.);
#1324 = CARTESIAN_POINT('',(4.792007234188,-4.05));
#1325 = CARTESIAN_POINT('',(0.,-4.05));
#1326 = ( GEOMETRIC_REPRESENTATION_CONTEXT(2) 
PARAMETRIC_REPRESENTATION_CONTEXT() REPRESENTATION_CONTEXT('2D SPACE',''
  ) );
#1327 = ORIENTED_EDGE('',*,*,#1328,.T.);
#1328 = EDGE_CURVE('',#1303,#1329,#1331,.T.);
#1329 = VERTEX_POINT('',#1330);
#1330 = CARTESIAN_POINT('',(2.396003617094,11.850000000075,9.5));
#1331 = SURFACE_CURVE('',#1332,(#1336,#1342),.PCURVE_S1.);
#1332 = LINE('',#1333,#1334);
#1333 = CARTESIAN_POINT('',(-9.381755867423,-8.549677826435,9.5));
#1334 = VECTOR('',#1335,1.);
#1335 = DIRECTION('',(-0.5,-0.866025403784,0.));
#1336 = PCURVE('',#146,#1337);
#1337 = DEFINITIONAL_REPRESENTATION('',(#1338),#1341);
#1338 = B_SPLINE_CURVE_WITH_KNOTS('',1,(#1339,#1340),.UNSPECIFIED.,.F.,
  .F.,(2,2),(-28.34752620322,-23.55551896903),.PIECEWISE_BEZIER_KNOTS.);
#1339 = CARTESIAN_POINT('',(32.792007234188,41.));
#1340 = CARTESIAN_POINT('',(30.396003617094,36.850000000075));
#1341 = ( GEOMETRIC_REPRESENTATION_CONTEXT(2) 
PARAMETRIC_REPRESENTATION_CONTEXT() REPRESENTATION_CONTEXT('2D SPACE',''
  ) );
#1342 = PCURVE('',#1343,#1348);
#1343 = PLANE('',#1344);
#1344 = AXIS2_PLACEMENT_3D('',#1345,#1346,#1347);
#1345 = CARTESIAN_POINT('',(2.396003617094,11.850000000075,5.45));
#1346 = DIRECTION('',(-0.866025403784,0.5,0.));
#1347 = DIRECTION('',(0.5,0.866025403784,0.));
#1348 = DEFINITIONAL_REPRESENTATION('',(#1349),#1352);
#1349 = B_SPLINE_CURVE_WITH_KNOTS('',1,(#1350,#1351),.UNSPECIFIED.,.F.,
  .F.,(2,2),(-28.34752620322,-23.55551896903),.PIECEWISE_BEZIER_KNOTS.);
#1350 = CARTESIAN_POINT('',(4.792007234188,-4.05));
#1351 = CARTESIAN_POINT('',(0.,-4.05));
#1352 = ( GEOMETRIC_REPRESENTATION_CONTEXT(2) 
PARAMETRIC_REPRESENTATION_CONTEXT() REPRESENTATION_CONTEXT('2D SPACE',''
  ) );
#1353 = ORIENTED_EDGE('',*,*,#1354,.T.);
#1354 = EDGE_CURVE('',#1329,#1355,#1357,.T.);
#1355 = VERTEX_POINT('',#1356);
#1356 = CARTESIAN_POINT('',(-2.396003617094,11.850000000075,9.5));
#1357 = SURFACE_CURVE('',#1358,(#1362,#1368),.PCURVE_S1.);
#1358 = LINE('',#1359,#1360);
#1359 = CARTESIAN_POINT('',(-15.19800180854,11.850000000075,9.5));
#1360 = VECTOR('',#1361,1.);
#1361 = DIRECTION('',(-1.,7.413832044022E-16,0.));
#1362 = PCURVE('',#146,#1363);
#1363 = DEFINITIONAL_REPRESENTATION('',(#1364),#1367);
#1364 = B_SPLINE_CURVE_WITH_KNOTS('',1,(#1365,#1366),.UNSPECIFIED.,.F.,
  .F.,(2,2),(-17.59400542564,-12.80199819145),.PIECEWISE_BEZIER_KNOTS.);
#1365 = CARTESIAN_POINT('',(30.396003617094,36.850000000075));
#1366 = CARTESIAN_POINT('',(25.603996382906,36.850000000075));
#1367 = ( GEOMETRIC_REPRESENTATION_CONTEXT(2) 
PARAMETRIC_REPRESENTATION_CONTEXT() REPRESENTATION_CONTEXT('2D SPACE',''
  ) );
#1368 = PCURVE('',#1369,#1374);
#1369 = PLANE('',#1370);
#1370 = AXIS2_PLACEMENT_3D('',#1371,#1372,#1373);
#1371 = CARTESIAN_POINT('',(-2.396003617094,11.850000000075,5.45));
#1372 = DIRECTION('',(7.413832044022E-16,1.,-0.));
#1373 = DIRECTION('',(1.,-7.413832044022E-16,0.));
#1374 = DEFINITIONAL_REPRESENTATION('',(#1375),#1378);
#1375 = B_SPLINE_CURVE_WITH_KNOTS('',1,(#1376,#1377),.UNSPECIFIED.,.F.,
  .F.,(2,2),(-17.59400542564,-12.80199819145),.PIECEWISE_BEZIER_KNOTS.);
#1376 = CARTESIAN_POINT('',(4.792007234188,-4.05));
#1377 = CARTESIAN_POINT('',(0.,-4.05));
#1378 = ( GEOMETRIC_REPRESENTATION_CONTEXT(2) 
PARAMETRIC_REPRESENTATION_CONTEXT() REPRESENTATION_CONTEXT('2D SPACE',''
  ) );
#1379 = ORIENTED_EDGE('',*,*,#1380,.T.);
#1380 = EDGE_CURVE('',#1355,#1381,#1383,.T.);
#1381 = VERTEX_POINT('',#1382);
#1382 = CARTESIAN_POINT('',(-4.792007234188,16.,9.5));
#1383 = SURFACE_CURVE('',#1384,(#1388,#1394),.PCURVE_S1.);
#1384 = LINE('',#1385,#1386);
#1385 = CARTESIAN_POINT('',(1.183754058876,5.64967782651,9.5));
#1386 = VECTOR('',#1387,1.);
#1387 = DIRECTION('',(-0.5,0.866025403784,0.));
#1388 = PCURVE('',#146,#1389);
#1389 = DEFINITIONAL_REPRESENTATION('',(#1390),#1393);
#1390 = B_SPLINE_CURVE_WITH_KNOTS('',1,(#1391,#1392),.UNSPECIFIED.,.F.,
  .F.,(2,2),(7.15951535194,11.951522586128),.PIECEWISE_BEZIER_KNOTS.);
#1391 = CARTESIAN_POINT('',(25.603996382906,36.850000000075));
#1392 = CARTESIAN_POINT('',(23.207992765812,41.));
#1393 = ( GEOMETRIC_REPRESENTATION_CONTEXT(2) 
PARAMETRIC_REPRESENTATION_CONTEXT() REPRESENTATION_CONTEXT('2D SPACE',''
  ) );
#1394 = PCURVE('',#1395,#1400);
#1395 = PLANE('',#1396);
#1396 = AXIS2_PLACEMENT_3D('',#1397,#1398,#1399);
#1397 = CARTESIAN_POINT('',(-4.792007234188,16.,5.45));
#1398 = DIRECTION('',(0.866025403784,0.5,-0.));
#1399 = DIRECTION('',(0.5,-0.866025403784,0.));
#1400 = DEFINITIONAL_REPRESENTATION('',(#1401),#1404);
#1401 = B_SPLINE_CURVE_WITH_KNOTS('',1,(#1402,#1403),.UNSPECIFIED.,.F.,
  .F.,(2,2),(7.15951535194,11.951522586128),.PIECEWISE_BEZIER_KNOTS.);
#1402 = CARTESIAN_POINT('',(4.792007234188,-4.05));
#1403 = CARTESIAN_POINT('',(0.,-4.05));
#1404 = ( GEOMETRIC_REPRESENTATION_CONTEXT(2) 
PARAMETRIC_REPRESENTATION_CONTEXT() REPRESENTATION_CONTEXT('2D SPACE',''
  ) );
#1405 = ORIENTED_EDGE('',*,*,#1406,.T.);
#1406 = EDGE_CURVE('',#1381,#1275,#1407,.T.);
#1407 = SURFACE_CURVE('',#1408,(#1412,#1418),.PCURVE_S1.);
#1408 = LINE('',#1409,#1410);
#1409 = CARTESIAN_POINT('',(-15.37176491015,-2.324677826547,9.5));
#1410 = VECTOR('',#1411,1.);
#1411 = DIRECTION('',(0.5,0.866025403784,-0.));
#1412 = PCURVE('',#146,#1413);
#1413 = DEFINITIONAL_REPRESENTATION('',(#1414),#1417);
#1414 = B_SPLINE_CURVE_WITH_KNOTS('',1,(#1415,#1416),.UNSPECIFIED.,.F.,
  .F.,(2,2),(21.15951535194,25.951522586128),.PIECEWISE_BEZIER_KNOTS.);
#1415 = CARTESIAN_POINT('',(23.207992765812,41.));
#1416 = CARTESIAN_POINT('',(25.603996382906,45.149999999925));
#1417 = ( GEOMETRIC_REPRESENTATION_CONTEXT(2) 
PARAMETRIC_REPRESENTATION_CONTEXT() REPRESENTATION_CONTEXT('2D SPACE',''
  ) );
#1418 = PCURVE('',#1419,#1424);
#1419 = PLANE('',#1420);
#1420 = AXIS2_PLACEMENT_3D('',#1421,#1422,#1423);
#1421 = CARTESIAN_POINT('',(-2.396003617094,20.149999999925,5.45));
#1422 = DIRECTION('',(0.866025403784,-0.5,0.));
#1423 = DIRECTION('',(-0.5,-0.866025403784,0.));
#1424 = DEFINITIONAL_REPRESENTATION('',(#1425),#1428);
#1425 = B_SPLINE_CURVE_WITH_KNOTS('',1,(#1426,#1427),.UNSPECIFIED.,.F.,
  .F.,(2,2),(21.15951535194,25.951522586128),.PIECEWISE_BEZIER_KNOTS.);
#1426 = CARTESIAN_POINT('',(4.792007234188,-4.05));
#1427 = CARTESIAN_POINT('',(0.,-4.05));
#1428 = ( GEOMETRIC_REPRESENTATION_CONTEXT(2) 
PARAMETRIC_REPRESENTATION_CONTEXT() REPRESENTATION_CONTEXT('2D SPACE',''
  ) );
#1429 = FACE_BOUND('',#1430,.T.);
#1430 = EDGE_LOOP('',(#1431));
#1431 = ORIENTED_EDGE('',*,*,#1432,.T.);
#1432 = EDGE_CURVE('',#1433,#1433,#1435,.T.);
#1433 = VERTEX_POINT('',#1434);
#1434 = CARTESIAN_POINT('',(19.35,17.,9.5));
#1435 = SURFACE_CURVE('',#1436,(#1441,#1452),.PCURVE_S1.);
#1436 = CIRCLE('',#1437,1.65);
#1437 = AXIS2_PLACEMENT_3D('',#1438,#1439,#1440);
#1438 = CARTESIAN_POINT('',(21.,17.,9.5));
#1439 = DIRECTION('',(0.,0.,-1.));
#1440 = DIRECTION('',(-1.,0.,0.));
#1441 = PCURVE('',#146,#1442);
#1442 = DEFINITIONAL_REPRESENTATION('',(#1443),#1451);
#1443 = ( BOUNDED_CURVE() B_SPLINE_CURVE(2,(#1444,#1445,#1446,#1447,
#1448,#1449,#1450),.UNSPECIFIED.,.T.,.F.) B_SPLINE_CURVE_WITH_KNOTS((1,2
    ,2,2,2,1),(-2.094395102393,0.,2.094395102393,4.188790204786,
6.28318530718,8.377580409573),.UNSPECIFIED.) CURVE() 
GEOMETRIC_REPRESENTATION_ITEM() RATIONAL_B_SPLINE_CURVE((1.,0.5,1.,0.5,
1.,0.5,1.)) REPRESENTATION_ITEM('') );
#1444 = CARTESIAN_POINT('',(47.35,42.));
#1445 = CARTESIAN_POINT('',(47.35,44.857883832489));
#1446 = CARTESIAN_POINT('',(49.825,43.428941916244));
#1447 = CARTESIAN_POINT('',(52.3,42.));
#1448 = CARTESIAN_POINT('',(49.825,40.571058083756));
#1449 = CARTESIAN_POINT('',(47.35,39.142116167511));
#1450 = CARTESIAN_POINT('',(47.35,42.));
#1451 = ( GEOMETRIC_REPRESENTATION_CONTEXT(2) 
PARAMETRIC_REPRESENTATION_CONTEXT() REPRESENTATION_CONTEXT('2D SPACE',''
  ) );
#1452 = PCURVE('',#1453,#1458);
#1453 = CYLINDRICAL_SURFACE('',#1454,1.65);
#1454 = AXIS2_PLACEMENT_3D('',#1455,#1456,#1457);
#1455 = CARTESIAN_POINT('',(21.,17.,9.5));
#1456 = DIRECTION('',(0.,0.,-1.));
#1457 = DIRECTION('',(-1.,0.,0.));
#1458 = DEFINITIONAL_REPRESENTATION('',(#1459),#1463);
#1459 = LINE('',#1460,#1461);
#1460 = CARTESIAN_POINT('',(0.,0.));
#1461 = VECTOR('',#1462,1.);
#1462 = DIRECTION('',(1.,0.));
#1463 = ( GEOMETRIC_REPRESENTATION_CONTEXT(2) 
PARAMETRIC_REPRESENTATION_CONTEXT() REPRESENTATION_CONTEXT('2D SPACE',''
  ) );
#1464 = ADVANCED_FACE('',(#1465),#228,.F.);
#1465 = FACE_BOUND('',#1466,.F.);
#1466 = EDGE_LOOP('',(#1467,#1490,#1511,#1512));
#1467 = ORIENTED_EDGE('',*,*,#1468,.F.);
#1468 = EDGE_CURVE('',#1469,#187,#1471,.T.);
#1469 = VERTEX_POINT('',#1470);
#1470 = CARTESIAN_POINT('',(-36.,-12.,0.));
#1471 = SURFACE_CURVE('',#1472,(#1476,#1483),.PCURVE_S1.);
#1472 = LINE('',#1473,#1474);
#1473 = CARTESIAN_POINT('',(-36.,-12.,0.));
#1474 = VECTOR('',#1475,1.);
#1475 = DIRECTION('',(1.,0.,0.));
#1476 = PCURVE('',#228,#1477);
#1477 = DEFINITIONAL_REPRESENTATION('',(#1478),#1482);
#1478 = LINE('',#1479,#1480);
#1479 = CARTESIAN_POINT('',(0.,0.));
#1480 = VECTOR('',#1481,1.);
#1481 = DIRECTION('',(0.,1.));
#1482 = ( GEOMETRIC_REPRESENTATION_CONTEXT(2) 
PARAMETRIC_REPRESENTATION_CONTEXT() REPRESENTATION_CONTEXT('2D SPACE',''
  ) );
#1483 = PCURVE('',#202,#1484);
#1484 = DEFINITIONAL_REPRESENTATION('',(#1485),#1489);
#1485 = LINE('',#1486,#1487);
#1486 = CARTESIAN_POINT('',(-8.,13.));
#1487 = VECTOR('',#1488,1.);
#1488 = DIRECTION('',(1.,0.));
#1489 = ( GEOMETRIC_REPRESENTATION_CONTEXT(2) 
PARAMETRIC_REPRESENTATION_CONTEXT() REPRESENTATION_CONTEXT('2D SPACE',''
  ) );
#1490 = ORIENTED_EDGE('',*,*,#1491,.T.);
#1491 = EDGE_CURVE('',#1469,#504,#1492,.T.);
#1492 = SURFACE_CURVE('',#1493,(#1497,#1504),.PCURVE_S1.);
#1493 = LINE('',#1494,#1495);
#1494 = CARTESIAN_POINT('',(-36.,-12.,0.));
#1495 = VECTOR('',#1496,1.);
#1496 = DIRECTION('',(0.,0.,1.));
#1497 = PCURVE('',#228,#1498);
#1498 = DEFINITIONAL_REPRESENTATION('',(#1499),#1503);
#1499 = LINE('',#1500,#1501);
#1500 = CARTESIAN_POINT('',(0.,0.));
#1501 = VECTOR('',#1502,1.);
#1502 = DIRECTION('',(1.,0.));
#1503 = ( GEOMETRIC_REPRESENTATION_CONTEXT(2) 
PARAMETRIC_REPRESENTATION_CONTEXT() REPRESENTATION_CONTEXT('2D SPACE',''
  ) );
#1504 = PCURVE('',#519,#1505);
#1505 = DEFINITIONAL_REPRESENTATION('',(#1506),#1510);
#1506 = LINE('',#1507,#1508);
#1507 = CARTESIAN_POINT('',(0.,0.));
#1508 = VECTOR('',#1509,1.);
#1509 = DIRECTION('',(1.,0.));
#1510 = ( GEOMETRIC_REPRESENTATION_CONTEXT(2) 
PARAMETRIC_REPRESENTATION_CONTEXT() REPRESENTATION_CONTEXT('2D SPACE',''
  ) );
#1511 = ORIENTED_EDGE('',*,*,#531,.T.);
#1512 = ORIENTED_EDGE('',*,*,#214,.F.);
#1513 = ADVANCED_FACE('',(#1514,#1758,#1788,#1902,#1932,#2038,#2069,
    #2100,#2130,#2160,#2191,#2251,#2365),#202,.F.);
#1514 = FACE_BOUND('',#1515,.F.);
#1515 = EDGE_LOOP('',(#1516,#1517,#1541,#1564,#1592,#1615,#1639,#1662,
    #1690,#1713,#1736,#1757));
#1516 = ORIENTED_EDGE('',*,*,#186,.F.);
#1517 = ORIENTED_EDGE('',*,*,#1518,.T.);
#1518 = EDGE_CURVE('',#159,#1519,#1521,.T.);
#1519 = VERTEX_POINT('',#1520);
#1520 = CARTESIAN_POINT('',(-24.,-25.,0.));
#1521 = SURFACE_CURVE('',#1522,(#1527,#1534),.PCURVE_S1.);
#1522 = CIRCLE('',#1523,4.);
#1523 = AXIS2_PLACEMENT_3D('',#1524,#1525,#1526);
#1524 = CARTESIAN_POINT('',(-24.,-21.,0.));
#1525 = DIRECTION('',(0.,0.,1.));
#1526 = DIRECTION('',(0.,-1.,0.));
#1527 = PCURVE('',#202,#1528);
#1528 = DEFINITIONAL_REPRESENTATION('',(#1529),#1533);
#1529 = CIRCLE('',#1530,4.);
#1530 = AXIS2_PLACEMENT_2D('',#1531,#1532);
#1531 = CARTESIAN_POINT('',(4.,4.));
#1532 = DIRECTION('',(0.,-1.));
#1533 = ( GEOMETRIC_REPRESENTATION_CONTEXT(2) 
PARAMETRIC_REPRESENTATION_CONTEXT() REPRESENTATION_CONTEXT('2D SPACE',''
  ) );
#1534 = PCURVE('',#174,#1535);
#1535 = DEFINITIONAL_REPRESENTATION('',(#1536),#1540);
#1536 = LINE('',#1537,#1538);
#1537 = CARTESIAN_POINT('',(-4.712388980385,0.));
#1538 = VECTOR('',#1539,1.);
#1539 = DIRECTION('',(1.,0.));
#1540 = ( GEOMETRIC_REPRESENTATION_CONTEXT(2) 
PARAMETRIC_REPRESENTATION_CONTEXT() REPRESENTATION_CONTEXT('2D SPACE',''
  ) );
#1541 = ORIENTED_EDGE('',*,*,#1542,.T.);
#1542 = EDGE_CURVE('',#1519,#1543,#1545,.T.);
#1543 = VERTEX_POINT('',#1544);
#1544 = CARTESIAN_POINT('',(24.,-25.,0.));
#1545 = SURFACE_CURVE('',#1546,(#1550,#1557),.PCURVE_S1.);
#1546 = LINE('',#1547,#1548);
#1547 = CARTESIAN_POINT('',(-28.,-25.,0.));
#1548 = VECTOR('',#1549,1.);
#1549 = DIRECTION('',(1.,0.,0.));
#1550 = PCURVE('',#202,#1551);
#1551 = DEFINITIONAL_REPRESENTATION('',(#1552),#1556);
#1552 = LINE('',#1553,#1554);
#1553 = CARTESIAN_POINT('',(0.,0.));
#1554 = VECTOR('',#1555,1.);
#1555 = DIRECTION('',(1.,0.));
#1556 = ( GEOMETRIC_REPRESENTATION_CONTEXT(2) 
PARAMETRIC_REPRESENTATION_CONTEXT() REPRESENTATION_CONTEXT('2D SPACE',''
  ) );
#1557 = PCURVE('',#284,#1558);
#1558 = DEFINITIONAL_REPRESENTATION('',(#1559),#1563);
#1559 = LINE('',#1560,#1561);
#1560 = CARTESIAN_POINT('',(0.,0.));
#1561 = VECTOR('',#1562,1.);
#1562 = DIRECTION('',(0.,1.));
#1563 = ( GEOMETRIC_REPRESENTATION_CONTEXT(2) 
PARAMETRIC_REPRESENTATION_CONTEXT() REPRESENTATION_CONTEXT('2D SPACE',''
  ) );
#1564 = ORIENTED_EDGE('',*,*,#1565,.F.);
#1565 = EDGE_CURVE('',#1566,#1543,#1568,.T.);
#1566 = VERTEX_POINT('',#1567);
#1567 = CARTESIAN_POINT('',(28.,-21.,0.));
#1568 = SURFACE_CURVE('',#1569,(#1574,#1585),.PCURVE_S1.);
#1569 = CIRCLE('',#1570,4.);
#1570 = AXIS2_PLACEMENT_3D('',#1571,#1572,#1573);
#1571 = CARTESIAN_POINT('',(24.,-21.,0.));
#1572 = DIRECTION('',(-0.,-0.,-1.));
#1573 = DIRECTION('',(0.,-1.,0.));
#1574 = PCURVE('',#202,#1575);
#1575 = DEFINITIONAL_REPRESENTATION('',(#1576),#1584);
#1576 = ( BOUNDED_CURVE() B_SPLINE_CURVE(2,(#1577,#1578,#1579,#1580,
#1581,#1582,#1583),.UNSPECIFIED.,.T.,.F.) B_SPLINE_CURVE_WITH_KNOTS((1,2
    ,2,2,2,1),(-2.094395102393,0.,2.094395102393,4.188790204786,
6.28318530718,8.377580409573),.UNSPECIFIED.) CURVE() 
GEOMETRIC_REPRESENTATION_ITEM() RATIONAL_B_SPLINE_CURVE((1.,0.5,1.,0.5,
1.,0.5,1.)) REPRESENTATION_ITEM('') );
#1577 = CARTESIAN_POINT('',(52.,0.));
#1578 = CARTESIAN_POINT('',(45.071796769724,0.));
#1579 = CARTESIAN_POINT('',(48.535898384862,6.));
#1580 = CARTESIAN_POINT('',(52.,12.));
#1581 = CARTESIAN_POINT('',(55.464101615138,6.));
#1582 = CARTESIAN_POINT('',(58.928203230276,6.217248937901E-15));
#1583 = CARTESIAN_POINT('',(52.,0.));
#1584 = ( GEOMETRIC_REPRESENTATION_CONTEXT(2) 
PARAMETRIC_REPRESENTATION_CONTEXT() REPRESENTATION_CONTEXT('2D SPACE',''
  ) );
#1585 = PCURVE('',#317,#1586);
#1586 = DEFINITIONAL_REPRESENTATION('',(#1587),#1591);
#1587 = LINE('',#1588,#1589);
#1588 = CARTESIAN_POINT('',(4.712388980385,-0.));
#1589 = VECTOR('',#1590,1.);
#1590 = DIRECTION('',(-1.,0.));
#1591 = ( GEOMETRIC_REPRESENTATION_CONTEXT(2) 
PARAMETRIC_REPRESENTATION_CONTEXT() REPRESENTATION_CONTEXT('2D SPACE',''
  ) );
#1592 = ORIENTED_EDGE('',*,*,#1593,.T.);
#1593 = EDGE_CURVE('',#1566,#1594,#1596,.T.);
#1594 = VERTEX_POINT('',#1595);
#1595 = CARTESIAN_POINT('',(28.,21.,0.));
#1596 = SURFACE_CURVE('',#1597,(#1601,#1608),.PCURVE_S1.);
#1597 = LINE('',#1598,#1599);
#1598 = CARTESIAN_POINT('',(28.,-25.,0.));
#1599 = VECTOR('',#1600,1.);
#1600 = DIRECTION('',(0.,1.,0.));
#1601 = PCURVE('',#202,#1602);
#1602 = DEFINITIONAL_REPRESENTATION('',(#1603),#1607);
#1603 = LINE('',#1604,#1605);
#1604 = CARTESIAN_POINT('',(56.,0.));
#1605 = VECTOR('',#1606,1.);
#1606 = DIRECTION('',(0.,1.));
#1607 = ( GEOMETRIC_REPRESENTATION_CONTEXT(2) 
PARAMETRIC_REPRESENTATION_CONTEXT() REPRESENTATION_CONTEXT('2D SPACE',''
  ) );
#1608 = PCURVE('',#345,#1609);
#1609 = DEFINITIONAL_REPRESENTATION('',(#1610),#1614);
#1610 = LINE('',#1611,#1612);
#1611 = CARTESIAN_POINT('',(0.,0.));
#1612 = VECTOR('',#1613,1.);
#1613 = DIRECTION('',(0.,-1.));
#1614 = ( GEOMETRIC_REPRESENTATION_CONTEXT(2) 
PARAMETRIC_REPRESENTATION_CONTEXT() REPRESENTATION_CONTEXT('2D SPACE',''
  ) );
#1615 = ORIENTED_EDGE('',*,*,#1616,.T.);
#1616 = EDGE_CURVE('',#1594,#1617,#1619,.T.);
#1617 = VERTEX_POINT('',#1618);
#1618 = CARTESIAN_POINT('',(24.,25.,0.));
#1619 = SURFACE_CURVE('',#1620,(#1625,#1632),.PCURVE_S1.);
#1620 = CIRCLE('',#1621,4.);
#1621 = AXIS2_PLACEMENT_3D('',#1622,#1623,#1624);
#1622 = CARTESIAN_POINT('',(24.,21.,0.));
#1623 = DIRECTION('',(0.,0.,1.));
#1624 = DIRECTION('',(0.,-1.,0.));
#1625 = PCURVE('',#202,#1626);
#1626 = DEFINITIONAL_REPRESENTATION('',(#1627),#1631);
#1627 = CIRCLE('',#1628,4.);
#1628 = AXIS2_PLACEMENT_2D('',#1629,#1630);
#1629 = CARTESIAN_POINT('',(52.,46.));
#1630 = DIRECTION('',(0.,-1.));
#1631 = ( GEOMETRIC_REPRESENTATION_CONTEXT(2) 
PARAMETRIC_REPRESENTATION_CONTEXT() REPRESENTATION_CONTEXT('2D SPACE',''
  ) );
#1632 = PCURVE('',#374,#1633);
#1633 = DEFINITIONAL_REPRESENTATION('',(#1634),#1638);
#1634 = LINE('',#1635,#1636);
#1635 = CARTESIAN_POINT('',(-1.570796326795,0.));
#1636 = VECTOR('',#1637,1.);
#1637 = DIRECTION('',(1.,0.));
#1638 = ( GEOMETRIC_REPRESENTATION_CONTEXT(2) 
PARAMETRIC_REPRESENTATION_CONTEXT() REPRESENTATION_CONTEXT('2D SPACE',''
  ) );
#1639 = ORIENTED_EDGE('',*,*,#1640,.F.);
#1640 = EDGE_CURVE('',#1641,#1617,#1643,.T.);
#1641 = VERTEX_POINT('',#1642);
#1642 = CARTESIAN_POINT('',(-24.,25.,0.));
#1643 = SURFACE_CURVE('',#1644,(#1648,#1655),.PCURVE_S1.);
#1644 = LINE('',#1645,#1646);
#1645 = CARTESIAN_POINT('',(-28.,25.,0.));
#1646 = VECTOR('',#1647,1.);
#1647 = DIRECTION('',(1.,0.,0.));
#1648 = PCURVE('',#202,#1649);
#1649 = DEFINITIONAL_REPRESENTATION('',(#1650),#1654);
#1650 = LINE('',#1651,#1652);
#1651 = CARTESIAN_POINT('',(0.,50.));
#1652 = VECTOR('',#1653,1.);
#1653 = DIRECTION('',(1.,0.));
#1654 = ( GEOMETRIC_REPRESENTATION_CONTEXT(2) 
PARAMETRIC_REPRESENTATION_CONTEXT() REPRESENTATION_CONTEXT('2D SPACE',''
  ) );
#1655 = PCURVE('',#402,#1656);
#1656 = DEFINITIONAL_REPRESENTATION('',(#1657),#1661);
#1657 = LINE('',#1658,#1659);
#1658 = CARTESIAN_POINT('',(0.,0.));
#1659 = VECTOR('',#1660,1.);
#1660 = DIRECTION('',(0.,1.));
#1661 = ( GEOMETRIC_REPRESENTATION_CONTEXT(2) 
PARAMETRIC_REPRESENTATION_CONTEXT() REPRESENTATION_CONTEXT('2D SPACE',''
  ) );
#1662 = ORIENTED_EDGE('',*,*,#1663,.F.);
#1663 = EDGE_CURVE('',#1664,#1641,#1666,.T.);
#1664 = VERTEX_POINT('',#1665);
#1665 = CARTESIAN_POINT('',(-28.,21.,0.));
#1666 = SURFACE_CURVE('',#1667,(#1672,#1683),.PCURVE_S1.);
#1667 = CIRCLE('',#1668,4.);
#1668 = AXIS2_PLACEMENT_3D('',#1669,#1670,#1671);
#1669 = CARTESIAN_POINT('',(-24.,21.,0.));
#1670 = DIRECTION('',(-0.,-0.,-1.));
#1671 = DIRECTION('',(0.,-1.,0.));
#1672 = PCURVE('',#202,#1673);
#1673 = DEFINITIONAL_REPRESENTATION('',(#1674),#1682);
#1674 = ( BOUNDED_CURVE() B_SPLINE_CURVE(2,(#1675,#1676,#1677,#1678,
#1679,#1680,#1681),.UNSPECIFIED.,.T.,.F.) B_SPLINE_CURVE_WITH_KNOTS((1,2
    ,2,2,2,1),(-2.094395102393,0.,2.094395102393,4.188790204786,
6.28318530718,8.377580409573),.UNSPECIFIED.) CURVE() 
GEOMETRIC_REPRESENTATION_ITEM() RATIONAL_B_SPLINE_CURVE((1.,0.5,1.,0.5,
1.,0.5,1.)) REPRESENTATION_ITEM('') );
#1675 = CARTESIAN_POINT('',(4.,42.));
#1676 = CARTESIAN_POINT('',(-2.928203230276,42.));
#1677 = CARTESIAN_POINT('',(0.535898384862,48.));
#1678 = CARTESIAN_POINT('',(4.,54.));
#1679 = CARTESIAN_POINT('',(7.464101615138,48.));
#1680 = CARTESIAN_POINT('',(10.928203230276,42.));
#1681 = CARTESIAN_POINT('',(4.,42.));
#1682 = ( GEOMETRIC_REPRESENTATION_CONTEXT(2) 
PARAMETRIC_REPRESENTATION_CONTEXT() REPRESENTATION_CONTEXT('2D SPACE',''
  ) );
#1683 = PCURVE('',#435,#1684);
#1684 = DEFINITIONAL_REPRESENTATION('',(#1685),#1689);
#1685 = LINE('',#1686,#1687);
#1686 = CARTESIAN_POINT('',(1.570796326795,-0.));
#1687 = VECTOR('',#1688,1.);
#1688 = DIRECTION('',(-1.,0.));
#1689 = ( GEOMETRIC_REPRESENTATION_CONTEXT(2) 
PARAMETRIC_REPRESENTATION_CONTEXT() REPRESENTATION_CONTEXT('2D SPACE',''
  ) );
#1690 = ORIENTED_EDGE('',*,*,#1691,.F.);
#1691 = EDGE_CURVE('',#1692,#1664,#1694,.T.);
#1692 = VERTEX_POINT('',#1693);
#1693 = CARTESIAN_POINT('',(-28.,12.,0.));
#1694 = SURFACE_CURVE('',#1695,(#1699,#1706),.PCURVE_S1.);
#1695 = LINE('',#1696,#1697);
#1696 = CARTESIAN_POINT('',(-28.,-25.,0.));
#1697 = VECTOR('',#1698,1.);
#1698 = DIRECTION('',(0.,1.,0.));
#1699 = PCURVE('',#202,#1700);
#1700 = DEFINITIONAL_REPRESENTATION('',(#1701),#1705);
#1701 = LINE('',#1702,#1703);
#1702 = CARTESIAN_POINT('',(0.,0.));
#1703 = VECTOR('',#1704,1.);
#1704 = DIRECTION('',(0.,1.));
#1705 = ( GEOMETRIC_REPRESENTATION_CONTEXT(2) 
PARAMETRIC_REPRESENTATION_CONTEXT() REPRESENTATION_CONTEXT('2D SPACE',''
  ) );
#1706 = PCURVE('',#463,#1707);
#1707 = DEFINITIONAL_REPRESENTATION('',(#1708),#1712);
#1708 = LINE('',#1709,#1710);
#1709 = CARTESIAN_POINT('',(0.,0.));
#1710 = VECTOR('',#1711,1.);
#1711 = DIRECTION('',(0.,-1.));
#1712 = ( GEOMETRIC_REPRESENTATION_CONTEXT(2) 
PARAMETRIC_REPRESENTATION_CONTEXT() REPRESENTATION_CONTEXT('2D SPACE',''
  ) );
#1713 = ORIENTED_EDGE('',*,*,#1714,.F.);
#1714 = EDGE_CURVE('',#1715,#1692,#1717,.T.);
#1715 = VERTEX_POINT('',#1716);
#1716 = CARTESIAN_POINT('',(-36.,12.,0.));
#1717 = SURFACE_CURVE('',#1718,(#1722,#1729),.PCURVE_S1.);
#1718 = LINE('',#1719,#1720);
#1719 = CARTESIAN_POINT('',(-36.,12.,0.));
#1720 = VECTOR('',#1721,1.);
#1721 = DIRECTION('',(1.,0.,0.));
#1722 = PCURVE('',#202,#1723);
#1723 = DEFINITIONAL_REPRESENTATION('',(#1724),#1728);
#1724 = LINE('',#1725,#1726);
#1725 = CARTESIAN_POINT('',(-8.,37.));
#1726 = VECTOR('',#1727,1.);
#1727 = DIRECTION('',(1.,0.));
#1728 = ( GEOMETRIC_REPRESENTATION_CONTEXT(2) 
PARAMETRIC_REPRESENTATION_CONTEXT() REPRESENTATION_CONTEXT('2D SPACE',''
  ) );
#1729 = PCURVE('',#491,#1730);
#1730 = DEFINITIONAL_REPRESENTATION('',(#1731),#1735);
#1731 = LINE('',#1732,#1733);
#1732 = CARTESIAN_POINT('',(0.,0.));
#1733 = VECTOR('',#1734,1.);
#1734 = DIRECTION('',(0.,1.));
#1735 = ( GEOMETRIC_REPRESENTATION_CONTEXT(2) 
PARAMETRIC_REPRESENTATION_CONTEXT() REPRESENTATION_CONTEXT('2D SPACE',''
  ) );
#1736 = ORIENTED_EDGE('',*,*,#1737,.F.);
#1737 = EDGE_CURVE('',#1469,#1715,#1738,.T.);
#1738 = SURFACE_CURVE('',#1739,(#1743,#1750),.PCURVE_S1.);
#1739 = LINE('',#1740,#1741);
#1740 = CARTESIAN_POINT('',(-36.,-12.,0.));
#1741 = VECTOR('',#1742,1.);
#1742 = DIRECTION('',(0.,1.,0.));
#1743 = PCURVE('',#202,#1744);
#1744 = DEFINITIONAL_REPRESENTATION('',(#1745),#1749);
#1745 = LINE('',#1746,#1747);
#1746 = CARTESIAN_POINT('',(-8.,13.));
#1747 = VECTOR('',#1748,1.);
#1748 = DIRECTION('',(0.,1.));
#1749 = ( GEOMETRIC_REPRESENTATION_CONTEXT(2) 
PARAMETRIC_REPRESENTATION_CONTEXT() REPRESENTATION_CONTEXT('2D SPACE',''
  ) );
#1750 = PCURVE('',#519,#1751);
#1751 = DEFINITIONAL_REPRESENTATION('',(#1752),#1756);
#1752 = LINE('',#1753,#1754);
#1753 = CARTESIAN_POINT('',(0.,0.));
#1754 = VECTOR('',#1755,1.);
#1755 = DIRECTION('',(0.,-1.));
#1756 = ( GEOMETRIC_REPRESENTATION_CONTEXT(2) 
PARAMETRIC_REPRESENTATION_CONTEXT() REPRESENTATION_CONTEXT('2D SPACE',''
  ) );
#1757 = ORIENTED_EDGE('',*,*,#1468,.T.);
#1758 = FACE_BOUND('',#1759,.F.);
#1759 = EDGE_LOOP('',(#1760));
#1760 = ORIENTED_EDGE('',*,*,#1761,.T.);
#1761 = EDGE_CURVE('',#1762,#1762,#1764,.T.);
#1762 = VERTEX_POINT('',#1763);
#1763 = CARTESIAN_POINT('',(-22.65,-17.,0.));
#1764 = SURFACE_CURVE('',#1765,(#1770,#1781),.PCURVE_S1.);
#1765 = CIRCLE('',#1766,1.65);
#1766 = AXIS2_PLACEMENT_3D('',#1767,#1768,#1769);
#1767 = CARTESIAN_POINT('',(-21.,-17.,0.));
#1768 = DIRECTION('',(0.,0.,-1.));
#1769 = DIRECTION('',(-1.,0.,0.));
#1770 = PCURVE('',#202,#1771);
#1771 = DEFINITIONAL_REPRESENTATION('',(#1772),#1780);
#1772 = ( BOUNDED_CURVE() B_SPLINE_CURVE(2,(#1773,#1774,#1775,#1776,
#1777,#1778,#1779),.UNSPECIFIED.,.T.,.F.) B_SPLINE_CURVE_WITH_KNOTS((1,2
    ,2,2,2,1),(-2.094395102393,0.,2.094395102393,4.188790204786,
6.28318530718,8.377580409573),.UNSPECIFIED.) CURVE() 
GEOMETRIC_REPRESENTATION_ITEM() RATIONAL_B_SPLINE_CURVE((1.,0.5,1.,0.5,
1.,0.5,1.)) REPRESENTATION_ITEM('') );
#1773 = CARTESIAN_POINT('',(5.35,8.));
#1774 = CARTESIAN_POINT('',(5.35,10.857883832489));
#1775 = CARTESIAN_POINT('',(7.825,9.428941916244));
#1776 = CARTESIAN_POINT('',(10.3,8.));
#1777 = CARTESIAN_POINT('',(7.825,6.571058083756));
#1778 = CARTESIAN_POINT('',(5.35,5.142116167511));
#1779 = CARTESIAN_POINT('',(5.35,8.));
#1780 = ( GEOMETRIC_REPRESENTATION_CONTEXT(2) 
PARAMETRIC_REPRESENTATION_CONTEXT() REPRESENTATION_CONTEXT('2D SPACE',''
  ) );
#1781 = PCURVE('',#575,#1782);
#1782 = DEFINITIONAL_REPRESENTATION('',(#1783),#1787);
#1783 = LINE('',#1784,#1785);
#1784 = CARTESIAN_POINT('',(0.,9.5));
#1785 = VECTOR('',#1786,1.);
#1786 = DIRECTION('',(1.,0.));
#1787 = ( GEOMETRIC_REPRESENTATION_CONTEXT(2) 
PARAMETRIC_REPRESENTATION_CONTEXT() REPRESENTATION_CONTEXT('2D SPACE',''
  ) );
#1788 = FACE_BOUND('',#1789,.F.);
#1789 = EDGE_LOOP('',(#1790,#1820,#1848,#1876));
#1790 = ORIENTED_EDGE('',*,*,#1791,.T.);
#1791 = EDGE_CURVE('',#1792,#1794,#1796,.T.);
#1792 = VERTEX_POINT('',#1793);
#1793 = CARTESIAN_POINT('',(-6.125,-22.125,0.));
#1794 = VERTEX_POINT('',#1795);
#1795 = CARTESIAN_POINT('',(-6.125,-9.875,0.));
#1796 = SURFACE_CURVE('',#1797,(#1801,#1808),.PCURVE_S1.);
#1797 = LINE('',#1798,#1799);
#1798 = CARTESIAN_POINT('',(-6.125,-22.125,0.));
#1799 = VECTOR('',#1800,1.);
#1800 = DIRECTION('',(0.,1.,0.));
#1801 = PCURVE('',#202,#1802);
#1802 = DEFINITIONAL_REPRESENTATION('',(#1803),#1807);
#1803 = LINE('',#1804,#1805);
#1804 = CARTESIAN_POINT('',(21.875,2.875));
#1805 = VECTOR('',#1806,1.);
#1806 = DIRECTION('',(0.,1.));
#1807 = ( GEOMETRIC_REPRESENTATION_CONTEXT(2) 
PARAMETRIC_REPRESENTATION_CONTEXT() REPRESENTATION_CONTEXT('2D SPACE',''
  ) );
#1808 = PCURVE('',#1809,#1814);
#1809 = PLANE('',#1810);
#1810 = AXIS2_PLACEMENT_3D('',#1811,#1812,#1813);
#1811 = CARTESIAN_POINT('',(-6.125,-22.125,0.));
#1812 = DIRECTION('',(1.,0.,0.));
#1813 = DIRECTION('',(0.,0.,1.));
#1814 = DEFINITIONAL_REPRESENTATION('',(#1815),#1819);
#1815 = LINE('',#1816,#1817);
#1816 = CARTESIAN_POINT('',(0.,0.));
#1817 = VECTOR('',#1818,1.);
#1818 = DIRECTION('',(0.,-1.));
#1819 = ( GEOMETRIC_REPRESENTATION_CONTEXT(2) 
PARAMETRIC_REPRESENTATION_CONTEXT() REPRESENTATION_CONTEXT('2D SPACE',''
  ) );
#1820 = ORIENTED_EDGE('',*,*,#1821,.T.);
#1821 = EDGE_CURVE('',#1794,#1822,#1824,.T.);
#1822 = VERTEX_POINT('',#1823);
#1823 = CARTESIAN_POINT('',(6.125,-9.875,0.));
#1824 = SURFACE_CURVE('',#1825,(#1829,#1836),.PCURVE_S1.);
#1825 = LINE('',#1826,#1827);
#1826 = CARTESIAN_POINT('',(-6.125,-9.875,0.));
#1827 = VECTOR('',#1828,1.);
#1828 = DIRECTION('',(1.,0.,0.));
#1829 = PCURVE('',#202,#1830);
#1830 = DEFINITIONAL_REPRESENTATION('',(#1831),#1835);
#1831 = LINE('',#1832,#1833);
#1832 = CARTESIAN_POINT('',(21.875,15.125));
#1833 = VECTOR('',#1834,1.);
#1834 = DIRECTION('',(1.,0.));
#1835 = ( GEOMETRIC_REPRESENTATION_CONTEXT(2) 
PARAMETRIC_REPRESENTATION_CONTEXT() REPRESENTATION_CONTEXT('2D SPACE',''
  ) );
#1836 = PCURVE('',#1837,#1842);
#1837 = PLANE('',#1838);
#1838 = AXIS2_PLACEMENT_3D('',#1839,#1840,#1841);
#1839 = CARTESIAN_POINT('',(-6.125,-9.875,0.));
#1840 = DIRECTION('',(0.,1.,0.));
#1841 = DIRECTION('',(0.,0.,1.));
#1842 = DEFINITIONAL_REPRESENTATION('',(#1843),#1847);
#1843 = LINE('',#1844,#1845);
#1844 = CARTESIAN_POINT('',(0.,0.));
#1845 = VECTOR('',#1846,1.);
#1846 = DIRECTION('',(0.,1.));
#1847 = ( GEOMETRIC_REPRESENTATION_CONTEXT(2) 
PARAMETRIC_REPRESENTATION_CONTEXT() REPRESENTATION_CONTEXT('2D SPACE',''
  ) );
#1848 = ORIENTED_EDGE('',*,*,#1849,.F.);
#1849 = EDGE_CURVE('',#1850,#1822,#1852,.T.);
#1850 = VERTEX_POINT('',#1851);
#1851 = CARTESIAN_POINT('',(6.125,-22.125,0.));
#1852 = SURFACE_CURVE('',#1853,(#1857,#1864),.PCURVE_S1.);
#1853 = LINE('',#1854,#1855);
#1854 = CARTESIAN_POINT('',(6.125,-22.125,0.));
#1855 = VECTOR('',#1856,1.);
#1856 = DIRECTION('',(0.,1.,0.));
#1857 = PCURVE('',#202,#1858);
#1858 = DEFINITIONAL_REPRESENTATION('',(#1859),#1863);
#1859 = LINE('',#1860,#1861);
#1860 = CARTESIAN_POINT('',(34.125,2.875));
#1861 = VECTOR('',#1862,1.);
#1862 = DIRECTION('',(0.,1.));
#1863 = ( GEOMETRIC_REPRESENTATION_CONTEXT(2) 
PARAMETRIC_REPRESENTATION_CONTEXT() REPRESENTATION_CONTEXT('2D SPACE',''
  ) );
#1864 = PCURVE('',#1865,#1870);
#1865 = PLANE('',#1866);
#1866 = AXIS2_PLACEMENT_3D('',#1867,#1868,#1869);
#1867 = CARTESIAN_POINT('',(6.125,-22.125,0.));
#1868 = DIRECTION('',(1.,0.,0.));
#1869 = DIRECTION('',(0.,0.,1.));
#1870 = DEFINITIONAL_REPRESENTATION('',(#1871),#1875);
#1871 = LINE('',#1872,#1873);
#1872 = CARTESIAN_POINT('',(0.,0.));
#1873 = VECTOR('',#1874,1.);
#1874 = DIRECTION('',(0.,-1.));
#1875 = ( GEOMETRIC_REPRESENTATION_CONTEXT(2) 
PARAMETRIC_REPRESENTATION_CONTEXT() REPRESENTATION_CONTEXT('2D SPACE',''
  ) );
#1876 = ORIENTED_EDGE('',*,*,#1877,.F.);
#1877 = EDGE_CURVE('',#1792,#1850,#1878,.T.);
#1878 = SURFACE_CURVE('',#1879,(#1883,#1890),.PCURVE_S1.);
#1879 = LINE('',#1880,#1881);
#1880 = CARTESIAN_POINT('',(-6.125,-22.125,0.));
#1881 = VECTOR('',#1882,1.);
#1882 = DIRECTION('',(1.,0.,0.));
#1883 = PCURVE('',#202,#1884);
#1884 = DEFINITIONAL_REPRESENTATION('',(#1885),#1889);
#1885 = LINE('',#1886,#1887);
#1886 = CARTESIAN_POINT('',(21.875,2.875));
#1887 = VECTOR('',#1888,1.);
#1888 = DIRECTION('',(1.,0.));
#1889 = ( GEOMETRIC_REPRESENTATION_CONTEXT(2) 
PARAMETRIC_REPRESENTATION_CONTEXT() REPRESENTATION_CONTEXT('2D SPACE',''
  ) );
#1890 = PCURVE('',#1891,#1896);
#1891 = PLANE('',#1892);
#1892 = AXIS2_PLACEMENT_3D('',#1893,#1894,#1895);
#1893 = CARTESIAN_POINT('',(-6.125,-22.125,0.));
#1894 = DIRECTION('',(0.,1.,0.));
#1895 = DIRECTION('',(0.,0.,1.));
#1896 = DEFINITIONAL_REPRESENTATION('',(#1897),#1901);
#1897 = LINE('',#1898,#1899);
#1898 = CARTESIAN_POINT('',(0.,0.));
#1899 = VECTOR('',#1900,1.);
#1900 = DIRECTION('',(0.,1.));
#1901 = ( GEOMETRIC_REPRESENTATION_CONTEXT(2) 
PARAMETRIC_REPRESENTATION_CONTEXT() REPRESENTATION_CONTEXT('2D SPACE',''
  ) );
#1902 = FACE_BOUND('',#1903,.F.);
#1903 = EDGE_LOOP('',(#1904));
#1904 = ORIENTED_EDGE('',*,*,#1905,.T.);
#1905 = EDGE_CURVE('',#1906,#1906,#1908,.T.);
#1906 = VERTEX_POINT('',#1907);
#1907 = CARTESIAN_POINT('',(19.35,-17.,0.));
#1908 = SURFACE_CURVE('',#1909,(#1914,#1925),.PCURVE_S1.);
#1909 = CIRCLE('',#1910,1.65);
#1910 = AXIS2_PLACEMENT_3D('',#1911,#1912,#1913);
#1911 = CARTESIAN_POINT('',(21.,-17.,0.));
#1912 = DIRECTION('',(0.,0.,-1.));
#1913 = DIRECTION('',(-1.,0.,0.));
#1914 = PCURVE('',#202,#1915);
#1915 = DEFINITIONAL_REPRESENTATION('',(#1916),#1924);
#1916 = ( BOUNDED_CURVE() B_SPLINE_CURVE(2,(#1917,#1918,#1919,#1920,
#1921,#1922,#1923),.UNSPECIFIED.,.T.,.F.) B_SPLINE_CURVE_WITH_KNOTS((1,2
    ,2,2,2,1),(-2.094395102393,0.,2.094395102393,4.188790204786,
6.28318530718,8.377580409573),.UNSPECIFIED.) CURVE() 
GEOMETRIC_REPRESENTATION_ITEM() RATIONAL_B_SPLINE_CURVE((1.,0.5,1.,0.5,
1.,0.5,1.)) REPRESENTATION_ITEM('') );
#1917 = CARTESIAN_POINT('',(47.35,8.));
#1918 = CARTESIAN_POINT('',(47.35,10.857883832489));
#1919 = CARTESIAN_POINT('',(49.825,9.428941916244));
#1920 = CARTESIAN_POINT('',(52.3,8.));
#1921 = CARTESIAN_POINT('',(49.825,6.571058083756));
#1922 = CARTESIAN_POINT('',(47.35,5.142116167511));
#1923 = CARTESIAN_POINT('',(47.35,8.));
#1924 = ( GEOMETRIC_REPRESENTATION_CONTEXT(2) 
PARAMETRIC_REPRESENTATION_CONTEXT() REPRESENTATION_CONTEXT('2D SPACE',''
  ) );
#1925 = PCURVE('',#768,#1926);
#1926 = DEFINITIONAL_REPRESENTATION('',(#1927),#1931);
#1927 = LINE('',#1928,#1929);
#1928 = CARTESIAN_POINT('',(0.,9.5));
#1929 = VECTOR('',#1930,1.);
#1930 = DIRECTION('',(1.,0.));
#1931 = ( GEOMETRIC_REPRESENTATION_CONTEXT(2) 
PARAMETRIC_REPRESENTATION_CONTEXT() REPRESENTATION_CONTEXT('2D SPACE',''
  ) );
#1932 = FACE_BOUND('',#1933,.F.);
#1933 = EDGE_LOOP('',(#1934,#1962,#1988,#2014));
#1934 = ORIENTED_EDGE('',*,*,#1935,.T.);
#1935 = EDGE_CURVE('',#1936,#1938,#1940,.T.);
#1936 = VERTEX_POINT('',#1937);
#1937 = CARTESIAN_POINT('',(-24.875,-11.125,0.));
#1938 = VERTEX_POINT('',#1939);
#1939 = CARTESIAN_POINT('',(-35.125,-11.125,0.));
#1940 = SURFACE_CURVE('',#1941,(#1945,#1951),.PCURVE_S1.);
#1941 = LINE('',#1942,#1943);
#1942 = CARTESIAN_POINT('',(-31.5625,-11.125,0.));
#1943 = VECTOR('',#1944,1.);
#1944 = DIRECTION('',(-1.,0.,0.));
#1945 = PCURVE('',#202,#1946);
#1946 = DEFINITIONAL_REPRESENTATION('',(#1947),#1950);
#1947 = B_SPLINE_CURVE_WITH_KNOTS('',1,(#1948,#1949),.UNSPECIFIED.,.F.,
  .F.,(2,2),(-6.6875,3.5625),.PIECEWISE_BEZIER_KNOTS.);
#1948 = CARTESIAN_POINT('',(3.125,13.875));
#1949 = CARTESIAN_POINT('',(-7.125,13.875));
#1950 = ( GEOMETRIC_REPRESENTATION_CONTEXT(2) 
PARAMETRIC_REPRESENTATION_CONTEXT() REPRESENTATION_CONTEXT('2D SPACE',''
  ) );
#1951 = PCURVE('',#1952,#1957);
#1952 = PLANE('',#1953);
#1953 = AXIS2_PLACEMENT_3D('',#1954,#1955,#1956);
#1954 = CARTESIAN_POINT('',(-35.125,-11.125,-5.E-02));
#1955 = DIRECTION('',(0.,1.,0.));
#1956 = DIRECTION('',(0.,0.,1.));
#1957 = DEFINITIONAL_REPRESENTATION('',(#1958),#1961);
#1958 = B_SPLINE_CURVE_WITH_KNOTS('',1,(#1959,#1960),.UNSPECIFIED.,.F.,
  .F.,(2,2),(-6.6875,3.5625),.PIECEWISE_BEZIER_KNOTS.);
#1959 = CARTESIAN_POINT('',(5.E-02,10.25));
#1960 = CARTESIAN_POINT('',(5.E-02,0.));
#1961 = ( GEOMETRIC_REPRESENTATION_CONTEXT(2) 
PARAMETRIC_REPRESENTATION_CONTEXT() REPRESENTATION_CONTEXT('2D SPACE',''
  ) );
#1962 = ORIENTED_EDGE('',*,*,#1963,.T.);
#1963 = EDGE_CURVE('',#1938,#1964,#1966,.T.);
#1964 = VERTEX_POINT('',#1965);
#1965 = CARTESIAN_POINT('',(-35.125,11.125,0.));
#1966 = SURFACE_CURVE('',#1967,(#1971,#1977),.PCURVE_S1.);
#1967 = LINE('',#1968,#1969);
#1968 = CARTESIAN_POINT('',(-35.125,-18.0625,0.));
#1969 = VECTOR('',#1970,1.);
#1970 = DIRECTION('',(0.,1.,0.));
#1971 = PCURVE('',#202,#1972);
#1972 = DEFINITIONAL_REPRESENTATION('',(#1973),#1976);
#1973 = B_SPLINE_CURVE_WITH_KNOTS('',1,(#1974,#1975),.UNSPECIFIED.,.F.,
  .F.,(2,2),(6.9375,29.1875),.PIECEWISE_BEZIER_KNOTS.);
#1974 = CARTESIAN_POINT('',(-7.125,13.875));
#1975 = CARTESIAN_POINT('',(-7.125,36.125));
#1976 = ( GEOMETRIC_REPRESENTATION_CONTEXT(2) 
PARAMETRIC_REPRESENTATION_CONTEXT() REPRESENTATION_CONTEXT('2D SPACE',''
  ) );
#1977 = PCURVE('',#1978,#1983);
#1978 = PLANE('',#1979);
#1979 = AXIS2_PLACEMENT_3D('',#1980,#1981,#1982);
#1980 = CARTESIAN_POINT('',(-35.125,-11.125,-5.E-02));
#1981 = DIRECTION('',(1.,0.,0.));
#1982 = DIRECTION('',(0.,0.,1.));
#1983 = DEFINITIONAL_REPRESENTATION('',(#1984),#1987);
#1984 = B_SPLINE_CURVE_WITH_KNOTS('',1,(#1985,#1986),.UNSPECIFIED.,.F.,
  .F.,(2,2),(6.9375,29.1875),.PIECEWISE_BEZIER_KNOTS.);
#1985 = CARTESIAN_POINT('',(5.E-02,0.));
#1986 = CARTESIAN_POINT('',(5.E-02,-22.25));
#1987 = ( GEOMETRIC_REPRESENTATION_CONTEXT(2) 
PARAMETRIC_REPRESENTATION_CONTEXT() REPRESENTATION_CONTEXT('2D SPACE',''
  ) );
#1988 = ORIENTED_EDGE('',*,*,#1989,.F.);
#1989 = EDGE_CURVE('',#1990,#1964,#1992,.T.);
#1990 = VERTEX_POINT('',#1991);
#1991 = CARTESIAN_POINT('',(-24.875,11.125,0.));
#1992 = SURFACE_CURVE('',#1993,(#1997,#2003),.PCURVE_S1.);
#1993 = LINE('',#1994,#1995);
#1994 = CARTESIAN_POINT('',(-31.5625,11.125,0.));
#1995 = VECTOR('',#1996,1.);
#1996 = DIRECTION('',(-1.,0.,0.));
#1997 = PCURVE('',#202,#1998);
#1998 = DEFINITIONAL_REPRESENTATION('',(#1999),#2002);
#1999 = B_SPLINE_CURVE_WITH_KNOTS('',1,(#2000,#2001),.UNSPECIFIED.,.F.,
  .F.,(2,2),(-6.6875,3.5625),.PIECEWISE_BEZIER_KNOTS.);
#2000 = CARTESIAN_POINT('',(3.125,36.125));
#2001 = CARTESIAN_POINT('',(-7.125,36.125));
#2002 = ( GEOMETRIC_REPRESENTATION_CONTEXT(2) 
PARAMETRIC_REPRESENTATION_CONTEXT() REPRESENTATION_CONTEXT('2D SPACE',''
  ) );
#2003 = PCURVE('',#2004,#2009);
#2004 = PLANE('',#2005);
#2005 = AXIS2_PLACEMENT_3D('',#2006,#2007,#2008);
#2006 = CARTESIAN_POINT('',(-35.125,11.125,-5.E-02));
#2007 = DIRECTION('',(0.,1.,0.));
#2008 = DIRECTION('',(0.,0.,1.));
#2009 = DEFINITIONAL_REPRESENTATION('',(#2010),#2013);
#2010 = B_SPLINE_CURVE_WITH_KNOTS('',1,(#2011,#2012),.UNSPECIFIED.,.F.,
  .F.,(2,2),(-6.6875,3.5625),.PIECEWISE_BEZIER_KNOTS.);
#2011 = CARTESIAN_POINT('',(5.E-02,10.25));
#2012 = CARTESIAN_POINT('',(5.E-02,0.));
#2013 = ( GEOMETRIC_REPRESENTATION_CONTEXT(2) 
PARAMETRIC_REPRESENTATION_CONTEXT() REPRESENTATION_CONTEXT('2D SPACE',''
  ) );
#2014 = ORIENTED_EDGE('',*,*,#2015,.F.);
#2015 = EDGE_CURVE('',#1936,#1990,#2016,.T.);
#2016 = SURFACE_CURVE('',#2017,(#2021,#2027),.PCURVE_S1.);
#2017 = LINE('',#2018,#2019);
#2018 = CARTESIAN_POINT('',(-24.875,-18.0625,0.));
#2019 = VECTOR('',#2020,1.);
#2020 = DIRECTION('',(0.,1.,0.));
#2021 = PCURVE('',#202,#2022);
#2022 = DEFINITIONAL_REPRESENTATION('',(#2023),#2026);
#2023 = B_SPLINE_CURVE_WITH_KNOTS('',1,(#2024,#2025),.UNSPECIFIED.,.F.,
  .F.,(2,2),(6.9375,29.1875),.PIECEWISE_BEZIER_KNOTS.);
#2024 = CARTESIAN_POINT('',(3.125,13.875));
#2025 = CARTESIAN_POINT('',(3.125,36.125));
#2026 = ( GEOMETRIC_REPRESENTATION_CONTEXT(2) 
PARAMETRIC_REPRESENTATION_CONTEXT() REPRESENTATION_CONTEXT('2D SPACE',''
  ) );
#2027 = PCURVE('',#2028,#2033);
#2028 = PLANE('',#2029);
#2029 = AXIS2_PLACEMENT_3D('',#2030,#2031,#2032);
#2030 = CARTESIAN_POINT('',(-24.875,-11.125,-5.E-02));
#2031 = DIRECTION('',(1.,0.,0.));
#2032 = DIRECTION('',(0.,0.,1.));
#2033 = DEFINITIONAL_REPRESENTATION('',(#2034),#2037);
#2034 = B_SPLINE_CURVE_WITH_KNOTS('',1,(#2035,#2036),.UNSPECIFIED.,.F.,
  .F.,(2,2),(6.9375,29.1875),.PIECEWISE_BEZIER_KNOTS.);
#2035 = CARTESIAN_POINT('',(5.E-02,0.));
#2036 = CARTESIAN_POINT('',(5.E-02,-22.25));
#2037 = ( GEOMETRIC_REPRESENTATION_CONTEXT(2) 
PARAMETRIC_REPRESENTATION_CONTEXT() REPRESENTATION_CONTEXT('2D SPACE',''
  ) );
#2038 = FACE_BOUND('',#2039,.F.);
#2039 = EDGE_LOOP('',(#2040));
#2040 = ORIENTED_EDGE('',*,*,#2041,.F.);
#2041 = EDGE_CURVE('',#2042,#2042,#2044,.T.);
#2042 = VERTEX_POINT('',#2043);
#2043 = CARTESIAN_POINT('',(-17.00779220779,-7.328795390222E-16,0.));
#2044 = SURFACE_CURVE('',#2045,(#2050,#2057),.PCURVE_S1.);
#2045 = CIRCLE('',#2046,2.992207792208);
#2046 = AXIS2_PLACEMENT_3D('',#2047,#2048,#2049);
#2047 = CARTESIAN_POINT('',(-20.,0.,0.));
#2048 = DIRECTION('',(0.,0.,1.));
#2049 = DIRECTION('',(1.,0.,-0.));
#2050 = PCURVE('',#202,#2051);
#2051 = DEFINITIONAL_REPRESENTATION('',(#2052),#2056);
#2052 = CIRCLE('',#2053,2.992207792208);
#2053 = AXIS2_PLACEMENT_2D('',#2054,#2055);
#2054 = CARTESIAN_POINT('',(8.,25.));
#2055 = DIRECTION('',(1.,0.));
#2056 = ( GEOMETRIC_REPRESENTATION_CONTEXT(2) 
PARAMETRIC_REPRESENTATION_CONTEXT() REPRESENTATION_CONTEXT('2D SPACE',''
  ) );
#2057 = PCURVE('',#2058,#2063);
#2058 = CONICAL_SURFACE('',#2059,3.,0.154600545431);
#2059 = AXIS2_PLACEMENT_3D('',#2060,#2061,#2062);
#2060 = CARTESIAN_POINT('',(-20.,0.,-5.E-02));
#2061 = DIRECTION('',(-0.,-0.,-1.));
#2062 = DIRECTION('',(1.,0.,-0.));
#2063 = DEFINITIONAL_REPRESENTATION('',(#2064),#2068);
#2064 = LINE('',#2065,#2066);
#2065 = CARTESIAN_POINT('',(-0.,-5.E-02));
#2066 = VECTOR('',#2067,1.);
#2067 = DIRECTION('',(-1.,-0.));
#2068 = ( GEOMETRIC_REPRESENTATION_CONTEXT(2) 
PARAMETRIC_REPRESENTATION_CONTEXT() REPRESENTATION_CONTEXT('2D SPACE',''
  ) );
#2069 = FACE_BOUND('',#2070,.F.);
#2070 = EDGE_LOOP('',(#2071));
#2071 = ORIENTED_EDGE('',*,*,#2072,.F.);
#2072 = EDGE_CURVE('',#2073,#2073,#2075,.T.);
#2073 = VERTEX_POINT('',#2074);
#2074 = CARTESIAN_POINT('',(-10.4,-3.918869757272E-16,0.));
#2075 = SURFACE_CURVE('',#2076,(#2081,#2088),.PCURVE_S1.);
#2076 = CIRCLE('',#2077,1.6);
#2077 = AXIS2_PLACEMENT_3D('',#2078,#2079,#2080);
#2078 = CARTESIAN_POINT('',(-12.,0.,0.));
#2079 = DIRECTION('',(0.,0.,1.));
#2080 = DIRECTION('',(1.,0.,-0.));
#2081 = PCURVE('',#202,#2082);
#2082 = DEFINITIONAL_REPRESENTATION('',(#2083),#2087);
#2083 = CIRCLE('',#2084,1.6);
#2084 = AXIS2_PLACEMENT_2D('',#2085,#2086);
#2085 = CARTESIAN_POINT('',(16.,25.));
#2086 = DIRECTION('',(1.,0.));
#2087 = ( GEOMETRIC_REPRESENTATION_CONTEXT(2) 
PARAMETRIC_REPRESENTATION_CONTEXT() REPRESENTATION_CONTEXT('2D SPACE',''
  ) );
#2088 = PCURVE('',#2089,#2094);
#2089 = CYLINDRICAL_SURFACE('',#2090,1.6);
#2090 = AXIS2_PLACEMENT_3D('',#2091,#2092,#2093);
#2091 = CARTESIAN_POINT('',(-12.,0.,-0.1));
#2092 = DIRECTION('',(0.,0.,1.));
#2093 = DIRECTION('',(1.,0.,-0.));
#2094 = DEFINITIONAL_REPRESENTATION('',(#2095),#2099);
#2095 = LINE('',#2096,#2097);
#2096 = CARTESIAN_POINT('',(0.,0.1));
#2097 = VECTOR('',#2098,1.);
#2098 = DIRECTION('',(1.,0.));
#2099 = ( GEOMETRIC_REPRESENTATION_CONTEXT(2) 
PARAMETRIC_REPRESENTATION_CONTEXT() REPRESENTATION_CONTEXT('2D SPACE',''
  ) );
#2100 = FACE_BOUND('',#2101,.F.);
#2101 = EDGE_LOOP('',(#2102));
#2102 = ORIENTED_EDGE('',*,*,#2103,.T.);
#2103 = EDGE_CURVE('',#2104,#2104,#2106,.T.);
#2104 = VERTEX_POINT('',#2105);
#2105 = CARTESIAN_POINT('',(-22.65,17.,0.));
#2106 = SURFACE_CURVE('',#2107,(#2112,#2123),.PCURVE_S1.);
#2107 = CIRCLE('',#2108,1.65);
#2108 = AXIS2_PLACEMENT_3D('',#2109,#2110,#2111);
#2109 = CARTESIAN_POINT('',(-21.,17.,0.));
#2110 = DIRECTION('',(0.,0.,-1.));
#2111 = DIRECTION('',(-1.,0.,0.));
#2112 = PCURVE('',#202,#2113);
#2113 = DEFINITIONAL_REPRESENTATION('',(#2114),#2122);
#2114 = ( BOUNDED_CURVE() B_SPLINE_CURVE(2,(#2115,#2116,#2117,#2118,
#2119,#2120,#2121),.UNSPECIFIED.,.T.,.F.) B_SPLINE_CURVE_WITH_KNOTS((1,2
    ,2,2,2,1),(-2.094395102393,0.,2.094395102393,4.188790204786,
6.28318530718,8.377580409573),.UNSPECIFIED.) CURVE() 
GEOMETRIC_REPRESENTATION_ITEM() RATIONAL_B_SPLINE_CURVE((1.,0.5,1.,0.5,
1.,0.5,1.)) REPRESENTATION_ITEM('') );
#2115 = CARTESIAN_POINT('',(5.35,42.));
#2116 = CARTESIAN_POINT('',(5.35,44.857883832489));
#2117 = CARTESIAN_POINT('',(7.825,43.428941916244));
#2118 = CARTESIAN_POINT('',(10.3,42.));
#2119 = CARTESIAN_POINT('',(7.825,40.571058083756));
#2120 = CARTESIAN_POINT('',(5.35,39.142116167511));
#2121 = CARTESIAN_POINT('',(5.35,42.));
#2122 = ( GEOMETRIC_REPRESENTATION_CONTEXT(2) 
PARAMETRIC_REPRESENTATION_CONTEXT() REPRESENTATION_CONTEXT('2D SPACE',''
  ) );
#2123 = PCURVE('',#1067,#2124);
#2124 = DEFINITIONAL_REPRESENTATION('',(#2125),#2129);
#2125 = LINE('',#2126,#2127);
#2126 = CARTESIAN_POINT('',(0.,9.5));
#2127 = VECTOR('',#2128,1.);
#2128 = DIRECTION('',(1.,0.));
#2129 = ( GEOMETRIC_REPRESENTATION_CONTEXT(2) 
PARAMETRIC_REPRESENTATION_CONTEXT() REPRESENTATION_CONTEXT('2D SPACE',''
  ) );
#2130 = FACE_BOUND('',#2131,.F.);
#2131 = EDGE_LOOP('',(#2132));
#2132 = ORIENTED_EDGE('',*,*,#2133,.T.);
#2133 = EDGE_CURVE('',#2134,#2134,#2136,.T.);
#2134 = VERTEX_POINT('',#2135);
#2135 = CARTESIAN_POINT('',(-4.,-9.797174393179E-16,0.));
#2136 = SURFACE_CURVE('',#2137,(#2142,#2153),.PCURVE_S1.);
#2137 = CIRCLE('',#2138,4.);
#2138 = AXIS2_PLACEMENT_3D('',#2139,#2140,#2141);
#2139 = CARTESIAN_POINT('',(0.,0.,0.));
#2140 = DIRECTION('',(0.,0.,-1.));
#2141 = DIRECTION('',(-1.,0.,0.));
#2142 = PCURVE('',#202,#2143);
#2143 = DEFINITIONAL_REPRESENTATION('',(#2144),#2152);
#2144 = ( BOUNDED_CURVE() B_SPLINE_CURVE(2,(#2145,#2146,#2147,#2148,
#2149,#2150,#2151),.UNSPECIFIED.,.T.,.F.) B_SPLINE_CURVE_WITH_KNOTS((1,2
    ,2,2,2,1),(-2.094395102393,0.,2.094395102393,4.188790204786,
6.28318530718,8.377580409573),.UNSPECIFIED.) CURVE() 
GEOMETRIC_REPRESENTATION_ITEM() RATIONAL_B_SPLINE_CURVE((1.,0.5,1.,0.5,
1.,0.5,1.)) REPRESENTATION_ITEM('') );
#2145 = CARTESIAN_POINT('',(24.,25.));
#2146 = CARTESIAN_POINT('',(24.,31.928203230276));
#2147 = CARTESIAN_POINT('',(30.,28.464101615138));
#2148 = CARTESIAN_POINT('',(36.,25.));
#2149 = CARTESIAN_POINT('',(30.,21.535898384862));
#2150 = CARTESIAN_POINT('',(24.,18.071796769724));
#2151 = CARTESIAN_POINT('',(24.,25.));
#2152 = ( GEOMETRIC_REPRESENTATION_CONTEXT(2) 
PARAMETRIC_REPRESENTATION_CONTEXT() REPRESENTATION_CONTEXT('2D SPACE',''
  ) );
#2153 = PCURVE('',#1102,#2154);
#2154 = DEFINITIONAL_REPRESENTATION('',(#2155),#2159);
#2155 = LINE('',#2156,#2157);
#2156 = CARTESIAN_POINT('',(0.,9.5));
#2157 = VECTOR('',#2158,1.);
#2158 = DIRECTION('',(1.,0.));
#2159 = ( GEOMETRIC_REPRESENTATION_CONTEXT(2) 
PARAMETRIC_REPRESENTATION_CONTEXT() REPRESENTATION_CONTEXT('2D SPACE',''
  ) );
#2160 = FACE_BOUND('',#2161,.F.);
#2161 = EDGE_LOOP('',(#2162));
#2162 = ORIENTED_EDGE('',*,*,#2163,.F.);
#2163 = EDGE_CURVE('',#2164,#2164,#2166,.T.);
#2164 = VERTEX_POINT('',#2165);
#2165 = CARTESIAN_POINT('',(13.6,-3.918869757272E-16,0.));
#2166 = SURFACE_CURVE('',#2167,(#2172,#2179),.PCURVE_S1.);
#2167 = CIRCLE('',#2168,1.6);
#2168 = AXIS2_PLACEMENT_3D('',#2169,#2170,#2171);
#2169 = CARTESIAN_POINT('',(12.,0.,0.));
#2170 = DIRECTION('',(0.,0.,1.));
#2171 = DIRECTION('',(1.,0.,-0.));
#2172 = PCURVE('',#202,#2173);
#2173 = DEFINITIONAL_REPRESENTATION('',(#2174),#2178);
#2174 = CIRCLE('',#2175,1.6);
#2175 = AXIS2_PLACEMENT_2D('',#2176,#2177);
#2176 = CARTESIAN_POINT('',(40.,25.));
#2177 = DIRECTION('',(1.,0.));
#2178 = ( GEOMETRIC_REPRESENTATION_CONTEXT(2) 
PARAMETRIC_REPRESENTATION_CONTEXT() REPRESENTATION_CONTEXT('2D SPACE',''
  ) );
#2179 = PCURVE('',#2180,#2185);
#2180 = CYLINDRICAL_SURFACE('',#2181,1.6);
#2181 = AXIS2_PLACEMENT_3D('',#2182,#2183,#2184);
#2182 = CARTESIAN_POINT('',(12.,0.,-0.1));
#2183 = DIRECTION('',(0.,0.,1.));
#2184 = DIRECTION('',(1.,0.,-0.));
#2185 = DEFINITIONAL_REPRESENTATION('',(#2186),#2190);
#2186 = LINE('',#2187,#2188);
#2187 = CARTESIAN_POINT('',(0.,0.1));
#2188 = VECTOR('',#2189,1.);
#2189 = DIRECTION('',(1.,0.));
#2190 = ( GEOMETRIC_REPRESENTATION_CONTEXT(2) 
PARAMETRIC_REPRESENTATION_CONTEXT() REPRESENTATION_CONTEXT('2D SPACE',''
  ) );
#2191 = FACE_BOUND('',#2192,.F.);
#2192 = EDGE_LOOP('',(#2193,#2224));
#2193 = ORIENTED_EDGE('',*,*,#2194,.F.);
#2194 = EDGE_CURVE('',#2195,#2197,#2199,.T.);
#2195 = VERTEX_POINT('',#2196);
#2196 = CARTESIAN_POINT('',(22.971667456454,-1.254552017826E-14,0.));
#2197 = VERTEX_POINT('',#2198);
#2198 = CARTESIAN_POINT('',(17.028332543546,-1.554312234475E-14,0.));
#2199 = SURFACE_CURVE('',#2200,(#2205,#2212),.PCURVE_S1.);
#2200 = CIRCLE('',#2201,2.992207792208);
#2201 = AXIS2_PLACEMENT_3D('',#2202,#2203,#2204);
#2202 = CARTESIAN_POINT('',(20.,0.35,0.));
#2203 = DIRECTION('',(0.,0.,1.));
#2204 = DIRECTION('',(0.993135391263,-0.116970486111,0.));
#2205 = PCURVE('',#202,#2206);
#2206 = DEFINITIONAL_REPRESENTATION('',(#2207),#2211);
#2207 = CIRCLE('',#2208,2.992207792208);
#2208 = AXIS2_PLACEMENT_2D('',#2209,#2210);
#2209 = CARTESIAN_POINT('',(48.,25.35));
#2210 = DIRECTION('',(0.993135391263,-0.116970486111));
#2211 = ( GEOMETRIC_REPRESENTATION_CONTEXT(2) 
PARAMETRIC_REPRESENTATION_CONTEXT() REPRESENTATION_CONTEXT('2D SPACE',''
  ) );
#2212 = PCURVE('',#2213,#2218);
#2213 = CONICAL_SURFACE('',#2214,3.,0.154600545431);
#2214 = AXIS2_PLACEMENT_3D('',#2215,#2216,#2217);
#2215 = CARTESIAN_POINT('',(20.,0.35,-5.E-02));
#2216 = DIRECTION('',(-0.,-0.,-1.));
#2217 = DIRECTION('',(1.,0.,-0.));
#2218 = DEFINITIONAL_REPRESENTATION('',(#2219),#2223);
#2219 = LINE('',#2220,#2221);
#2220 = CARTESIAN_POINT('',(-6.165946431762,-5.E-02));
#2221 = VECTOR('',#2222,1.);
#2222 = DIRECTION('',(-1.,-0.));
#2223 = ( GEOMETRIC_REPRESENTATION_CONTEXT(2) 
PARAMETRIC_REPRESENTATION_CONTEXT() REPRESENTATION_CONTEXT('2D SPACE',''
  ) );
#2224 = ORIENTED_EDGE('',*,*,#2225,.F.);
#2225 = EDGE_CURVE('',#2197,#2195,#2226,.T.);
#2226 = SURFACE_CURVE('',#2227,(#2232,#2239),.PCURVE_S1.);
#2227 = CIRCLE('',#2228,2.992207792208);
#2228 = AXIS2_PLACEMENT_3D('',#2229,#2230,#2231);
#2229 = CARTESIAN_POINT('',(20.,-0.35,0.));
#2230 = DIRECTION('',(0.,0.,1.));
#2231 = DIRECTION('',(-0.993135391263,0.116970486111,0.));
#2232 = PCURVE('',#202,#2233);
#2233 = DEFINITIONAL_REPRESENTATION('',(#2234),#2238);
#2234 = CIRCLE('',#2235,2.992207792208);
#2235 = AXIS2_PLACEMENT_2D('',#2236,#2237);
#2236 = CARTESIAN_POINT('',(48.,24.65));
#2237 = DIRECTION('',(-0.993135391263,0.116970486111));
#2238 = ( GEOMETRIC_REPRESENTATION_CONTEXT(2) 
PARAMETRIC_REPRESENTATION_CONTEXT() REPRESENTATION_CONTEXT('2D SPACE',''
  ) );
#2239 = PCURVE('',#2240,#2245);
#2240 = CONICAL_SURFACE('',#2241,3.,0.154600545431);
#2241 = AXIS2_PLACEMENT_3D('',#2242,#2243,#2244);
#2242 = CARTESIAN_POINT('',(20.,-0.35,-5.E-02));
#2243 = DIRECTION('',(-0.,-0.,-1.));
#2244 = DIRECTION('',(1.,0.,-0.));
#2245 = DEFINITIONAL_REPRESENTATION('',(#2246),#2250);
#2246 = LINE('',#2247,#2248);
#2247 = CARTESIAN_POINT('',(-3.024353778172,-5.E-02));
#2248 = VECTOR('',#2249,1.);
#2249 = DIRECTION('',(-1.,-0.));
#2250 = ( GEOMETRIC_REPRESENTATION_CONTEXT(2) 
PARAMETRIC_REPRESENTATION_CONTEXT() REPRESENTATION_CONTEXT('2D SPACE',''
  ) );
#2251 = FACE_BOUND('',#2252,.F.);
#2252 = EDGE_LOOP('',(#2253,#2283,#2311,#2339));
#2253 = ORIENTED_EDGE('',*,*,#2254,.T.);
#2254 = EDGE_CURVE('',#2255,#2257,#2259,.T.);
#2255 = VERTEX_POINT('',#2256);
#2256 = CARTESIAN_POINT('',(-6.125,9.875,0.));
#2257 = VERTEX_POINT('',#2258);
#2258 = CARTESIAN_POINT('',(-6.125,22.125,0.));
#2259 = SURFACE_CURVE('',#2260,(#2264,#2271),.PCURVE_S1.);
#2260 = LINE('',#2261,#2262);
#2261 = CARTESIAN_POINT('',(-6.125,9.875,0.));
#2262 = VECTOR('',#2263,1.);
#2263 = DIRECTION('',(0.,1.,0.));
#2264 = PCURVE('',#202,#2265);
#2265 = DEFINITIONAL_REPRESENTATION('',(#2266),#2270);
#2266 = LINE('',#2267,#2268);
#2267 = CARTESIAN_POINT('',(21.875,34.875));
#2268 = VECTOR('',#2269,1.);
#2269 = DIRECTION('',(0.,1.));
#2270 = ( GEOMETRIC_REPRESENTATION_CONTEXT(2) 
PARAMETRIC_REPRESENTATION_CONTEXT() REPRESENTATION_CONTEXT('2D SPACE',''
  ) );
#2271 = PCURVE('',#2272,#2277);
#2272 = PLANE('',#2273);
#2273 = AXIS2_PLACEMENT_3D('',#2274,#2275,#2276);
#2274 = CARTESIAN_POINT('',(-6.125,9.875,0.));
#2275 = DIRECTION('',(1.,0.,0.));
#2276 = DIRECTION('',(0.,0.,1.));
#2277 = DEFINITIONAL_REPRESENTATION('',(#2278),#2282);
#2278 = LINE('',#2279,#2280);
#2279 = CARTESIAN_POINT('',(0.,0.));
#2280 = VECTOR('',#2281,1.);
#2281 = DIRECTION('',(0.,-1.));
#2282 = ( GEOMETRIC_REPRESENTATION_CONTEXT(2) 
PARAMETRIC_REPRESENTATION_CONTEXT() REPRESENTATION_CONTEXT('2D SPACE',''
  ) );
#2283 = ORIENTED_EDGE('',*,*,#2284,.T.);
#2284 = EDGE_CURVE('',#2257,#2285,#2287,.T.);
#2285 = VERTEX_POINT('',#2286);
#2286 = CARTESIAN_POINT('',(6.125,22.125,0.));
#2287 = SURFACE_CURVE('',#2288,(#2292,#2299),.PCURVE_S1.);
#2288 = LINE('',#2289,#2290);
#2289 = CARTESIAN_POINT('',(-6.125,22.125,0.));
#2290 = VECTOR('',#2291,1.);
#2291 = DIRECTION('',(1.,0.,0.));
#2292 = PCURVE('',#202,#2293);
#2293 = DEFINITIONAL_REPRESENTATION('',(#2294),#2298);
#2294 = LINE('',#2295,#2296);
#2295 = CARTESIAN_POINT('',(21.875,47.125));
#2296 = VECTOR('',#2297,1.);
#2297 = DIRECTION('',(1.,0.));
#2298 = ( GEOMETRIC_REPRESENTATION_CONTEXT(2) 
PARAMETRIC_REPRESENTATION_CONTEXT() REPRESENTATION_CONTEXT('2D SPACE',''
  ) );
#2299 = PCURVE('',#2300,#2305);
#2300 = PLANE('',#2301);
#2301 = AXIS2_PLACEMENT_3D('',#2302,#2303,#2304);
#2302 = CARTESIAN_POINT('',(-6.125,22.125,0.));
#2303 = DIRECTION('',(0.,1.,0.));
#2304 = DIRECTION('',(0.,0.,1.));
#2305 = DEFINITIONAL_REPRESENTATION('',(#2306),#2310);
#2306 = LINE('',#2307,#2308);
#2307 = CARTESIAN_POINT('',(0.,0.));
#2308 = VECTOR('',#2309,1.);
#2309 = DIRECTION('',(0.,1.));
#2310 = ( GEOMETRIC_REPRESENTATION_CONTEXT(2) 
PARAMETRIC_REPRESENTATION_CONTEXT() REPRESENTATION_CONTEXT('2D SPACE',''
  ) );
#2311 = ORIENTED_EDGE('',*,*,#2312,.F.);
#2312 = EDGE_CURVE('',#2313,#2285,#2315,.T.);
#2313 = VERTEX_POINT('',#2314);
#2314 = CARTESIAN_POINT('',(6.125,9.875,0.));
#2315 = SURFACE_CURVE('',#2316,(#2320,#2327),.PCURVE_S1.);
#2316 = LINE('',#2317,#2318);
#2317 = CARTESIAN_POINT('',(6.125,9.875,0.));
#2318 = VECTOR('',#2319,1.);
#2319 = DIRECTION('',(0.,1.,0.));
#2320 = PCURVE('',#202,#2321);
#2321 = DEFINITIONAL_REPRESENTATION('',(#2322),#2326);
#2322 = LINE('',#2323,#2324);
#2323 = CARTESIAN_POINT('',(34.125,34.875));
#2324 = VECTOR('',#2325,1.);
#2325 = DIRECTION('',(0.,1.));
#2326 = ( GEOMETRIC_REPRESENTATION_CONTEXT(2) 
PARAMETRIC_REPRESENTATION_CONTEXT() REPRESENTATION_CONTEXT('2D SPACE',''
  ) );
#2327 = PCURVE('',#2328,#2333);
#2328 = PLANE('',#2329);
#2329 = AXIS2_PLACEMENT_3D('',#2330,#2331,#2332);
#2330 = CARTESIAN_POINT('',(6.125,9.875,0.));
#2331 = DIRECTION('',(1.,0.,0.));
#2332 = DIRECTION('',(0.,0.,1.));
#2333 = DEFINITIONAL_REPRESENTATION('',(#2334),#2338);
#2334 = LINE('',#2335,#2336);
#2335 = CARTESIAN_POINT('',(0.,0.));
#2336 = VECTOR('',#2337,1.);
#2337 = DIRECTION('',(0.,-1.));
#2338 = ( GEOMETRIC_REPRESENTATION_CONTEXT(2) 
PARAMETRIC_REPRESENTATION_CONTEXT() REPRESENTATION_CONTEXT('2D SPACE',''
  ) );
#2339 = ORIENTED_EDGE('',*,*,#2340,.F.);
#2340 = EDGE_CURVE('',#2255,#2313,#2341,.T.);
#2341 = SURFACE_CURVE('',#2342,(#2346,#2353),.PCURVE_S1.);
#2342 = LINE('',#2343,#2344);
#2343 = CARTESIAN_POINT('',(-6.125,9.875,0.));
#2344 = VECTOR('',#2345,1.);
#2345 = DIRECTION('',(1.,0.,0.));
#2346 = PCURVE('',#202,#2347);
#2347 = DEFINITIONAL_REPRESENTATION('',(#2348),#2352);
#2348 = LINE('',#2349,#2350);
#2349 = CARTESIAN_POINT('',(21.875,34.875));
#2350 = VECTOR('',#2351,1.);
#2351 = DIRECTION('',(1.,0.));
#2352 = ( GEOMETRIC_REPRESENTATION_CONTEXT(2) 
PARAMETRIC_REPRESENTATION_CONTEXT() REPRESENTATION_CONTEXT('2D SPACE',''
  ) );
#2353 = PCURVE('',#2354,#2359);
#2354 = PLANE('',#2355);
#2355 = AXIS2_PLACEMENT_3D('',#2356,#2357,#2358);
#2356 = CARTESIAN_POINT('',(-6.125,9.875,0.));
#2357 = DIRECTION('',(0.,1.,0.));
#2358 = DIRECTION('',(0.,0.,1.));
#2359 = DEFINITIONAL_REPRESENTATION('',(#2360),#2364);
#2360 = LINE('',#2361,#2362);
#2361 = CARTESIAN_POINT('',(0.,0.));
#2362 = VECTOR('',#2363,1.);
#2363 = DIRECTION('',(0.,1.));
#2364 = ( GEOMETRIC_REPRESENTATION_CONTEXT(2) 
PARAMETRIC_REPRESENTATION_CONTEXT() REPRESENTATION_CONTEXT('2D SPACE',''
  ) );
#2365 = FACE_BOUND('',#2366,.F.);
#2366 = EDGE_LOOP('',(#2367));
#2367 = ORIENTED_EDGE('',*,*,#2368,.T.);
#2368 = EDGE_CURVE('',#2369,#2369,#2371,.T.);
#2369 = VERTEX_POINT('',#2370);
#2370 = CARTESIAN_POINT('',(19.35,17.,0.));
#2371 = SURFACE_CURVE('',#2372,(#2377,#2388),.PCURVE_S1.);
#2372 = CIRCLE('',#2373,1.65);
#2373 = AXIS2_PLACEMENT_3D('',#2374,#2375,#2376);
#2374 = CARTESIAN_POINT('',(21.,17.,0.));
#2375 = DIRECTION('',(0.,0.,-1.));
#2376 = DIRECTION('',(-1.,0.,0.));
#2377 = PCURVE('',#202,#2378);
#2378 = DEFINITIONAL_REPRESENTATION('',(#2379),#2387);
#2379 = ( BOUNDED_CURVE() B_SPLINE_CURVE(2,(#2380,#2381,#2382,#2383,
#2384,#2385,#2386),.UNSPECIFIED.,.T.,.F.) B_SPLINE_CURVE_WITH_KNOTS((1,2
    ,2,2,2,1),(-2.094395102393,0.,2.094395102393,4.188790204786,
6.28318530718,8.377580409573),.UNSPECIFIED.) CURVE() 
GEOMETRIC_REPRESENTATION_ITEM() RATIONAL_B_SPLINE_CURVE((1.,0.5,1.,0.5,
1.,0.5,1.)) REPRESENTATION_ITEM('') );
#2380 = CARTESIAN_POINT('',(47.35,42.));
#2381 = CARTESIAN_POINT('',(47.35,44.857883832489));
#2382 = CARTESIAN_POINT('',(49.825,43.428941916244));
#2383 = CARTESIAN_POINT('',(52.3,42.));
#2384 = CARTESIAN_POINT('',(49.825,40.571058083756));
#2385 = CARTESIAN_POINT('',(47.35,39.142116167511));
#2386 = CARTESIAN_POINT('',(47.35,42.));
#2387 = ( GEOMETRIC_REPRESENTATION_CONTEXT(2) 
PARAMETRIC_REPRESENTATION_CONTEXT() REPRESENTATION_CONTEXT('2D SPACE',''
  ) );
#2388 = PCURVE('',#1453,#2389);
#2389 = DEFINITIONAL_REPRESENTATION('',(#2390),#2394);
#2390 = LINE('',#2391,#2392);
#2391 = CARTESIAN_POINT('',(0.,9.5));
#2392 = VECTOR('',#2393,1.);
#2393 = DIRECTION('',(1.,0.));
#2394 = ( GEOMETRIC_REPRESENTATION_CONTEXT(2) 
PARAMETRIC_REPRESENTATION_CONTEXT() REPRESENTATION_CONTEXT('2D SPACE',''
  ) );
#2395 = ADVANCED_FACE('',(#2396),#174,.T.);
#2396 = FACE_BOUND('',#2397,.T.);
#2397 = EDGE_LOOP('',(#2398,#2399,#2420,#2421));
#2398 = ORIENTED_EDGE('',*,*,#1518,.T.);
#2399 = ORIENTED_EDGE('',*,*,#2400,.T.);
#2400 = EDGE_CURVE('',#1519,#245,#2401,.T.);
#2401 = SURFACE_CURVE('',#2402,(#2406,#2413),.PCURVE_S1.);
#2402 = LINE('',#2403,#2404);
#2403 = CARTESIAN_POINT('',(-24.,-25.,0.));
#2404 = VECTOR('',#2405,1.);
#2405 = DIRECTION('',(0.,0.,1.));
#2406 = PCURVE('',#174,#2407);
#2407 = DEFINITIONAL_REPRESENTATION('',(#2408),#2412);
#2408 = LINE('',#2409,#2410);
#2409 = CARTESIAN_POINT('',(1.570796326795,0.));
#2410 = VECTOR('',#2411,1.);
#2411 = DIRECTION('',(0.,1.));
#2412 = ( GEOMETRIC_REPRESENTATION_CONTEXT(2) 
PARAMETRIC_REPRESENTATION_CONTEXT() REPRESENTATION_CONTEXT('2D SPACE',''
  ) );
#2413 = PCURVE('',#284,#2414);
#2414 = DEFINITIONAL_REPRESENTATION('',(#2415),#2419);
#2415 = LINE('',#2416,#2417);
#2416 = CARTESIAN_POINT('',(0.,4.));
#2417 = VECTOR('',#2418,1.);
#2418 = DIRECTION('',(1.,0.));
#2419 = ( GEOMETRIC_REPRESENTATION_CONTEXT(2) 
PARAMETRIC_REPRESENTATION_CONTEXT() REPRESENTATION_CONTEXT('2D SPACE',''
  ) );
#2420 = ORIENTED_EDGE('',*,*,#244,.F.);
#2421 = ORIENTED_EDGE('',*,*,#158,.F.);
#2422 = ADVANCED_FACE('',(#2423),#284,.F.);
#2423 = FACE_BOUND('',#2424,.F.);
#2424 = EDGE_LOOP('',(#2425,#2426,#2427,#2428));
#2425 = ORIENTED_EDGE('',*,*,#1542,.F.);
#2426 = ORIENTED_EDGE('',*,*,#2400,.T.);
#2427 = ORIENTED_EDGE('',*,*,#268,.T.);
#2428 = ORIENTED_EDGE('',*,*,#2429,.F.);
#2429 = EDGE_CURVE('',#1543,#269,#2430,.T.);
#2430 = SURFACE_CURVE('',#2431,(#2435,#2442),.PCURVE_S1.);
#2431 = LINE('',#2432,#2433);
#2432 = CARTESIAN_POINT('',(24.,-25.,0.));
#2433 = VECTOR('',#2434,1.);
#2434 = DIRECTION('',(0.,0.,1.));
#2435 = PCURVE('',#284,#2436);
#2436 = DEFINITIONAL_REPRESENTATION('',(#2437),#2441);
#2437 = LINE('',#2438,#2439);
#2438 = CARTESIAN_POINT('',(0.,52.));
#2439 = VECTOR('',#2440,1.);
#2440 = DIRECTION('',(1.,0.));
#2441 = ( GEOMETRIC_REPRESENTATION_CONTEXT(2) 
PARAMETRIC_REPRESENTATION_CONTEXT() REPRESENTATION_CONTEXT('2D SPACE',''
  ) );
#2442 = PCURVE('',#317,#2443);
#2443 = DEFINITIONAL_REPRESENTATION('',(#2444),#2448);
#2444 = LINE('',#2445,#2446);
#2445 = CARTESIAN_POINT('',(-1.570796326795,0.));
#2446 = VECTOR('',#2447,1.);
#2447 = DIRECTION('',(-0.,1.));
#2448 = ( GEOMETRIC_REPRESENTATION_CONTEXT(2) 
PARAMETRIC_REPRESENTATION_CONTEXT() REPRESENTATION_CONTEXT('2D SPACE',''
  ) );
#2449 = ADVANCED_FACE('',(#2450),#519,.F.);
#2450 = FACE_BOUND('',#2451,.F.);
#2451 = EDGE_LOOP('',(#2452,#2453,#2454,#2475));
#2452 = ORIENTED_EDGE('',*,*,#1491,.F.);
#2453 = ORIENTED_EDGE('',*,*,#1737,.T.);
#2454 = ORIENTED_EDGE('',*,*,#2455,.T.);
#2455 = EDGE_CURVE('',#1715,#476,#2456,.T.);
#2456 = SURFACE_CURVE('',#2457,(#2461,#2468),.PCURVE_S1.);
#2457 = LINE('',#2458,#2459);
#2458 = CARTESIAN_POINT('',(-36.,12.,0.));
#2459 = VECTOR('',#2460,1.);
#2460 = DIRECTION('',(0.,0.,1.));
#2461 = PCURVE('',#519,#2462);
#2462 = DEFINITIONAL_REPRESENTATION('',(#2463),#2467);
#2463 = LINE('',#2464,#2465);
#2464 = CARTESIAN_POINT('',(0.,-24.));
#2465 = VECTOR('',#2466,1.);
#2466 = DIRECTION('',(1.,0.));
#2467 = ( GEOMETRIC_REPRESENTATION_CONTEXT(2) 
PARAMETRIC_REPRESENTATION_CONTEXT() REPRESENTATION_CONTEXT('2D SPACE',''
  ) );
#2468 = PCURVE('',#491,#2469);
#2469 = DEFINITIONAL_REPRESENTATION('',(#2470),#2474);
#2470 = LINE('',#2471,#2472);
#2471 = CARTESIAN_POINT('',(0.,0.));
#2472 = VECTOR('',#2473,1.);
#2473 = DIRECTION('',(1.,0.));
#2474 = ( GEOMETRIC_REPRESENTATION_CONTEXT(2) 
PARAMETRIC_REPRESENTATION_CONTEXT() REPRESENTATION_CONTEXT('2D SPACE',''
  ) );
#2475 = ORIENTED_EDGE('',*,*,#503,.F.);
#2476 = ADVANCED_FACE('',(#2477),#317,.T.);
#2477 = FACE_BOUND('',#2478,.F.);
#2478 = EDGE_LOOP('',(#2479,#2480,#2481,#2482));
#2479 = ORIENTED_EDGE('',*,*,#1565,.T.);
#2480 = ORIENTED_EDGE('',*,*,#2429,.T.);
#2481 = ORIENTED_EDGE('',*,*,#296,.F.);
#2482 = ORIENTED_EDGE('',*,*,#2483,.F.);
#2483 = EDGE_CURVE('',#1566,#297,#2484,.T.);
#2484 = SURFACE_CURVE('',#2485,(#2489,#2496),.PCURVE_S1.);
#2485 = LINE('',#2486,#2487);
#2486 = CARTESIAN_POINT('',(28.,-21.,0.));
#2487 = VECTOR('',#2488,1.);
#2488 = DIRECTION('',(0.,0.,1.));
#2489 = PCURVE('',#317,#2490);
#2490 = DEFINITIONAL_REPRESENTATION('',(#2491),#2495);
#2491 = LINE('',#2492,#2493);
#2492 = CARTESIAN_POINT('',(-0.,0.));
#2493 = VECTOR('',#2494,1.);
#2494 = DIRECTION('',(-0.,1.));
#2495 = ( GEOMETRIC_REPRESENTATION_CONTEXT(2) 
PARAMETRIC_REPRESENTATION_CONTEXT() REPRESENTATION_CONTEXT('2D SPACE',''
  ) );
#2496 = PCURVE('',#345,#2497);
#2497 = DEFINITIONAL_REPRESENTATION('',(#2498),#2502);
#2498 = LINE('',#2499,#2500);
#2499 = CARTESIAN_POINT('',(0.,-4.));
#2500 = VECTOR('',#2501,1.);
#2501 = DIRECTION('',(1.,0.));
#2502 = ( GEOMETRIC_REPRESENTATION_CONTEXT(2) 
PARAMETRIC_REPRESENTATION_CONTEXT() REPRESENTATION_CONTEXT('2D SPACE',''
  ) );
#2503 = ADVANCED_FACE('',(#2504),#491,.T.);
#2504 = FACE_BOUND('',#2505,.T.);
#2505 = EDGE_LOOP('',(#2506,#2507,#2508,#2509));
#2506 = ORIENTED_EDGE('',*,*,#1714,.F.);
#2507 = ORIENTED_EDGE('',*,*,#2455,.T.);
#2508 = ORIENTED_EDGE('',*,*,#475,.T.);
#2509 = ORIENTED_EDGE('',*,*,#2510,.F.);
#2510 = EDGE_CURVE('',#1692,#448,#2511,.T.);
#2511 = SURFACE_CURVE('',#2512,(#2516,#2523),.PCURVE_S1.);
#2512 = LINE('',#2513,#2514);
#2513 = CARTESIAN_POINT('',(-28.,12.,0.));
#2514 = VECTOR('',#2515,1.);
#2515 = DIRECTION('',(0.,0.,1.));
#2516 = PCURVE('',#491,#2517);
#2517 = DEFINITIONAL_REPRESENTATION('',(#2518),#2522);
#2518 = LINE('',#2519,#2520);
#2519 = CARTESIAN_POINT('',(0.,8.));
#2520 = VECTOR('',#2521,1.);
#2521 = DIRECTION('',(1.,0.));
#2522 = ( GEOMETRIC_REPRESENTATION_CONTEXT(2) 
PARAMETRIC_REPRESENTATION_CONTEXT() REPRESENTATION_CONTEXT('2D SPACE',''
  ) );
#2523 = PCURVE('',#463,#2524);
#2524 = DEFINITIONAL_REPRESENTATION('',(#2525),#2529);
#2525 = LINE('',#2526,#2527);
#2526 = CARTESIAN_POINT('',(0.,-37.));
#2527 = VECTOR('',#2528,1.);
#2528 = DIRECTION('',(1.,0.));
#2529 = ( GEOMETRIC_REPRESENTATION_CONTEXT(2) 
PARAMETRIC_REPRESENTATION_CONTEXT() REPRESENTATION_CONTEXT('2D SPACE',''
  ) );
#2530 = ADVANCED_FACE('',(#2531),#345,.T.);
#2531 = FACE_BOUND('',#2532,.T.);
#2532 = EDGE_LOOP('',(#2533,#2534,#2535,#2536));
#2533 = ORIENTED_EDGE('',*,*,#329,.F.);
#2534 = ORIENTED_EDGE('',*,*,#2483,.F.);
#2535 = ORIENTED_EDGE('',*,*,#1593,.T.);
#2536 = ORIENTED_EDGE('',*,*,#2537,.T.);
#2537 = EDGE_CURVE('',#1594,#330,#2538,.T.);
#2538 = SURFACE_CURVE('',#2539,(#2543,#2550),.PCURVE_S1.);
#2539 = LINE('',#2540,#2541);
#2540 = CARTESIAN_POINT('',(28.,21.,0.));
#2541 = VECTOR('',#2542,1.);
#2542 = DIRECTION('',(0.,0.,1.));
#2543 = PCURVE('',#345,#2544);
#2544 = DEFINITIONAL_REPRESENTATION('',(#2545),#2549);
#2545 = LINE('',#2546,#2547);
#2546 = CARTESIAN_POINT('',(0.,-46.));
#2547 = VECTOR('',#2548,1.);
#2548 = DIRECTION('',(1.,0.));
#2549 = ( GEOMETRIC_REPRESENTATION_CONTEXT(2) 
PARAMETRIC_REPRESENTATION_CONTEXT() REPRESENTATION_CONTEXT('2D SPACE',''
  ) );
#2550 = PCURVE('',#374,#2551);
#2551 = DEFINITIONAL_REPRESENTATION('',(#2552),#2556);
#2552 = LINE('',#2553,#2554);
#2553 = CARTESIAN_POINT('',(0.,0.));
#2554 = VECTOR('',#2555,1.);
#2555 = DIRECTION('',(0.,1.));
#2556 = ( GEOMETRIC_REPRESENTATION_CONTEXT(2) 
PARAMETRIC_REPRESENTATION_CONTEXT() REPRESENTATION_CONTEXT('2D SPACE',''
  ) );
#2557 = ADVANCED_FACE('',(#2558),#463,.F.);
#2558 = FACE_BOUND('',#2559,.F.);
#2559 = EDGE_LOOP('',(#2560,#2561,#2562,#2563));
#2560 = ORIENTED_EDGE('',*,*,#447,.F.);
#2561 = ORIENTED_EDGE('',*,*,#2510,.F.);
#2562 = ORIENTED_EDGE('',*,*,#1691,.T.);
#2563 = ORIENTED_EDGE('',*,*,#2564,.T.);
#2564 = EDGE_CURVE('',#1664,#415,#2565,.T.);
#2565 = SURFACE_CURVE('',#2566,(#2570,#2577),.PCURVE_S1.);
#2566 = LINE('',#2567,#2568);
#2567 = CARTESIAN_POINT('',(-28.,21.,0.));
#2568 = VECTOR('',#2569,1.);
#2569 = DIRECTION('',(0.,0.,1.));
#2570 = PCURVE('',#463,#2571);
#2571 = DEFINITIONAL_REPRESENTATION('',(#2572),#2576);
#2572 = LINE('',#2573,#2574);
#2573 = CARTESIAN_POINT('',(0.,-46.));
#2574 = VECTOR('',#2575,1.);
#2575 = DIRECTION('',(1.,0.));
#2576 = ( GEOMETRIC_REPRESENTATION_CONTEXT(2) 
PARAMETRIC_REPRESENTATION_CONTEXT() REPRESENTATION_CONTEXT('2D SPACE',''
  ) );
#2577 = PCURVE('',#435,#2578);
#2578 = DEFINITIONAL_REPRESENTATION('',(#2579),#2583);
#2579 = LINE('',#2580,#2581);
#2580 = CARTESIAN_POINT('',(-0.,0.));
#2581 = VECTOR('',#2582,1.);
#2582 = DIRECTION('',(-0.,1.));
#2583 = ( GEOMETRIC_REPRESENTATION_CONTEXT(2) 
PARAMETRIC_REPRESENTATION_CONTEXT() REPRESENTATION_CONTEXT('2D SPACE',''
  ) );
#2584 = ADVANCED_FACE('',(#2585),#374,.T.);
#2585 = FACE_BOUND('',#2586,.T.);
#2586 = EDGE_LOOP('',(#2587,#2588,#2609,#2610));
#2587 = ORIENTED_EDGE('',*,*,#1616,.T.);
#2588 = ORIENTED_EDGE('',*,*,#2589,.T.);
#2589 = EDGE_CURVE('',#1617,#358,#2590,.T.);
#2590 = SURFACE_CURVE('',#2591,(#2595,#2602),.PCURVE_S1.);
#2591 = LINE('',#2592,#2593);
#2592 = CARTESIAN_POINT('',(24.,25.,0.));
#2593 = VECTOR('',#2594,1.);
#2594 = DIRECTION('',(0.,0.,1.));
#2595 = PCURVE('',#374,#2596);
#2596 = DEFINITIONAL_REPRESENTATION('',(#2597),#2601);
#2597 = LINE('',#2598,#2599);
#2598 = CARTESIAN_POINT('',(1.570796326795,0.));
#2599 = VECTOR('',#2600,1.);
#2600 = DIRECTION('',(0.,1.));
#2601 = ( GEOMETRIC_REPRESENTATION_CONTEXT(2) 
PARAMETRIC_REPRESENTATION_CONTEXT() REPRESENTATION_CONTEXT('2D SPACE',''
  ) );
#2602 = PCURVE('',#402,#2603);
#2603 = DEFINITIONAL_REPRESENTATION('',(#2604),#2608);
#2604 = LINE('',#2605,#2606);
#2605 = CARTESIAN_POINT('',(0.,52.));
#2606 = VECTOR('',#2607,1.);
#2607 = DIRECTION('',(1.,0.));
#2608 = ( GEOMETRIC_REPRESENTATION_CONTEXT(2) 
PARAMETRIC_REPRESENTATION_CONTEXT() REPRESENTATION_CONTEXT('2D SPACE',''
  ) );
#2609 = ORIENTED_EDGE('',*,*,#357,.F.);
#2610 = ORIENTED_EDGE('',*,*,#2537,.F.);
#2611 = ADVANCED_FACE('',(#2612),#435,.T.);
#2612 = FACE_BOUND('',#2613,.F.);
#2613 = EDGE_LOOP('',(#2614,#2615,#2636,#2637));
#2614 = ORIENTED_EDGE('',*,*,#1663,.T.);
#2615 = ORIENTED_EDGE('',*,*,#2616,.T.);
#2616 = EDGE_CURVE('',#1641,#387,#2617,.T.);
#2617 = SURFACE_CURVE('',#2618,(#2622,#2629),.PCURVE_S1.);
#2618 = LINE('',#2619,#2620);
#2619 = CARTESIAN_POINT('',(-24.,25.,0.));
#2620 = VECTOR('',#2621,1.);
#2621 = DIRECTION('',(0.,0.,1.));
#2622 = PCURVE('',#435,#2623);
#2623 = DEFINITIONAL_REPRESENTATION('',(#2624),#2628);
#2624 = LINE('',#2625,#2626);
#2625 = CARTESIAN_POINT('',(-1.570796326795,0.));
#2626 = VECTOR('',#2627,1.);
#2627 = DIRECTION('',(-0.,1.));
#2628 = ( GEOMETRIC_REPRESENTATION_CONTEXT(2) 
PARAMETRIC_REPRESENTATION_CONTEXT() REPRESENTATION_CONTEXT('2D SPACE',''
  ) );
#2629 = PCURVE('',#402,#2630);
#2630 = DEFINITIONAL_REPRESENTATION('',(#2631),#2635);
#2631 = LINE('',#2632,#2633);
#2632 = CARTESIAN_POINT('',(0.,4.));
#2633 = VECTOR('',#2634,1.);
#2634 = DIRECTION('',(1.,0.));
#2635 = ( GEOMETRIC_REPRESENTATION_CONTEXT(2) 
PARAMETRIC_REPRESENTATION_CONTEXT() REPRESENTATION_CONTEXT('2D SPACE',''
  ) );
#2636 = ORIENTED_EDGE('',*,*,#414,.F.);
#2637 = ORIENTED_EDGE('',*,*,#2564,.F.);
#2638 = ADVANCED_FACE('',(#2639),#402,.T.);
#2639 = FACE_BOUND('',#2640,.T.);
#2640 = EDGE_LOOP('',(#2641,#2642,#2643,#2644));
#2641 = ORIENTED_EDGE('',*,*,#1640,.F.);
#2642 = ORIENTED_EDGE('',*,*,#2616,.T.);
#2643 = ORIENTED_EDGE('',*,*,#386,.T.);
#2644 = ORIENTED_EDGE('',*,*,#2589,.F.);
#2645 = ADVANCED_FACE('',(#2646),#575,.F.);
#2646 = FACE_BOUND('',#2647,.F.);
#2647 = EDGE_LOOP('',(#2648,#2649,#2670,#2671));
#2648 = ORIENTED_EDGE('',*,*,#1761,.F.);
#2649 = ORIENTED_EDGE('',*,*,#2650,.F.);
#2650 = EDGE_CURVE('',#555,#1762,#2651,.T.);
#2651 = SEAM_CURVE('',#2652,(#2656,#2663),.PCURVE_S1.);
#2652 = LINE('',#2653,#2654);
#2653 = CARTESIAN_POINT('',(-22.65,-17.,9.5));
#2654 = VECTOR('',#2655,1.);
#2655 = DIRECTION('',(0.,0.,-1.));
#2656 = PCURVE('',#575,#2657);
#2657 = DEFINITIONAL_REPRESENTATION('',(#2658),#2662);
#2658 = LINE('',#2659,#2660);
#2659 = CARTESIAN_POINT('',(6.28318530718,-0.));
#2660 = VECTOR('',#2661,1.);
#2661 = DIRECTION('',(0.,1.));
#2662 = ( GEOMETRIC_REPRESENTATION_CONTEXT(2) 
PARAMETRIC_REPRESENTATION_CONTEXT() REPRESENTATION_CONTEXT('2D SPACE',''
  ) );
#2663 = PCURVE('',#575,#2664);
#2664 = DEFINITIONAL_REPRESENTATION('',(#2665),#2669);
#2665 = LINE('',#2666,#2667);
#2666 = CARTESIAN_POINT('',(0.,-0.));
#2667 = VECTOR('',#2668,1.);
#2668 = DIRECTION('',(0.,1.));
#2669 = ( GEOMETRIC_REPRESENTATION_CONTEXT(2) 
PARAMETRIC_REPRESENTATION_CONTEXT() REPRESENTATION_CONTEXT('2D SPACE',''
  ) );
#2670 = ORIENTED_EDGE('',*,*,#554,.T.);
#2671 = ORIENTED_EDGE('',*,*,#2650,.T.);
#2672 = ADVANCED_FACE('',(#2673),#606,.T.);
#2673 = FACE_BOUND('',#2674,.T.);
#2674 = EDGE_LOOP('',(#2675,#2705,#2726,#2727));
#2675 = ORIENTED_EDGE('',*,*,#2676,.F.);
#2676 = EDGE_CURVE('',#2677,#2679,#2681,.T.);
#2677 = VERTEX_POINT('',#2678);
#2678 = CARTESIAN_POINT('',(2.396003617094,-11.85000000007,5.45));
#2679 = VERTEX_POINT('',#2680);
#2680 = CARTESIAN_POINT('',(-2.396003617094,-11.85000000007,5.45));
#2681 = SURFACE_CURVE('',#2682,(#2686,#2693),.PCURVE_S1.);
#2682 = LINE('',#2683,#2684);
#2683 = CARTESIAN_POINT('',(2.396003617094,-11.85000000007,5.45));
#2684 = VECTOR('',#2685,1.);
#2685 = DIRECTION('',(-1.,1.853458011005E-16,0.));
#2686 = PCURVE('',#606,#2687);
#2687 = DEFINITIONAL_REPRESENTATION('',(#2688),#2692);
#2688 = LINE('',#2689,#2690);
#2689 = CARTESIAN_POINT('',(0.,0.));
#2690 = VECTOR('',#2691,1.);
#2691 = DIRECTION('',(1.,0.));
#2692 = ( GEOMETRIC_REPRESENTATION_CONTEXT(2) 
PARAMETRIC_REPRESENTATION_CONTEXT() REPRESENTATION_CONTEXT('2D SPACE',''
  ) );
#2693 = PCURVE('',#2694,#2699);
#2694 = PLANE('',#2695);
#2695 = AXIS2_PLACEMENT_3D('',#2696,#2697,#2698);
#2696 = CARTESIAN_POINT('',(1.853458011005E-16,-16.,5.45));
#2697 = DIRECTION('',(0.,0.,1.));
#2698 = DIRECTION('',(1.,0.,-0.));
#2699 = DEFINITIONAL_REPRESENTATION('',(#2700),#2704);
#2700 = LINE('',#2701,#2702);
#2701 = CARTESIAN_POINT('',(2.396003617094,4.149999999925));
#2702 = VECTOR('',#2703,1.);
#2703 = DIRECTION('',(-1.,1.853458011005E-16));
#2704 = ( GEOMETRIC_REPRESENTATION_CONTEXT(2) 
PARAMETRIC_REPRESENTATION_CONTEXT() REPRESENTATION_CONTEXT('2D SPACE',''
  ) );
#2705 = ORIENTED_EDGE('',*,*,#2706,.T.);
#2706 = EDGE_CURVE('',#2677,#592,#2707,.T.);
#2707 = SURFACE_CURVE('',#2708,(#2712,#2719),.PCURVE_S1.);
#2708 = LINE('',#2709,#2710);
#2709 = CARTESIAN_POINT('',(2.396003617094,-11.85000000007,5.45));
#2710 = VECTOR('',#2711,1.);
#2711 = DIRECTION('',(0.,0.,1.));
#2712 = PCURVE('',#606,#2713);
#2713 = DEFINITIONAL_REPRESENTATION('',(#2714),#2718);
#2714 = LINE('',#2715,#2716);
#2715 = CARTESIAN_POINT('',(0.,0.));
#2716 = VECTOR('',#2717,1.);
#2717 = DIRECTION('',(0.,-1.));
#2718 = ( GEOMETRIC_REPRESENTATION_CONTEXT(2) 
PARAMETRIC_REPRESENTATION_CONTEXT() REPRESENTATION_CONTEXT('2D SPACE',''
  ) );
#2719 = PCURVE('',#632,#2720);
#2720 = DEFINITIONAL_REPRESENTATION('',(#2721),#2725);
#2721 = LINE('',#2722,#2723);
#2722 = CARTESIAN_POINT('',(4.792007234188,0.));
#2723 = VECTOR('',#2724,1.);
#2724 = DIRECTION('',(0.,-1.));
#2725 = ( GEOMETRIC_REPRESENTATION_CONTEXT(2) 
PARAMETRIC_REPRESENTATION_CONTEXT() REPRESENTATION_CONTEXT('2D SPACE',''
  ) );
#2726 = ORIENTED_EDGE('',*,*,#589,.F.);
#2727 = ORIENTED_EDGE('',*,*,#2728,.F.);
#2728 = EDGE_CURVE('',#2679,#590,#2729,.T.);
#2729 = SURFACE_CURVE('',#2730,(#2734,#2741),.PCURVE_S1.);
#2730 = LINE('',#2731,#2732);
#2731 = CARTESIAN_POINT('',(-2.396003617094,-11.85000000007,5.45));
#2732 = VECTOR('',#2733,1.);
#2733 = DIRECTION('',(0.,0.,1.));
#2734 = PCURVE('',#606,#2735);
#2735 = DEFINITIONAL_REPRESENTATION('',(#2736),#2740);
#2736 = LINE('',#2737,#2738);
#2737 = CARTESIAN_POINT('',(4.792007234188,0.));
#2738 = VECTOR('',#2739,1.);
#2739 = DIRECTION('',(0.,-1.));
#2740 = ( GEOMETRIC_REPRESENTATION_CONTEXT(2) 
PARAMETRIC_REPRESENTATION_CONTEXT() REPRESENTATION_CONTEXT('2D SPACE',''
  ) );
#2741 = PCURVE('',#734,#2742);
#2742 = DEFINITIONAL_REPRESENTATION('',(#2743),#2747);
#2743 = LINE('',#2744,#2745);
#2744 = CARTESIAN_POINT('',(0.,0.));
#2745 = VECTOR('',#2746,1.);
#2746 = DIRECTION('',(0.,-1.));
#2747 = ( GEOMETRIC_REPRESENTATION_CONTEXT(2) 
PARAMETRIC_REPRESENTATION_CONTEXT() REPRESENTATION_CONTEXT('2D SPACE',''
  ) );
#2748 = ADVANCED_FACE('',(#2749),#734,.T.);
#2749 = FACE_BOUND('',#2750,.T.);
#2750 = EDGE_LOOP('',(#2751,#2774,#2775,#2776));
#2751 = ORIENTED_EDGE('',*,*,#2752,.F.);
#2752 = EDGE_CURVE('',#2679,#2753,#2755,.T.);
#2753 = VERTEX_POINT('',#2754);
#2754 = CARTESIAN_POINT('',(-4.792007234188,-16.,5.45));
#2755 = SURFACE_CURVE('',#2756,(#2760,#2767),.PCURVE_S1.);
#2756 = LINE('',#2757,#2758);
#2757 = CARTESIAN_POINT('',(-2.396003617094,-11.85000000007,5.45));
#2758 = VECTOR('',#2759,1.);
#2759 = DIRECTION('',(-0.5,-0.866025403784,0.));
#2760 = PCURVE('',#734,#2761);
#2761 = DEFINITIONAL_REPRESENTATION('',(#2762),#2766);
#2762 = LINE('',#2763,#2764);
#2763 = CARTESIAN_POINT('',(0.,0.));
#2764 = VECTOR('',#2765,1.);
#2765 = DIRECTION('',(1.,0.));
#2766 = ( GEOMETRIC_REPRESENTATION_CONTEXT(2) 
PARAMETRIC_REPRESENTATION_CONTEXT() REPRESENTATION_CONTEXT('2D SPACE',''
  ) );
#2767 = PCURVE('',#2694,#2768);
#2768 = DEFINITIONAL_REPRESENTATION('',(#2769),#2773);
#2769 = LINE('',#2770,#2771);
#2770 = CARTESIAN_POINT('',(-2.396003617094,4.149999999925));
#2771 = VECTOR('',#2772,1.);
#2772 = DIRECTION('',(-0.5,-0.866025403784));
#2773 = ( GEOMETRIC_REPRESENTATION_CONTEXT(2) 
PARAMETRIC_REPRESENTATION_CONTEXT() REPRESENTATION_CONTEXT('2D SPACE',''
  ) );
#2774 = ORIENTED_EDGE('',*,*,#2728,.T.);
#2775 = ORIENTED_EDGE('',*,*,#721,.F.);
#2776 = ORIENTED_EDGE('',*,*,#2777,.F.);
#2777 = EDGE_CURVE('',#2753,#696,#2778,.T.);
#2778 = SURFACE_CURVE('',#2779,(#2783,#2790),.PCURVE_S1.);
#2779 = LINE('',#2780,#2781);
#2780 = CARTESIAN_POINT('',(-4.792007234188,-16.,5.45));
#2781 = VECTOR('',#2782,1.);
#2782 = DIRECTION('',(0.,0.,1.));
#2783 = PCURVE('',#734,#2784);
#2784 = DEFINITIONAL_REPRESENTATION('',(#2785),#2789);
#2785 = LINE('',#2786,#2787);
#2786 = CARTESIAN_POINT('',(4.792007234188,0.));
#2787 = VECTOR('',#2788,1.);
#2788 = DIRECTION('',(0.,-1.));
#2789 = ( GEOMETRIC_REPRESENTATION_CONTEXT(2) 
PARAMETRIC_REPRESENTATION_CONTEXT() REPRESENTATION_CONTEXT('2D SPACE',''
  ) );
#2790 = PCURVE('',#710,#2791);
#2791 = DEFINITIONAL_REPRESENTATION('',(#2792),#2796);
#2792 = LINE('',#2793,#2794);
#2793 = CARTESIAN_POINT('',(0.,0.));
#2794 = VECTOR('',#2795,1.);
#2795 = DIRECTION('',(0.,-1.));
#2796 = ( GEOMETRIC_REPRESENTATION_CONTEXT(2) 
PARAMETRIC_REPRESENTATION_CONTEXT() REPRESENTATION_CONTEXT('2D SPACE',''
  ) );
#2797 = ADVANCED_FACE('',(#2798),#632,.T.);
#2798 = FACE_BOUND('',#2799,.T.);
#2799 = EDGE_LOOP('',(#2800,#2823,#2844,#2845));
#2800 = ORIENTED_EDGE('',*,*,#2801,.F.);
#2801 = EDGE_CURVE('',#2802,#2677,#2804,.T.);
#2802 = VERTEX_POINT('',#2803);
#2803 = CARTESIAN_POINT('',(4.792007234188,-16.,5.45));
#2804 = SURFACE_CURVE('',#2805,(#2809,#2816),.PCURVE_S1.);
#2805 = LINE('',#2806,#2807);
#2806 = CARTESIAN_POINT('',(4.792007234188,-16.,5.45));
#2807 = VECTOR('',#2808,1.);
#2808 = DIRECTION('',(-0.5,0.866025403784,0.));
#2809 = PCURVE('',#632,#2810);
#2810 = DEFINITIONAL_REPRESENTATION('',(#2811),#2815);
#2811 = LINE('',#2812,#2813);
#2812 = CARTESIAN_POINT('',(0.,0.));
#2813 = VECTOR('',#2814,1.);
#2814 = DIRECTION('',(1.,0.));
#2815 = ( GEOMETRIC_REPRESENTATION_CONTEXT(2) 
PARAMETRIC_REPRESENTATION_CONTEXT() REPRESENTATION_CONTEXT('2D SPACE',''
  ) );
#2816 = PCURVE('',#2694,#2817);
#2817 = DEFINITIONAL_REPRESENTATION('',(#2818),#2822);
#2818 = LINE('',#2819,#2820);
#2819 = CARTESIAN_POINT('',(4.792007234188,0.));
#2820 = VECTOR('',#2821,1.);
#2821 = DIRECTION('',(-0.5,0.866025403784));
#2822 = ( GEOMETRIC_REPRESENTATION_CONTEXT(2) 
PARAMETRIC_REPRESENTATION_CONTEXT() REPRESENTATION_CONTEXT('2D SPACE',''
  ) );
#2823 = ORIENTED_EDGE('',*,*,#2824,.T.);
#2824 = EDGE_CURVE('',#2802,#618,#2825,.T.);
#2825 = SURFACE_CURVE('',#2826,(#2830,#2837),.PCURVE_S1.);
#2826 = LINE('',#2827,#2828);
#2827 = CARTESIAN_POINT('',(4.792007234188,-16.,5.45));
#2828 = VECTOR('',#2829,1.);
#2829 = DIRECTION('',(0.,0.,1.));
#2830 = PCURVE('',#632,#2831);
#2831 = DEFINITIONAL_REPRESENTATION('',(#2832),#2836);
#2832 = LINE('',#2833,#2834);
#2833 = CARTESIAN_POINT('',(0.,0.));
#2834 = VECTOR('',#2835,1.);
#2835 = DIRECTION('',(0.,-1.));
#2836 = ( GEOMETRIC_REPRESENTATION_CONTEXT(2) 
PARAMETRIC_REPRESENTATION_CONTEXT() REPRESENTATION_CONTEXT('2D SPACE',''
  ) );
#2837 = PCURVE('',#658,#2838);
#2838 = DEFINITIONAL_REPRESENTATION('',(#2839),#2843);
#2839 = LINE('',#2840,#2841);
#2840 = CARTESIAN_POINT('',(4.792007234188,0.));
#2841 = VECTOR('',#2842,1.);
#2842 = DIRECTION('',(0.,-1.));
#2843 = ( GEOMETRIC_REPRESENTATION_CONTEXT(2) 
PARAMETRIC_REPRESENTATION_CONTEXT() REPRESENTATION_CONTEXT('2D SPACE',''
  ) );
#2844 = ORIENTED_EDGE('',*,*,#617,.F.);
#2845 = ORIENTED_EDGE('',*,*,#2706,.F.);
#2846 = ADVANCED_FACE('',(#2847),#710,.T.);
#2847 = FACE_BOUND('',#2848,.T.);
#2848 = EDGE_LOOP('',(#2849,#2872,#2873,#2874));
#2849 = ORIENTED_EDGE('',*,*,#2850,.F.);
#2850 = EDGE_CURVE('',#2753,#2851,#2853,.T.);
#2851 = VERTEX_POINT('',#2852);
#2852 = CARTESIAN_POINT('',(-2.396003617094,-20.14999999992,5.45));
#2853 = SURFACE_CURVE('',#2854,(#2858,#2865),.PCURVE_S1.);
#2854 = LINE('',#2855,#2856);
#2855 = CARTESIAN_POINT('',(-4.792007234188,-16.,5.45));
#2856 = VECTOR('',#2857,1.);
#2857 = DIRECTION('',(0.5,-0.866025403784,0.));
#2858 = PCURVE('',#710,#2859);
#2859 = DEFINITIONAL_REPRESENTATION('',(#2860),#2864);
#2860 = LINE('',#2861,#2862);
#2861 = CARTESIAN_POINT('',(0.,0.));
#2862 = VECTOR('',#2863,1.);
#2863 = DIRECTION('',(1.,0.));
#2864 = ( GEOMETRIC_REPRESENTATION_CONTEXT(2) 
PARAMETRIC_REPRESENTATION_CONTEXT() REPRESENTATION_CONTEXT('2D SPACE',''
  ) );
#2865 = PCURVE('',#2694,#2866);
#2866 = DEFINITIONAL_REPRESENTATION('',(#2867),#2871);
#2867 = LINE('',#2868,#2869);
#2868 = CARTESIAN_POINT('',(-4.792007234188,0.));
#2869 = VECTOR('',#2870,1.);
#2870 = DIRECTION('',(0.5,-0.866025403784));
#2871 = ( GEOMETRIC_REPRESENTATION_CONTEXT(2) 
PARAMETRIC_REPRESENTATION_CONTEXT() REPRESENTATION_CONTEXT('2D SPACE',''
  ) );
#2872 = ORIENTED_EDGE('',*,*,#2777,.T.);
#2873 = ORIENTED_EDGE('',*,*,#695,.F.);
#2874 = ORIENTED_EDGE('',*,*,#2875,.F.);
#2875 = EDGE_CURVE('',#2851,#670,#2876,.T.);
#2876 = SURFACE_CURVE('',#2877,(#2881,#2888),.PCURVE_S1.);
#2877 = LINE('',#2878,#2879);
#2878 = CARTESIAN_POINT('',(-2.396003617094,-20.14999999992,5.45));
#2879 = VECTOR('',#2880,1.);
#2880 = DIRECTION('',(0.,0.,1.));
#2881 = PCURVE('',#710,#2882);
#2882 = DEFINITIONAL_REPRESENTATION('',(#2883),#2887);
#2883 = LINE('',#2884,#2885);
#2884 = CARTESIAN_POINT('',(4.792007234188,0.));
#2885 = VECTOR('',#2886,1.);
#2886 = DIRECTION('',(0.,-1.));
#2887 = ( GEOMETRIC_REPRESENTATION_CONTEXT(2) 
PARAMETRIC_REPRESENTATION_CONTEXT() REPRESENTATION_CONTEXT('2D SPACE',''
  ) );
#2888 = PCURVE('',#684,#2889);
#2889 = DEFINITIONAL_REPRESENTATION('',(#2890),#2894);
#2890 = LINE('',#2891,#2892);
#2891 = CARTESIAN_POINT('',(0.,0.));
#2892 = VECTOR('',#2893,1.);
#2893 = DIRECTION('',(0.,-1.));
#2894 = ( GEOMETRIC_REPRESENTATION_CONTEXT(2) 
PARAMETRIC_REPRESENTATION_CONTEXT() REPRESENTATION_CONTEXT('2D SPACE',''
  ) );
#2895 = ADVANCED_FACE('',(#2896),#658,.T.);
#2896 = FACE_BOUND('',#2897,.T.);
#2897 = EDGE_LOOP('',(#2898,#2921,#2942,#2943));
#2898 = ORIENTED_EDGE('',*,*,#2899,.F.);
#2899 = EDGE_CURVE('',#2900,#2802,#2902,.T.);
#2900 = VERTEX_POINT('',#2901);
#2901 = CARTESIAN_POINT('',(2.396003617094,-20.14999999992,5.45));
#2902 = SURFACE_CURVE('',#2903,(#2907,#2914),.PCURVE_S1.);
#2903 = LINE('',#2904,#2905);
#2904 = CARTESIAN_POINT('',(2.396003617094,-20.14999999992,5.45));
#2905 = VECTOR('',#2906,1.);
#2906 = DIRECTION('',(0.5,0.866025403784,0.));
#2907 = PCURVE('',#658,#2908);
#2908 = DEFINITIONAL_REPRESENTATION('',(#2909),#2913);
#2909 = LINE('',#2910,#2911);
#2910 = CARTESIAN_POINT('',(0.,0.));
#2911 = VECTOR('',#2912,1.);
#2912 = DIRECTION('',(1.,0.));
#2913 = ( GEOMETRIC_REPRESENTATION_CONTEXT(2) 
PARAMETRIC_REPRESENTATION_CONTEXT() REPRESENTATION_CONTEXT('2D SPACE',''
  ) );
#2914 = PCURVE('',#2694,#2915);
#2915 = DEFINITIONAL_REPRESENTATION('',(#2916),#2920);
#2916 = LINE('',#2917,#2918);
#2917 = CARTESIAN_POINT('',(2.396003617094,-4.149999999925));
#2918 = VECTOR('',#2919,1.);
#2919 = DIRECTION('',(0.5,0.866025403784));
#2920 = ( GEOMETRIC_REPRESENTATION_CONTEXT(2) 
PARAMETRIC_REPRESENTATION_CONTEXT() REPRESENTATION_CONTEXT('2D SPACE',''
  ) );
#2921 = ORIENTED_EDGE('',*,*,#2922,.T.);
#2922 = EDGE_CURVE('',#2900,#644,#2923,.T.);
#2923 = SURFACE_CURVE('',#2924,(#2928,#2935),.PCURVE_S1.);
#2924 = LINE('',#2925,#2926);
#2925 = CARTESIAN_POINT('',(2.396003617094,-20.14999999992,5.45));
#2926 = VECTOR('',#2927,1.);
#2927 = DIRECTION('',(0.,0.,1.));
#2928 = PCURVE('',#658,#2929);
#2929 = DEFINITIONAL_REPRESENTATION('',(#2930),#2934);
#2930 = LINE('',#2931,#2932);
#2931 = CARTESIAN_POINT('',(0.,0.));
#2932 = VECTOR('',#2933,1.);
#2933 = DIRECTION('',(0.,-1.));
#2934 = ( GEOMETRIC_REPRESENTATION_CONTEXT(2) 
PARAMETRIC_REPRESENTATION_CONTEXT() REPRESENTATION_CONTEXT('2D SPACE',''
  ) );
#2935 = PCURVE('',#684,#2936);
#2936 = DEFINITIONAL_REPRESENTATION('',(#2937),#2941);
#2937 = LINE('',#2938,#2939);
#2938 = CARTESIAN_POINT('',(4.792007234188,0.));
#2939 = VECTOR('',#2940,1.);
#2940 = DIRECTION('',(0.,-1.));
#2941 = ( GEOMETRIC_REPRESENTATION_CONTEXT(2) 
PARAMETRIC_REPRESENTATION_CONTEXT() REPRESENTATION_CONTEXT('2D SPACE',''
  ) );
#2942 = ORIENTED_EDGE('',*,*,#643,.F.);
#2943 = ORIENTED_EDGE('',*,*,#2824,.F.);
#2944 = ADVANCED_FACE('',(#2945),#684,.T.);
#2945 = FACE_BOUND('',#2946,.T.);
#2946 = EDGE_LOOP('',(#2947,#2968,#2969,#2970));
#2947 = ORIENTED_EDGE('',*,*,#2948,.F.);
#2948 = EDGE_CURVE('',#2851,#2900,#2949,.T.);
#2949 = SURFACE_CURVE('',#2950,(#2954,#2961),.PCURVE_S1.);
#2950 = LINE('',#2951,#2952);
#2951 = CARTESIAN_POINT('',(-2.396003617094,-20.14999999992,5.45));
#2952 = VECTOR('',#2953,1.);
#2953 = DIRECTION('',(1.,-7.413832044022E-16,0.));
#2954 = PCURVE('',#684,#2955);
#2955 = DEFINITIONAL_REPRESENTATION('',(#2956),#2960);
#2956 = LINE('',#2957,#2958);
#2957 = CARTESIAN_POINT('',(0.,0.));
#2958 = VECTOR('',#2959,1.);
#2959 = DIRECTION('',(1.,0.));
#2960 = ( GEOMETRIC_REPRESENTATION_CONTEXT(2) 
PARAMETRIC_REPRESENTATION_CONTEXT() REPRESENTATION_CONTEXT('2D SPACE',''
  ) );
#2961 = PCURVE('',#2694,#2962);
#2962 = DEFINITIONAL_REPRESENTATION('',(#2963),#2967);
#2963 = LINE('',#2964,#2965);
#2964 = CARTESIAN_POINT('',(-2.396003617094,-4.149999999925));
#2965 = VECTOR('',#2966,1.);
#2966 = DIRECTION('',(1.,-7.413832044022E-16));
#2967 = ( GEOMETRIC_REPRESENTATION_CONTEXT(2) 
PARAMETRIC_REPRESENTATION_CONTEXT() REPRESENTATION_CONTEXT('2D SPACE',''
  ) );
#2968 = ORIENTED_EDGE('',*,*,#2875,.T.);
#2969 = ORIENTED_EDGE('',*,*,#669,.F.);
#2970 = ORIENTED_EDGE('',*,*,#2922,.F.);
#2971 = ADVANCED_FACE('',(#2972),#768,.F.);
#2972 = FACE_BOUND('',#2973,.F.);
#2973 = EDGE_LOOP('',(#2974,#2975,#2996,#2997));
#2974 = ORIENTED_EDGE('',*,*,#1905,.F.);
#2975 = ORIENTED_EDGE('',*,*,#2976,.F.);
#2976 = EDGE_CURVE('',#748,#1906,#2977,.T.);
#2977 = SEAM_CURVE('',#2978,(#2982,#2989),.PCURVE_S1.);
#2978 = LINE('',#2979,#2980);
#2979 = CARTESIAN_POINT('',(19.35,-17.,9.5));
#2980 = VECTOR('',#2981,1.);
#2981 = DIRECTION('',(0.,0.,-1.));
#2982 = PCURVE('',#768,#2983);
#2983 = DEFINITIONAL_REPRESENTATION('',(#2984),#2988);
#2984 = LINE('',#2985,#2986);
#2985 = CARTESIAN_POINT('',(6.28318530718,-0.));
#2986 = VECTOR('',#2987,1.);
#2987 = DIRECTION('',(0.,1.));
#2988 = ( GEOMETRIC_REPRESENTATION_CONTEXT(2) 
PARAMETRIC_REPRESENTATION_CONTEXT() REPRESENTATION_CONTEXT('2D SPACE',''
  ) );
#2989 = PCURVE('',#768,#2990);
#2990 = DEFINITIONAL_REPRESENTATION('',(#2991),#2995);
#2991 = LINE('',#2992,#2993);
#2992 = CARTESIAN_POINT('',(0.,-0.));
#2993 = VECTOR('',#2994,1.);
#2994 = DIRECTION('',(0.,1.));
#2995 = ( GEOMETRIC_REPRESENTATION_CONTEXT(2) 
PARAMETRIC_REPRESENTATION_CONTEXT() REPRESENTATION_CONTEXT('2D SPACE',''
  ) );
#2996 = ORIENTED_EDGE('',*,*,#747,.T.);
#2997 = ORIENTED_EDGE('',*,*,#2976,.T.);
#2998 = ADVANCED_FACE('',(#2999),#799,.T.);
#2999 = FACE_BOUND('',#3000,.T.);
#3000 = EDGE_LOOP('',(#3001,#3024,#3052,#3073));
#3001 = ORIENTED_EDGE('',*,*,#3002,.F.);
#3002 = EDGE_CURVE('',#3003,#783,#3005,.T.);
#3003 = VERTEX_POINT('',#3004);
#3004 = CARTESIAN_POINT('',(-25.,-9.,1.));
#3005 = SURFACE_CURVE('',#3006,(#3010,#3017),.PCURVE_S1.);
#3006 = LINE('',#3007,#3008);
#3007 = CARTESIAN_POINT('',(-25.,-9.,1.));
#3008 = VECTOR('',#3009,1.);
#3009 = DIRECTION('',(0.,0.,1.));
#3010 = PCURVE('',#799,#3011);
#3011 = DEFINITIONAL_REPRESENTATION('',(#3012),#3016);
#3012 = LINE('',#3013,#3014);
#3013 = CARTESIAN_POINT('',(0.,3.));
#3014 = VECTOR('',#3015,1.);
#3015 = DIRECTION('',(1.,0.));
#3016 = ( GEOMETRIC_REPRESENTATION_CONTEXT(2) 
PARAMETRIC_REPRESENTATION_CONTEXT() REPRESENTATION_CONTEXT('2D SPACE',''
  ) );
#3017 = PCURVE('',#875,#3018);
#3018 = DEFINITIONAL_REPRESENTATION('',(#3019),#3023);
#3019 = LINE('',#3020,#3021);
#3020 = CARTESIAN_POINT('',(0.,0.));
#3021 = VECTOR('',#3022,1.);
#3022 = DIRECTION('',(1.,0.));
#3023 = ( GEOMETRIC_REPRESENTATION_CONTEXT(2) 
PARAMETRIC_REPRESENTATION_CONTEXT() REPRESENTATION_CONTEXT('2D SPACE',''
  ) );
#3024 = ORIENTED_EDGE('',*,*,#3025,.F.);
#3025 = EDGE_CURVE('',#3026,#3003,#3028,.T.);
#3026 = VERTEX_POINT('',#3027);
#3027 = CARTESIAN_POINT('',(-28.,-9.,1.));
#3028 = SURFACE_CURVE('',#3029,(#3033,#3040),.PCURVE_S1.);
#3029 = LINE('',#3030,#3031);
#3030 = CARTESIAN_POINT('',(-28.,-9.,1.));
#3031 = VECTOR('',#3032,1.);
#3032 = DIRECTION('',(1.,0.,0.));
#3033 = PCURVE('',#799,#3034);
#3034 = DEFINITIONAL_REPRESENTATION('',(#3035),#3039);
#3035 = LINE('',#3036,#3037);
#3036 = CARTESIAN_POINT('',(0.,0.));
#3037 = VECTOR('',#3038,1.);
#3038 = DIRECTION('',(0.,1.));
#3039 = ( GEOMETRIC_REPRESENTATION_CONTEXT(2) 
PARAMETRIC_REPRESENTATION_CONTEXT() REPRESENTATION_CONTEXT('2D SPACE',''
  ) );
#3040 = PCURVE('',#3041,#3046);
#3041 = PLANE('',#3042);
#3042 = AXIS2_PLACEMENT_3D('',#3043,#3044,#3045);
#3043 = CARTESIAN_POINT('',(-35.125,-11.125,1.));
#3044 = DIRECTION('',(0.,0.,1.));
#3045 = DIRECTION('',(1.,0.,0.));
#3046 = DEFINITIONAL_REPRESENTATION('',(#3047),#3051);
#3047 = LINE('',#3048,#3049);
#3048 = CARTESIAN_POINT('',(7.125,2.125));
#3049 = VECTOR('',#3050,1.);
#3050 = DIRECTION('',(1.,0.));
#3051 = ( GEOMETRIC_REPRESENTATION_CONTEXT(2) 
PARAMETRIC_REPRESENTATION_CONTEXT() REPRESENTATION_CONTEXT('2D SPACE',''
  ) );
#3052 = ORIENTED_EDGE('',*,*,#3053,.T.);
#3053 = EDGE_CURVE('',#3026,#785,#3054,.T.);
#3054 = SURFACE_CURVE('',#3055,(#3059,#3066),.PCURVE_S1.);
#3055 = LINE('',#3056,#3057);
#3056 = CARTESIAN_POINT('',(-28.,-9.,1.));
#3057 = VECTOR('',#3058,1.);
#3058 = DIRECTION('',(0.,0.,1.));
#3059 = PCURVE('',#799,#3060);
#3060 = DEFINITIONAL_REPRESENTATION('',(#3061),#3065);
#3061 = LINE('',#3062,#3063);
#3062 = CARTESIAN_POINT('',(0.,0.));
#3063 = VECTOR('',#3064,1.);
#3064 = DIRECTION('',(1.,0.));
#3065 = ( GEOMETRIC_REPRESENTATION_CONTEXT(2) 
PARAMETRIC_REPRESENTATION_CONTEXT() REPRESENTATION_CONTEXT('2D SPACE',''
  ) );
#3066 = PCURVE('',#825,#3067);
#3067 = DEFINITIONAL_REPRESENTATION('',(#3068),#3072);
#3068 = LINE('',#3069,#3070);
#3069 = CARTESIAN_POINT('',(0.,0.));
#3070 = VECTOR('',#3071,1.);
#3071 = DIRECTION('',(1.,0.));
#3072 = ( GEOMETRIC_REPRESENTATION_CONTEXT(2) 
PARAMETRIC_REPRESENTATION_CONTEXT() REPRESENTATION_CONTEXT('2D SPACE',''
  ) );
#3073 = ORIENTED_EDGE('',*,*,#782,.F.);
#3074 = ADVANCED_FACE('',(#3075),#875,.F.);
#3075 = FACE_BOUND('',#3076,.F.);
#3076 = EDGE_LOOP('',(#3077,#3078,#3101,#3122));
#3077 = ORIENTED_EDGE('',*,*,#3002,.F.);
#3078 = ORIENTED_EDGE('',*,*,#3079,.T.);
#3079 = EDGE_CURVE('',#3003,#3080,#3082,.T.);
#3080 = VERTEX_POINT('',#3081);
#3081 = CARTESIAN_POINT('',(-25.,9.,1.));
#3082 = SURFACE_CURVE('',#3083,(#3087,#3094),.PCURVE_S1.);
#3083 = LINE('',#3084,#3085);
#3084 = CARTESIAN_POINT('',(-25.,-9.,1.));
#3085 = VECTOR('',#3086,1.);
#3086 = DIRECTION('',(0.,1.,0.));
#3087 = PCURVE('',#875,#3088);
#3088 = DEFINITIONAL_REPRESENTATION('',(#3089),#3093);
#3089 = LINE('',#3090,#3091);
#3090 = CARTESIAN_POINT('',(0.,0.));
#3091 = VECTOR('',#3092,1.);
#3092 = DIRECTION('',(0.,-1.));
#3093 = ( GEOMETRIC_REPRESENTATION_CONTEXT(2) 
PARAMETRIC_REPRESENTATION_CONTEXT() REPRESENTATION_CONTEXT('2D SPACE',''
  ) );
#3094 = PCURVE('',#3041,#3095);
#3095 = DEFINITIONAL_REPRESENTATION('',(#3096),#3100);
#3096 = LINE('',#3097,#3098);
#3097 = CARTESIAN_POINT('',(10.125,2.125));
#3098 = VECTOR('',#3099,1.);
#3099 = DIRECTION('',(0.,1.));
#3100 = ( GEOMETRIC_REPRESENTATION_CONTEXT(2) 
PARAMETRIC_REPRESENTATION_CONTEXT() REPRESENTATION_CONTEXT('2D SPACE',''
  ) );
#3101 = ORIENTED_EDGE('',*,*,#3102,.T.);
#3102 = EDGE_CURVE('',#3080,#837,#3103,.T.);
#3103 = SURFACE_CURVE('',#3104,(#3108,#3115),.PCURVE_S1.);
#3104 = LINE('',#3105,#3106);
#3105 = CARTESIAN_POINT('',(-25.,9.,1.));
#3106 = VECTOR('',#3107,1.);
#3107 = DIRECTION('',(0.,0.,1.));
#3108 = PCURVE('',#875,#3109);
#3109 = DEFINITIONAL_REPRESENTATION('',(#3110),#3114);
#3110 = LINE('',#3111,#3112);
#3111 = CARTESIAN_POINT('',(0.,-18.));
#3112 = VECTOR('',#3113,1.);
#3113 = DIRECTION('',(1.,0.));
#3114 = ( GEOMETRIC_REPRESENTATION_CONTEXT(2) 
PARAMETRIC_REPRESENTATION_CONTEXT() REPRESENTATION_CONTEXT('2D SPACE',''
  ) );
#3115 = PCURVE('',#851,#3116);
#3116 = DEFINITIONAL_REPRESENTATION('',(#3117),#3121);
#3117 = LINE('',#3118,#3119);
#3118 = CARTESIAN_POINT('',(0.,3.));
#3119 = VECTOR('',#3120,1.);
#3120 = DIRECTION('',(1.,0.));
#3121 = ( GEOMETRIC_REPRESENTATION_CONTEXT(2) 
PARAMETRIC_REPRESENTATION_CONTEXT() REPRESENTATION_CONTEXT('2D SPACE',''
  ) );
#3122 = ORIENTED_EDGE('',*,*,#862,.F.);
#3123 = ADVANCED_FACE('',(#3124),#825,.T.);
#3124 = FACE_BOUND('',#3125,.T.);
#3125 = EDGE_LOOP('',(#3126,#3127,#3150,#3171));
#3126 = ORIENTED_EDGE('',*,*,#3053,.F.);
#3127 = ORIENTED_EDGE('',*,*,#3128,.T.);
#3128 = EDGE_CURVE('',#3026,#3129,#3131,.T.);
#3129 = VERTEX_POINT('',#3130);
#3130 = CARTESIAN_POINT('',(-28.,9.,1.));
#3131 = SURFACE_CURVE('',#3132,(#3136,#3143),.PCURVE_S1.);
#3132 = LINE('',#3133,#3134);
#3133 = CARTESIAN_POINT('',(-28.,-9.,1.));
#3134 = VECTOR('',#3135,1.);
#3135 = DIRECTION('',(0.,1.,0.));
#3136 = PCURVE('',#825,#3137);
#3137 = DEFINITIONAL_REPRESENTATION('',(#3138),#3142);
#3138 = LINE('',#3139,#3140);
#3139 = CARTESIAN_POINT('',(0.,0.));
#3140 = VECTOR('',#3141,1.);
#3141 = DIRECTION('',(0.,-1.));
#3142 = ( GEOMETRIC_REPRESENTATION_CONTEXT(2) 
PARAMETRIC_REPRESENTATION_CONTEXT() REPRESENTATION_CONTEXT('2D SPACE',''
  ) );
#3143 = PCURVE('',#3041,#3144);
#3144 = DEFINITIONAL_REPRESENTATION('',(#3145),#3149);
#3145 = LINE('',#3146,#3147);
#3146 = CARTESIAN_POINT('',(7.125,2.125));
#3147 = VECTOR('',#3148,1.);
#3148 = DIRECTION('',(0.,1.));
#3149 = ( GEOMETRIC_REPRESENTATION_CONTEXT(2) 
PARAMETRIC_REPRESENTATION_CONTEXT() REPRESENTATION_CONTEXT('2D SPACE',''
  ) );
#3150 = ORIENTED_EDGE('',*,*,#3151,.T.);
#3151 = EDGE_CURVE('',#3129,#811,#3152,.T.);
#3152 = SURFACE_CURVE('',#3153,(#3157,#3164),.PCURVE_S1.);
#3153 = LINE('',#3154,#3155);
#3154 = CARTESIAN_POINT('',(-28.,9.,1.));
#3155 = VECTOR('',#3156,1.);
#3156 = DIRECTION('',(0.,0.,1.));
#3157 = PCURVE('',#825,#3158);
#3158 = DEFINITIONAL_REPRESENTATION('',(#3159),#3163);
#3159 = LINE('',#3160,#3161);
#3160 = CARTESIAN_POINT('',(0.,-18.));
#3161 = VECTOR('',#3162,1.);
#3162 = DIRECTION('',(1.,0.));
#3163 = ( GEOMETRIC_REPRESENTATION_CONTEXT(2) 
PARAMETRIC_REPRESENTATION_CONTEXT() REPRESENTATION_CONTEXT('2D SPACE',''
  ) );
#3164 = PCURVE('',#851,#3165);
#3165 = DEFINITIONAL_REPRESENTATION('',(#3166),#3170);
#3166 = LINE('',#3167,#3168);
#3167 = CARTESIAN_POINT('',(0.,0.));
#3168 = VECTOR('',#3169,1.);
#3169 = DIRECTION('',(1.,0.));
#3170 = ( GEOMETRIC_REPRESENTATION_CONTEXT(2) 
PARAMETRIC_REPRESENTATION_CONTEXT() REPRESENTATION_CONTEXT('2D SPACE',''
  ) );
#3171 = ORIENTED_EDGE('',*,*,#810,.F.);
#3172 = ADVANCED_FACE('',(#3173),#851,.F.);
#3173 = FACE_BOUND('',#3174,.F.);
#3174 = EDGE_LOOP('',(#3175,#3176,#3197,#3198));
#3175 = ORIENTED_EDGE('',*,*,#3102,.F.);
#3176 = ORIENTED_EDGE('',*,*,#3177,.F.);
#3177 = EDGE_CURVE('',#3129,#3080,#3178,.T.);
#3178 = SURFACE_CURVE('',#3179,(#3183,#3190),.PCURVE_S1.);
#3179 = LINE('',#3180,#3181);
#3180 = CARTESIAN_POINT('',(-28.,9.,1.));
#3181 = VECTOR('',#3182,1.);
#3182 = DIRECTION('',(1.,0.,0.));
#3183 = PCURVE('',#851,#3184);
#3184 = DEFINITIONAL_REPRESENTATION('',(#3185),#3189);
#3185 = LINE('',#3186,#3187);
#3186 = CARTESIAN_POINT('',(0.,0.));
#3187 = VECTOR('',#3188,1.);
#3188 = DIRECTION('',(0.,1.));
#3189 = ( GEOMETRIC_REPRESENTATION_CONTEXT(2) 
PARAMETRIC_REPRESENTATION_CONTEXT() REPRESENTATION_CONTEXT('2D SPACE',''
  ) );
#3190 = PCURVE('',#3041,#3191);
#3191 = DEFINITIONAL_REPRESENTATION('',(#3192),#3196);
#3192 = LINE('',#3193,#3194);
#3193 = CARTESIAN_POINT('',(7.125,20.125));
#3194 = VECTOR('',#3195,1.);
#3195 = DIRECTION('',(1.,0.));
#3196 = ( GEOMETRIC_REPRESENTATION_CONTEXT(2) 
PARAMETRIC_REPRESENTATION_CONTEXT() REPRESENTATION_CONTEXT('2D SPACE',''
  ) );
#3197 = ORIENTED_EDGE('',*,*,#3151,.T.);
#3198 = ORIENTED_EDGE('',*,*,#836,.F.);
#3199 = ADVANCED_FACE('',(#3200),#905,.T.);
#3200 = FACE_BOUND('',#3201,.T.);
#3201 = EDGE_LOOP('',(#3202,#3232,#3253,#3254));
#3202 = ORIENTED_EDGE('',*,*,#3203,.F.);
#3203 = EDGE_CURVE('',#3204,#3206,#3208,.T.);
#3204 = VERTEX_POINT('',#3205);
#3205 = CARTESIAN_POINT('',(-10.35455173283,2.849999999949,1.5));
#3206 = VERTEX_POINT('',#3207);
#3207 = CARTESIAN_POINT('',(-13.64544826716,2.849999999949,1.5));
#3208 = SURFACE_CURVE('',#3209,(#3213,#3220),.PCURVE_S1.);
#3209 = LINE('',#3210,#3211);
#3210 = CARTESIAN_POINT('',(-10.35455173283,2.849999999949,1.5));
#3211 = VECTOR('',#3212,1.);
#3212 = DIRECTION('',(-1.,0.,0.));
#3213 = PCURVE('',#905,#3214);
#3214 = DEFINITIONAL_REPRESENTATION('',(#3215),#3219);
#3215 = LINE('',#3216,#3217);
#3216 = CARTESIAN_POINT('',(0.,-0.));
#3217 = VECTOR('',#3218,1.);
#3218 = DIRECTION('',(1.,0.));
#3219 = ( GEOMETRIC_REPRESENTATION_CONTEXT(2) 
PARAMETRIC_REPRESENTATION_CONTEXT() REPRESENTATION_CONTEXT('2D SPACE',''
  ) );
#3220 = PCURVE('',#3221,#3226);
#3221 = PLANE('',#3222);
#3222 = AXIS2_PLACEMENT_3D('',#3223,#3224,#3225);
#3223 = CARTESIAN_POINT('',(-12.,-4.498158330803E-17,1.5));
#3224 = DIRECTION('',(0.,0.,1.));
#3225 = DIRECTION('',(1.,0.,-0.));
#3226 = DEFINITIONAL_REPRESENTATION('',(#3227),#3231);
#3227 = LINE('',#3228,#3229);
#3228 = CARTESIAN_POINT('',(1.645448267161,2.849999999949));
#3229 = VECTOR('',#3230,1.);
#3230 = DIRECTION('',(-1.,0.));
#3231 = ( GEOMETRIC_REPRESENTATION_CONTEXT(2) 
PARAMETRIC_REPRESENTATION_CONTEXT() REPRESENTATION_CONTEXT('2D SPACE',''
  ) );
#3232 = ORIENTED_EDGE('',*,*,#3233,.T.);
#3233 = EDGE_CURVE('',#3204,#891,#3234,.T.);
#3234 = SURFACE_CURVE('',#3235,(#3239,#3246),.PCURVE_S1.);
#3235 = LINE('',#3236,#3237);
#3236 = CARTESIAN_POINT('',(-10.35455173283,2.849999999949,1.5));
#3237 = VECTOR('',#3238,1.);
#3238 = DIRECTION('',(0.,0.,1.));
#3239 = PCURVE('',#905,#3240);
#3240 = DEFINITIONAL_REPRESENTATION('',(#3241),#3245);
#3241 = LINE('',#3242,#3243);
#3242 = CARTESIAN_POINT('',(0.,-0.));
#3243 = VECTOR('',#3244,1.);
#3244 = DIRECTION('',(0.,-1.));
#3245 = ( GEOMETRIC_REPRESENTATION_CONTEXT(2) 
PARAMETRIC_REPRESENTATION_CONTEXT() REPRESENTATION_CONTEXT('2D SPACE',''
  ) );
#3246 = PCURVE('',#931,#3247);
#3247 = DEFINITIONAL_REPRESENTATION('',(#3248),#3252);
#3248 = LINE('',#3249,#3250);
#3249 = CARTESIAN_POINT('',(3.290896534322,0.));
#3250 = VECTOR('',#3251,1.);
#3251 = DIRECTION('',(0.,-1.));
#3252 = ( GEOMETRIC_REPRESENTATION_CONTEXT(2) 
PARAMETRIC_REPRESENTATION_CONTEXT() REPRESENTATION_CONTEXT('2D SPACE',''
  ) );
#3253 = ORIENTED_EDGE('',*,*,#888,.F.);
#3254 = ORIENTED_EDGE('',*,*,#3255,.F.);
#3255 = EDGE_CURVE('',#3206,#889,#3256,.T.);
#3256 = SURFACE_CURVE('',#3257,(#3261,#3268),.PCURVE_S1.);
#3257 = LINE('',#3258,#3259);
#3258 = CARTESIAN_POINT('',(-13.64544826716,2.849999999949,1.5));
#3259 = VECTOR('',#3260,1.);
#3260 = DIRECTION('',(0.,0.,1.));
#3261 = PCURVE('',#905,#3262);
#3262 = DEFINITIONAL_REPRESENTATION('',(#3263),#3267);
#3263 = LINE('',#3264,#3265);
#3264 = CARTESIAN_POINT('',(3.290896534322,0.));
#3265 = VECTOR('',#3266,1.);
#3266 = DIRECTION('',(0.,-1.));
#3267 = ( GEOMETRIC_REPRESENTATION_CONTEXT(2) 
PARAMETRIC_REPRESENTATION_CONTEXT() REPRESENTATION_CONTEXT('2D SPACE',''
  ) );
#3268 = PCURVE('',#1033,#3269);
#3269 = DEFINITIONAL_REPRESENTATION('',(#3270),#3274);
#3270 = LINE('',#3271,#3272);
#3271 = CARTESIAN_POINT('',(0.,0.));
#3272 = VECTOR('',#3273,1.);
#3273 = DIRECTION('',(0.,-1.));
#3274 = ( GEOMETRIC_REPRESENTATION_CONTEXT(2) 
PARAMETRIC_REPRESENTATION_CONTEXT() REPRESENTATION_CONTEXT('2D SPACE',''
  ) );
#3275 = ADVANCED_FACE('',(#3276),#1033,.T.);
#3276 = FACE_BOUND('',#3277,.T.);
#3277 = EDGE_LOOP('',(#3278,#3301,#3302,#3303));
#3278 = ORIENTED_EDGE('',*,*,#3279,.F.);
#3279 = EDGE_CURVE('',#3206,#3280,#3282,.T.);
#3280 = VERTEX_POINT('',#3281);
#3281 = CARTESIAN_POINT('',(-15.29089653432,4.030185907082E-16,1.5));
#3282 = SURFACE_CURVE('',#3283,(#3287,#3294),.PCURVE_S1.);
#3283 = LINE('',#3284,#3285);
#3284 = CARTESIAN_POINT('',(-13.64544826716,2.849999999949,1.5));
#3285 = VECTOR('',#3286,1.);
#3286 = DIRECTION('',(-0.5,-0.866025403784,0.));
#3287 = PCURVE('',#1033,#3288);
#3288 = DEFINITIONAL_REPRESENTATION('',(#3289),#3293);
#3289 = LINE('',#3290,#3291);
#3290 = CARTESIAN_POINT('',(0.,0.));
#3291 = VECTOR('',#3292,1.);
#3292 = DIRECTION('',(1.,0.));
#3293 = ( GEOMETRIC_REPRESENTATION_CONTEXT(2) 
PARAMETRIC_REPRESENTATION_CONTEXT() REPRESENTATION_CONTEXT('2D SPACE',''
  ) );
#3294 = PCURVE('',#3221,#3295);
#3295 = DEFINITIONAL_REPRESENTATION('',(#3296),#3300);
#3296 = LINE('',#3297,#3298);
#3297 = CARTESIAN_POINT('',(-1.645448267161,2.849999999949));
#3298 = VECTOR('',#3299,1.);
#3299 = DIRECTION('',(-0.5,-0.866025403784));
#3300 = ( GEOMETRIC_REPRESENTATION_CONTEXT(2) 
PARAMETRIC_REPRESENTATION_CONTEXT() REPRESENTATION_CONTEXT('2D SPACE',''
  ) );
#3301 = ORIENTED_EDGE('',*,*,#3255,.T.);
#3302 = ORIENTED_EDGE('',*,*,#1020,.F.);
#3303 = ORIENTED_EDGE('',*,*,#3304,.F.);
#3304 = EDGE_CURVE('',#3280,#995,#3305,.T.);
#3305 = SURFACE_CURVE('',#3306,(#3310,#3317),.PCURVE_S1.);
#3306 = LINE('',#3307,#3308);
#3307 = CARTESIAN_POINT('',(-15.29089653432,4.030185907082E-16,1.5));
#3308 = VECTOR('',#3309,1.);
#3309 = DIRECTION('',(0.,0.,1.));
#3310 = PCURVE('',#1033,#3311);
#3311 = DEFINITIONAL_REPRESENTATION('',(#3312),#3316);
#3312 = LINE('',#3313,#3314);
#3313 = CARTESIAN_POINT('',(3.290896534322,0.));
#3314 = VECTOR('',#3315,1.);
#3315 = DIRECTION('',(0.,-1.));
#3316 = ( GEOMETRIC_REPRESENTATION_CONTEXT(2) 
PARAMETRIC_REPRESENTATION_CONTEXT() REPRESENTATION_CONTEXT('2D SPACE',''
  ) );
#3317 = PCURVE('',#1009,#3318);
#3318 = DEFINITIONAL_REPRESENTATION('',(#3319),#3323);
#3319 = LINE('',#3320,#3321);
#3320 = CARTESIAN_POINT('',(0.,0.));
#3321 = VECTOR('',#3322,1.);
#3322 = DIRECTION('',(0.,-1.));
#3323 = ( GEOMETRIC_REPRESENTATION_CONTEXT(2) 
PARAMETRIC_REPRESENTATION_CONTEXT() REPRESENTATION_CONTEXT('2D SPACE',''
  ) );
#3324 = ADVANCED_FACE('',(#3325),#931,.T.);
#3325 = FACE_BOUND('',#3326,.T.);
#3326 = EDGE_LOOP('',(#3327,#3350,#3371,#3372));
#3327 = ORIENTED_EDGE('',*,*,#3328,.F.);
#3328 = EDGE_CURVE('',#3329,#3204,#3331,.T.);
#3329 = VERTEX_POINT('',#3330);
#3330 = CARTESIAN_POINT('',(-8.709103465678,0.,1.5));
#3331 = SURFACE_CURVE('',#3332,(#3336,#3343),.PCURVE_S1.);
#3332 = LINE('',#3333,#3334);
#3333 = CARTESIAN_POINT('',(-8.709103465678,0.,1.5));
#3334 = VECTOR('',#3335,1.);
#3335 = DIRECTION('',(-0.5,0.866025403784,0.));
#3336 = PCURVE('',#931,#3337);
#3337 = DEFINITIONAL_REPRESENTATION('',(#3338),#3342);
#3338 = LINE('',#3339,#3340);
#3339 = CARTESIAN_POINT('',(0.,0.));
#3340 = VECTOR('',#3341,1.);
#3341 = DIRECTION('',(1.,0.));
#3342 = ( GEOMETRIC_REPRESENTATION_CONTEXT(2) 
PARAMETRIC_REPRESENTATION_CONTEXT() REPRESENTATION_CONTEXT('2D SPACE',''
  ) );
#3343 = PCURVE('',#3221,#3344);
#3344 = DEFINITIONAL_REPRESENTATION('',(#3345),#3349);
#3345 = LINE('',#3346,#3347);
#3346 = CARTESIAN_POINT('',(3.290896534322,4.498158330803E-17));
#3347 = VECTOR('',#3348,1.);
#3348 = DIRECTION('',(-0.5,0.866025403784));
#3349 = ( GEOMETRIC_REPRESENTATION_CONTEXT(2) 
PARAMETRIC_REPRESENTATION_CONTEXT() REPRESENTATION_CONTEXT('2D SPACE',''
  ) );
#3350 = ORIENTED_EDGE('',*,*,#3351,.T.);
#3351 = EDGE_CURVE('',#3329,#917,#3352,.T.);
#3352 = SURFACE_CURVE('',#3353,(#3357,#3364),.PCURVE_S1.);
#3353 = LINE('',#3354,#3355);
#3354 = CARTESIAN_POINT('',(-8.709103465678,0.,1.5));
#3355 = VECTOR('',#3356,1.);
#3356 = DIRECTION('',(0.,0.,1.));
#3357 = PCURVE('',#931,#3358);
#3358 = DEFINITIONAL_REPRESENTATION('',(#3359),#3363);
#3359 = LINE('',#3360,#3361);
#3360 = CARTESIAN_POINT('',(0.,0.));
#3361 = VECTOR('',#3362,1.);
#3362 = DIRECTION('',(0.,-1.));
#3363 = ( GEOMETRIC_REPRESENTATION_CONTEXT(2) 
PARAMETRIC_REPRESENTATION_CONTEXT() REPRESENTATION_CONTEXT('2D SPACE',''
  ) );
#3364 = PCURVE('',#957,#3365);
#3365 = DEFINITIONAL_REPRESENTATION('',(#3366),#3370);
#3366 = LINE('',#3367,#3368);
#3367 = CARTESIAN_POINT('',(3.290896534322,0.));
#3368 = VECTOR('',#3369,1.);
#3369 = DIRECTION('',(0.,-1.));
#3370 = ( GEOMETRIC_REPRESENTATION_CONTEXT(2) 
PARAMETRIC_REPRESENTATION_CONTEXT() REPRESENTATION_CONTEXT('2D SPACE',''
  ) );
#3371 = ORIENTED_EDGE('',*,*,#916,.F.);
#3372 = ORIENTED_EDGE('',*,*,#3233,.F.);
#3373 = ADVANCED_FACE('',(#3374),#1009,.T.);
#3374 = FACE_BOUND('',#3375,.T.);
#3375 = EDGE_LOOP('',(#3376,#3399,#3400,#3401));
#3376 = ORIENTED_EDGE('',*,*,#3377,.F.);
#3377 = EDGE_CURVE('',#3280,#3378,#3380,.T.);
#3378 = VERTEX_POINT('',#3379);
#3379 = CARTESIAN_POINT('',(-13.64544826716,-2.849999999949,1.5));
#3380 = SURFACE_CURVE('',#3381,(#3385,#3392),.PCURVE_S1.);
#3381 = LINE('',#3382,#3383);
#3382 = CARTESIAN_POINT('',(-15.29089653432,4.030185907082E-16,1.5));
#3383 = VECTOR('',#3384,1.);
#3384 = DIRECTION('',(0.5,-0.866025403784,0.));
#3385 = PCURVE('',#1009,#3386);
#3386 = DEFINITIONAL_REPRESENTATION('',(#3387),#3391);
#3387 = LINE('',#3388,#3389);
#3388 = CARTESIAN_POINT('',(0.,0.));
#3389 = VECTOR('',#3390,1.);
#3390 = DIRECTION('',(1.,0.));
#3391 = ( GEOMETRIC_REPRESENTATION_CONTEXT(2) 
PARAMETRIC_REPRESENTATION_CONTEXT() REPRESENTATION_CONTEXT('2D SPACE',''
  ) );
#3392 = PCURVE('',#3221,#3393);
#3393 = DEFINITIONAL_REPRESENTATION('',(#3394),#3398);
#3394 = LINE('',#3395,#3396);
#3395 = CARTESIAN_POINT('',(-3.290896534322,4.480001740162E-16));
#3396 = VECTOR('',#3397,1.);
#3397 = DIRECTION('',(0.5,-0.866025403784));
#3398 = ( GEOMETRIC_REPRESENTATION_CONTEXT(2) 
PARAMETRIC_REPRESENTATION_CONTEXT() REPRESENTATION_CONTEXT('2D SPACE',''
  ) );
#3399 = ORIENTED_EDGE('',*,*,#3304,.T.);
#3400 = ORIENTED_EDGE('',*,*,#994,.F.);
#3401 = ORIENTED_EDGE('',*,*,#3402,.F.);
#3402 = EDGE_CURVE('',#3378,#969,#3403,.T.);
#3403 = SURFACE_CURVE('',#3404,(#3408,#3415),.PCURVE_S1.);
#3404 = LINE('',#3405,#3406);
#3405 = CARTESIAN_POINT('',(-13.64544826716,-2.849999999949,1.5));
#3406 = VECTOR('',#3407,1.);
#3407 = DIRECTION('',(0.,0.,1.));
#3408 = PCURVE('',#1009,#3409);
#3409 = DEFINITIONAL_REPRESENTATION('',(#3410),#3414);
#3410 = LINE('',#3411,#3412);
#3411 = CARTESIAN_POINT('',(3.290896534322,0.));
#3412 = VECTOR('',#3413,1.);
#3413 = DIRECTION('',(0.,-1.));
#3414 = ( GEOMETRIC_REPRESENTATION_CONTEXT(2) 
PARAMETRIC_REPRESENTATION_CONTEXT() REPRESENTATION_CONTEXT('2D SPACE',''
  ) );
#3415 = PCURVE('',#983,#3416);
#3416 = DEFINITIONAL_REPRESENTATION('',(#3417),#3421);
#3417 = LINE('',#3418,#3419);
#3418 = CARTESIAN_POINT('',(0.,0.));
#3419 = VECTOR('',#3420,1.);
#3420 = DIRECTION('',(0.,-1.));
#3421 = ( GEOMETRIC_REPRESENTATION_CONTEXT(2) 
PARAMETRIC_REPRESENTATION_CONTEXT() REPRESENTATION_CONTEXT('2D SPACE',''
  ) );
#3422 = ADVANCED_FACE('',(#3423),#957,.T.);
#3423 = FACE_BOUND('',#3424,.T.);
#3424 = EDGE_LOOP('',(#3425,#3448,#3469,#3470));
#3425 = ORIENTED_EDGE('',*,*,#3426,.F.);
#3426 = EDGE_CURVE('',#3427,#3329,#3429,.T.);
#3427 = VERTEX_POINT('',#3428);
#3428 = CARTESIAN_POINT('',(-10.35455173283,-2.849999999949,1.5));
#3429 = SURFACE_CURVE('',#3430,(#3434,#3441),.PCURVE_S1.);
#3430 = LINE('',#3431,#3432);
#3431 = CARTESIAN_POINT('',(-10.35455173283,-2.849999999949,1.5));
#3432 = VECTOR('',#3433,1.);
#3433 = DIRECTION('',(0.5,0.866025403784,0.));
#3434 = PCURVE('',#957,#3435);
#3435 = DEFINITIONAL_REPRESENTATION('',(#3436),#3440);
#3436 = LINE('',#3437,#3438);
#3437 = CARTESIAN_POINT('',(0.,0.));
#3438 = VECTOR('',#3439,1.);
#3439 = DIRECTION('',(1.,0.));
#3440 = ( GEOMETRIC_REPRESENTATION_CONTEXT(2) 
PARAMETRIC_REPRESENTATION_CONTEXT() REPRESENTATION_CONTEXT('2D SPACE',''
  ) );
#3441 = PCURVE('',#3221,#3442);
#3442 = DEFINITIONAL_REPRESENTATION('',(#3443),#3447);
#3443 = LINE('',#3444,#3445);
#3444 = CARTESIAN_POINT('',(1.645448267161,-2.849999999949));
#3445 = VECTOR('',#3446,1.);
#3446 = DIRECTION('',(0.5,0.866025403784));
#3447 = ( GEOMETRIC_REPRESENTATION_CONTEXT(2) 
PARAMETRIC_REPRESENTATION_CONTEXT() REPRESENTATION_CONTEXT('2D SPACE',''
  ) );
#3448 = ORIENTED_EDGE('',*,*,#3449,.T.);
#3449 = EDGE_CURVE('',#3427,#943,#3450,.T.);
#3450 = SURFACE_CURVE('',#3451,(#3455,#3462),.PCURVE_S1.);
#3451 = LINE('',#3452,#3453);
#3452 = CARTESIAN_POINT('',(-10.35455173283,-2.849999999949,1.5));
#3453 = VECTOR('',#3454,1.);
#3454 = DIRECTION('',(0.,0.,1.));
#3455 = PCURVE('',#957,#3456);
#3456 = DEFINITIONAL_REPRESENTATION('',(#3457),#3461);
#3457 = LINE('',#3458,#3459);
#3458 = CARTESIAN_POINT('',(0.,0.));
#3459 = VECTOR('',#3460,1.);
#3460 = DIRECTION('',(0.,-1.));
#3461 = ( GEOMETRIC_REPRESENTATION_CONTEXT(2) 
PARAMETRIC_REPRESENTATION_CONTEXT() REPRESENTATION_CONTEXT('2D SPACE',''
  ) );
#3462 = PCURVE('',#983,#3463);
#3463 = DEFINITIONAL_REPRESENTATION('',(#3464),#3468);
#3464 = LINE('',#3465,#3466);
#3465 = CARTESIAN_POINT('',(3.290896534322,0.));
#3466 = VECTOR('',#3467,1.);
#3467 = DIRECTION('',(0.,-1.));
#3468 = ( GEOMETRIC_REPRESENTATION_CONTEXT(2) 
PARAMETRIC_REPRESENTATION_CONTEXT() REPRESENTATION_CONTEXT('2D SPACE',''
  ) );
#3469 = ORIENTED_EDGE('',*,*,#942,.F.);
#3470 = ORIENTED_EDGE('',*,*,#3351,.F.);
#3471 = ADVANCED_FACE('',(#3472),#983,.T.);
#3472 = FACE_BOUND('',#3473,.T.);
#3473 = EDGE_LOOP('',(#3474,#3495,#3496,#3497));
#3474 = ORIENTED_EDGE('',*,*,#3475,.F.);
#3475 = EDGE_CURVE('',#3378,#3427,#3476,.T.);
#3476 = SURFACE_CURVE('',#3477,(#3481,#3488),.PCURVE_S1.);
#3477 = LINE('',#3478,#3479);
#3478 = CARTESIAN_POINT('',(-13.64544826716,-2.849999999949,1.5));
#3479 = VECTOR('',#3480,1.);
#3480 = DIRECTION('',(1.,-6.747237496204E-16,0.));
#3481 = PCURVE('',#983,#3482);
#3482 = DEFINITIONAL_REPRESENTATION('',(#3483),#3487);
#3483 = LINE('',#3484,#3485);
#3484 = CARTESIAN_POINT('',(0.,0.));
#3485 = VECTOR('',#3486,1.);
#3486 = DIRECTION('',(1.,0.));
#3487 = ( GEOMETRIC_REPRESENTATION_CONTEXT(2) 
PARAMETRIC_REPRESENTATION_CONTEXT() REPRESENTATION_CONTEXT('2D SPACE',''
  ) );
#3488 = PCURVE('',#3221,#3489);
#3489 = DEFINITIONAL_REPRESENTATION('',(#3490),#3494);
#3490 = LINE('',#3491,#3492);
#3491 = CARTESIAN_POINT('',(-1.645448267161,-2.849999999949));
#3492 = VECTOR('',#3493,1.);
#3493 = DIRECTION('',(1.,-6.747237496204E-16));
#3494 = ( GEOMETRIC_REPRESENTATION_CONTEXT(2) 
PARAMETRIC_REPRESENTATION_CONTEXT() REPRESENTATION_CONTEXT('2D SPACE',''
  ) );
#3495 = ORIENTED_EDGE('',*,*,#3402,.T.);
#3496 = ORIENTED_EDGE('',*,*,#968,.F.);
#3497 = ORIENTED_EDGE('',*,*,#3449,.F.);
#3498 = ADVANCED_FACE('',(#3499),#1067,.F.);
#3499 = FACE_BOUND('',#3500,.F.);
#3500 = EDGE_LOOP('',(#3501,#3502,#3523,#3524));
#3501 = ORIENTED_EDGE('',*,*,#2103,.F.);
#3502 = ORIENTED_EDGE('',*,*,#3503,.F.);
#3503 = EDGE_CURVE('',#1047,#2104,#3504,.T.);
#3504 = SEAM_CURVE('',#3505,(#3509,#3516),.PCURVE_S1.);
#3505 = LINE('',#3506,#3507);
#3506 = CARTESIAN_POINT('',(-22.65,17.,9.5));
#3507 = VECTOR('',#3508,1.);
#3508 = DIRECTION('',(0.,0.,-1.));
#3509 = PCURVE('',#1067,#3510);
#3510 = DEFINITIONAL_REPRESENTATION('',(#3511),#3515);
#3511 = LINE('',#3512,#3513);
#3512 = CARTESIAN_POINT('',(6.28318530718,-0.));
#3513 = VECTOR('',#3514,1.);
#3514 = DIRECTION('',(0.,1.));
#3515 = ( GEOMETRIC_REPRESENTATION_CONTEXT(2) 
PARAMETRIC_REPRESENTATION_CONTEXT() REPRESENTATION_CONTEXT('2D SPACE',''
  ) );
#3516 = PCURVE('',#1067,#3517);
#3517 = DEFINITIONAL_REPRESENTATION('',(#3518),#3522);
#3518 = LINE('',#3519,#3520);
#3519 = CARTESIAN_POINT('',(0.,-0.));
#3520 = VECTOR('',#3521,1.);
#3521 = DIRECTION('',(0.,1.));
#3522 = ( GEOMETRIC_REPRESENTATION_CONTEXT(2) 
PARAMETRIC_REPRESENTATION_CONTEXT() REPRESENTATION_CONTEXT('2D SPACE',''
  ) );
#3523 = ORIENTED_EDGE('',*,*,#1046,.T.);
#3524 = ORIENTED_EDGE('',*,*,#3503,.T.);
#3525 = ADVANCED_FACE('',(#3526),#1102,.F.);
#3526 = FACE_BOUND('',#3527,.F.);
#3527 = EDGE_LOOP('',(#3528,#3529,#3550,#3551));
#3528 = ORIENTED_EDGE('',*,*,#2133,.F.);
#3529 = ORIENTED_EDGE('',*,*,#3530,.F.);
#3530 = EDGE_CURVE('',#1082,#2134,#3531,.T.);
#3531 = SEAM_CURVE('',#3532,(#3536,#3543),.PCURVE_S1.);
#3532 = LINE('',#3533,#3534);
#3533 = CARTESIAN_POINT('',(-4.,-9.797174393179E-16,9.5));
#3534 = VECTOR('',#3535,1.);
#3535 = DIRECTION('',(0.,0.,-1.));
#3536 = PCURVE('',#1102,#3537);
#3537 = DEFINITIONAL_REPRESENTATION('',(#3538),#3542);
#3538 = LINE('',#3539,#3540);
#3539 = CARTESIAN_POINT('',(6.28318530718,-0.));
#3540 = VECTOR('',#3541,1.);
#3541 = DIRECTION('',(0.,1.));
#3542 = ( GEOMETRIC_REPRESENTATION_CONTEXT(2) 
PARAMETRIC_REPRESENTATION_CONTEXT() REPRESENTATION_CONTEXT('2D SPACE',''
  ) );
#3543 = PCURVE('',#1102,#3544);
#3544 = DEFINITIONAL_REPRESENTATION('',(#3545),#3549);
#3545 = LINE('',#3546,#3547);
#3546 = CARTESIAN_POINT('',(0.,-0.));
#3547 = VECTOR('',#3548,1.);
#3548 = DIRECTION('',(0.,1.));
#3549 = ( GEOMETRIC_REPRESENTATION_CONTEXT(2) 
PARAMETRIC_REPRESENTATION_CONTEXT() REPRESENTATION_CONTEXT('2D SPACE',''
  ) );
#3550 = ORIENTED_EDGE('',*,*,#1081,.T.);
#3551 = ORIENTED_EDGE('',*,*,#3530,.T.);
#3552 = ADVANCED_FACE('',(#3553),#1133,.T.);
#3553 = FACE_BOUND('',#3554,.T.);
#3554 = EDGE_LOOP('',(#3555,#3585,#3606,#3607));
#3555 = ORIENTED_EDGE('',*,*,#3556,.F.);
#3556 = EDGE_CURVE('',#3557,#3559,#3561,.T.);
#3557 = VERTEX_POINT('',#3558);
#3558 = CARTESIAN_POINT('',(13.645448267161,2.849999999949,1.5));
#3559 = VERTEX_POINT('',#3560);
#3560 = CARTESIAN_POINT('',(10.354551732839,2.849999999949,1.5));
#3561 = SURFACE_CURVE('',#3562,(#3566,#3573),.PCURVE_S1.);
#3562 = LINE('',#3563,#3564);
#3563 = CARTESIAN_POINT('',(13.645448267161,2.849999999949,1.5));
#3564 = VECTOR('',#3565,1.);
#3565 = DIRECTION('',(-1.,0.,0.));
#3566 = PCURVE('',#1133,#3567);
#3567 = DEFINITIONAL_REPRESENTATION('',(#3568),#3572);
#3568 = LINE('',#3569,#3570);
#3569 = CARTESIAN_POINT('',(0.,-0.));
#3570 = VECTOR('',#3571,1.);
#3571 = DIRECTION('',(1.,0.));
#3572 = ( GEOMETRIC_REPRESENTATION_CONTEXT(2) 
PARAMETRIC_REPRESENTATION_CONTEXT() REPRESENTATION_CONTEXT('2D SPACE',''
  ) );
#3573 = PCURVE('',#3574,#3579);
#3574 = PLANE('',#3575);
#3575 = AXIS2_PLACEMENT_3D('',#3576,#3577,#3578);
#3576 = CARTESIAN_POINT('',(12.,-4.498158330803E-17,1.5));
#3577 = DIRECTION('',(0.,0.,1.));
#3578 = DIRECTION('',(1.,0.,-0.));
#3579 = DEFINITIONAL_REPRESENTATION('',(#3580),#3584);
#3580 = LINE('',#3581,#3582);
#3581 = CARTESIAN_POINT('',(1.645448267161,2.849999999949));
#3582 = VECTOR('',#3583,1.);
#3583 = DIRECTION('',(-1.,0.));
#3584 = ( GEOMETRIC_REPRESENTATION_CONTEXT(2) 
PARAMETRIC_REPRESENTATION_CONTEXT() REPRESENTATION_CONTEXT('2D SPACE',''
  ) );
#3585 = ORIENTED_EDGE('',*,*,#3586,.T.);
#3586 = EDGE_CURVE('',#3557,#1119,#3587,.T.);
#3587 = SURFACE_CURVE('',#3588,(#3592,#3599),.PCURVE_S1.);
#3588 = LINE('',#3589,#3590);
#3589 = CARTESIAN_POINT('',(13.645448267161,2.849999999949,1.5));
#3590 = VECTOR('',#3591,1.);
#3591 = DIRECTION('',(0.,0.,1.));
#3592 = PCURVE('',#1133,#3593);
#3593 = DEFINITIONAL_REPRESENTATION('',(#3594),#3598);
#3594 = LINE('',#3595,#3596);
#3595 = CARTESIAN_POINT('',(0.,-0.));
#3596 = VECTOR('',#3597,1.);
#3597 = DIRECTION('',(0.,-1.));
#3598 = ( GEOMETRIC_REPRESENTATION_CONTEXT(2) 
PARAMETRIC_REPRESENTATION_CONTEXT() REPRESENTATION_CONTEXT('2D SPACE',''
  ) );
#3599 = PCURVE('',#1159,#3600);
#3600 = DEFINITIONAL_REPRESENTATION('',(#3601),#3605);
#3601 = LINE('',#3602,#3603);
#3602 = CARTESIAN_POINT('',(3.290896534322,0.));
#3603 = VECTOR('',#3604,1.);
#3604 = DIRECTION('',(0.,-1.));
#3605 = ( GEOMETRIC_REPRESENTATION_CONTEXT(2) 
PARAMETRIC_REPRESENTATION_CONTEXT() REPRESENTATION_CONTEXT('2D SPACE',''
  ) );
#3606 = ORIENTED_EDGE('',*,*,#1116,.F.);
#3607 = ORIENTED_EDGE('',*,*,#3608,.F.);
#3608 = EDGE_CURVE('',#3559,#1117,#3609,.T.);
#3609 = SURFACE_CURVE('',#3610,(#3614,#3621),.PCURVE_S1.);
#3610 = LINE('',#3611,#3612);
#3611 = CARTESIAN_POINT('',(10.354551732839,2.849999999949,1.5));
#3612 = VECTOR('',#3613,1.);
#3613 = DIRECTION('',(0.,0.,1.));
#3614 = PCURVE('',#1133,#3615);
#3615 = DEFINITIONAL_REPRESENTATION('',(#3616),#3620);
#3616 = LINE('',#3617,#3618);
#3617 = CARTESIAN_POINT('',(3.290896534322,0.));
#3618 = VECTOR('',#3619,1.);
#3619 = DIRECTION('',(0.,-1.));
#3620 = ( GEOMETRIC_REPRESENTATION_CONTEXT(2) 
PARAMETRIC_REPRESENTATION_CONTEXT() REPRESENTATION_CONTEXT('2D SPACE',''
  ) );
#3621 = PCURVE('',#1261,#3622);
#3622 = DEFINITIONAL_REPRESENTATION('',(#3623),#3627);
#3623 = LINE('',#3624,#3625);
#3624 = CARTESIAN_POINT('',(0.,0.));
#3625 = VECTOR('',#3626,1.);
#3626 = DIRECTION('',(0.,-1.));
#3627 = ( GEOMETRIC_REPRESENTATION_CONTEXT(2) 
PARAMETRIC_REPRESENTATION_CONTEXT() REPRESENTATION_CONTEXT('2D SPACE',''
  ) );
#3628 = ADVANCED_FACE('',(#3629),#1261,.T.);
#3629 = FACE_BOUND('',#3630,.T.);
#3630 = EDGE_LOOP('',(#3631,#3654,#3655,#3656));
#3631 = ORIENTED_EDGE('',*,*,#3632,.F.);
#3632 = EDGE_CURVE('',#3559,#3633,#3635,.T.);
#3633 = VERTEX_POINT('',#3634);
#3634 = CARTESIAN_POINT('',(8.709103465678,4.030185907082E-16,1.5));
#3635 = SURFACE_CURVE('',#3636,(#3640,#3647),.PCURVE_S1.);
#3636 = LINE('',#3637,#3638);
#3637 = CARTESIAN_POINT('',(10.354551732839,2.849999999949,1.5));
#3638 = VECTOR('',#3639,1.);
#3639 = DIRECTION('',(-0.5,-0.866025403784,0.));
#3640 = PCURVE('',#1261,#3641);
#3641 = DEFINITIONAL_REPRESENTATION('',(#3642),#3646);
#3642 = LINE('',#3643,#3644);
#3643 = CARTESIAN_POINT('',(0.,0.));
#3644 = VECTOR('',#3645,1.);
#3645 = DIRECTION('',(1.,0.));
#3646 = ( GEOMETRIC_REPRESENTATION_CONTEXT(2) 
PARAMETRIC_REPRESENTATION_CONTEXT() REPRESENTATION_CONTEXT('2D SPACE',''
  ) );
#3647 = PCURVE('',#3574,#3648);
#3648 = DEFINITIONAL_REPRESENTATION('',(#3649),#3653);
#3649 = LINE('',#3650,#3651);
#3650 = CARTESIAN_POINT('',(-1.645448267161,2.849999999949));
#3651 = VECTOR('',#3652,1.);
#3652 = DIRECTION('',(-0.5,-0.866025403784));
#3653 = ( GEOMETRIC_REPRESENTATION_CONTEXT(2) 
PARAMETRIC_REPRESENTATION_CONTEXT() REPRESENTATION_CONTEXT('2D SPACE',''
  ) );
#3654 = ORIENTED_EDGE('',*,*,#3608,.T.);
#3655 = ORIENTED_EDGE('',*,*,#1248,.F.);
#3656 = ORIENTED_EDGE('',*,*,#3657,.F.);
#3657 = EDGE_CURVE('',#3633,#1223,#3658,.T.);
#3658 = SURFACE_CURVE('',#3659,(#3663,#3670),.PCURVE_S1.);
#3659 = LINE('',#3660,#3661);
#3660 = CARTESIAN_POINT('',(8.709103465678,4.030185907082E-16,1.5));
#3661 = VECTOR('',#3662,1.);
#3662 = DIRECTION('',(0.,0.,1.));
#3663 = PCURVE('',#1261,#3664);
#3664 = DEFINITIONAL_REPRESENTATION('',(#3665),#3669);
#3665 = LINE('',#3666,#3667);
#3666 = CARTESIAN_POINT('',(3.290896534322,0.));
#3667 = VECTOR('',#3668,1.);
#3668 = DIRECTION('',(0.,-1.));
#3669 = ( GEOMETRIC_REPRESENTATION_CONTEXT(2) 
PARAMETRIC_REPRESENTATION_CONTEXT() REPRESENTATION_CONTEXT('2D SPACE',''
  ) );
#3670 = PCURVE('',#1237,#3671);
#3671 = DEFINITIONAL_REPRESENTATION('',(#3672),#3676);
#3672 = LINE('',#3673,#3674);
#3673 = CARTESIAN_POINT('',(0.,0.));
#3674 = VECTOR('',#3675,1.);
#3675 = DIRECTION('',(0.,-1.));
#3676 = ( GEOMETRIC_REPRESENTATION_CONTEXT(2) 
PARAMETRIC_REPRESENTATION_CONTEXT() REPRESENTATION_CONTEXT('2D SPACE',''
  ) );
#3677 = ADVANCED_FACE('',(#3678),#1159,.T.);
#3678 = FACE_BOUND('',#3679,.T.);
#3679 = EDGE_LOOP('',(#3680,#3703,#3724,#3725));
#3680 = ORIENTED_EDGE('',*,*,#3681,.F.);
#3681 = EDGE_CURVE('',#3682,#3557,#3684,.T.);
#3682 = VERTEX_POINT('',#3683);
#3683 = CARTESIAN_POINT('',(15.290896534322,0.,1.5));
#3684 = SURFACE_CURVE('',#3685,(#3689,#3696),.PCURVE_S1.);
#3685 = LINE('',#3686,#3687);
#3686 = CARTESIAN_POINT('',(15.290896534322,0.,1.5));
#3687 = VECTOR('',#3688,1.);
#3688 = DIRECTION('',(-0.5,0.866025403784,0.));
#3689 = PCURVE('',#1159,#3690);
#3690 = DEFINITIONAL_REPRESENTATION('',(#3691),#3695);
#3691 = LINE('',#3692,#3693);
#3692 = CARTESIAN_POINT('',(0.,0.));
#3693 = VECTOR('',#3694,1.);
#3694 = DIRECTION('',(1.,0.));
#3695 = ( GEOMETRIC_REPRESENTATION_CONTEXT(2) 
PARAMETRIC_REPRESENTATION_CONTEXT() REPRESENTATION_CONTEXT('2D SPACE',''
  ) );
#3696 = PCURVE('',#3574,#3697);
#3697 = DEFINITIONAL_REPRESENTATION('',(#3698),#3702);
#3698 = LINE('',#3699,#3700);
#3699 = CARTESIAN_POINT('',(3.290896534322,4.498158330803E-17));
#3700 = VECTOR('',#3701,1.);
#3701 = DIRECTION('',(-0.5,0.866025403784));
#3702 = ( GEOMETRIC_REPRESENTATION_CONTEXT(2) 
PARAMETRIC_REPRESENTATION_CONTEXT() REPRESENTATION_CONTEXT('2D SPACE',''
  ) );
#3703 = ORIENTED_EDGE('',*,*,#3704,.T.);
#3704 = EDGE_CURVE('',#3682,#1145,#3705,.T.);
#3705 = SURFACE_CURVE('',#3706,(#3710,#3717),.PCURVE_S1.);
#3706 = LINE('',#3707,#3708);
#3707 = CARTESIAN_POINT('',(15.290896534322,0.,1.5));
#3708 = VECTOR('',#3709,1.);
#3709 = DIRECTION('',(0.,0.,1.));
#3710 = PCURVE('',#1159,#3711);
#3711 = DEFINITIONAL_REPRESENTATION('',(#3712),#3716);
#3712 = LINE('',#3713,#3714);
#3713 = CARTESIAN_POINT('',(0.,0.));
#3714 = VECTOR('',#3715,1.);
#3715 = DIRECTION('',(0.,-1.));
#3716 = ( GEOMETRIC_REPRESENTATION_CONTEXT(2) 
PARAMETRIC_REPRESENTATION_CONTEXT() REPRESENTATION_CONTEXT('2D SPACE',''
  ) );
#3717 = PCURVE('',#1185,#3718);
#3718 = DEFINITIONAL_REPRESENTATION('',(#3719),#3723);
#3719 = LINE('',#3720,#3721);
#3720 = CARTESIAN_POINT('',(3.290896534322,0.));
#3721 = VECTOR('',#3722,1.);
#3722 = DIRECTION('',(0.,-1.));
#3723 = ( GEOMETRIC_REPRESENTATION_CONTEXT(2) 
PARAMETRIC_REPRESENTATION_CONTEXT() REPRESENTATION_CONTEXT('2D SPACE',''
  ) );
#3724 = ORIENTED_EDGE('',*,*,#1144,.F.);
#3725 = ORIENTED_EDGE('',*,*,#3586,.F.);
#3726 = ADVANCED_FACE('',(#3727),#1237,.T.);
#3727 = FACE_BOUND('',#3728,.T.);
#3728 = EDGE_LOOP('',(#3729,#3752,#3753,#3754));
#3729 = ORIENTED_EDGE('',*,*,#3730,.F.);
#3730 = EDGE_CURVE('',#3633,#3731,#3733,.T.);
#3731 = VERTEX_POINT('',#3732);
#3732 = CARTESIAN_POINT('',(10.354551732839,-2.849999999949,1.5));
#3733 = SURFACE_CURVE('',#3734,(#3738,#3745),.PCURVE_S1.);
#3734 = LINE('',#3735,#3736);
#3735 = CARTESIAN_POINT('',(8.709103465678,4.030185907082E-16,1.5));
#3736 = VECTOR('',#3737,1.);
#3737 = DIRECTION('',(0.5,-0.866025403784,0.));
#3738 = PCURVE('',#1237,#3739);
#3739 = DEFINITIONAL_REPRESENTATION('',(#3740),#3744);
#3740 = LINE('',#3741,#3742);
#3741 = CARTESIAN_POINT('',(0.,0.));
#3742 = VECTOR('',#3743,1.);
#3743 = DIRECTION('',(1.,0.));
#3744 = ( GEOMETRIC_REPRESENTATION_CONTEXT(2) 
PARAMETRIC_REPRESENTATION_CONTEXT() REPRESENTATION_CONTEXT('2D SPACE',''
  ) );
#3745 = PCURVE('',#3574,#3746);
#3746 = DEFINITIONAL_REPRESENTATION('',(#3747),#3751);
#3747 = LINE('',#3748,#3749);
#3748 = CARTESIAN_POINT('',(-3.290896534322,4.480001740162E-16));
#3749 = VECTOR('',#3750,1.);
#3750 = DIRECTION('',(0.5,-0.866025403784));
#3751 = ( GEOMETRIC_REPRESENTATION_CONTEXT(2) 
PARAMETRIC_REPRESENTATION_CONTEXT() REPRESENTATION_CONTEXT('2D SPACE',''
  ) );
#3752 = ORIENTED_EDGE('',*,*,#3657,.T.);
#3753 = ORIENTED_EDGE('',*,*,#1222,.F.);
#3754 = ORIENTED_EDGE('',*,*,#3755,.F.);
#3755 = EDGE_CURVE('',#3731,#1197,#3756,.T.);
#3756 = SURFACE_CURVE('',#3757,(#3761,#3768),.PCURVE_S1.);
#3757 = LINE('',#3758,#3759);
#3758 = CARTESIAN_POINT('',(10.354551732839,-2.849999999949,1.5));
#3759 = VECTOR('',#3760,1.);
#3760 = DIRECTION('',(0.,0.,1.));
#3761 = PCURVE('',#1237,#3762);
#3762 = DEFINITIONAL_REPRESENTATION('',(#3763),#3767);
#3763 = LINE('',#3764,#3765);
#3764 = CARTESIAN_POINT('',(3.290896534322,0.));
#3765 = VECTOR('',#3766,1.);
#3766 = DIRECTION('',(0.,-1.));
#3767 = ( GEOMETRIC_REPRESENTATION_CONTEXT(2) 
PARAMETRIC_REPRESENTATION_CONTEXT() REPRESENTATION_CONTEXT('2D SPACE',''
  ) );
#3768 = PCURVE('',#1211,#3769);
#3769 = DEFINITIONAL_REPRESENTATION('',(#3770),#3774);
#3770 = LINE('',#3771,#3772);
#3771 = CARTESIAN_POINT('',(0.,0.));
#3772 = VECTOR('',#3773,1.);
#3773 = DIRECTION('',(0.,-1.));
#3774 = ( GEOMETRIC_REPRESENTATION_CONTEXT(2) 
PARAMETRIC_REPRESENTATION_CONTEXT() REPRESENTATION_CONTEXT('2D SPACE',''
  ) );
#3775 = ADVANCED_FACE('',(#3776),#1185,.T.);
#3776 = FACE_BOUND('',#3777,.T.);
#3777 = EDGE_LOOP('',(#3778,#3801,#3822,#3823));
#3778 = ORIENTED_EDGE('',*,*,#3779,.F.);
#3779 = EDGE_CURVE('',#3780,#3682,#3782,.T.);
#3780 = VERTEX_POINT('',#3781);
#3781 = CARTESIAN_POINT('',(13.645448267161,-2.849999999949,1.5));
#3782 = SURFACE_CURVE('',#3783,(#3787,#3794),.PCURVE_S1.);
#3783 = LINE('',#3784,#3785);
#3784 = CARTESIAN_POINT('',(13.645448267161,-2.849999999949,1.5));
#3785 = VECTOR('',#3786,1.);
#3786 = DIRECTION('',(0.5,0.866025403784,0.));
#3787 = PCURVE('',#1185,#3788);
#3788 = DEFINITIONAL_REPRESENTATION('',(#3789),#3793);
#3789 = LINE('',#3790,#3791);
#3790 = CARTESIAN_POINT('',(0.,0.));
#3791 = VECTOR('',#3792,1.);
#3792 = DIRECTION('',(1.,0.));
#3793 = ( GEOMETRIC_REPRESENTATION_CONTEXT(2) 
PARAMETRIC_REPRESENTATION_CONTEXT() REPRESENTATION_CONTEXT('2D SPACE',''
  ) );
#3794 = PCURVE('',#3574,#3795);
#3795 = DEFINITIONAL_REPRESENTATION('',(#3796),#3800);
#3796 = LINE('',#3797,#3798);
#3797 = CARTESIAN_POINT('',(1.645448267161,-2.849999999949));
#3798 = VECTOR('',#3799,1.);
#3799 = DIRECTION('',(0.5,0.866025403784));
#3800 = ( GEOMETRIC_REPRESENTATION_CONTEXT(2) 
PARAMETRIC_REPRESENTATION_CONTEXT() REPRESENTATION_CONTEXT('2D SPACE',''
  ) );
#3801 = ORIENTED_EDGE('',*,*,#3802,.T.);
#3802 = EDGE_CURVE('',#3780,#1171,#3803,.T.);
#3803 = SURFACE_CURVE('',#3804,(#3808,#3815),.PCURVE_S1.);
#3804 = LINE('',#3805,#3806);
#3805 = CARTESIAN_POINT('',(13.645448267161,-2.849999999949,1.5));
#3806 = VECTOR('',#3807,1.);
#3807 = DIRECTION('',(0.,0.,1.));
#3808 = PCURVE('',#1185,#3809);
#3809 = DEFINITIONAL_REPRESENTATION('',(#3810),#3814);
#3810 = LINE('',#3811,#3812);
#3811 = CARTESIAN_POINT('',(0.,0.));
#3812 = VECTOR('',#3813,1.);
#3813 = DIRECTION('',(0.,-1.));
#3814 = ( GEOMETRIC_REPRESENTATION_CONTEXT(2) 
PARAMETRIC_REPRESENTATION_CONTEXT() REPRESENTATION_CONTEXT('2D SPACE',''
  ) );
#3815 = PCURVE('',#1211,#3816);
#3816 = DEFINITIONAL_REPRESENTATION('',(#3817),#3821);
#3817 = LINE('',#3818,#3819);
#3818 = CARTESIAN_POINT('',(3.290896534322,0.));
#3819 = VECTOR('',#3820,1.);
#3820 = DIRECTION('',(0.,-1.));
#3821 = ( GEOMETRIC_REPRESENTATION_CONTEXT(2) 
PARAMETRIC_REPRESENTATION_CONTEXT() REPRESENTATION_CONTEXT('2D SPACE',''
  ) );
#3822 = ORIENTED_EDGE('',*,*,#1170,.F.);
#3823 = ORIENTED_EDGE('',*,*,#3704,.F.);
#3824 = ADVANCED_FACE('',(#3825),#1211,.T.);
#3825 = FACE_BOUND('',#3826,.T.);
#3826 = EDGE_LOOP('',(#3827,#3848,#3849,#3850));
#3827 = ORIENTED_EDGE('',*,*,#3828,.F.);
#3828 = EDGE_CURVE('',#3731,#3780,#3829,.T.);
#3829 = SURFACE_CURVE('',#3830,(#3834,#3841),.PCURVE_S1.);
#3830 = LINE('',#3831,#3832);
#3831 = CARTESIAN_POINT('',(10.354551732839,-2.849999999949,1.5));
#3832 = VECTOR('',#3833,1.);
#3833 = DIRECTION('',(1.,-6.747237496204E-16,0.));
#3834 = PCURVE('',#1211,#3835);
#3835 = DEFINITIONAL_REPRESENTATION('',(#3836),#3840);
#3836 = LINE('',#3837,#3838);
#3837 = CARTESIAN_POINT('',(0.,0.));
#3838 = VECTOR('',#3839,1.);
#3839 = DIRECTION('',(1.,0.));
#3840 = ( GEOMETRIC_REPRESENTATION_CONTEXT(2) 
PARAMETRIC_REPRESENTATION_CONTEXT() REPRESENTATION_CONTEXT('2D SPACE',''
  ) );
#3841 = PCURVE('',#3574,#3842);
#3842 = DEFINITIONAL_REPRESENTATION('',(#3843),#3847);
#3843 = LINE('',#3844,#3845);
#3844 = CARTESIAN_POINT('',(-1.645448267161,-2.849999999949));
#3845 = VECTOR('',#3846,1.);
#3846 = DIRECTION('',(1.,-6.747237496204E-16));
#3847 = ( GEOMETRIC_REPRESENTATION_CONTEXT(2) 
PARAMETRIC_REPRESENTATION_CONTEXT() REPRESENTATION_CONTEXT('2D SPACE',''
  ) );
#3848 = ORIENTED_EDGE('',*,*,#3755,.T.);
#3849 = ORIENTED_EDGE('',*,*,#1196,.F.);
#3850 = ORIENTED_EDGE('',*,*,#3802,.F.);
#3851 = ADVANCED_FACE('',(#3852),#1291,.T.);
#3852 = FACE_BOUND('',#3853,.T.);
#3853 = EDGE_LOOP('',(#3854,#3884,#3905,#3906));
#3854 = ORIENTED_EDGE('',*,*,#3855,.F.);
#3855 = EDGE_CURVE('',#3856,#3858,#3860,.T.);
#3856 = VERTEX_POINT('',#3857);
#3857 = CARTESIAN_POINT('',(2.396003617094,20.149999999925,5.45));
#3858 = VERTEX_POINT('',#3859);
#3859 = CARTESIAN_POINT('',(-2.396003617094,20.149999999925,5.45));
#3860 = SURFACE_CURVE('',#3861,(#3865,#3872),.PCURVE_S1.);
#3861 = LINE('',#3862,#3863);
#3862 = CARTESIAN_POINT('',(2.396003617094,20.149999999925,5.45));
#3863 = VECTOR('',#3864,1.);
#3864 = DIRECTION('',(-1.,1.853458011005E-16,0.));
#3865 = PCURVE('',#1291,#3866);
#3866 = DEFINITIONAL_REPRESENTATION('',(#3867),#3871);
#3867 = LINE('',#3868,#3869);
#3868 = CARTESIAN_POINT('',(0.,0.));
#3869 = VECTOR('',#3870,1.);
#3870 = DIRECTION('',(1.,0.));
#3871 = ( GEOMETRIC_REPRESENTATION_CONTEXT(2) 
PARAMETRIC_REPRESENTATION_CONTEXT() REPRESENTATION_CONTEXT('2D SPACE',''
  ) );
#3872 = PCURVE('',#3873,#3878);
#3873 = PLANE('',#3874);
#3874 = AXIS2_PLACEMENT_3D('',#3875,#3876,#3877);
#3875 = CARTESIAN_POINT('',(1.853458011005E-16,16.,5.45));
#3876 = DIRECTION('',(0.,0.,1.));
#3877 = DIRECTION('',(1.,0.,-0.));
#3878 = DEFINITIONAL_REPRESENTATION('',(#3879),#3883);
#3879 = LINE('',#3880,#3881);
#3880 = CARTESIAN_POINT('',(2.396003617094,4.149999999925));
#3881 = VECTOR('',#3882,1.);
#3882 = DIRECTION('',(-1.,1.853458011005E-16));
#3883 = ( GEOMETRIC_REPRESENTATION_CONTEXT(2) 
PARAMETRIC_REPRESENTATION_CONTEXT() REPRESENTATION_CONTEXT('2D SPACE',''
  ) );
#3884 = ORIENTED_EDGE('',*,*,#3885,.T.);
#3885 = EDGE_CURVE('',#3856,#1277,#3886,.T.);
#3886 = SURFACE_CURVE('',#3887,(#3891,#3898),.PCURVE_S1.);
#3887 = LINE('',#3888,#3889);
#3888 = CARTESIAN_POINT('',(2.396003617094,20.149999999925,5.45));
#3889 = VECTOR('',#3890,1.);
#3890 = DIRECTION('',(0.,0.,1.));
#3891 = PCURVE('',#1291,#3892);
#3892 = DEFINITIONAL_REPRESENTATION('',(#3893),#3897);
#3893 = LINE('',#3894,#3895);
#3894 = CARTESIAN_POINT('',(0.,0.));
#3895 = VECTOR('',#3896,1.);
#3896 = DIRECTION('',(0.,-1.));
#3897 = ( GEOMETRIC_REPRESENTATION_CONTEXT(2) 
PARAMETRIC_REPRESENTATION_CONTEXT() REPRESENTATION_CONTEXT('2D SPACE',''
  ) );
#3898 = PCURVE('',#1317,#3899);
#3899 = DEFINITIONAL_REPRESENTATION('',(#3900),#3904);
#3900 = LINE('',#3901,#3902);
#3901 = CARTESIAN_POINT('',(4.792007234188,0.));
#3902 = VECTOR('',#3903,1.);
#3903 = DIRECTION('',(0.,-1.));
#3904 = ( GEOMETRIC_REPRESENTATION_CONTEXT(2) 
PARAMETRIC_REPRESENTATION_CONTEXT() REPRESENTATION_CONTEXT('2D SPACE',''
  ) );
#3905 = ORIENTED_EDGE('',*,*,#1274,.F.);
#3906 = ORIENTED_EDGE('',*,*,#3907,.F.);
#3907 = EDGE_CURVE('',#3858,#1275,#3908,.T.);
#3908 = SURFACE_CURVE('',#3909,(#3913,#3920),.PCURVE_S1.);
#3909 = LINE('',#3910,#3911);
#3910 = CARTESIAN_POINT('',(-2.396003617094,20.149999999925,5.45));
#3911 = VECTOR('',#3912,1.);
#3912 = DIRECTION('',(0.,0.,1.));
#3913 = PCURVE('',#1291,#3914);
#3914 = DEFINITIONAL_REPRESENTATION('',(#3915),#3919);
#3915 = LINE('',#3916,#3917);
#3916 = CARTESIAN_POINT('',(4.792007234188,0.));
#3917 = VECTOR('',#3918,1.);
#3918 = DIRECTION('',(0.,-1.));
#3919 = ( GEOMETRIC_REPRESENTATION_CONTEXT(2) 
PARAMETRIC_REPRESENTATION_CONTEXT() REPRESENTATION_CONTEXT('2D SPACE',''
  ) );
#3920 = PCURVE('',#1419,#3921);
#3921 = DEFINITIONAL_REPRESENTATION('',(#3922),#3926);
#3922 = LINE('',#3923,#3924);
#3923 = CARTESIAN_POINT('',(0.,0.));
#3924 = VECTOR('',#3925,1.);
#3925 = DIRECTION('',(0.,-1.));
#3926 = ( GEOMETRIC_REPRESENTATION_CONTEXT(2) 
PARAMETRIC_REPRESENTATION_CONTEXT() REPRESENTATION_CONTEXT('2D SPACE',''
  ) );
#3927 = ADVANCED_FACE('',(#3928),#1419,.T.);
#3928 = FACE_BOUND('',#3929,.T.);
#3929 = EDGE_LOOP('',(#3930,#3953,#3954,#3955));
#3930 = ORIENTED_EDGE('',*,*,#3931,.F.);
#3931 = EDGE_CURVE('',#3858,#3932,#3934,.T.);
#3932 = VERTEX_POINT('',#3933);
#3933 = CARTESIAN_POINT('',(-4.792007234188,16.,5.45));
#3934 = SURFACE_CURVE('',#3935,(#3939,#3946),.PCURVE_S1.);
#3935 = LINE('',#3936,#3937);
#3936 = CARTESIAN_POINT('',(-2.396003617094,20.149999999925,5.45));
#3937 = VECTOR('',#3938,1.);
#3938 = DIRECTION('',(-0.5,-0.866025403784,0.));
#3939 = PCURVE('',#1419,#3940);
#3940 = DEFINITIONAL_REPRESENTATION('',(#3941),#3945);
#3941 = LINE('',#3942,#3943);
#3942 = CARTESIAN_POINT('',(0.,0.));
#3943 = VECTOR('',#3944,1.);
#3944 = DIRECTION('',(1.,0.));
#3945 = ( GEOMETRIC_REPRESENTATION_CONTEXT(2) 
PARAMETRIC_REPRESENTATION_CONTEXT() REPRESENTATION_CONTEXT('2D SPACE',''
  ) );
#3946 = PCURVE('',#3873,#3947);
#3947 = DEFINITIONAL_REPRESENTATION('',(#3948),#3952);
#3948 = LINE('',#3949,#3950);
#3949 = CARTESIAN_POINT('',(-2.396003617094,4.149999999925));
#3950 = VECTOR('',#3951,1.);
#3951 = DIRECTION('',(-0.5,-0.866025403784));
#3952 = ( GEOMETRIC_REPRESENTATION_CONTEXT(2) 
PARAMETRIC_REPRESENTATION_CONTEXT() REPRESENTATION_CONTEXT('2D SPACE',''
  ) );
#3953 = ORIENTED_EDGE('',*,*,#3907,.T.);
#3954 = ORIENTED_EDGE('',*,*,#1406,.F.);
#3955 = ORIENTED_EDGE('',*,*,#3956,.F.);
#3956 = EDGE_CURVE('',#3932,#1381,#3957,.T.);
#3957 = SURFACE_CURVE('',#3958,(#3962,#3969),.PCURVE_S1.);
#3958 = LINE('',#3959,#3960);
#3959 = CARTESIAN_POINT('',(-4.792007234188,16.,5.45));
#3960 = VECTOR('',#3961,1.);
#3961 = DIRECTION('',(0.,0.,1.));
#3962 = PCURVE('',#1419,#3963);
#3963 = DEFINITIONAL_REPRESENTATION('',(#3964),#3968);
#3964 = LINE('',#3965,#3966);
#3965 = CARTESIAN_POINT('',(4.792007234188,0.));
#3966 = VECTOR('',#3967,1.);
#3967 = DIRECTION('',(0.,-1.));
#3968 = ( GEOMETRIC_REPRESENTATION_CONTEXT(2) 
PARAMETRIC_REPRESENTATION_CONTEXT() REPRESENTATION_CONTEXT('2D SPACE',''
  ) );
#3969 = PCURVE('',#1395,#3970);
#3970 = DEFINITIONAL_REPRESENTATION('',(#3971),#3975);
#3971 = LINE('',#3972,#3973);
#3972 = CARTESIAN_POINT('',(0.,0.));
#3973 = VECTOR('',#3974,1.);
#3974 = DIRECTION('',(0.,-1.));
#3975 = ( GEOMETRIC_REPRESENTATION_CONTEXT(2) 
PARAMETRIC_REPRESENTATION_CONTEXT() REPRESENTATION_CONTEXT('2D SPACE',''
  ) );
#3976 = ADVANCED_FACE('',(#3977),#1317,.T.);
#3977 = FACE_BOUND('',#3978,.T.);
#3978 = EDGE_LOOP('',(#3979,#4002,#4023,#4024));
#3979 = ORIENTED_EDGE('',*,*,#3980,.F.);
#3980 = EDGE_CURVE('',#3981,#3856,#3983,.T.);
#3981 = VERTEX_POINT('',#3982);
#3982 = CARTESIAN_POINT('',(4.792007234188,16.,5.45));
#3983 = SURFACE_CURVE('',#3984,(#3988,#3995),.PCURVE_S1.);
#3984 = LINE('',#3985,#3986);
#3985 = CARTESIAN_POINT('',(4.792007234188,16.,5.45));
#3986 = VECTOR('',#3987,1.);
#3987 = DIRECTION('',(-0.5,0.866025403784,0.));
#3988 = PCURVE('',#1317,#3989);
#3989 = DEFINITIONAL_REPRESENTATION('',(#3990),#3994);
#3990 = LINE('',#3991,#3992);
#3991 = CARTESIAN_POINT('',(0.,0.));
#3992 = VECTOR('',#3993,1.);
#3993 = DIRECTION('',(1.,0.));
#3994 = ( GEOMETRIC_REPRESENTATION_CONTEXT(2) 
PARAMETRIC_REPRESENTATION_CONTEXT() REPRESENTATION_CONTEXT('2D SPACE',''
  ) );
#3995 = PCURVE('',#3873,#3996);
#3996 = DEFINITIONAL_REPRESENTATION('',(#3997),#4001);
#3997 = LINE('',#3998,#3999);
#3998 = CARTESIAN_POINT('',(4.792007234188,0.));
#3999 = VECTOR('',#4000,1.);
#4000 = DIRECTION('',(-0.5,0.866025403784));
#4001 = ( GEOMETRIC_REPRESENTATION_CONTEXT(2) 
PARAMETRIC_REPRESENTATION_CONTEXT() REPRESENTATION_CONTEXT('2D SPACE',''
  ) );
#4002 = ORIENTED_EDGE('',*,*,#4003,.T.);
#4003 = EDGE_CURVE('',#3981,#1303,#4004,.T.);
#4004 = SURFACE_CURVE('',#4005,(#4009,#4016),.PCURVE_S1.);
#4005 = LINE('',#4006,#4007);
#4006 = CARTESIAN_POINT('',(4.792007234188,16.,5.45));
#4007 = VECTOR('',#4008,1.);
#4008 = DIRECTION('',(0.,0.,1.));
#4009 = PCURVE('',#1317,#4010);
#4010 = DEFINITIONAL_REPRESENTATION('',(#4011),#4015);
#4011 = LINE('',#4012,#4013);
#4012 = CARTESIAN_POINT('',(0.,0.));
#4013 = VECTOR('',#4014,1.);
#4014 = DIRECTION('',(0.,-1.));
#4015 = ( GEOMETRIC_REPRESENTATION_CONTEXT(2) 
PARAMETRIC_REPRESENTATION_CONTEXT() REPRESENTATION_CONTEXT('2D SPACE',''
  ) );
#4016 = PCURVE('',#1343,#4017);
#4017 = DEFINITIONAL_REPRESENTATION('',(#4018),#4022);
#4018 = LINE('',#4019,#4020);
#4019 = CARTESIAN_POINT('',(4.792007234188,0.));
#4020 = VECTOR('',#4021,1.);
#4021 = DIRECTION('',(0.,-1.));
#4022 = ( GEOMETRIC_REPRESENTATION_CONTEXT(2) 
PARAMETRIC_REPRESENTATION_CONTEXT() REPRESENTATION_CONTEXT('2D SPACE',''
  ) );
#4023 = ORIENTED_EDGE('',*,*,#1302,.F.);
#4024 = ORIENTED_EDGE('',*,*,#3885,.F.);
#4025 = ADVANCED_FACE('',(#4026),#1395,.T.);
#4026 = FACE_BOUND('',#4027,.T.);
#4027 = EDGE_LOOP('',(#4028,#4051,#4052,#4053));
#4028 = ORIENTED_EDGE('',*,*,#4029,.F.);
#4029 = EDGE_CURVE('',#3932,#4030,#4032,.T.);
#4030 = VERTEX_POINT('',#4031);
#4031 = CARTESIAN_POINT('',(-2.396003617094,11.850000000075,5.45));
#4032 = SURFACE_CURVE('',#4033,(#4037,#4044),.PCURVE_S1.);
#4033 = LINE('',#4034,#4035);
#4034 = CARTESIAN_POINT('',(-4.792007234188,16.,5.45));
#4035 = VECTOR('',#4036,1.);
#4036 = DIRECTION('',(0.5,-0.866025403784,0.));
#4037 = PCURVE('',#1395,#4038);
#4038 = DEFINITIONAL_REPRESENTATION('',(#4039),#4043);
#4039 = LINE('',#4040,#4041);
#4040 = CARTESIAN_POINT('',(0.,0.));
#4041 = VECTOR('',#4042,1.);
#4042 = DIRECTION('',(1.,0.));
#4043 = ( GEOMETRIC_REPRESENTATION_CONTEXT(2) 
PARAMETRIC_REPRESENTATION_CONTEXT() REPRESENTATION_CONTEXT('2D SPACE',''
  ) );
#4044 = PCURVE('',#3873,#4045);
#4045 = DEFINITIONAL_REPRESENTATION('',(#4046),#4050);
#4046 = LINE('',#4047,#4048);
#4047 = CARTESIAN_POINT('',(-4.792007234188,0.));
#4048 = VECTOR('',#4049,1.);
#4049 = DIRECTION('',(0.5,-0.866025403784));
#4050 = ( GEOMETRIC_REPRESENTATION_CONTEXT(2) 
PARAMETRIC_REPRESENTATION_CONTEXT() REPRESENTATION_CONTEXT('2D SPACE',''
  ) );
#4051 = ORIENTED_EDGE('',*,*,#3956,.T.);
#4052 = ORIENTED_EDGE('',*,*,#1380,.F.);
#4053 = ORIENTED_EDGE('',*,*,#4054,.F.);
#4054 = EDGE_CURVE('',#4030,#1355,#4055,.T.);
#4055 = SURFACE_CURVE('',#4056,(#4060,#4067),.PCURVE_S1.);
#4056 = LINE('',#4057,#4058);
#4057 = CARTESIAN_POINT('',(-2.396003617094,11.850000000075,5.45));
#4058 = VECTOR('',#4059,1.);
#4059 = DIRECTION('',(0.,0.,1.));
#4060 = PCURVE('',#1395,#4061);
#4061 = DEFINITIONAL_REPRESENTATION('',(#4062),#4066);
#4062 = LINE('',#4063,#4064);
#4063 = CARTESIAN_POINT('',(4.792007234188,0.));
#4064 = VECTOR('',#4065,1.);
#4065 = DIRECTION('',(0.,-1.));
#4066 = ( GEOMETRIC_REPRESENTATION_CONTEXT(2) 
PARAMETRIC_REPRESENTATION_CONTEXT() REPRESENTATION_CONTEXT('2D SPACE',''
  ) );
#4067 = PCURVE('',#1369,#4068);
#4068 = DEFINITIONAL_REPRESENTATION('',(#4069),#4073);
#4069 = LINE('',#4070,#4071);
#4070 = CARTESIAN_POINT('',(0.,0.));
#4071 = VECTOR('',#4072,1.);
#4072 = DIRECTION('',(0.,-1.));
#4073 = ( GEOMETRIC_REPRESENTATION_CONTEXT(2) 
PARAMETRIC_REPRESENTATION_CONTEXT() REPRESENTATION_CONTEXT('2D SPACE',''
  ) );
#4074 = ADVANCED_FACE('',(#4075),#1343,.T.);
#4075 = FACE_BOUND('',#4076,.T.);
#4076 = EDGE_LOOP('',(#4077,#4100,#4121,#4122));
#4077 = ORIENTED_EDGE('',*,*,#4078,.F.);
#4078 = EDGE_CURVE('',#4079,#3981,#4081,.T.);
#4079 = VERTEX_POINT('',#4080);
#4080 = CARTESIAN_POINT('',(2.396003617094,11.850000000075,5.45));
#4081 = SURFACE_CURVE('',#4082,(#4086,#4093),.PCURVE_S1.);
#4082 = LINE('',#4083,#4084);
#4083 = CARTESIAN_POINT('',(2.396003617094,11.850000000075,5.45));
#4084 = VECTOR('',#4085,1.);
#4085 = DIRECTION('',(0.5,0.866025403784,0.));
#4086 = PCURVE('',#1343,#4087);
#4087 = DEFINITIONAL_REPRESENTATION('',(#4088),#4092);
#4088 = LINE('',#4089,#4090);
#4089 = CARTESIAN_POINT('',(0.,0.));
#4090 = VECTOR('',#4091,1.);
#4091 = DIRECTION('',(1.,0.));
#4092 = ( GEOMETRIC_REPRESENTATION_CONTEXT(2) 
PARAMETRIC_REPRESENTATION_CONTEXT() REPRESENTATION_CONTEXT('2D SPACE',''
  ) );
#4093 = PCURVE('',#3873,#4094);
#4094 = DEFINITIONAL_REPRESENTATION('',(#4095),#4099);
#4095 = LINE('',#4096,#4097);
#4096 = CARTESIAN_POINT('',(2.396003617094,-4.149999999925));
#4097 = VECTOR('',#4098,1.);
#4098 = DIRECTION('',(0.5,0.866025403784));
#4099 = ( GEOMETRIC_REPRESENTATION_CONTEXT(2) 
PARAMETRIC_REPRESENTATION_CONTEXT() REPRESENTATION_CONTEXT('2D SPACE',''
  ) );
#4100 = ORIENTED_EDGE('',*,*,#4101,.T.);
#4101 = EDGE_CURVE('',#4079,#1329,#4102,.T.);
#4102 = SURFACE_CURVE('',#4103,(#4107,#4114),.PCURVE_S1.);
#4103 = LINE('',#4104,#4105);
#4104 = CARTESIAN_POINT('',(2.396003617094,11.850000000075,5.45));
#4105 = VECTOR('',#4106,1.);
#4106 = DIRECTION('',(0.,0.,1.));
#4107 = PCURVE('',#1343,#4108);
#4108 = DEFINITIONAL_REPRESENTATION('',(#4109),#4113);
#4109 = LINE('',#4110,#4111);
#4110 = CARTESIAN_POINT('',(0.,0.));
#4111 = VECTOR('',#4112,1.);
#4112 = DIRECTION('',(0.,-1.));
#4113 = ( GEOMETRIC_REPRESENTATION_CONTEXT(2) 
PARAMETRIC_REPRESENTATION_CONTEXT() REPRESENTATION_CONTEXT('2D SPACE',''
  ) );
#4114 = PCURVE('',#1369,#4115);
#4115 = DEFINITIONAL_REPRESENTATION('',(#4116),#4120);
#4116 = LINE('',#4117,#4118);
#4117 = CARTESIAN_POINT('',(4.792007234188,0.));
#4118 = VECTOR('',#4119,1.);
#4119 = DIRECTION('',(0.,-1.));
#4120 = ( GEOMETRIC_REPRESENTATION_CONTEXT(2) 
PARAMETRIC_REPRESENTATION_CONTEXT() REPRESENTATION_CONTEXT('2D SPACE',''
  ) );
#4121 = ORIENTED_EDGE('',*,*,#1328,.F.);
#4122 = ORIENTED_EDGE('',*,*,#4003,.F.);
#4123 = ADVANCED_FACE('',(#4124),#1369,.T.);
#4124 = FACE_BOUND('',#4125,.T.);
#4125 = EDGE_LOOP('',(#4126,#4147,#4148,#4149));
#4126 = ORIENTED_EDGE('',*,*,#4127,.F.);
#4127 = EDGE_CURVE('',#4030,#4079,#4128,.T.);
#4128 = SURFACE_CURVE('',#4129,(#4133,#4140),.PCURVE_S1.);
#4129 = LINE('',#4130,#4131);
#4130 = CARTESIAN_POINT('',(-2.396003617094,11.850000000075,5.45));
#4131 = VECTOR('',#4132,1.);
#4132 = DIRECTION('',(1.,-7.413832044022E-16,0.));
#4133 = PCURVE('',#1369,#4134);
#4134 = DEFINITIONAL_REPRESENTATION('',(#4135),#4139);
#4135 = LINE('',#4136,#4137);
#4136 = CARTESIAN_POINT('',(0.,0.));
#4137 = VECTOR('',#4138,1.);
#4138 = DIRECTION('',(1.,0.));
#4139 = ( GEOMETRIC_REPRESENTATION_CONTEXT(2) 
PARAMETRIC_REPRESENTATION_CONTEXT() REPRESENTATION_CONTEXT('2D SPACE',''
  ) );
#4140 = PCURVE('',#3873,#4141);
#4141 = DEFINITIONAL_REPRESENTATION('',(#4142),#4146);
#4142 = LINE('',#4143,#4144);
#4143 = CARTESIAN_POINT('',(-2.396003617094,-4.149999999925));
#4144 = VECTOR('',#4145,1.);
#4145 = DIRECTION('',(1.,-7.413832044022E-16));
#4146 = ( GEOMETRIC_REPRESENTATION_CONTEXT(2) 
PARAMETRIC_REPRESENTATION_CONTEXT() REPRESENTATION_CONTEXT('2D SPACE',''
  ) );
#4147 = ORIENTED_EDGE('',*,*,#4054,.T.);
#4148 = ORIENTED_EDGE('',*,*,#1354,.F.);
#4149 = ORIENTED_EDGE('',*,*,#4101,.F.);
#4150 = ADVANCED_FACE('',(#4151),#1453,.F.);
#4151 = FACE_BOUND('',#4152,.F.);
#4152 = EDGE_LOOP('',(#4153,#4154,#4175,#4176));
#4153 = ORIENTED_EDGE('',*,*,#2368,.F.);
#4154 = ORIENTED_EDGE('',*,*,#4155,.F.);
#4155 = EDGE_CURVE('',#1433,#2369,#4156,.T.);
#4156 = SEAM_CURVE('',#4157,(#4161,#4168),.PCURVE_S1.);
#4157 = LINE('',#4158,#4159);
#4158 = CARTESIAN_POINT('',(19.35,17.,9.5));
#4159 = VECTOR('',#4160,1.);
#4160 = DIRECTION('',(0.,0.,-1.));
#4161 = PCURVE('',#1453,#4162);
#4162 = DEFINITIONAL_REPRESENTATION('',(#4163),#4167);
#4163 = LINE('',#4164,#4165);
#4164 = CARTESIAN_POINT('',(6.28318530718,-0.));
#4165 = VECTOR('',#4166,1.);
#4166 = DIRECTION('',(0.,1.));
#4167 = ( GEOMETRIC_REPRESENTATION_CONTEXT(2) 
PARAMETRIC_REPRESENTATION_CONTEXT() REPRESENTATION_CONTEXT('2D SPACE',''
  ) );
#4168 = PCURVE('',#1453,#4169);
#4169 = DEFINITIONAL_REPRESENTATION('',(#4170),#4174);
#4170 = LINE('',#4171,#4172);
#4171 = CARTESIAN_POINT('',(0.,-0.));
#4172 = VECTOR('',#4173,1.);
#4173 = DIRECTION('',(0.,1.));
#4174 = ( GEOMETRIC_REPRESENTATION_CONTEXT(2) 
PARAMETRIC_REPRESENTATION_CONTEXT() REPRESENTATION_CONTEXT('2D SPACE',''
  ) );
#4175 = ORIENTED_EDGE('',*,*,#1432,.T.);
#4176 = ORIENTED_EDGE('',*,*,#4155,.T.);
#4177 = ADVANCED_FACE('',(#4178),#1809,.T.);
#4178 = FACE_BOUND('',#4179,.T.);
#4179 = EDGE_LOOP('',(#4180,#4203,#4204,#4227));
#4180 = ORIENTED_EDGE('',*,*,#4181,.F.);
#4181 = EDGE_CURVE('',#1792,#4182,#4184,.T.);
#4182 = VERTEX_POINT('',#4183);
#4183 = CARTESIAN_POINT('',(-6.125,-22.125,3.05));
#4184 = SURFACE_CURVE('',#4185,(#4189,#4196),.PCURVE_S1.);
#4185 = LINE('',#4186,#4187);
#4186 = CARTESIAN_POINT('',(-6.125,-22.125,0.));
#4187 = VECTOR('',#4188,1.);
#4188 = DIRECTION('',(0.,0.,1.));
#4189 = PCURVE('',#1809,#4190);
#4190 = DEFINITIONAL_REPRESENTATION('',(#4191),#4195);
#4191 = LINE('',#4192,#4193);
#4192 = CARTESIAN_POINT('',(0.,0.));
#4193 = VECTOR('',#4194,1.);
#4194 = DIRECTION('',(1.,0.));
#4195 = ( GEOMETRIC_REPRESENTATION_CONTEXT(2) 
PARAMETRIC_REPRESENTATION_CONTEXT() REPRESENTATION_CONTEXT('2D SPACE',''
  ) );
#4196 = PCURVE('',#1891,#4197);
#4197 = DEFINITIONAL_REPRESENTATION('',(#4198),#4202);
#4198 = LINE('',#4199,#4200);
#4199 = CARTESIAN_POINT('',(0.,0.));
#4200 = VECTOR('',#4201,1.);
#4201 = DIRECTION('',(1.,0.));
#4202 = ( GEOMETRIC_REPRESENTATION_CONTEXT(2) 
PARAMETRIC_REPRESENTATION_CONTEXT() REPRESENTATION_CONTEXT('2D SPACE',''
  ) );
#4203 = ORIENTED_EDGE('',*,*,#1791,.T.);
#4204 = ORIENTED_EDGE('',*,*,#4205,.T.);
#4205 = EDGE_CURVE('',#1794,#4206,#4208,.T.);
#4206 = VERTEX_POINT('',#4207);
#4207 = CARTESIAN_POINT('',(-6.125,-9.875,3.05));
#4208 = SURFACE_CURVE('',#4209,(#4213,#4220),.PCURVE_S1.);
#4209 = LINE('',#4210,#4211);
#4210 = CARTESIAN_POINT('',(-6.125,-9.875,0.));
#4211 = VECTOR('',#4212,1.);
#4212 = DIRECTION('',(0.,0.,1.));
#4213 = PCURVE('',#1809,#4214);
#4214 = DEFINITIONAL_REPRESENTATION('',(#4215),#4219);
#4215 = LINE('',#4216,#4217);
#4216 = CARTESIAN_POINT('',(0.,-12.25));
#4217 = VECTOR('',#4218,1.);
#4218 = DIRECTION('',(1.,0.));
#4219 = ( GEOMETRIC_REPRESENTATION_CONTEXT(2) 
PARAMETRIC_REPRESENTATION_CONTEXT() REPRESENTATION_CONTEXT('2D SPACE',''
  ) );
#4220 = PCURVE('',#1837,#4221);
#4221 = DEFINITIONAL_REPRESENTATION('',(#4222),#4226);
#4222 = LINE('',#4223,#4224);
#4223 = CARTESIAN_POINT('',(0.,0.));
#4224 = VECTOR('',#4225,1.);
#4225 = DIRECTION('',(1.,0.));
#4226 = ( GEOMETRIC_REPRESENTATION_CONTEXT(2) 
PARAMETRIC_REPRESENTATION_CONTEXT() REPRESENTATION_CONTEXT('2D SPACE',''
  ) );
#4227 = ORIENTED_EDGE('',*,*,#4228,.F.);
#4228 = EDGE_CURVE('',#4182,#4206,#4229,.T.);
#4229 = SURFACE_CURVE('',#4230,(#4234,#4241),.PCURVE_S1.);
#4230 = LINE('',#4231,#4232);
#4231 = CARTESIAN_POINT('',(-6.125,-22.125,3.05));
#4232 = VECTOR('',#4233,1.);
#4233 = DIRECTION('',(0.,1.,0.));
#4234 = PCURVE('',#1809,#4235);
#4235 = DEFINITIONAL_REPRESENTATION('',(#4236),#4240);
#4236 = LINE('',#4237,#4238);
#4237 = CARTESIAN_POINT('',(3.05,0.));
#4238 = VECTOR('',#4239,1.);
#4239 = DIRECTION('',(0.,-1.));
#4240 = ( GEOMETRIC_REPRESENTATION_CONTEXT(2) 
PARAMETRIC_REPRESENTATION_CONTEXT() REPRESENTATION_CONTEXT('2D SPACE',''
  ) );
#4241 = PCURVE('',#4242,#4247);
#4242 = PLANE('',#4243);
#4243 = AXIS2_PLACEMENT_3D('',#4244,#4245,#4246);
#4244 = CARTESIAN_POINT('',(-6.125,-22.125,3.05));
#4245 = DIRECTION('',(0.,0.,1.));
#4246 = DIRECTION('',(1.,0.,0.));
#4247 = DEFINITIONAL_REPRESENTATION('',(#4248),#4252);
#4248 = LINE('',#4249,#4250);
#4249 = CARTESIAN_POINT('',(0.,0.));
#4250 = VECTOR('',#4251,1.);
#4251 = DIRECTION('',(0.,1.));
#4252 = ( GEOMETRIC_REPRESENTATION_CONTEXT(2) 
PARAMETRIC_REPRESENTATION_CONTEXT() REPRESENTATION_CONTEXT('2D SPACE',''
  ) );
#4253 = ADVANCED_FACE('',(#4254),#1837,.F.);
#4254 = FACE_BOUND('',#4255,.F.);
#4255 = EDGE_LOOP('',(#4256,#4257,#4258,#4281));
#4256 = ORIENTED_EDGE('',*,*,#1821,.F.);
#4257 = ORIENTED_EDGE('',*,*,#4205,.T.);
#4258 = ORIENTED_EDGE('',*,*,#4259,.T.);
#4259 = EDGE_CURVE('',#4206,#4260,#4262,.T.);
#4260 = VERTEX_POINT('',#4261);
#4261 = CARTESIAN_POINT('',(6.125,-9.875,3.05));
#4262 = SURFACE_CURVE('',#4263,(#4267,#4274),.PCURVE_S1.);
#4263 = LINE('',#4264,#4265);
#4264 = CARTESIAN_POINT('',(-6.125,-9.875,3.05));
#4265 = VECTOR('',#4266,1.);
#4266 = DIRECTION('',(1.,0.,0.));
#4267 = PCURVE('',#1837,#4268);
#4268 = DEFINITIONAL_REPRESENTATION('',(#4269),#4273);
#4269 = LINE('',#4270,#4271);
#4270 = CARTESIAN_POINT('',(3.05,0.));
#4271 = VECTOR('',#4272,1.);
#4272 = DIRECTION('',(0.,1.));
#4273 = ( GEOMETRIC_REPRESENTATION_CONTEXT(2) 
PARAMETRIC_REPRESENTATION_CONTEXT() REPRESENTATION_CONTEXT('2D SPACE',''
  ) );
#4274 = PCURVE('',#4242,#4275);
#4275 = DEFINITIONAL_REPRESENTATION('',(#4276),#4280);
#4276 = LINE('',#4277,#4278);
#4277 = CARTESIAN_POINT('',(0.,12.25));
#4278 = VECTOR('',#4279,1.);
#4279 = DIRECTION('',(1.,0.));
#4280 = ( GEOMETRIC_REPRESENTATION_CONTEXT(2) 
PARAMETRIC_REPRESENTATION_CONTEXT() REPRESENTATION_CONTEXT('2D SPACE',''
  ) );
#4281 = ORIENTED_EDGE('',*,*,#4282,.F.);
#4282 = EDGE_CURVE('',#1822,#4260,#4283,.T.);
#4283 = SURFACE_CURVE('',#4284,(#4288,#4295),.PCURVE_S1.);
#4284 = LINE('',#4285,#4286);
#4285 = CARTESIAN_POINT('',(6.125,-9.875,0.));
#4286 = VECTOR('',#4287,1.);
#4287 = DIRECTION('',(0.,0.,1.));
#4288 = PCURVE('',#1837,#4289);
#4289 = DEFINITIONAL_REPRESENTATION('',(#4290),#4294);
#4290 = LINE('',#4291,#4292);
#4291 = CARTESIAN_POINT('',(0.,12.25));
#4292 = VECTOR('',#4293,1.);
#4293 = DIRECTION('',(1.,0.));
#4294 = ( GEOMETRIC_REPRESENTATION_CONTEXT(2) 
PARAMETRIC_REPRESENTATION_CONTEXT() REPRESENTATION_CONTEXT('2D SPACE',''
  ) );
#4295 = PCURVE('',#1865,#4296);
#4296 = DEFINITIONAL_REPRESENTATION('',(#4297),#4301);
#4297 = LINE('',#4298,#4299);
#4298 = CARTESIAN_POINT('',(0.,-12.25));
#4299 = VECTOR('',#4300,1.);
#4300 = DIRECTION('',(1.,0.));
#4301 = ( GEOMETRIC_REPRESENTATION_CONTEXT(2) 
PARAMETRIC_REPRESENTATION_CONTEXT() REPRESENTATION_CONTEXT('2D SPACE',''
  ) );
#4302 = ADVANCED_FACE('',(#4303),#1891,.T.);
#4303 = FACE_BOUND('',#4304,.T.);
#4304 = EDGE_LOOP('',(#4305,#4306,#4307,#4330));
#4305 = ORIENTED_EDGE('',*,*,#1877,.F.);
#4306 = ORIENTED_EDGE('',*,*,#4181,.T.);
#4307 = ORIENTED_EDGE('',*,*,#4308,.T.);
#4308 = EDGE_CURVE('',#4182,#4309,#4311,.T.);
#4309 = VERTEX_POINT('',#4310);
#4310 = CARTESIAN_POINT('',(6.125,-22.125,3.05));
#4311 = SURFACE_CURVE('',#4312,(#4316,#4323),.PCURVE_S1.);
#4312 = LINE('',#4313,#4314);
#4313 = CARTESIAN_POINT('',(-6.125,-22.125,3.05));
#4314 = VECTOR('',#4315,1.);
#4315 = DIRECTION('',(1.,0.,0.));
#4316 = PCURVE('',#1891,#4317);
#4317 = DEFINITIONAL_REPRESENTATION('',(#4318),#4322);
#4318 = LINE('',#4319,#4320);
#4319 = CARTESIAN_POINT('',(3.05,0.));
#4320 = VECTOR('',#4321,1.);
#4321 = DIRECTION('',(0.,1.));
#4322 = ( GEOMETRIC_REPRESENTATION_CONTEXT(2) 
PARAMETRIC_REPRESENTATION_CONTEXT() REPRESENTATION_CONTEXT('2D SPACE',''
  ) );
#4323 = PCURVE('',#4242,#4324);
#4324 = DEFINITIONAL_REPRESENTATION('',(#4325),#4329);
#4325 = LINE('',#4326,#4327);
#4326 = CARTESIAN_POINT('',(0.,0.));
#4327 = VECTOR('',#4328,1.);
#4328 = DIRECTION('',(1.,0.));
#4329 = ( GEOMETRIC_REPRESENTATION_CONTEXT(2) 
PARAMETRIC_REPRESENTATION_CONTEXT() REPRESENTATION_CONTEXT('2D SPACE',''
  ) );
#4330 = ORIENTED_EDGE('',*,*,#4331,.F.);
#4331 = EDGE_CURVE('',#1850,#4309,#4332,.T.);
#4332 = SURFACE_CURVE('',#4333,(#4337,#4344),.PCURVE_S1.);
#4333 = LINE('',#4334,#4335);
#4334 = CARTESIAN_POINT('',(6.125,-22.125,0.));
#4335 = VECTOR('',#4336,1.);
#4336 = DIRECTION('',(0.,0.,1.));
#4337 = PCURVE('',#1891,#4338);
#4338 = DEFINITIONAL_REPRESENTATION('',(#4339),#4343);
#4339 = LINE('',#4340,#4341);
#4340 = CARTESIAN_POINT('',(0.,12.25));
#4341 = VECTOR('',#4342,1.);
#4342 = DIRECTION('',(1.,0.));
#4343 = ( GEOMETRIC_REPRESENTATION_CONTEXT(2) 
PARAMETRIC_REPRESENTATION_CONTEXT() REPRESENTATION_CONTEXT('2D SPACE',''
  ) );
#4344 = PCURVE('',#1865,#4345);
#4345 = DEFINITIONAL_REPRESENTATION('',(#4346),#4350);
#4346 = LINE('',#4347,#4348);
#4347 = CARTESIAN_POINT('',(0.,0.));
#4348 = VECTOR('',#4349,1.);
#4349 = DIRECTION('',(1.,0.));
#4350 = ( GEOMETRIC_REPRESENTATION_CONTEXT(2) 
PARAMETRIC_REPRESENTATION_CONTEXT() REPRESENTATION_CONTEXT('2D SPACE',''
  ) );
#4351 = ADVANCED_FACE('',(#4352),#1865,.F.);
#4352 = FACE_BOUND('',#4353,.F.);
#4353 = EDGE_LOOP('',(#4354,#4355,#4356,#4357));
#4354 = ORIENTED_EDGE('',*,*,#4331,.F.);
#4355 = ORIENTED_EDGE('',*,*,#1849,.T.);
#4356 = ORIENTED_EDGE('',*,*,#4282,.T.);
#4357 = ORIENTED_EDGE('',*,*,#4358,.F.);
#4358 = EDGE_CURVE('',#4309,#4260,#4359,.T.);
#4359 = SURFACE_CURVE('',#4360,(#4364,#4371),.PCURVE_S1.);
#4360 = LINE('',#4361,#4362);
#4361 = CARTESIAN_POINT('',(6.125,-22.125,3.05));
#4362 = VECTOR('',#4363,1.);
#4363 = DIRECTION('',(0.,1.,0.));
#4364 = PCURVE('',#1865,#4365);
#4365 = DEFINITIONAL_REPRESENTATION('',(#4366),#4370);
#4366 = LINE('',#4367,#4368);
#4367 = CARTESIAN_POINT('',(3.05,0.));
#4368 = VECTOR('',#4369,1.);
#4369 = DIRECTION('',(0.,-1.));
#4370 = ( GEOMETRIC_REPRESENTATION_CONTEXT(2) 
PARAMETRIC_REPRESENTATION_CONTEXT() REPRESENTATION_CONTEXT('2D SPACE',''
  ) );
#4371 = PCURVE('',#4242,#4372);
#4372 = DEFINITIONAL_REPRESENTATION('',(#4373),#4377);
#4373 = LINE('',#4374,#4375);
#4374 = CARTESIAN_POINT('',(12.25,0.));
#4375 = VECTOR('',#4376,1.);
#4376 = DIRECTION('',(0.,1.));
#4377 = ( GEOMETRIC_REPRESENTATION_CONTEXT(2) 
PARAMETRIC_REPRESENTATION_CONTEXT() REPRESENTATION_CONTEXT('2D SPACE',''
  ) );
#4378 = ADVANCED_FACE('',(#4379),#1952,.T.);
#4379 = FACE_BOUND('',#4380,.T.);
#4380 = EDGE_LOOP('',(#4381,#4404,#4405,#4428));
#4381 = ORIENTED_EDGE('',*,*,#4382,.F.);
#4382 = EDGE_CURVE('',#1936,#4383,#4385,.T.);
#4383 = VERTEX_POINT('',#4384);
#4384 = CARTESIAN_POINT('',(-24.875,-11.125,1.));
#4385 = SURFACE_CURVE('',#4386,(#4390,#4397),.PCURVE_S1.);
#4386 = LINE('',#4387,#4388);
#4387 = CARTESIAN_POINT('',(-24.875,-11.125,-5.E-02));
#4388 = VECTOR('',#4389,1.);
#4389 = DIRECTION('',(0.,0.,1.));
#4390 = PCURVE('',#1952,#4391);
#4391 = DEFINITIONAL_REPRESENTATION('',(#4392),#4396);
#4392 = LINE('',#4393,#4394);
#4393 = CARTESIAN_POINT('',(0.,10.25));
#4394 = VECTOR('',#4395,1.);
#4395 = DIRECTION('',(1.,0.));
#4396 = ( GEOMETRIC_REPRESENTATION_CONTEXT(2) 
PARAMETRIC_REPRESENTATION_CONTEXT() REPRESENTATION_CONTEXT('2D SPACE',''
  ) );
#4397 = PCURVE('',#2028,#4398);
#4398 = DEFINITIONAL_REPRESENTATION('',(#4399),#4403);
#4399 = LINE('',#4400,#4401);
#4400 = CARTESIAN_POINT('',(0.,0.));
#4401 = VECTOR('',#4402,1.);
#4402 = DIRECTION('',(1.,0.));
#4403 = ( GEOMETRIC_REPRESENTATION_CONTEXT(2) 
PARAMETRIC_REPRESENTATION_CONTEXT() REPRESENTATION_CONTEXT('2D SPACE',''
  ) );
#4404 = ORIENTED_EDGE('',*,*,#1935,.T.);
#4405 = ORIENTED_EDGE('',*,*,#4406,.T.);
#4406 = EDGE_CURVE('',#1938,#4407,#4409,.T.);
#4407 = VERTEX_POINT('',#4408);
#4408 = CARTESIAN_POINT('',(-35.125,-11.125,1.));
#4409 = SURFACE_CURVE('',#4410,(#4414,#4421),.PCURVE_S1.);
#4410 = LINE('',#4411,#4412);
#4411 = CARTESIAN_POINT('',(-35.125,-11.125,-5.E-02));
#4412 = VECTOR('',#4413,1.);
#4413 = DIRECTION('',(0.,0.,1.));
#4414 = PCURVE('',#1952,#4415);
#4415 = DEFINITIONAL_REPRESENTATION('',(#4416),#4420);
#4416 = LINE('',#4417,#4418);
#4417 = CARTESIAN_POINT('',(0.,0.));
#4418 = VECTOR('',#4419,1.);
#4419 = DIRECTION('',(1.,0.));
#4420 = ( GEOMETRIC_REPRESENTATION_CONTEXT(2) 
PARAMETRIC_REPRESENTATION_CONTEXT() REPRESENTATION_CONTEXT('2D SPACE',''
  ) );
#4421 = PCURVE('',#1978,#4422);
#4422 = DEFINITIONAL_REPRESENTATION('',(#4423),#4427);
#4423 = LINE('',#4424,#4425);
#4424 = CARTESIAN_POINT('',(0.,0.));
#4425 = VECTOR('',#4426,1.);
#4426 = DIRECTION('',(1.,0.));
#4427 = ( GEOMETRIC_REPRESENTATION_CONTEXT(2) 
PARAMETRIC_REPRESENTATION_CONTEXT() REPRESENTATION_CONTEXT('2D SPACE',''
  ) );
#4428 = ORIENTED_EDGE('',*,*,#4429,.T.);
#4429 = EDGE_CURVE('',#4407,#4383,#4430,.T.);
#4430 = SURFACE_CURVE('',#4431,(#4435,#4442),.PCURVE_S1.);
#4431 = LINE('',#4432,#4433);
#4432 = CARTESIAN_POINT('',(-35.125,-11.125,1.));
#4433 = VECTOR('',#4434,1.);
#4434 = DIRECTION('',(1.,0.,0.));
#4435 = PCURVE('',#1952,#4436);
#4436 = DEFINITIONAL_REPRESENTATION('',(#4437),#4441);
#4437 = LINE('',#4438,#4439);
#4438 = CARTESIAN_POINT('',(1.05,0.));
#4439 = VECTOR('',#4440,1.);
#4440 = DIRECTION('',(0.,1.));
#4441 = ( GEOMETRIC_REPRESENTATION_CONTEXT(2) 
PARAMETRIC_REPRESENTATION_CONTEXT() REPRESENTATION_CONTEXT('2D SPACE',''
  ) );
#4442 = PCURVE('',#3041,#4443);
#4443 = DEFINITIONAL_REPRESENTATION('',(#4444),#4448);
#4444 = LINE('',#4445,#4446);
#4445 = CARTESIAN_POINT('',(0.,0.));
#4446 = VECTOR('',#4447,1.);
#4447 = DIRECTION('',(1.,0.));
#4448 = ( GEOMETRIC_REPRESENTATION_CONTEXT(2) 
PARAMETRIC_REPRESENTATION_CONTEXT() REPRESENTATION_CONTEXT('2D SPACE',''
  ) );
#4449 = ADVANCED_FACE('',(#4450),#2028,.F.);
#4450 = FACE_BOUND('',#4451,.F.);
#4451 = EDGE_LOOP('',(#4452,#4453,#4454,#4477));
#4452 = ORIENTED_EDGE('',*,*,#4382,.F.);
#4453 = ORIENTED_EDGE('',*,*,#2015,.T.);
#4454 = ORIENTED_EDGE('',*,*,#4455,.T.);
#4455 = EDGE_CURVE('',#1990,#4456,#4458,.T.);
#4456 = VERTEX_POINT('',#4457);
#4457 = CARTESIAN_POINT('',(-24.875,11.125,1.));
#4458 = SURFACE_CURVE('',#4459,(#4463,#4470),.PCURVE_S1.);
#4459 = LINE('',#4460,#4461);
#4460 = CARTESIAN_POINT('',(-24.875,11.125,-5.E-02));
#4461 = VECTOR('',#4462,1.);
#4462 = DIRECTION('',(0.,0.,1.));
#4463 = PCURVE('',#2028,#4464);
#4464 = DEFINITIONAL_REPRESENTATION('',(#4465),#4469);
#4465 = LINE('',#4466,#4467);
#4466 = CARTESIAN_POINT('',(0.,-22.25));
#4467 = VECTOR('',#4468,1.);
#4468 = DIRECTION('',(1.,0.));
#4469 = ( GEOMETRIC_REPRESENTATION_CONTEXT(2) 
PARAMETRIC_REPRESENTATION_CONTEXT() REPRESENTATION_CONTEXT('2D SPACE',''
  ) );
#4470 = PCURVE('',#2004,#4471);
#4471 = DEFINITIONAL_REPRESENTATION('',(#4472),#4476);
#4472 = LINE('',#4473,#4474);
#4473 = CARTESIAN_POINT('',(0.,10.25));
#4474 = VECTOR('',#4475,1.);
#4475 = DIRECTION('',(1.,0.));
#4476 = ( GEOMETRIC_REPRESENTATION_CONTEXT(2) 
PARAMETRIC_REPRESENTATION_CONTEXT() REPRESENTATION_CONTEXT('2D SPACE',''
  ) );
#4477 = ORIENTED_EDGE('',*,*,#4478,.F.);
#4478 = EDGE_CURVE('',#4383,#4456,#4479,.T.);
#4479 = SURFACE_CURVE('',#4480,(#4484,#4491),.PCURVE_S1.);
#4480 = LINE('',#4481,#4482);
#4481 = CARTESIAN_POINT('',(-24.875,-11.125,1.));
#4482 = VECTOR('',#4483,1.);
#4483 = DIRECTION('',(0.,1.,0.));
#4484 = PCURVE('',#2028,#4485);
#4485 = DEFINITIONAL_REPRESENTATION('',(#4486),#4490);
#4486 = LINE('',#4487,#4488);
#4487 = CARTESIAN_POINT('',(1.05,0.));
#4488 = VECTOR('',#4489,1.);
#4489 = DIRECTION('',(0.,-1.));
#4490 = ( GEOMETRIC_REPRESENTATION_CONTEXT(2) 
PARAMETRIC_REPRESENTATION_CONTEXT() REPRESENTATION_CONTEXT('2D SPACE',''
  ) );
#4491 = PCURVE('',#3041,#4492);
#4492 = DEFINITIONAL_REPRESENTATION('',(#4493),#4497);
#4493 = LINE('',#4494,#4495);
#4494 = CARTESIAN_POINT('',(10.25,0.));
#4495 = VECTOR('',#4496,1.);
#4496 = DIRECTION('',(0.,1.));
#4497 = ( GEOMETRIC_REPRESENTATION_CONTEXT(2) 
PARAMETRIC_REPRESENTATION_CONTEXT() REPRESENTATION_CONTEXT('2D SPACE',''
  ) );
#4498 = ADVANCED_FACE('',(#4499),#1978,.T.);
#4499 = FACE_BOUND('',#4500,.T.);
#4500 = EDGE_LOOP('',(#4501,#4502,#4503,#4526));
#4501 = ORIENTED_EDGE('',*,*,#4406,.F.);
#4502 = ORIENTED_EDGE('',*,*,#1963,.T.);
#4503 = ORIENTED_EDGE('',*,*,#4504,.T.);
#4504 = EDGE_CURVE('',#1964,#4505,#4507,.T.);
#4505 = VERTEX_POINT('',#4506);
#4506 = CARTESIAN_POINT('',(-35.125,11.125,1.));
#4507 = SURFACE_CURVE('',#4508,(#4512,#4519),.PCURVE_S1.);
#4508 = LINE('',#4509,#4510);
#4509 = CARTESIAN_POINT('',(-35.125,11.125,-5.E-02));
#4510 = VECTOR('',#4511,1.);
#4511 = DIRECTION('',(0.,0.,1.));
#4512 = PCURVE('',#1978,#4513);
#4513 = DEFINITIONAL_REPRESENTATION('',(#4514),#4518);
#4514 = LINE('',#4515,#4516);
#4515 = CARTESIAN_POINT('',(0.,-22.25));
#4516 = VECTOR('',#4517,1.);
#4517 = DIRECTION('',(1.,0.));
#4518 = ( GEOMETRIC_REPRESENTATION_CONTEXT(2) 
PARAMETRIC_REPRESENTATION_CONTEXT() REPRESENTATION_CONTEXT('2D SPACE',''
  ) );
#4519 = PCURVE('',#2004,#4520);
#4520 = DEFINITIONAL_REPRESENTATION('',(#4521),#4525);
#4521 = LINE('',#4522,#4523);
#4522 = CARTESIAN_POINT('',(0.,0.));
#4523 = VECTOR('',#4524,1.);
#4524 = DIRECTION('',(1.,0.));
#4525 = ( GEOMETRIC_REPRESENTATION_CONTEXT(2) 
PARAMETRIC_REPRESENTATION_CONTEXT() REPRESENTATION_CONTEXT('2D SPACE',''
  ) );
#4526 = ORIENTED_EDGE('',*,*,#4527,.F.);
#4527 = EDGE_CURVE('',#4407,#4505,#4528,.T.);
#4528 = SURFACE_CURVE('',#4529,(#4533,#4540),.PCURVE_S1.);
#4529 = LINE('',#4530,#4531);
#4530 = CARTESIAN_POINT('',(-35.125,-11.125,1.));
#4531 = VECTOR('',#4532,1.);
#4532 = DIRECTION('',(0.,1.,0.));
#4533 = PCURVE('',#1978,#4534);
#4534 = DEFINITIONAL_REPRESENTATION('',(#4535),#4539);
#4535 = LINE('',#4536,#4537);
#4536 = CARTESIAN_POINT('',(1.05,0.));
#4537 = VECTOR('',#4538,1.);
#4538 = DIRECTION('',(0.,-1.));
#4539 = ( GEOMETRIC_REPRESENTATION_CONTEXT(2) 
PARAMETRIC_REPRESENTATION_CONTEXT() REPRESENTATION_CONTEXT('2D SPACE',''
  ) );
#4540 = PCURVE('',#3041,#4541);
#4541 = DEFINITIONAL_REPRESENTATION('',(#4542),#4546);
#4542 = LINE('',#4543,#4544);
#4543 = CARTESIAN_POINT('',(0.,0.));
#4544 = VECTOR('',#4545,1.);
#4545 = DIRECTION('',(0.,1.));
#4546 = ( GEOMETRIC_REPRESENTATION_CONTEXT(2) 
PARAMETRIC_REPRESENTATION_CONTEXT() REPRESENTATION_CONTEXT('2D SPACE',''
  ) );
#4547 = ADVANCED_FACE('',(#4548),#2004,.F.);
#4548 = FACE_BOUND('',#4549,.F.);
#4549 = EDGE_LOOP('',(#4550,#4551,#4552,#4553));
#4550 = ORIENTED_EDGE('',*,*,#4455,.F.);
#4551 = ORIENTED_EDGE('',*,*,#1989,.T.);
#4552 = ORIENTED_EDGE('',*,*,#4504,.T.);
#4553 = ORIENTED_EDGE('',*,*,#4554,.T.);
#4554 = EDGE_CURVE('',#4505,#4456,#4555,.T.);
#4555 = SURFACE_CURVE('',#4556,(#4560,#4567),.PCURVE_S1.);
#4556 = LINE('',#4557,#4558);
#4557 = CARTESIAN_POINT('',(-35.125,11.125,1.));
#4558 = VECTOR('',#4559,1.);
#4559 = DIRECTION('',(1.,0.,0.));
#4560 = PCURVE('',#2004,#4561);
#4561 = DEFINITIONAL_REPRESENTATION('',(#4562),#4566);
#4562 = LINE('',#4563,#4564);
#4563 = CARTESIAN_POINT('',(1.05,0.));
#4564 = VECTOR('',#4565,1.);
#4565 = DIRECTION('',(0.,1.));
#4566 = ( GEOMETRIC_REPRESENTATION_CONTEXT(2) 
PARAMETRIC_REPRESENTATION_CONTEXT() REPRESENTATION_CONTEXT('2D SPACE',''
  ) );
#4567 = PCURVE('',#3041,#4568);
#4568 = DEFINITIONAL_REPRESENTATION('',(#4569),#4573);
#4569 = LINE('',#4570,#4571);
#4570 = CARTESIAN_POINT('',(0.,22.25));
#4571 = VECTOR('',#4572,1.);
#4572 = DIRECTION('',(1.,0.));
#4573 = ( GEOMETRIC_REPRESENTATION_CONTEXT(2) 
PARAMETRIC_REPRESENTATION_CONTEXT() REPRESENTATION_CONTEXT('2D SPACE',''
  ) );
#4574 = ADVANCED_FACE('',(#4575),#2058,.F.);
#4575 = FACE_BOUND('',#4576,.F.);
#4576 = EDGE_LOOP('',(#4577,#4600,#4627,#4628));
#4577 = ORIENTED_EDGE('',*,*,#4578,.T.);
#4578 = EDGE_CURVE('',#2042,#4579,#4581,.T.);
#4579 = VERTEX_POINT('',#4580);
#4580 = CARTESIAN_POINT('',(-17.6,-5.878304635907E-16,3.8));
#4581 = SEAM_CURVE('',#4582,(#4586,#4593),.PCURVE_S1.);
#4582 = LINE('',#4583,#4584);
#4583 = CARTESIAN_POINT('',(-17.,-7.347880794884E-16,-5.E-02));
#4584 = VECTOR('',#4585,1.);
#4585 = DIRECTION('',(-0.153985421265,3.771555065348E-17,0.988073119783)
  );
#4586 = PCURVE('',#2058,#4587);
#4587 = DEFINITIONAL_REPRESENTATION('',(#4588),#4592);
#4588 = LINE('',#4589,#4590);
#4589 = CARTESIAN_POINT('',(-6.28318530718,0.));
#4590 = VECTOR('',#4591,1.);
#4591 = DIRECTION('',(-0.,-1.));
#4592 = ( GEOMETRIC_REPRESENTATION_CONTEXT(2) 
PARAMETRIC_REPRESENTATION_CONTEXT() REPRESENTATION_CONTEXT('2D SPACE',''
  ) );
#4593 = PCURVE('',#2058,#4594);
#4594 = DEFINITIONAL_REPRESENTATION('',(#4595),#4599);
#4595 = LINE('',#4596,#4597);
#4596 = CARTESIAN_POINT('',(0.,-0.));
#4597 = VECTOR('',#4598,1.);
#4598 = DIRECTION('',(-0.,-1.));
#4599 = ( GEOMETRIC_REPRESENTATION_CONTEXT(2) 
PARAMETRIC_REPRESENTATION_CONTEXT() REPRESENTATION_CONTEXT('2D SPACE',''
  ) );
#4600 = ORIENTED_EDGE('',*,*,#4601,.F.);
#4601 = EDGE_CURVE('',#4579,#4579,#4602,.T.);
#4602 = SURFACE_CURVE('',#4603,(#4608,#4615),.PCURVE_S1.);
#4603 = CIRCLE('',#4604,2.4);
#4604 = AXIS2_PLACEMENT_3D('',#4605,#4606,#4607);
#4605 = CARTESIAN_POINT('',(-20.,0.,3.8));
#4606 = DIRECTION('',(0.,0.,1.));
#4607 = DIRECTION('',(1.,0.,-0.));
#4608 = PCURVE('',#2058,#4609);
#4609 = DEFINITIONAL_REPRESENTATION('',(#4610),#4614);
#4610 = LINE('',#4611,#4612);
#4611 = CARTESIAN_POINT('',(-0.,-3.85));
#4612 = VECTOR('',#4613,1.);
#4613 = DIRECTION('',(-1.,-0.));
#4614 = ( GEOMETRIC_REPRESENTATION_CONTEXT(2) 
PARAMETRIC_REPRESENTATION_CONTEXT() REPRESENTATION_CONTEXT('2D SPACE',''
  ) );
#4615 = PCURVE('',#4616,#4621);
#4616 = PLANE('',#4617);
#4617 = AXIS2_PLACEMENT_3D('',#4618,#4619,#4620);
#4618 = CARTESIAN_POINT('',(-20.,0.,3.8));
#4619 = DIRECTION('',(0.,0.,1.));
#4620 = DIRECTION('',(1.,0.,-0.));
#4621 = DEFINITIONAL_REPRESENTATION('',(#4622),#4626);
#4622 = CIRCLE('',#4623,2.4);
#4623 = AXIS2_PLACEMENT_2D('',#4624,#4625);
#4624 = CARTESIAN_POINT('',(0.,0.));
#4625 = DIRECTION('',(1.,0.));
#4626 = ( GEOMETRIC_REPRESENTATION_CONTEXT(2) 
PARAMETRIC_REPRESENTATION_CONTEXT() REPRESENTATION_CONTEXT('2D SPACE',''
  ) );
#4627 = ORIENTED_EDGE('',*,*,#4578,.F.);
#4628 = ORIENTED_EDGE('',*,*,#2041,.T.);
#4629 = ADVANCED_FACE('',(#4630),#2089,.F.);
#4630 = FACE_BOUND('',#4631,.F.);
#4631 = EDGE_LOOP('',(#4632,#4656,#4677,#4678));
#4632 = ORIENTED_EDGE('',*,*,#4633,.F.);
#4633 = EDGE_CURVE('',#4634,#4634,#4636,.T.);
#4634 = VERTEX_POINT('',#4635);
#4635 = CARTESIAN_POINT('',(-10.4,-3.918869757272E-16,1.5));
#4636 = SURFACE_CURVE('',#4637,(#4642,#4649),.PCURVE_S1.);
#4637 = CIRCLE('',#4638,1.6);
#4638 = AXIS2_PLACEMENT_3D('',#4639,#4640,#4641);
#4639 = CARTESIAN_POINT('',(-12.,0.,1.5));
#4640 = DIRECTION('',(0.,0.,1.));
#4641 = DIRECTION('',(1.,0.,-0.));
#4642 = PCURVE('',#2089,#4643);
#4643 = DEFINITIONAL_REPRESENTATION('',(#4644),#4648);
#4644 = LINE('',#4645,#4646);
#4645 = CARTESIAN_POINT('',(0.,1.6));
#4646 = VECTOR('',#4647,1.);
#4647 = DIRECTION('',(1.,0.));
#4648 = ( GEOMETRIC_REPRESENTATION_CONTEXT(2) 
PARAMETRIC_REPRESENTATION_CONTEXT() REPRESENTATION_CONTEXT('2D SPACE',''
  ) );
#4649 = PCURVE('',#3221,#4650);
#4650 = DEFINITIONAL_REPRESENTATION('',(#4651),#4655);
#4651 = CIRCLE('',#4652,1.6);
#4652 = AXIS2_PLACEMENT_2D('',#4653,#4654);
#4653 = CARTESIAN_POINT('',(0.,4.498158330803E-17));
#4654 = DIRECTION('',(1.,0.));
#4655 = ( GEOMETRIC_REPRESENTATION_CONTEXT(2) 
PARAMETRIC_REPRESENTATION_CONTEXT() REPRESENTATION_CONTEXT('2D SPACE',''
  ) );
#4656 = ORIENTED_EDGE('',*,*,#4657,.F.);
#4657 = EDGE_CURVE('',#2073,#4634,#4658,.T.);
#4658 = SEAM_CURVE('',#4659,(#4663,#4670),.PCURVE_S1.);
#4659 = LINE('',#4660,#4661);
#4660 = CARTESIAN_POINT('',(-10.4,-3.918869757272E-16,-0.1));
#4661 = VECTOR('',#4662,1.);
#4662 = DIRECTION('',(0.,0.,1.));
#4663 = PCURVE('',#2089,#4664);
#4664 = DEFINITIONAL_REPRESENTATION('',(#4665),#4669);
#4665 = LINE('',#4666,#4667);
#4666 = CARTESIAN_POINT('',(6.28318530718,-0.));
#4667 = VECTOR('',#4668,1.);
#4668 = DIRECTION('',(0.,1.));
#4669 = ( GEOMETRIC_REPRESENTATION_CONTEXT(2) 
PARAMETRIC_REPRESENTATION_CONTEXT() REPRESENTATION_CONTEXT('2D SPACE',''
  ) );
#4670 = PCURVE('',#2089,#4671);
#4671 = DEFINITIONAL_REPRESENTATION('',(#4672),#4676);
#4672 = LINE('',#4673,#4674);
#4673 = CARTESIAN_POINT('',(0.,-0.));
#4674 = VECTOR('',#4675,1.);
#4675 = DIRECTION('',(0.,1.));
#4676 = ( GEOMETRIC_REPRESENTATION_CONTEXT(2) 
PARAMETRIC_REPRESENTATION_CONTEXT() REPRESENTATION_CONTEXT('2D SPACE',''
  ) );
#4677 = ORIENTED_EDGE('',*,*,#2072,.T.);
#4678 = ORIENTED_EDGE('',*,*,#4657,.T.);
#4679 = ADVANCED_FACE('',(#4680),#2180,.F.);
#4680 = FACE_BOUND('',#4681,.F.);
#4681 = EDGE_LOOP('',(#4682,#4706,#4727,#4728));
#4682 = ORIENTED_EDGE('',*,*,#4683,.F.);
#4683 = EDGE_CURVE('',#4684,#4684,#4686,.T.);
#4684 = VERTEX_POINT('',#4685);
#4685 = CARTESIAN_POINT('',(13.6,-3.918869757272E-16,1.5));
#4686 = SURFACE_CURVE('',#4687,(#4692,#4699),.PCURVE_S1.);
#4687 = CIRCLE('',#4688,1.6);
#4688 = AXIS2_PLACEMENT_3D('',#4689,#4690,#4691);
#4689 = CARTESIAN_POINT('',(12.,0.,1.5));
#4690 = DIRECTION('',(0.,0.,1.));
#4691 = DIRECTION('',(1.,0.,-0.));
#4692 = PCURVE('',#2180,#4693);
#4693 = DEFINITIONAL_REPRESENTATION('',(#4694),#4698);
#4694 = LINE('',#4695,#4696);
#4695 = CARTESIAN_POINT('',(0.,1.6));
#4696 = VECTOR('',#4697,1.);
#4697 = DIRECTION('',(1.,0.));
#4698 = ( GEOMETRIC_REPRESENTATION_CONTEXT(2) 
PARAMETRIC_REPRESENTATION_CONTEXT() REPRESENTATION_CONTEXT('2D SPACE',''
  ) );
#4699 = PCURVE('',#3574,#4700);
#4700 = DEFINITIONAL_REPRESENTATION('',(#4701),#4705);
#4701 = CIRCLE('',#4702,1.6);
#4702 = AXIS2_PLACEMENT_2D('',#4703,#4704);
#4703 = CARTESIAN_POINT('',(0.,4.498158330803E-17));
#4704 = DIRECTION('',(1.,0.));
#4705 = ( GEOMETRIC_REPRESENTATION_CONTEXT(2) 
PARAMETRIC_REPRESENTATION_CONTEXT() REPRESENTATION_CONTEXT('2D SPACE',''
  ) );
#4706 = ORIENTED_EDGE('',*,*,#4707,.F.);
#4707 = EDGE_CURVE('',#2164,#4684,#4708,.T.);
#4708 = SEAM_CURVE('',#4709,(#4713,#4720),.PCURVE_S1.);
#4709 = LINE('',#4710,#4711);
#4710 = CARTESIAN_POINT('',(13.6,-3.918869757272E-16,-0.1));
#4711 = VECTOR('',#4712,1.);
#4712 = DIRECTION('',(0.,0.,1.));
#4713 = PCURVE('',#2180,#4714);
#4714 = DEFINITIONAL_REPRESENTATION('',(#4715),#4719);
#4715 = LINE('',#4716,#4717);
#4716 = CARTESIAN_POINT('',(6.28318530718,-0.));
#4717 = VECTOR('',#4718,1.);
#4718 = DIRECTION('',(0.,1.));
#4719 = ( GEOMETRIC_REPRESENTATION_CONTEXT(2) 
PARAMETRIC_REPRESENTATION_CONTEXT() REPRESENTATION_CONTEXT('2D SPACE',''
  ) );
#4720 = PCURVE('',#2180,#4721);
#4721 = DEFINITIONAL_REPRESENTATION('',(#4722),#4726);
#4722 = LINE('',#4723,#4724);
#4723 = CARTESIAN_POINT('',(0.,-0.));
#4724 = VECTOR('',#4725,1.);
#4725 = DIRECTION('',(0.,1.));
#4726 = ( GEOMETRIC_REPRESENTATION_CONTEXT(2) 
PARAMETRIC_REPRESENTATION_CONTEXT() REPRESENTATION_CONTEXT('2D SPACE',''
  ) );
#4727 = ORIENTED_EDGE('',*,*,#2163,.T.);
#4728 = ORIENTED_EDGE('',*,*,#4707,.T.);
#4729 = ADVANCED_FACE('',(#4730),#2213,.F.);
#4730 = FACE_BOUND('',#4731,.F.);
#4731 = EDGE_LOOP('',(#4732,#4733,#4763,#4792));
#4732 = ORIENTED_EDGE('',*,*,#2194,.T.);
#4733 = ORIENTED_EDGE('',*,*,#4734,.T.);
#4734 = EDGE_CURVE('',#2197,#4735,#4737,.T.);
#4735 = VERTEX_POINT('',#4736);
#4736 = CARTESIAN_POINT('',(17.625657985883,9.042766535572E-14,3.8));
#4737 = SURFACE_CURVE('',#4738,(#4743,#4753),.PCURVE_S1.);
#4738 = HYPERBOLA('',#4739,2.245833333333,0.35);
#4739 = AXIS2_PLACEMENT_3D('',#4740,#4741,#4742);
#4740 = CARTESIAN_POINT('',(20.,0.,19.2));
#4741 = DIRECTION('',(0.,-1.,-0.));
#4742 = DIRECTION('',(0.,0.,-1.));
#4743 = PCURVE('',#2213,#4744);
#4744 = DEFINITIONAL_REPRESENTATION('',(#4745),#4752);
#4745 = B_SPLINE_CURVE_WITH_KNOTS('',5,(#4746,#4747,#4748,#4749,#4750,
    #4751),.UNSPECIFIED.,.F.,.F.,(6,6),(-2.835542603788,-2.613078290846)
  ,.PIECEWISE_BEZIER_KNOTS.);
#4746 = CARTESIAN_POINT('',(-9.542016836187,-4.999999999998E-02));
#4747 = CARTESIAN_POINT('',(-9.547221187953,-0.898398780709));
#4748 = CARTESIAN_POINT('',(-9.552712998408,-1.699286869903));
#4749 = CARTESIAN_POINT('',(-9.558513144116,-2.456162807502));
#4750 = CARTESIAN_POINT('',(-9.564644677253,-3.172135165094));
#4751 = CARTESIAN_POINT('',(-9.571133219714,-3.85));
#4752 = ( GEOMETRIC_REPRESENTATION_CONTEXT(2) 
PARAMETRIC_REPRESENTATION_CONTEXT() REPRESENTATION_CONTEXT('2D SPACE',''
  ) );
#4753 = PCURVE('',#2240,#4754);
#4754 = DEFINITIONAL_REPRESENTATION('',(#4755),#4762);
#4755 = B_SPLINE_CURVE_WITH_KNOTS('',5,(#4756,#4757,#4758,#4759,#4760,
    #4761),.UNSPECIFIED.,.F.,.F.,(6,6),(-2.835542603788,-2.613078290846)
  ,.PIECEWISE_BEZIER_KNOTS.);
#4756 = CARTESIAN_POINT('',(-3.024353778172,-4.999999999998E-02));
#4757 = CARTESIAN_POINT('',(-3.019149426406,-0.898398780709));
#4758 = CARTESIAN_POINT('',(-3.013657615951,-1.699286869903));
#4759 = CARTESIAN_POINT('',(-3.007857470243,-2.456162807502));
#4760 = CARTESIAN_POINT('',(-3.001725937106,-3.172135165094));
#4761 = CARTESIAN_POINT('',(-2.995237394645,-3.85));
#4762 = ( GEOMETRIC_REPRESENTATION_CONTEXT(2) 
PARAMETRIC_REPRESENTATION_CONTEXT() REPRESENTATION_CONTEXT('2D SPACE',''
  ) );
#4763 = ORIENTED_EDGE('',*,*,#4764,.F.);
#4764 = EDGE_CURVE('',#4765,#4735,#4767,.T.);
#4765 = VERTEX_POINT('',#4766);
#4766 = CARTESIAN_POINT('',(22.374342014117,8.762435221854E-14,3.8));
#4767 = SURFACE_CURVE('',#4768,(#4773,#4780),.PCURVE_S1.);
#4768 = CIRCLE('',#4769,2.4);
#4769 = AXIS2_PLACEMENT_3D('',#4770,#4771,#4772);
#4770 = CARTESIAN_POINT('',(20.,0.35,3.8));
#4771 = DIRECTION('',(0.,0.,1.));
#4772 = DIRECTION('',(0.989309172549,-0.145833333333,0.));
#4773 = PCURVE('',#2213,#4774);
#4774 = DEFINITIONAL_REPRESENTATION('',(#4775),#4779);
#4775 = LINE('',#4776,#4777);
#4776 = CARTESIAN_POINT('',(-6.136830048235,-3.85));
#4777 = VECTOR('',#4778,1.);
#4778 = DIRECTION('',(-1.,-0.));
#4779 = ( GEOMETRIC_REPRESENTATION_CONTEXT(2) 
PARAMETRIC_REPRESENTATION_CONTEXT() REPRESENTATION_CONTEXT('2D SPACE',''
  ) );
#4780 = PCURVE('',#4781,#4786);
#4781 = PLANE('',#4782);
#4782 = AXIS2_PLACEMENT_3D('',#4783,#4784,#4785);
#4783 = CARTESIAN_POINT('',(20.,-0.35,3.8));
#4784 = DIRECTION('',(0.,0.,1.));
#4785 = DIRECTION('',(1.,0.,-0.));
#4786 = DEFINITIONAL_REPRESENTATION('',(#4787),#4791);
#4787 = CIRCLE('',#4788,2.4);
#4788 = AXIS2_PLACEMENT_2D('',#4789,#4790);
#4789 = CARTESIAN_POINT('',(0.,0.7));
#4790 = DIRECTION('',(0.989309172549,-0.145833333333));
#4791 = ( GEOMETRIC_REPRESENTATION_CONTEXT(2) 
PARAMETRIC_REPRESENTATION_CONTEXT() REPRESENTATION_CONTEXT('2D SPACE',''
  ) );
#4792 = ORIENTED_EDGE('',*,*,#4793,.T.);
#4793 = EDGE_CURVE('',#4765,#2195,#4794,.T.);
#4794 = SURFACE_CURVE('',#4795,(#4800,#4810),.PCURVE_S1.);
#4795 = HYPERBOLA('',#4796,2.245833333333,0.35);
#4796 = AXIS2_PLACEMENT_3D('',#4797,#4798,#4799);
#4797 = CARTESIAN_POINT('',(20.,0.,19.2));
#4798 = DIRECTION('',(0.,-1.,-0.));
#4799 = DIRECTION('',(0.,0.,-1.));
#4800 = PCURVE('',#2213,#4801);
#4801 = DEFINITIONAL_REPRESENTATION('',(#4802),#4809);
#4802 = B_SPLINE_CURVE_WITH_KNOTS('',5,(#4803,#4804,#4805,#4806,#4807,
    #4808),.UNSPECIFIED.,.F.,.F.,(6,6),(2.613078290846,2.835542603788),
  .PIECEWISE_BEZIER_KNOTS.);
#4803 = CARTESIAN_POINT('',(-6.136830048235,-3.85));
#4804 = CARTESIAN_POINT('',(-6.143318590696,-3.172135165094));
#4805 = CARTESIAN_POINT('',(-6.149450123833,-2.456162807502));
#4806 = CARTESIAN_POINT('',(-6.155250269541,-1.699286869903));
#4807 = CARTESIAN_POINT('',(-6.160742079996,-0.898398780709));
#4808 = CARTESIAN_POINT('',(-6.165946431762,-4.999999999998E-02));
#4809 = ( GEOMETRIC_REPRESENTATION_CONTEXT(2) 
PARAMETRIC_REPRESENTATION_CONTEXT() REPRESENTATION_CONTEXT('2D SPACE',''
  ) );
#4810 = PCURVE('',#2240,#4811);
#4811 = DEFINITIONAL_REPRESENTATION('',(#4812),#4819);
#4812 = B_SPLINE_CURVE_WITH_KNOTS('',5,(#4813,#4814,#4815,#4816,#4817,
    #4818),.UNSPECIFIED.,.F.,.F.,(6,6),(2.613078290846,2.835542603788),
  .PIECEWISE_BEZIER_KNOTS.);
#4813 = CARTESIAN_POINT('',(-6.429540566124,-3.85));
#4814 = CARTESIAN_POINT('',(-6.423052023664,-3.172135165094));
#4815 = CARTESIAN_POINT('',(-6.416920490526,-2.456162807502));
#4816 = CARTESIAN_POINT('',(-6.411120344818,-1.699286869903));
#4817 = CARTESIAN_POINT('',(-6.405628534363,-0.898398780709));
#4818 = CARTESIAN_POINT('',(-6.400424182598,-4.999999999998E-02));
#4819 = ( GEOMETRIC_REPRESENTATION_CONTEXT(2) 
PARAMETRIC_REPRESENTATION_CONTEXT() REPRESENTATION_CONTEXT('2D SPACE',''
  ) );
#4820 = ADVANCED_FACE('',(#4821),#2240,.F.);
#4821 = FACE_BOUND('',#4822,.F.);
#4822 = EDGE_LOOP('',(#4823,#4845,#4846,#4847));
#4823 = ORIENTED_EDGE('',*,*,#4824,.F.);
#4824 = EDGE_CURVE('',#4735,#4765,#4825,.T.);
#4825 = SURFACE_CURVE('',#4826,(#4831,#4838),.PCURVE_S1.);
#4826 = CIRCLE('',#4827,2.4);
#4827 = AXIS2_PLACEMENT_3D('',#4828,#4829,#4830);
#4828 = CARTESIAN_POINT('',(20.,-0.35,3.8));
#4829 = DIRECTION('',(0.,0.,1.));
#4830 = DIRECTION('',(-0.989309172549,0.145833333333,0.));
#4831 = PCURVE('',#2240,#4832);
#4832 = DEFINITIONAL_REPRESENTATION('',(#4833),#4837);
#4833 = LINE('',#4834,#4835);
#4834 = CARTESIAN_POINT('',(-2.995237394645,-3.85));
#4835 = VECTOR('',#4836,1.);
#4836 = DIRECTION('',(-1.,-0.));
#4837 = ( GEOMETRIC_REPRESENTATION_CONTEXT(2) 
PARAMETRIC_REPRESENTATION_CONTEXT() REPRESENTATION_CONTEXT('2D SPACE',''
  ) );
#4838 = PCURVE('',#4781,#4839);
#4839 = DEFINITIONAL_REPRESENTATION('',(#4840),#4844);
#4840 = CIRCLE('',#4841,2.4);
#4841 = AXIS2_PLACEMENT_2D('',#4842,#4843);
#4842 = CARTESIAN_POINT('',(0.,0.));
#4843 = DIRECTION('',(-0.989309172549,0.145833333333));
#4844 = ( GEOMETRIC_REPRESENTATION_CONTEXT(2) 
PARAMETRIC_REPRESENTATION_CONTEXT() REPRESENTATION_CONTEXT('2D SPACE',''
  ) );
#4845 = ORIENTED_EDGE('',*,*,#4734,.F.);
#4846 = ORIENTED_EDGE('',*,*,#2225,.T.);
#4847 = ORIENTED_EDGE('',*,*,#4793,.F.);
#4848 = ADVANCED_FACE('',(#4849),#2272,.T.);
#4849 = FACE_BOUND('',#4850,.T.);
#4850 = EDGE_LOOP('',(#4851,#4874,#4875,#4898));
#4851 = ORIENTED_EDGE('',*,*,#4852,.F.);
#4852 = EDGE_CURVE('',#2255,#4853,#4855,.T.);
#4853 = VERTEX_POINT('',#4854);
#4854 = CARTESIAN_POINT('',(-6.125,9.875,3.05));
#4855 = SURFACE_CURVE('',#4856,(#4860,#4867),.PCURVE_S1.);
#4856 = LINE('',#4857,#4858);
#4857 = CARTESIAN_POINT('',(-6.125,9.875,0.));
#4858 = VECTOR('',#4859,1.);
#4859 = DIRECTION('',(0.,0.,1.));
#4860 = PCURVE('',#2272,#4861);
#4861 = DEFINITIONAL_REPRESENTATION('',(#4862),#4866);
#4862 = LINE('',#4863,#4864);
#4863 = CARTESIAN_POINT('',(0.,0.));
#4864 = VECTOR('',#4865,1.);
#4865 = DIRECTION('',(1.,0.));
#4866 = ( GEOMETRIC_REPRESENTATION_CONTEXT(2) 
PARAMETRIC_REPRESENTATION_CONTEXT() REPRESENTATION_CONTEXT('2D SPACE',''
  ) );
#4867 = PCURVE('',#2354,#4868);
#4868 = DEFINITIONAL_REPRESENTATION('',(#4869),#4873);
#4869 = LINE('',#4870,#4871);
#4870 = CARTESIAN_POINT('',(0.,0.));
#4871 = VECTOR('',#4872,1.);
#4872 = DIRECTION('',(1.,0.));
#4873 = ( GEOMETRIC_REPRESENTATION_CONTEXT(2) 
PARAMETRIC_REPRESENTATION_CONTEXT() REPRESENTATION_CONTEXT('2D SPACE',''
  ) );
#4874 = ORIENTED_EDGE('',*,*,#2254,.T.);
#4875 = ORIENTED_EDGE('',*,*,#4876,.T.);
#4876 = EDGE_CURVE('',#2257,#4877,#4879,.T.);
#4877 = VERTEX_POINT('',#4878);
#4878 = CARTESIAN_POINT('',(-6.125,22.125,3.05));
#4879 = SURFACE_CURVE('',#4880,(#4884,#4891),.PCURVE_S1.);
#4880 = LINE('',#4881,#4882);
#4881 = CARTESIAN_POINT('',(-6.125,22.125,0.));
#4882 = VECTOR('',#4883,1.);
#4883 = DIRECTION('',(0.,0.,1.));
#4884 = PCURVE('',#2272,#4885);
#4885 = DEFINITIONAL_REPRESENTATION('',(#4886),#4890);
#4886 = LINE('',#4887,#4888);
#4887 = CARTESIAN_POINT('',(0.,-12.25));
#4888 = VECTOR('',#4889,1.);
#4889 = DIRECTION('',(1.,0.));
#4890 = ( GEOMETRIC_REPRESENTATION_CONTEXT(2) 
PARAMETRIC_REPRESENTATION_CONTEXT() REPRESENTATION_CONTEXT('2D SPACE',''
  ) );
#4891 = PCURVE('',#2300,#4892);
#4892 = DEFINITIONAL_REPRESENTATION('',(#4893),#4897);
#4893 = LINE('',#4894,#4895);
#4894 = CARTESIAN_POINT('',(0.,0.));
#4895 = VECTOR('',#4896,1.);
#4896 = DIRECTION('',(1.,0.));
#4897 = ( GEOMETRIC_REPRESENTATION_CONTEXT(2) 
PARAMETRIC_REPRESENTATION_CONTEXT() REPRESENTATION_CONTEXT('2D SPACE',''
  ) );
#4898 = ORIENTED_EDGE('',*,*,#4899,.F.);
#4899 = EDGE_CURVE('',#4853,#4877,#4900,.T.);
#4900 = SURFACE_CURVE('',#4901,(#4905,#4912),.PCURVE_S1.);
#4901 = LINE('',#4902,#4903);
#4902 = CARTESIAN_POINT('',(-6.125,9.875,3.05));
#4903 = VECTOR('',#4904,1.);
#4904 = DIRECTION('',(0.,1.,0.));
#4905 = PCURVE('',#2272,#4906);
#4906 = DEFINITIONAL_REPRESENTATION('',(#4907),#4911);
#4907 = LINE('',#4908,#4909);
#4908 = CARTESIAN_POINT('',(3.05,0.));
#4909 = VECTOR('',#4910,1.);
#4910 = DIRECTION('',(0.,-1.));
#4911 = ( GEOMETRIC_REPRESENTATION_CONTEXT(2) 
PARAMETRIC_REPRESENTATION_CONTEXT() REPRESENTATION_CONTEXT('2D SPACE',''
  ) );
#4912 = PCURVE('',#4913,#4918);
#4913 = PLANE('',#4914);
#4914 = AXIS2_PLACEMENT_3D('',#4915,#4916,#4917);
#4915 = CARTESIAN_POINT('',(-6.125,9.875,3.05));
#4916 = DIRECTION('',(0.,0.,1.));
#4917 = DIRECTION('',(1.,0.,0.));
#4918 = DEFINITIONAL_REPRESENTATION('',(#4919),#4923);
#4919 = LINE('',#4920,#4921);
#4920 = CARTESIAN_POINT('',(0.,0.));
#4921 = VECTOR('',#4922,1.);
#4922 = DIRECTION('',(0.,1.));
#4923 = ( GEOMETRIC_REPRESENTATION_CONTEXT(2) 
PARAMETRIC_REPRESENTATION_CONTEXT() REPRESENTATION_CONTEXT('2D SPACE',''
  ) );
#4924 = ADVANCED_FACE('',(#4925),#2300,.F.);
#4925 = FACE_BOUND('',#4926,.F.);
#4926 = EDGE_LOOP('',(#4927,#4928,#4929,#4952));
#4927 = ORIENTED_EDGE('',*,*,#2284,.F.);
#4928 = ORIENTED_EDGE('',*,*,#4876,.T.);
#4929 = ORIENTED_EDGE('',*,*,#4930,.T.);
#4930 = EDGE_CURVE('',#4877,#4931,#4933,.T.);
#4931 = VERTEX_POINT('',#4932);
#4932 = CARTESIAN_POINT('',(6.125,22.125,3.05));
#4933 = SURFACE_CURVE('',#4934,(#4938,#4945),.PCURVE_S1.);
#4934 = LINE('',#4935,#4936);
#4935 = CARTESIAN_POINT('',(-6.125,22.125,3.05));
#4936 = VECTOR('',#4937,1.);
#4937 = DIRECTION('',(1.,0.,0.));
#4938 = PCURVE('',#2300,#4939);
#4939 = DEFINITIONAL_REPRESENTATION('',(#4940),#4944);
#4940 = LINE('',#4941,#4942);
#4941 = CARTESIAN_POINT('',(3.05,0.));
#4942 = VECTOR('',#4943,1.);
#4943 = DIRECTION('',(0.,1.));
#4944 = ( GEOMETRIC_REPRESENTATION_CONTEXT(2) 
PARAMETRIC_REPRESENTATION_CONTEXT() REPRESENTATION_CONTEXT('2D SPACE',''
  ) );
#4945 = PCURVE('',#4913,#4946);
#4946 = DEFINITIONAL_REPRESENTATION('',(#4947),#4951);
#4947 = LINE('',#4948,#4949);
#4948 = CARTESIAN_POINT('',(0.,12.25));
#4949 = VECTOR('',#4950,1.);
#4950 = DIRECTION('',(1.,0.));
#4951 = ( GEOMETRIC_REPRESENTATION_CONTEXT(2) 
PARAMETRIC_REPRESENTATION_CONTEXT() REPRESENTATION_CONTEXT('2D SPACE',''
  ) );
#4952 = ORIENTED_EDGE('',*,*,#4953,.F.);
#4953 = EDGE_CURVE('',#2285,#4931,#4954,.T.);
#4954 = SURFACE_CURVE('',#4955,(#4959,#4966),.PCURVE_S1.);
#4955 = LINE('',#4956,#4957);
#4956 = CARTESIAN_POINT('',(6.125,22.125,0.));
#4957 = VECTOR('',#4958,1.);
#4958 = DIRECTION('',(0.,0.,1.));
#4959 = PCURVE('',#2300,#4960);
#4960 = DEFINITIONAL_REPRESENTATION('',(#4961),#4965);
#4961 = LINE('',#4962,#4963);
#4962 = CARTESIAN_POINT('',(0.,12.25));
#4963 = VECTOR('',#4964,1.);
#4964 = DIRECTION('',(1.,0.));
#4965 = ( GEOMETRIC_REPRESENTATION_CONTEXT(2) 
PARAMETRIC_REPRESENTATION_CONTEXT() REPRESENTATION_CONTEXT('2D SPACE',''
  ) );
#4966 = PCURVE('',#2328,#4967);
#4967 = DEFINITIONAL_REPRESENTATION('',(#4968),#4972);
#4968 = LINE('',#4969,#4970);
#4969 = CARTESIAN_POINT('',(0.,-12.25));
#4970 = VECTOR('',#4971,1.);
#4971 = DIRECTION('',(1.,0.));
#4972 = ( GEOMETRIC_REPRESENTATION_CONTEXT(2) 
PARAMETRIC_REPRESENTATION_CONTEXT() REPRESENTATION_CONTEXT('2D SPACE',''
  ) );
#4973 = ADVANCED_FACE('',(#4974),#2354,.T.);
#4974 = FACE_BOUND('',#4975,.T.);
#4975 = EDGE_LOOP('',(#4976,#4977,#4978,#5001));
#4976 = ORIENTED_EDGE('',*,*,#2340,.F.);
#4977 = ORIENTED_EDGE('',*,*,#4852,.T.);
#4978 = ORIENTED_EDGE('',*,*,#4979,.T.);
#4979 = EDGE_CURVE('',#4853,#4980,#4982,.T.);
#4980 = VERTEX_POINT('',#4981);
#4981 = CARTESIAN_POINT('',(6.125,9.875,3.05));
#4982 = SURFACE_CURVE('',#4983,(#4987,#4994),.PCURVE_S1.);
#4983 = LINE('',#4984,#4985);
#4984 = CARTESIAN_POINT('',(-6.125,9.875,3.05));
#4985 = VECTOR('',#4986,1.);
#4986 = DIRECTION('',(1.,0.,0.));
#4987 = PCURVE('',#2354,#4988);
#4988 = DEFINITIONAL_REPRESENTATION('',(#4989),#4993);
#4989 = LINE('',#4990,#4991);
#4990 = CARTESIAN_POINT('',(3.05,0.));
#4991 = VECTOR('',#4992,1.);
#4992 = DIRECTION('',(0.,1.));
#4993 = ( GEOMETRIC_REPRESENTATION_CONTEXT(2) 
PARAMETRIC_REPRESENTATION_CONTEXT() REPRESENTATION_CONTEXT('2D SPACE',''
  ) );
#4994 = PCURVE('',#4913,#4995);
#4995 = DEFINITIONAL_REPRESENTATION('',(#4996),#5000);
#4996 = LINE('',#4997,#4998);
#4997 = CARTESIAN_POINT('',(0.,0.));
#4998 = VECTOR('',#4999,1.);
#4999 = DIRECTION('',(1.,0.));
#5000 = ( GEOMETRIC_REPRESENTATION_CONTEXT(2) 
PARAMETRIC_REPRESENTATION_CONTEXT() REPRESENTATION_CONTEXT('2D SPACE',''
  ) );
#5001 = ORIENTED_EDGE('',*,*,#5002,.F.);
#5002 = EDGE_CURVE('',#2313,#4980,#5003,.T.);
#5003 = SURFACE_CURVE('',#5004,(#5008,#5015),.PCURVE_S1.);
#5004 = LINE('',#5005,#5006);
#5005 = CARTESIAN_POINT('',(6.125,9.875,0.));
#5006 = VECTOR('',#5007,1.);
#5007 = DIRECTION('',(0.,0.,1.));
#5008 = PCURVE('',#2354,#5009);
#5009 = DEFINITIONAL_REPRESENTATION('',(#5010),#5014);
#5010 = LINE('',#5011,#5012);
#5011 = CARTESIAN_POINT('',(0.,12.25));
#5012 = VECTOR('',#5013,1.);
#5013 = DIRECTION('',(1.,0.));
#5014 = ( GEOMETRIC_REPRESENTATION_CONTEXT(2) 
PARAMETRIC_REPRESENTATION_CONTEXT() REPRESENTATION_CONTEXT('2D SPACE',''
  ) );
#5015 = PCURVE('',#2328,#5016);
#5016 = DEFINITIONAL_REPRESENTATION('',(#5017),#5021);
#5017 = LINE('',#5018,#5019);
#5018 = CARTESIAN_POINT('',(0.,0.));
#5019 = VECTOR('',#5020,1.);
#5020 = DIRECTION('',(1.,0.));
#5021 = ( GEOMETRIC_REPRESENTATION_CONTEXT(2) 
PARAMETRIC_REPRESENTATION_CONTEXT() REPRESENTATION_CONTEXT('2D SPACE',''
  ) );
#5022 = ADVANCED_FACE('',(#5023),#2328,.F.);
#5023 = FACE_BOUND('',#5024,.F.);
#5024 = EDGE_LOOP('',(#5025,#5026,#5027,#5028));
#5025 = ORIENTED_EDGE('',*,*,#5002,.F.);
#5026 = ORIENTED_EDGE('',*,*,#2312,.T.);
#5027 = ORIENTED_EDGE('',*,*,#4953,.T.);
#5028 = ORIENTED_EDGE('',*,*,#5029,.F.);
#5029 = EDGE_CURVE('',#4980,#4931,#5030,.T.);
#5030 = SURFACE_CURVE('',#5031,(#5035,#5042),.PCURVE_S1.);
#5031 = LINE('',#5032,#5033);
#5032 = CARTESIAN_POINT('',(6.125,9.875,3.05));
#5033 = VECTOR('',#5034,1.);
#5034 = DIRECTION('',(0.,1.,0.));
#5035 = PCURVE('',#2328,#5036);
#5036 = DEFINITIONAL_REPRESENTATION('',(#5037),#5041);
#5037 = LINE('',#5038,#5039);
#5038 = CARTESIAN_POINT('',(3.05,0.));
#5039 = VECTOR('',#5040,1.);
#5040 = DIRECTION('',(0.,-1.));
#5041 = ( GEOMETRIC_REPRESENTATION_CONTEXT(2) 
PARAMETRIC_REPRESENTATION_CONTEXT() REPRESENTATION_CONTEXT('2D SPACE',''
  ) );
#5042 = PCURVE('',#4913,#5043);
#5043 = DEFINITIONAL_REPRESENTATION('',(#5044),#5048);
#5044 = LINE('',#5045,#5046);
#5045 = CARTESIAN_POINT('',(12.25,0.));
#5046 = VECTOR('',#5047,1.);
#5047 = DIRECTION('',(0.,1.));
#5048 = ( GEOMETRIC_REPRESENTATION_CONTEXT(2) 
PARAMETRIC_REPRESENTATION_CONTEXT() REPRESENTATION_CONTEXT('2D SPACE',''
  ) );
#5049 = ADVANCED_FACE('',(#5050,#5058),#2694,.T.);
#5050 = FACE_BOUND('',#5051,.T.);
#5051 = EDGE_LOOP('',(#5052,#5053,#5054,#5055,#5056,#5057));
#5052 = ORIENTED_EDGE('',*,*,#2801,.T.);
#5053 = ORIENTED_EDGE('',*,*,#2676,.T.);
#5054 = ORIENTED_EDGE('',*,*,#2752,.T.);
#5055 = ORIENTED_EDGE('',*,*,#2850,.T.);
#5056 = ORIENTED_EDGE('',*,*,#2948,.T.);
#5057 = ORIENTED_EDGE('',*,*,#2899,.T.);
#5058 = FACE_BOUND('',#5059,.T.);
#5059 = EDGE_LOOP('',(#5060));
#5060 = ORIENTED_EDGE('',*,*,#5061,.F.);
#5061 = EDGE_CURVE('',#5062,#5062,#5064,.T.);
#5062 = VERTEX_POINT('',#5063);
#5063 = CARTESIAN_POINT('',(2.9,-16.,5.45));
#5064 = SURFACE_CURVE('',#5065,(#5070,#5077),.PCURVE_S1.);
#5065 = CIRCLE('',#5066,2.9);
#5066 = AXIS2_PLACEMENT_3D('',#5067,#5068,#5069);
#5067 = CARTESIAN_POINT('',(0.,-16.,5.45));
#5068 = DIRECTION('',(0.,0.,1.));
#5069 = DIRECTION('',(1.,0.,-0.));
#5070 = PCURVE('',#2694,#5071);
#5071 = DEFINITIONAL_REPRESENTATION('',(#5072),#5076);
#5072 = CIRCLE('',#5073,2.9);
#5073 = AXIS2_PLACEMENT_2D('',#5074,#5075);
#5074 = CARTESIAN_POINT('',(-1.853458011005E-16,0.));
#5075 = DIRECTION('',(1.,0.));
#5076 = ( GEOMETRIC_REPRESENTATION_CONTEXT(2) 
PARAMETRIC_REPRESENTATION_CONTEXT() REPRESENTATION_CONTEXT('2D SPACE',''
  ) );
#5077 = PCURVE('',#5078,#5083);
#5078 = CYLINDRICAL_SURFACE('',#5079,2.9);
#5079 = AXIS2_PLACEMENT_3D('',#5080,#5081,#5082);
#5080 = CARTESIAN_POINT('',(0.,-16.,-0.1));
#5081 = DIRECTION('',(0.,0.,1.));
#5082 = DIRECTION('',(1.,0.,-0.));
#5083 = DEFINITIONAL_REPRESENTATION('',(#5084),#5088);
#5084 = LINE('',#5085,#5086);
#5085 = CARTESIAN_POINT('',(0.,5.55));
#5086 = VECTOR('',#5087,1.);
#5087 = DIRECTION('',(1.,0.));
#5088 = ( GEOMETRIC_REPRESENTATION_CONTEXT(2) 
PARAMETRIC_REPRESENTATION_CONTEXT() REPRESENTATION_CONTEXT('2D SPACE',''
  ) );
#5089 = ADVANCED_FACE('',(#5090,#5096),#3041,.F.);
#5090 = FACE_BOUND('',#5091,.F.);
#5091 = EDGE_LOOP('',(#5092,#5093,#5094,#5095));
#5092 = ORIENTED_EDGE('',*,*,#4527,.F.);
#5093 = ORIENTED_EDGE('',*,*,#4429,.T.);
#5094 = ORIENTED_EDGE('',*,*,#4478,.T.);
#5095 = ORIENTED_EDGE('',*,*,#4554,.F.);
#5096 = FACE_BOUND('',#5097,.F.);
#5097 = EDGE_LOOP('',(#5098,#5099,#5100,#5101));
#5098 = ORIENTED_EDGE('',*,*,#3128,.T.);
#5099 = ORIENTED_EDGE('',*,*,#3177,.T.);
#5100 = ORIENTED_EDGE('',*,*,#3079,.F.);
#5101 = ORIENTED_EDGE('',*,*,#3025,.F.);
#5102 = ADVANCED_FACE('',(#5103,#5111),#3221,.T.);
#5103 = FACE_BOUND('',#5104,.T.);
#5104 = EDGE_LOOP('',(#5105,#5106,#5107,#5108,#5109,#5110));
#5105 = ORIENTED_EDGE('',*,*,#3328,.T.);
#5106 = ORIENTED_EDGE('',*,*,#3203,.T.);
#5107 = ORIENTED_EDGE('',*,*,#3279,.T.);
#5108 = ORIENTED_EDGE('',*,*,#3377,.T.);
#5109 = ORIENTED_EDGE('',*,*,#3475,.T.);
#5110 = ORIENTED_EDGE('',*,*,#3426,.T.);
#5111 = FACE_BOUND('',#5112,.T.);
#5112 = EDGE_LOOP('',(#5113));
#5113 = ORIENTED_EDGE('',*,*,#4633,.F.);
#5114 = ADVANCED_FACE('',(#5115,#5123),#3574,.T.);
#5115 = FACE_BOUND('',#5116,.T.);
#5116 = EDGE_LOOP('',(#5117,#5118,#5119,#5120,#5121,#5122));
#5117 = ORIENTED_EDGE('',*,*,#3681,.T.);
#5118 = ORIENTED_EDGE('',*,*,#3556,.T.);
#5119 = ORIENTED_EDGE('',*,*,#3632,.T.);
#5120 = ORIENTED_EDGE('',*,*,#3730,.T.);
#5121 = ORIENTED_EDGE('',*,*,#3828,.T.);
#5122 = ORIENTED_EDGE('',*,*,#3779,.T.);
#5123 = FACE_BOUND('',#5124,.T.);
#5124 = EDGE_LOOP('',(#5125));
#5125 = ORIENTED_EDGE('',*,*,#4683,.F.);
#5126 = ADVANCED_FACE('',(#5127,#5135),#3873,.T.);
#5127 = FACE_BOUND('',#5128,.T.);
#5128 = EDGE_LOOP('',(#5129,#5130,#5131,#5132,#5133,#5134));
#5129 = ORIENTED_EDGE('',*,*,#3980,.T.);
#5130 = ORIENTED_EDGE('',*,*,#3855,.T.);
#5131 = ORIENTED_EDGE('',*,*,#3931,.T.);
#5132 = ORIENTED_EDGE('',*,*,#4029,.T.);
#5133 = ORIENTED_EDGE('',*,*,#4127,.T.);
#5134 = ORIENTED_EDGE('',*,*,#4078,.T.);
#5135 = FACE_BOUND('',#5136,.T.);
#5136 = EDGE_LOOP('',(#5137));
#5137 = ORIENTED_EDGE('',*,*,#5138,.F.);
#5138 = EDGE_CURVE('',#5139,#5139,#5141,.T.);
#5139 = VERTEX_POINT('',#5140);
#5140 = CARTESIAN_POINT('',(2.9,16.,5.45));
#5141 = SURFACE_CURVE('',#5142,(#5147,#5154),.PCURVE_S1.);
#5142 = CIRCLE('',#5143,2.9);
#5143 = AXIS2_PLACEMENT_3D('',#5144,#5145,#5146);
#5144 = CARTESIAN_POINT('',(0.,16.,5.45));
#5145 = DIRECTION('',(0.,0.,1.));
#5146 = DIRECTION('',(1.,0.,-0.));
#5147 = PCURVE('',#3873,#5148);
#5148 = DEFINITIONAL_REPRESENTATION('',(#5149),#5153);
#5149 = CIRCLE('',#5150,2.9);
#5150 = AXIS2_PLACEMENT_2D('',#5151,#5152);
#5151 = CARTESIAN_POINT('',(-1.853458011005E-16,0.));
#5152 = DIRECTION('',(1.,0.));
#5153 = ( GEOMETRIC_REPRESENTATION_CONTEXT(2) 
PARAMETRIC_REPRESENTATION_CONTEXT() REPRESENTATION_CONTEXT('2D SPACE',''
  ) );
#5154 = PCURVE('',#5155,#5160);
#5155 = CYLINDRICAL_SURFACE('',#5156,2.9);
#5156 = AXIS2_PLACEMENT_3D('',#5157,#5158,#5159);
#5157 = CARTESIAN_POINT('',(0.,16.,-0.1));
#5158 = DIRECTION('',(0.,0.,1.));
#5159 = DIRECTION('',(1.,0.,-0.));
#5160 = DEFINITIONAL_REPRESENTATION('',(#5161),#5165);
#5161 = LINE('',#5162,#5163);
#5162 = CARTESIAN_POINT('',(0.,5.55));
#5163 = VECTOR('',#5164,1.);
#5164 = DIRECTION('',(1.,0.));
#5165 = ( GEOMETRIC_REPRESENTATION_CONTEXT(2) 
PARAMETRIC_REPRESENTATION_CONTEXT() REPRESENTATION_CONTEXT('2D SPACE',''
  ) );
#5166 = ADVANCED_FACE('',(#5167,#5173),#4242,.F.);
#5167 = FACE_BOUND('',#5168,.F.);
#5168 = EDGE_LOOP('',(#5169,#5170,#5171,#5172));
#5169 = ORIENTED_EDGE('',*,*,#4228,.F.);
#5170 = ORIENTED_EDGE('',*,*,#4308,.T.);
#5171 = ORIENTED_EDGE('',*,*,#4358,.T.);
#5172 = ORIENTED_EDGE('',*,*,#4259,.F.);
#5173 = FACE_BOUND('',#5174,.F.);
#5174 = EDGE_LOOP('',(#5175));
#5175 = ORIENTED_EDGE('',*,*,#5176,.F.);
#5176 = EDGE_CURVE('',#5177,#5177,#5179,.T.);
#5177 = VERTEX_POINT('',#5178);
#5178 = CARTESIAN_POINT('',(2.9,-16.,3.05));
#5179 = SURFACE_CURVE('',#5180,(#5185,#5192),.PCURVE_S1.);
#5180 = CIRCLE('',#5181,2.9);
#5181 = AXIS2_PLACEMENT_3D('',#5182,#5183,#5184);
#5182 = CARTESIAN_POINT('',(0.,-16.,3.05));
#5183 = DIRECTION('',(0.,0.,1.));
#5184 = DIRECTION('',(1.,0.,-0.));
#5185 = PCURVE('',#4242,#5186);
#5186 = DEFINITIONAL_REPRESENTATION('',(#5187),#5191);
#5187 = CIRCLE('',#5188,2.9);
#5188 = AXIS2_PLACEMENT_2D('',#5189,#5190);
#5189 = CARTESIAN_POINT('',(6.125,6.125));
#5190 = DIRECTION('',(1.,0.));
#5191 = ( GEOMETRIC_REPRESENTATION_CONTEXT(2) 
PARAMETRIC_REPRESENTATION_CONTEXT() REPRESENTATION_CONTEXT('2D SPACE',''
  ) );
#5192 = PCURVE('',#5078,#5193);
#5193 = DEFINITIONAL_REPRESENTATION('',(#5194),#5198);
#5194 = LINE('',#5195,#5196);
#5195 = CARTESIAN_POINT('',(0.,3.15));
#5196 = VECTOR('',#5197,1.);
#5197 = DIRECTION('',(1.,0.));
#5198 = ( GEOMETRIC_REPRESENTATION_CONTEXT(2) 
PARAMETRIC_REPRESENTATION_CONTEXT() REPRESENTATION_CONTEXT('2D SPACE',''
  ) );
#5199 = ADVANCED_FACE('',(#5200),#4616,.F.);
#5200 = FACE_BOUND('',#5201,.F.);
#5201 = EDGE_LOOP('',(#5202));
#5202 = ORIENTED_EDGE('',*,*,#4601,.T.);
#5203 = ADVANCED_FACE('',(#5204),#4781,.F.);
#5204 = FACE_BOUND('',#5205,.F.);
#5205 = EDGE_LOOP('',(#5206,#5207));
#5206 = ORIENTED_EDGE('',*,*,#4824,.T.);
#5207 = ORIENTED_EDGE('',*,*,#4764,.T.);
#5208 = ADVANCED_FACE('',(#5209,#5215),#4913,.F.);
#5209 = FACE_BOUND('',#5210,.F.);
#5210 = EDGE_LOOP('',(#5211,#5212,#5213,#5214));
#5211 = ORIENTED_EDGE('',*,*,#4899,.F.);
#5212 = ORIENTED_EDGE('',*,*,#4979,.T.);
#5213 = ORIENTED_EDGE('',*,*,#5029,.T.);
#5214 = ORIENTED_EDGE('',*,*,#4930,.F.);
#5215 = FACE_BOUND('',#5216,.F.);
#5216 = EDGE_LOOP('',(#5217));
#5217 = ORIENTED_EDGE('',*,*,#5218,.F.);
#5218 = EDGE_CURVE('',#5219,#5219,#5221,.T.);
#5219 = VERTEX_POINT('',#5220);
#5220 = CARTESIAN_POINT('',(2.9,16.,3.05));
#5221 = SURFACE_CURVE('',#5222,(#5227,#5234),.PCURVE_S1.);
#5222 = CIRCLE('',#5223,2.9);
#5223 = AXIS2_PLACEMENT_3D('',#5224,#5225,#5226);
#5224 = CARTESIAN_POINT('',(0.,16.,3.05));
#5225 = DIRECTION('',(0.,0.,1.));
#5226 = DIRECTION('',(1.,0.,-0.));
#5227 = PCURVE('',#4913,#5228);
#5228 = DEFINITIONAL_REPRESENTATION('',(#5229),#5233);
#5229 = CIRCLE('',#5230,2.9);
#5230 = AXIS2_PLACEMENT_2D('',#5231,#5232);
#5231 = CARTESIAN_POINT('',(6.125,6.125));
#5232 = DIRECTION('',(1.,0.));
#5233 = ( GEOMETRIC_REPRESENTATION_CONTEXT(2) 
PARAMETRIC_REPRESENTATION_CONTEXT() REPRESENTATION_CONTEXT('2D SPACE',''
  ) );
#5234 = PCURVE('',#5155,#5235);
#5235 = DEFINITIONAL_REPRESENTATION('',(#5236),#5240);
#5236 = LINE('',#5237,#5238);
#5237 = CARTESIAN_POINT('',(0.,3.15));
#5238 = VECTOR('',#5239,1.);
#5239 = DIRECTION('',(1.,0.));
#5240 = ( GEOMETRIC_REPRESENTATION_CONTEXT(2) 
PARAMETRIC_REPRESENTATION_CONTEXT() REPRESENTATION_CONTEXT('2D SPACE',''
  ) );
#5241 = ADVANCED_FACE('',(#5242),#5078,.F.);
#5242 = FACE_BOUND('',#5243,.F.);
#5243 = EDGE_LOOP('',(#5244,#5245,#5266,#5267));
#5244 = ORIENTED_EDGE('',*,*,#5061,.F.);
#5245 = ORIENTED_EDGE('',*,*,#5246,.F.);
#5246 = EDGE_CURVE('',#5177,#5062,#5247,.T.);
#5247 = SEAM_CURVE('',#5248,(#5252,#5259),.PCURVE_S1.);
#5248 = LINE('',#5249,#5250);
#5249 = CARTESIAN_POINT('',(2.9,-16.,-0.1));
#5250 = VECTOR('',#5251,1.);
#5251 = DIRECTION('',(0.,0.,1.));
#5252 = PCURVE('',#5078,#5253);
#5253 = DEFINITIONAL_REPRESENTATION('',(#5254),#5258);
#5254 = LINE('',#5255,#5256);
#5255 = CARTESIAN_POINT('',(6.28318530718,-0.));
#5256 = VECTOR('',#5257,1.);
#5257 = DIRECTION('',(0.,1.));
#5258 = ( GEOMETRIC_REPRESENTATION_CONTEXT(2) 
PARAMETRIC_REPRESENTATION_CONTEXT() REPRESENTATION_CONTEXT('2D SPACE',''
  ) );
#5259 = PCURVE('',#5078,#5260);
#5260 = DEFINITIONAL_REPRESENTATION('',(#5261),#5265);
#5261 = LINE('',#5262,#5263);
#5262 = CARTESIAN_POINT('',(0.,-0.));
#5263 = VECTOR('',#5264,1.);
#5264 = DIRECTION('',(0.,1.));
#5265 = ( GEOMETRIC_REPRESENTATION_CONTEXT(2) 
PARAMETRIC_REPRESENTATION_CONTEXT() REPRESENTATION_CONTEXT('2D SPACE',''
  ) );
#5266 = ORIENTED_EDGE('',*,*,#5176,.T.);
#5267 = ORIENTED_EDGE('',*,*,#5246,.T.);
#5268 = ADVANCED_FACE('',(#5269),#5155,.F.);
#5269 = FACE_BOUND('',#5270,.F.);
#5270 = EDGE_LOOP('',(#5271,#5272,#5293,#5294));
#5271 = ORIENTED_EDGE('',*,*,#5138,.F.);
#5272 = ORIENTED_EDGE('',*,*,#5273,.F.);
#5273 = EDGE_CURVE('',#5219,#5139,#5274,.T.);
#5274 = SEAM_CURVE('',#5275,(#5279,#5286),.PCURVE_S1.);
#5275 = LINE('',#5276,#5277);
#5276 = CARTESIAN_POINT('',(2.9,16.,-0.1));
#5277 = VECTOR('',#5278,1.);
#5278 = DIRECTION('',(0.,0.,1.));
#5279 = PCURVE('',#5155,#5280);
#5280 = DEFINITIONAL_REPRESENTATION('',(#5281),#5285);
#5281 = LINE('',#5282,#5283);
#5282 = CARTESIAN_POINT('',(6.28318530718,-0.));
#5283 = VECTOR('',#5284,1.);
#5284 = DIRECTION('',(0.,1.));
#5285 = ( GEOMETRIC_REPRESENTATION_CONTEXT(2) 
PARAMETRIC_REPRESENTATION_CONTEXT() REPRESENTATION_CONTEXT('2D SPACE',''
  ) );
#5286 = PCURVE('',#5155,#5287);
#5287 = DEFINITIONAL_REPRESENTATION('',(#5288),#5292);
#5288 = LINE('',#5289,#5290);
#5289 = CARTESIAN_POINT('',(0.,-0.));
#5290 = VECTOR('',#5291,1.);
#5291 = DIRECTION('',(0.,1.));
#5292 = ( GEOMETRIC_REPRESENTATION_CONTEXT(2) 
PARAMETRIC_REPRESENTATION_CONTEXT() REPRESENTATION_CONTEXT('2D SPACE',''
  ) );
#5293 = ORIENTED_EDGE('',*,*,#5218,.T.);
#5294 = ORIENTED_EDGE('',*,*,#5273,.T.);
#5295 = ( GEOMETRIC_REPRESENTATION_CONTEXT(3) 
GLOBAL_UNCERTAINTY_ASSIGNED_CONTEXT((#5299)) 
GLOBAL_UNIT_ASSIGNED_CONTEXT((#5296,#5297,#5298)) REPRESENTATION_CONTEXT
('Context #1','3D Context with UNIT and UNCERTAINTY') );
#5296 = ( LENGTH_UNIT() NAMED_UNIT(*) SI_UNIT(.MILLI.,.METRE.) );
#5297 = ( NAMED_UNIT(*) PLANE_ANGLE_UNIT() SI_UNIT($,.RADIAN.) );
#5298 = ( NAMED_UNIT(*) SI_UNIT($,.STERADIAN.) SOLID_ANGLE_UNIT() );
#5299 = UNCERTAINTY_MEASURE_WITH_UNIT(LENGTH_MEASURE(1.E-07),#5296,
  'distance_accuracy_value','confusion accuracy');
#5300 = CONTEXT_DEPENDENT_SHAPE_REPRESENTATION(#5301,#5303);
#5301 = ( REPRESENTATION_RELATIONSHIP('','',#116,#10) 
REPRESENTATION_RELATIONSHIP_WITH_TRANSFORMATION(#5302) 
SHAPE_REPRESENTATION_RELATIONSHIP() );
#5302 = ITEM_DEFINED_TRANSFORMATION('','',#11,#15);
#5303 = PRODUCT_DEFINITION_SHAPE('Placement','Placement of an item',
  #5304);
#5304 = NEXT_ASSEMBLY_USAGE_OCCURRENCE('1','common_tool_plate','',#5,
  #111,$);
#5305 = PRODUCT_RELATED_PRODUCT_CATEGORY('part',$,(#113));
#5306 = SHAPE_DEFINITION_REPRESENTATION(#5307,#5313);
#5307 = PRODUCT_DEFINITION_SHAPE('','',#5308);
#5308 = PRODUCT_DEFINITION('design','',#5309,#5312);
#5309 = PRODUCT_DEFINITION_FORMATION('','',#5310);
#5310 = PRODUCT('target_1_MC-12-12-03','target_1_MC-12-12-03','',(#5311)
  );
#5311 = PRODUCT_CONTEXT('',#2,'mechanical');
#5312 = PRODUCT_DEFINITION_CONTEXT('part definition',#2,'design');
#5313 = ADVANCED_BREP_SHAPE_REPRESENTATION('',(#11,#5314),#5728);
#5314 = MANIFOLD_SOLID_BREP('',#5315);
#5315 = CLOSED_SHELL('',(#5316,#5436,#5512,#5592,#5641,#5694,#5701));
#5316 = ADVANCED_FACE('',(#5317),#5331,.F.);
#5317 = FACE_BOUND('',#5318,.F.);
#5318 = EDGE_LOOP('',(#5319,#5354,#5382,#5410));
#5319 = ORIENTED_EDGE('',*,*,#5320,.F.);
#5320 = EDGE_CURVE('',#5321,#5323,#5325,.T.);
#5321 = VERTEX_POINT('',#5322);
#5322 = CARTESIAN_POINT('',(-6.,-22.,0.));
#5323 = VERTEX_POINT('',#5324);
#5324 = CARTESIAN_POINT('',(-6.,-22.,3.));
#5325 = SURFACE_CURVE('',#5326,(#5330,#5342),.PCURVE_S1.);
#5326 = LINE('',#5327,#5328);
#5327 = CARTESIAN_POINT('',(-6.,-22.,0.));
#5328 = VECTOR('',#5329,1.);
#5329 = DIRECTION('',(0.,0.,1.));
#5330 = PCURVE('',#5331,#5336);
#5331 = PLANE('',#5332);
#5332 = AXIS2_PLACEMENT_3D('',#5333,#5334,#5335);
#5333 = CARTESIAN_POINT('',(-6.,-22.,0.));
#5334 = DIRECTION('',(1.,0.,0.));
#5335 = DIRECTION('',(0.,0.,1.));
#5336 = DEFINITIONAL_REPRESENTATION('',(#5337),#5341);
#5337 = LINE('',#5338,#5339);
#5338 = CARTESIAN_POINT('',(0.,0.));
#5339 = VECTOR('',#5340,1.);
#5340 = DIRECTION('',(1.,0.));
#5341 = ( GEOMETRIC_REPRESENTATION_CONTEXT(2) 
PARAMETRIC_REPRESENTATION_CONTEXT() REPRESENTATION_CONTEXT('2D SPACE',''
  ) );
#5342 = PCURVE('',#5343,#5348);
#5343 = PLANE('',#5344);
#5344 = AXIS2_PLACEMENT_3D('',#5345,#5346,#5347);
#5345 = CARTESIAN_POINT('',(-6.,-22.,0.));
#5346 = DIRECTION('',(0.,1.,0.));
#5347 = DIRECTION('',(0.,0.,1.));
#5348 = DEFINITIONAL_REPRESENTATION('',(#5349),#5353);
#5349 = LINE('',#5350,#5351);
#5350 = CARTESIAN_POINT('',(0.,0.));
#5351 = VECTOR('',#5352,1.);
#5352 = DIRECTION('',(1.,0.));
#5353 = ( GEOMETRIC_REPRESENTATION_CONTEXT(2) 
PARAMETRIC_REPRESENTATION_CONTEXT() REPRESENTATION_CONTEXT('2D SPACE',''
  ) );
#5354 = ORIENTED_EDGE('',*,*,#5355,.T.);
#5355 = EDGE_CURVE('',#5321,#5356,#5358,.T.);
#5356 = VERTEX_POINT('',#5357);
#5357 = CARTESIAN_POINT('',(-6.,-10.,0.));
#5358 = SURFACE_CURVE('',#5359,(#5363,#5370),.PCURVE_S1.);
#5359 = LINE('',#5360,#5361);
#5360 = CARTESIAN_POINT('',(-6.,-22.,0.));
#5361 = VECTOR('',#5362,1.);
#5362 = DIRECTION('',(0.,1.,0.));
#5363 = PCURVE('',#5331,#5364);
#5364 = DEFINITIONAL_REPRESENTATION('',(#5365),#5369);
#5365 = LINE('',#5366,#5367);
#5366 = CARTESIAN_POINT('',(0.,0.));
#5367 = VECTOR('',#5368,1.);
#5368 = DIRECTION('',(0.,-1.));
#5369 = ( GEOMETRIC_REPRESENTATION_CONTEXT(2) 
PARAMETRIC_REPRESENTATION_CONTEXT() REPRESENTATION_CONTEXT('2D SPACE',''
  ) );
#5370 = PCURVE('',#5371,#5376);
#5371 = PLANE('',#5372);
#5372 = AXIS2_PLACEMENT_3D('',#5373,#5374,#5375);
#5373 = CARTESIAN_POINT('',(-6.,-22.,0.));
#5374 = DIRECTION('',(0.,0.,1.));
#5375 = DIRECTION('',(1.,0.,0.));
#5376 = DEFINITIONAL_REPRESENTATION('',(#5377),#5381);
#5377 = LINE('',#5378,#5379);
#5378 = CARTESIAN_POINT('',(0.,0.));
#5379 = VECTOR('',#5380,1.);
#5380 = DIRECTION('',(0.,1.));
#5381 = ( GEOMETRIC_REPRESENTATION_CONTEXT(2) 
PARAMETRIC_REPRESENTATION_CONTEXT() REPRESENTATION_CONTEXT('2D SPACE',''
  ) );
#5382 = ORIENTED_EDGE('',*,*,#5383,.T.);
#5383 = EDGE_CURVE('',#5356,#5384,#5386,.T.);
#5384 = VERTEX_POINT('',#5385);
#5385 = CARTESIAN_POINT('',(-6.,-10.,3.));
#5386 = SURFACE_CURVE('',#5387,(#5391,#5398),.PCURVE_S1.);
#5387 = LINE('',#5388,#5389);
#5388 = CARTESIAN_POINT('',(-6.,-10.,0.));
#5389 = VECTOR('',#5390,1.);
#5390 = DIRECTION('',(0.,0.,1.));
#5391 = PCURVE('',#5331,#5392);
#5392 = DEFINITIONAL_REPRESENTATION('',(#5393),#5397);
#5393 = LINE('',#5394,#5395);
#5394 = CARTESIAN_POINT('',(0.,-12.));
#5395 = VECTOR('',#5396,1.);
#5396 = DIRECTION('',(1.,0.));
#5397 = ( GEOMETRIC_REPRESENTATION_CONTEXT(2) 
PARAMETRIC_REPRESENTATION_CONTEXT() REPRESENTATION_CONTEXT('2D SPACE',''
  ) );
#5398 = PCURVE('',#5399,#5404);
#5399 = PLANE('',#5400);
#5400 = AXIS2_PLACEMENT_3D('',#5401,#5402,#5403);
#5401 = CARTESIAN_POINT('',(-6.,-10.,0.));
#5402 = DIRECTION('',(0.,1.,0.));
#5403 = DIRECTION('',(0.,0.,1.));
#5404 = DEFINITIONAL_REPRESENTATION('',(#5405),#5409);
#5405 = LINE('',#5406,#5407);
#5406 = CARTESIAN_POINT('',(0.,0.));
#5407 = VECTOR('',#5408,1.);
#5408 = DIRECTION('',(1.,0.));
#5409 = ( GEOMETRIC_REPRESENTATION_CONTEXT(2) 
PARAMETRIC_REPRESENTATION_CONTEXT() REPRESENTATION_CONTEXT('2D SPACE',''
  ) );
#5410 = ORIENTED_EDGE('',*,*,#5411,.F.);
#5411 = EDGE_CURVE('',#5323,#5384,#5412,.T.);
#5412 = SURFACE_CURVE('',#5413,(#5417,#5424),.PCURVE_S1.);
#5413 = LINE('',#5414,#5415);
#5414 = CARTESIAN_POINT('',(-6.,-22.,3.));
#5415 = VECTOR('',#5416,1.);
#5416 = DIRECTION('',(0.,1.,0.));
#5417 = PCURVE('',#5331,#5418);
#5418 = DEFINITIONAL_REPRESENTATION('',(#5419),#5423);
#5419 = LINE('',#5420,#5421);
#5420 = CARTESIAN_POINT('',(3.,0.));
#5421 = VECTOR('',#5422,1.);
#5422 = DIRECTION('',(0.,-1.));
#5423 = ( GEOMETRIC_REPRESENTATION_CONTEXT(2) 
PARAMETRIC_REPRESENTATION_CONTEXT() REPRESENTATION_CONTEXT('2D SPACE',''
  ) );
#5424 = PCURVE('',#5425,#5430);
#5425 = PLANE('',#5426);
#5426 = AXIS2_PLACEMENT_3D('',#5427,#5428,#5429);
#5427 = CARTESIAN_POINT('',(-6.,-22.,3.));
#5428 = DIRECTION('',(0.,0.,1.));
#5429 = DIRECTION('',(1.,0.,0.));
#5430 = DEFINITIONAL_REPRESENTATION('',(#5431),#5435);
#5431 = LINE('',#5432,#5433);
#5432 = CARTESIAN_POINT('',(0.,0.));
#5433 = VECTOR('',#5434,1.);
#5434 = DIRECTION('',(0.,1.));
#5435 = ( GEOMETRIC_REPRESENTATION_CONTEXT(2) 
PARAMETRIC_REPRESENTATION_CONTEXT() REPRESENTATION_CONTEXT('2D SPACE',''
  ) );
#5436 = ADVANCED_FACE('',(#5437),#5343,.F.);
#5437 = FACE_BOUND('',#5438,.F.);
#5438 = EDGE_LOOP('',(#5439,#5462,#5463,#5486));
#5439 = ORIENTED_EDGE('',*,*,#5440,.F.);
#5440 = EDGE_CURVE('',#5321,#5441,#5443,.T.);
#5441 = VERTEX_POINT('',#5442);
#5442 = CARTESIAN_POINT('',(6.,-22.,0.));
#5443 = SURFACE_CURVE('',#5444,(#5448,#5455),.PCURVE_S1.);
#5444 = LINE('',#5445,#5446);
#5445 = CARTESIAN_POINT('',(-6.,-22.,0.));
#5446 = VECTOR('',#5447,1.);
#5447 = DIRECTION('',(1.,0.,0.));
#5448 = PCURVE('',#5343,#5449);
#5449 = DEFINITIONAL_REPRESENTATION('',(#5450),#5454);
#5450 = LINE('',#5451,#5452);
#5451 = CARTESIAN_POINT('',(0.,0.));
#5452 = VECTOR('',#5453,1.);
#5453 = DIRECTION('',(0.,1.));
#5454 = ( GEOMETRIC_REPRESENTATION_CONTEXT(2) 
PARAMETRIC_REPRESENTATION_CONTEXT() REPRESENTATION_CONTEXT('2D SPACE',''
  ) );
#5455 = PCURVE('',#5371,#5456);
#5456 = DEFINITIONAL_REPRESENTATION('',(#5457),#5461);
#5457 = LINE('',#5458,#5459);
#5458 = CARTESIAN_POINT('',(0.,0.));
#5459 = VECTOR('',#5460,1.);
#5460 = DIRECTION('',(1.,0.));
#5461 = ( GEOMETRIC_REPRESENTATION_CONTEXT(2) 
PARAMETRIC_REPRESENTATION_CONTEXT() REPRESENTATION_CONTEXT('2D SPACE',''
  ) );
#5462 = ORIENTED_EDGE('',*,*,#5320,.T.);
#5463 = ORIENTED_EDGE('',*,*,#5464,.T.);
#5464 = EDGE_CURVE('',#5323,#5465,#5467,.T.);
#5465 = VERTEX_POINT('',#5466);
#5466 = CARTESIAN_POINT('',(6.,-22.,3.));
#5467 = SURFACE_CURVE('',#5468,(#5472,#5479),.PCURVE_S1.);
#5468 = LINE('',#5469,#5470);
#5469 = CARTESIAN_POINT('',(-6.,-22.,3.));
#5470 = VECTOR('',#5471,1.);
#5471 = DIRECTION('',(1.,0.,0.));
#5472 = PCURVE('',#5343,#5473);
#5473 = DEFINITIONAL_REPRESENTATION('',(#5474),#5478);
#5474 = LINE('',#5475,#5476);
#5475 = CARTESIAN_POINT('',(3.,0.));
#5476 = VECTOR('',#5477,1.);
#5477 = DIRECTION('',(0.,1.));
#5478 = ( GEOMETRIC_REPRESENTATION_CONTEXT(2) 
PARAMETRIC_REPRESENTATION_CONTEXT() REPRESENTATION_CONTEXT('2D SPACE',''
  ) );
#5479 = PCURVE('',#5425,#5480);
#5480 = DEFINITIONAL_REPRESENTATION('',(#5481),#5485);
#5481 = LINE('',#5482,#5483);
#5482 = CARTESIAN_POINT('',(0.,0.));
#5483 = VECTOR('',#5484,1.);
#5484 = DIRECTION('',(1.,0.));
#5485 = ( GEOMETRIC_REPRESENTATION_CONTEXT(2) 
PARAMETRIC_REPRESENTATION_CONTEXT() REPRESENTATION_CONTEXT('2D SPACE',''
  ) );
#5486 = ORIENTED_EDGE('',*,*,#5487,.F.);
#5487 = EDGE_CURVE('',#5441,#5465,#5488,.T.);
#5488 = SURFACE_CURVE('',#5489,(#5493,#5500),.PCURVE_S1.);
#5489 = LINE('',#5490,#5491);
#5490 = CARTESIAN_POINT('',(6.,-22.,0.));
#5491 = VECTOR('',#5492,1.);
#5492 = DIRECTION('',(0.,0.,1.));
#5493 = PCURVE('',#5343,#5494);
#5494 = DEFINITIONAL_REPRESENTATION('',(#5495),#5499);
#5495 = LINE('',#5496,#5497);
#5496 = CARTESIAN_POINT('',(0.,12.));
#5497 = VECTOR('',#5498,1.);
#5498 = DIRECTION('',(1.,0.));
#5499 = ( GEOMETRIC_REPRESENTATION_CONTEXT(2) 
PARAMETRIC_REPRESENTATION_CONTEXT() REPRESENTATION_CONTEXT('2D SPACE',''
  ) );
#5500 = PCURVE('',#5501,#5506);
#5501 = PLANE('',#5502);
#5502 = AXIS2_PLACEMENT_3D('',#5503,#5504,#5505);
#5503 = CARTESIAN_POINT('',(6.,-22.,0.));
#5504 = DIRECTION('',(1.,0.,0.));
#5505 = DIRECTION('',(0.,0.,1.));
#5506 = DEFINITIONAL_REPRESENTATION('',(#5507),#5511);
#5507 = LINE('',#5508,#5509);
#5508 = CARTESIAN_POINT('',(0.,0.));
#5509 = VECTOR('',#5510,1.);
#5510 = DIRECTION('',(1.,0.));
#5511 = ( GEOMETRIC_REPRESENTATION_CONTEXT(2) 
PARAMETRIC_REPRESENTATION_CONTEXT() REPRESENTATION_CONTEXT('2D SPACE',''
  ) );
#5512 = ADVANCED_FACE('',(#5513,#5561),#5425,.T.);
#5513 = FACE_BOUND('',#5514,.T.);
#5514 = EDGE_LOOP('',(#5515,#5516,#5517,#5540));
#5515 = ORIENTED_EDGE('',*,*,#5411,.F.);
#5516 = ORIENTED_EDGE('',*,*,#5464,.T.);
#5517 = ORIENTED_EDGE('',*,*,#5518,.T.);
#5518 = EDGE_CURVE('',#5465,#5519,#5521,.T.);
#5519 = VERTEX_POINT('',#5520);
#5520 = CARTESIAN_POINT('',(6.,-10.,3.));
#5521 = SURFACE_CURVE('',#5522,(#5526,#5533),.PCURVE_S1.);
#5522 = LINE('',#5523,#5524);
#5523 = CARTESIAN_POINT('',(6.,-22.,3.));
#5524 = VECTOR('',#5525,1.);
#5525 = DIRECTION('',(0.,1.,0.));
#5526 = PCURVE('',#5425,#5527);
#5527 = DEFINITIONAL_REPRESENTATION('',(#5528),#5532);
#5528 = LINE('',#5529,#5530);
#5529 = CARTESIAN_POINT('',(12.,0.));
#5530 = VECTOR('',#5531,1.);
#5531 = DIRECTION('',(0.,1.));
#5532 = ( GEOMETRIC_REPRESENTATION_CONTEXT(2) 
PARAMETRIC_REPRESENTATION_CONTEXT() REPRESENTATION_CONTEXT('2D SPACE',''
  ) );
#5533 = PCURVE('',#5501,#5534);
#5534 = DEFINITIONAL_REPRESENTATION('',(#5535),#5539);
#5535 = LINE('',#5536,#5537);
#5536 = CARTESIAN_POINT('',(3.,0.));
#5537 = VECTOR('',#5538,1.);
#5538 = DIRECTION('',(0.,-1.));
#5539 = ( GEOMETRIC_REPRESENTATION_CONTEXT(2) 
PARAMETRIC_REPRESENTATION_CONTEXT() REPRESENTATION_CONTEXT('2D SPACE',''
  ) );
#5540 = ORIENTED_EDGE('',*,*,#5541,.F.);
#5541 = EDGE_CURVE('',#5384,#5519,#5542,.T.);
#5542 = SURFACE_CURVE('',#5543,(#5547,#5554),.PCURVE_S1.);
#5543 = LINE('',#5544,#5545);
#5544 = CARTESIAN_POINT('',(-6.,-10.,3.));
#5545 = VECTOR('',#5546,1.);
#5546 = DIRECTION('',(1.,0.,0.));
#5547 = PCURVE('',#5425,#5548);
#5548 = DEFINITIONAL_REPRESENTATION('',(#5549),#5553);
#5549 = LINE('',#5550,#5551);
#5550 = CARTESIAN_POINT('',(0.,12.));
#5551 = VECTOR('',#5552,1.);
#5552 = DIRECTION('',(1.,0.));
#5553 = ( GEOMETRIC_REPRESENTATION_CONTEXT(2) 
PARAMETRIC_REPRESENTATION_CONTEXT() REPRESENTATION_CONTEXT('2D SPACE',''
  ) );
#5554 = PCURVE('',#5399,#5555);
#5555 = DEFINITIONAL_REPRESENTATION('',(#5556),#5560);
#5556 = LINE('',#5557,#5558);
#5557 = CARTESIAN_POINT('',(3.,0.));
#5558 = VECTOR('',#5559,1.);
#5559 = DIRECTION('',(0.,1.));
#5560 = ( GEOMETRIC_REPRESENTATION_CONTEXT(2) 
PARAMETRIC_REPRESENTATION_CONTEXT() REPRESENTATION_CONTEXT('2D SPACE',''
  ) );
#5561 = FACE_BOUND('',#5562,.T.);
#5562 = EDGE_LOOP('',(#5563));
#5563 = ORIENTED_EDGE('',*,*,#5564,.F.);
#5564 = EDGE_CURVE('',#5565,#5565,#5567,.T.);
#5565 = VERTEX_POINT('',#5566);
#5566 = CARTESIAN_POINT('',(2.85,-16.,3.));
#5567 = SURFACE_CURVE('',#5568,(#5573,#5580),.PCURVE_S1.);
#5568 = CIRCLE('',#5569,2.85);
#5569 = AXIS2_PLACEMENT_3D('',#5570,#5571,#5572);
#5570 = CARTESIAN_POINT('',(0.,-16.,3.));
#5571 = DIRECTION('',(0.,0.,1.));
#5572 = DIRECTION('',(1.,0.,-0.));
#5573 = PCURVE('',#5425,#5574);
#5574 = DEFINITIONAL_REPRESENTATION('',(#5575),#5579);
#5575 = CIRCLE('',#5576,2.85);
#5576 = AXIS2_PLACEMENT_2D('',#5577,#5578);
#5577 = CARTESIAN_POINT('',(6.,6.));
#5578 = DIRECTION('',(1.,0.));
#5579 = ( GEOMETRIC_REPRESENTATION_CONTEXT(2) 
PARAMETRIC_REPRESENTATION_CONTEXT() REPRESENTATION_CONTEXT('2D SPACE',''
  ) );
#5580 = PCURVE('',#5581,#5586);
#5581 = CONICAL_SURFACE('',#5582,5.85,0.777133888738);
#5582 = AXIS2_PLACEMENT_3D('',#5583,#5584,#5585);
#5583 = CARTESIAN_POINT('',(0.,-16.,-5.E-02));
#5584 = DIRECTION('',(-0.,-0.,-1.));
#5585 = DIRECTION('',(1.,0.,-0.));
#5586 = DEFINITIONAL_REPRESENTATION('',(#5587),#5591);
#5587 = LINE('',#5588,#5589);
#5588 = CARTESIAN_POINT('',(-0.,-3.05));
#5589 = VECTOR('',#5590,1.);
#5590 = DIRECTION('',(-1.,-0.));
#5591 = ( GEOMETRIC_REPRESENTATION_CONTEXT(2) 
PARAMETRIC_REPRESENTATION_CONTEXT() REPRESENTATION_CONTEXT('2D SPACE',''
  ) );
#5592 = ADVANCED_FACE('',(#5593),#5399,.T.);
#5593 = FACE_BOUND('',#5594,.T.);
#5594 = EDGE_LOOP('',(#5595,#5618,#5619,#5620));
#5595 = ORIENTED_EDGE('',*,*,#5596,.F.);
#5596 = EDGE_CURVE('',#5356,#5597,#5599,.T.);
#5597 = VERTEX_POINT('',#5598);
#5598 = CARTESIAN_POINT('',(6.,-10.,0.));
#5599 = SURFACE_CURVE('',#5600,(#5604,#5611),.PCURVE_S1.);
#5600 = LINE('',#5601,#5602);
#5601 = CARTESIAN_POINT('',(-6.,-10.,0.));
#5602 = VECTOR('',#5603,1.);
#5603 = DIRECTION('',(1.,0.,0.));
#5604 = PCURVE('',#5399,#5605);
#5605 = DEFINITIONAL_REPRESENTATION('',(#5606),#5610);
#5606 = LINE('',#5607,#5608);
#5607 = CARTESIAN_POINT('',(0.,0.));
#5608 = VECTOR('',#5609,1.);
#5609 = DIRECTION('',(0.,1.));
#5610 = ( GEOMETRIC_REPRESENTATION_CONTEXT(2) 
PARAMETRIC_REPRESENTATION_CONTEXT() REPRESENTATION_CONTEXT('2D SPACE',''
  ) );
#5611 = PCURVE('',#5371,#5612);
#5612 = DEFINITIONAL_REPRESENTATION('',(#5613),#5617);
#5613 = LINE('',#5614,#5615);
#5614 = CARTESIAN_POINT('',(0.,12.));
#5615 = VECTOR('',#5616,1.);
#5616 = DIRECTION('',(1.,0.));
#5617 = ( GEOMETRIC_REPRESENTATION_CONTEXT(2) 
PARAMETRIC_REPRESENTATION_CONTEXT() REPRESENTATION_CONTEXT('2D SPACE',''
  ) );
#5618 = ORIENTED_EDGE('',*,*,#5383,.T.);
#5619 = ORIENTED_EDGE('',*,*,#5541,.T.);
#5620 = ORIENTED_EDGE('',*,*,#5621,.F.);
#5621 = EDGE_CURVE('',#5597,#5519,#5622,.T.);
#5622 = SURFACE_CURVE('',#5623,(#5627,#5634),.PCURVE_S1.);
#5623 = LINE('',#5624,#5625);
#5624 = CARTESIAN_POINT('',(6.,-10.,0.));
#5625 = VECTOR('',#5626,1.);
#5626 = DIRECTION('',(0.,0.,1.));
#5627 = PCURVE('',#5399,#5628);
#5628 = DEFINITIONAL_REPRESENTATION('',(#5629),#5633);
#5629 = LINE('',#5630,#5631);
#5630 = CARTESIAN_POINT('',(0.,12.));
#5631 = VECTOR('',#5632,1.);
#5632 = DIRECTION('',(1.,0.));
#5633 = ( GEOMETRIC_REPRESENTATION_CONTEXT(2) 
PARAMETRIC_REPRESENTATION_CONTEXT() REPRESENTATION_CONTEXT('2D SPACE',''
  ) );
#5634 = PCURVE('',#5501,#5635);
#5635 = DEFINITIONAL_REPRESENTATION('',(#5636),#5640);
#5636 = LINE('',#5637,#5638);
#5637 = CARTESIAN_POINT('',(0.,-12.));
#5638 = VECTOR('',#5639,1.);
#5639 = DIRECTION('',(1.,0.));
#5640 = ( GEOMETRIC_REPRESENTATION_CONTEXT(2) 
PARAMETRIC_REPRESENTATION_CONTEXT() REPRESENTATION_CONTEXT('2D SPACE',''
  ) );
#5641 = ADVANCED_FACE('',(#5642,#5668),#5371,.F.);
#5642 = FACE_BOUND('',#5643,.F.);
#5643 = EDGE_LOOP('',(#5644,#5645,#5646,#5667));
#5644 = ORIENTED_EDGE('',*,*,#5355,.F.);
#5645 = ORIENTED_EDGE('',*,*,#5440,.T.);
#5646 = ORIENTED_EDGE('',*,*,#5647,.T.);
#5647 = EDGE_CURVE('',#5441,#5597,#5648,.T.);
#5648 = SURFACE_CURVE('',#5649,(#5653,#5660),.PCURVE_S1.);
#5649 = LINE('',#5650,#5651);
#5650 = CARTESIAN_POINT('',(6.,-22.,0.));
#5651 = VECTOR('',#5652,1.);
#5652 = DIRECTION('',(0.,1.,0.));
#5653 = PCURVE('',#5371,#5654);
#5654 = DEFINITIONAL_REPRESENTATION('',(#5655),#5659);
#5655 = LINE('',#5656,#5657);
#5656 = CARTESIAN_POINT('',(12.,0.));
#5657 = VECTOR('',#5658,1.);
#5658 = DIRECTION('',(0.,1.));
#5659 = ( GEOMETRIC_REPRESENTATION_CONTEXT(2) 
PARAMETRIC_REPRESENTATION_CONTEXT() REPRESENTATION_CONTEXT('2D SPACE',''
  ) );
#5660 = PCURVE('',#5501,#5661);
#5661 = DEFINITIONAL_REPRESENTATION('',(#5662),#5666);
#5662 = LINE('',#5663,#5664);
#5663 = CARTESIAN_POINT('',(0.,0.));
#5664 = VECTOR('',#5665,1.);
#5665 = DIRECTION('',(0.,-1.));
#5666 = ( GEOMETRIC_REPRESENTATION_CONTEXT(2) 
PARAMETRIC_REPRESENTATION_CONTEXT() REPRESENTATION_CONTEXT('2D SPACE',''
  ) );
#5667 = ORIENTED_EDGE('',*,*,#5596,.F.);
#5668 = FACE_BOUND('',#5669,.F.);
#5669 = EDGE_LOOP('',(#5670));
#5670 = ORIENTED_EDGE('',*,*,#5671,.F.);
#5671 = EDGE_CURVE('',#5672,#5672,#5674,.T.);
#5672 = VERTEX_POINT('',#5673);
#5673 = CARTESIAN_POINT('',(5.800819672131,-16.,6.938893903907E-18));
#5674 = SURFACE_CURVE('',#5675,(#5680,#5687),.PCURVE_S1.);
#5675 = CIRCLE('',#5676,5.800819672131);
#5676 = AXIS2_PLACEMENT_3D('',#5677,#5678,#5679);
#5677 = CARTESIAN_POINT('',(0.,-16.,0.));
#5678 = DIRECTION('',(0.,0.,1.));
#5679 = DIRECTION('',(1.,0.,-0.));
#5680 = PCURVE('',#5371,#5681);
#5681 = DEFINITIONAL_REPRESENTATION('',(#5682),#5686);
#5682 = CIRCLE('',#5683,5.800819672131);
#5683 = AXIS2_PLACEMENT_2D('',#5684,#5685);
#5684 = CARTESIAN_POINT('',(6.,6.));
#5685 = DIRECTION('',(1.,0.));
#5686 = ( GEOMETRIC_REPRESENTATION_CONTEXT(2) 
PARAMETRIC_REPRESENTATION_CONTEXT() REPRESENTATION_CONTEXT('2D SPACE',''
  ) );
#5687 = PCURVE('',#5581,#5688);
#5688 = DEFINITIONAL_REPRESENTATION('',(#5689),#5693);
#5689 = LINE('',#5690,#5691);
#5690 = CARTESIAN_POINT('',(-0.,-5.E-02));
#5691 = VECTOR('',#5692,1.);
#5692 = DIRECTION('',(-1.,-0.));
#5693 = ( GEOMETRIC_REPRESENTATION_CONTEXT(2) 
PARAMETRIC_REPRESENTATION_CONTEXT() REPRESENTATION_CONTEXT('2D SPACE',''
  ) );
#5694 = ADVANCED_FACE('',(#5695),#5501,.T.);
#5695 = FACE_BOUND('',#5696,.T.);
#5696 = EDGE_LOOP('',(#5697,#5698,#5699,#5700));
#5697 = ORIENTED_EDGE('',*,*,#5487,.F.);
#5698 = ORIENTED_EDGE('',*,*,#5647,.T.);
#5699 = ORIENTED_EDGE('',*,*,#5621,.T.);
#5700 = ORIENTED_EDGE('',*,*,#5518,.F.);
#5701 = ADVANCED_FACE('',(#5702),#5581,.F.);
#5702 = FACE_BOUND('',#5703,.F.);
#5703 = EDGE_LOOP('',(#5704,#5725,#5726,#5727));
#5704 = ORIENTED_EDGE('',*,*,#5705,.T.);
#5705 = EDGE_CURVE('',#5672,#5565,#5706,.T.);
#5706 = SEAM_CURVE('',#5707,(#5711,#5718),.PCURVE_S1.);
#5707 = LINE('',#5708,#5709);
#5708 = CARTESIAN_POINT('',(5.85,-16.,-5.E-02));
#5709 = VECTOR('',#5710,1.);
#5710 = DIRECTION('',(-0.701238976117,1.717540135078E-16,0.712926292386)
  );
#5711 = PCURVE('',#5581,#5712);
#5712 = DEFINITIONAL_REPRESENTATION('',(#5713),#5717);
#5713 = LINE('',#5714,#5715);
#5714 = CARTESIAN_POINT('',(-6.28318530718,0.));
#5715 = VECTOR('',#5716,1.);
#5716 = DIRECTION('',(-0.,-1.));
#5717 = ( GEOMETRIC_REPRESENTATION_CONTEXT(2) 
PARAMETRIC_REPRESENTATION_CONTEXT() REPRESENTATION_CONTEXT('2D SPACE',''
  ) );
#5718 = PCURVE('',#5581,#5719);
#5719 = DEFINITIONAL_REPRESENTATION('',(#5720),#5724);
#5720 = LINE('',#5721,#5722);
#5721 = CARTESIAN_POINT('',(0.,-0.));
#5722 = VECTOR('',#5723,1.);
#5723 = DIRECTION('',(-0.,-1.));
#5724 = ( GEOMETRIC_REPRESENTATION_CONTEXT(2) 
PARAMETRIC_REPRESENTATION_CONTEXT() REPRESENTATION_CONTEXT('2D SPACE',''
  ) );
#5725 = ORIENTED_EDGE('',*,*,#5564,.F.);
#5726 = ORIENTED_EDGE('',*,*,#5705,.F.);
#5727 = ORIENTED_EDGE('',*,*,#5671,.T.);
#5728 = ( GEOMETRIC_REPRESENTATION_CONTEXT(3) 
GLOBAL_UNCERTAINTY_ASSIGNED_CONTEXT((#5732)) 
GLOBAL_UNIT_ASSIGNED_CONTEXT((#5729,#5730,#5731)) REPRESENTATION_CONTEXT
('Context #1','3D Context with UNIT and UNCERTAINTY') );
#5729 = ( LENGTH_UNIT() NAMED_UNIT(*) SI_UNIT(.MILLI.,.METRE.) );
#5730 = ( NAMED_UNIT(*) PLANE_ANGLE_UNIT() SI_UNIT($,.RADIAN.) );
#5731 = ( NAMED_UNIT(*) SI_UNIT($,.STERADIAN.) SOLID_ANGLE_UNIT() );
#5732 = UNCERTAINTY_MEASURE_WITH_UNIT(LENGTH_MEASURE(1.E-07),#5729,
  'distance_accuracy_value','confusion accuracy');
#5733 = CONTEXT_DEPENDENT_SHAPE_REPRESENTATION(#5734,#5736);
#5734 = ( REPRESENTATION_RELATIONSHIP('','',#5313,#10) 
REPRESENTATION_RELATIONSHIP_WITH_TRANSFORMATION(#5735) 
SHAPE_REPRESENTATION_RELATIONSHIP() );
#5735 = ITEM_DEFINED_TRANSFORMATION('','',#11,#19);
#5736 = PRODUCT_DEFINITION_SHAPE('Placement','Placement of an item',
  #5737);
#5737 = NEXT_ASSEMBLY_USAGE_OCCURRENCE('2','target_1_MC-12-12-03','',#5,
  #5308,$);
#5738 = PRODUCT_RELATED_PRODUCT_CATEGORY('part',$,(#5310));
#5739 = SHAPE_DEFINITION_REPRESENTATION(#5740,#5746);
#5740 = PRODUCT_DEFINITION_SHAPE('','',#5741);
#5741 = PRODUCT_DEFINITION('design','',#5742,#5745);
#5742 = PRODUCT_DEFINITION_FORMATION('','',#5743);
#5743 = PRODUCT('target_screw_1_ISO10642_M5x10',
  'target_screw_1_ISO10642_M5x10','',(#5744));
#5744 = PRODUCT_CONTEXT('',#2,'mechanical');
#5745 = PRODUCT_DEFINITION_CONTEXT('part definition',#2,'design');
#5746 = ADVANCED_BREP_SHAPE_REPRESENTATION('',(#11,#5747),#5900);
#5747 = MANIFOLD_SOLID_BREP('',#5748);
#5748 = CLOSED_SHELL('',(#5749,#5837,#5892,#5896));
#5749 = ADVANCED_FACE('',(#5750),#5763,.T.);
#5750 = FACE_BOUND('',#5751,.T.);
#5751 = EDGE_LOOP('',(#5752,#5786,#5809,#5836));
#5752 = ORIENTED_EDGE('',*,*,#5753,.F.);
#5753 = EDGE_CURVE('',#5754,#5754,#5756,.T.);
#5754 = VERTEX_POINT('',#5755);
#5755 = CARTESIAN_POINT('',(2.5,-16.,2.7));
#5756 = SURFACE_CURVE('',#5757,(#5762,#5774),.PCURVE_S1.);
#5757 = CIRCLE('',#5758,2.5);
#5758 = AXIS2_PLACEMENT_3D('',#5759,#5760,#5761);
#5759 = CARTESIAN_POINT('',(0.,-16.,2.7));
#5760 = DIRECTION('',(0.,0.,1.));
#5761 = DIRECTION('',(1.,0.,-0.));
#5762 = PCURVE('',#5763,#5768);
#5763 = CONICAL_SURFACE('',#5764,5.,0.746955573376);
#5764 = AXIS2_PLACEMENT_3D('',#5765,#5766,#5767);
#5765 = CARTESIAN_POINT('',(0.,-16.,0.));
#5766 = DIRECTION('',(-0.,-0.,-1.));
#5767 = DIRECTION('',(1.,0.,-0.));
#5768 = DEFINITIONAL_REPRESENTATION('',(#5769),#5773);
#5769 = LINE('',#5770,#5771);
#5770 = CARTESIAN_POINT('',(-0.,-2.7));
#5771 = VECTOR('',#5772,1.);
#5772 = DIRECTION('',(-1.,-0.));
#5773 = ( GEOMETRIC_REPRESENTATION_CONTEXT(2) 
PARAMETRIC_REPRESENTATION_CONTEXT() REPRESENTATION_CONTEXT('2D SPACE',''
  ) );
#5774 = PCURVE('',#5775,#5780);
#5775 = CYLINDRICAL_SURFACE('',#5776,2.5);
#5776 = AXIS2_PLACEMENT_3D('',#5777,#5778,#5779);
#5777 = CARTESIAN_POINT('',(0.,-16.,2.7));
#5778 = DIRECTION('',(0.,0.,1.));
#5779 = DIRECTION('',(1.,0.,-0.));
#5780 = DEFINITIONAL_REPRESENTATION('',(#5781),#5785);
#5781 = LINE('',#5782,#5783);
#5782 = CARTESIAN_POINT('',(0.,0.));
#5783 = VECTOR('',#5784,1.);
#5784 = DIRECTION('',(1.,0.));
#5785 = ( GEOMETRIC_REPRESENTATION_CONTEXT(2) 
PARAMETRIC_REPRESENTATION_CONTEXT() REPRESENTATION_CONTEXT('2D SPACE',''
  ) );
#5786 = ORIENTED_EDGE('',*,*,#5787,.F.);
#5787 = EDGE_CURVE('',#5788,#5754,#5790,.T.);
#5788 = VERTEX_POINT('',#5789);
#5789 = CARTESIAN_POINT('',(5.,-16.,0.));
#5790 = SEAM_CURVE('',#5791,(#5795,#5802),.PCURVE_S1.);
#5791 = LINE('',#5792,#5793);
#5792 = CARTESIAN_POINT('',(5.,-16.,0.));
#5793 = VECTOR('',#5794,1.);
#5794 = DIRECTION('',(-0.679408031498,1.664069742179E-16,0.733760674018)
  );
#5795 = PCURVE('',#5763,#5796);
#5796 = DEFINITIONAL_REPRESENTATION('',(#5797),#5801);
#5797 = LINE('',#5798,#5799);
#5798 = CARTESIAN_POINT('',(-6.28318530718,0.));
#5799 = VECTOR('',#5800,1.);
#5800 = DIRECTION('',(-0.,-1.));
#5801 = ( GEOMETRIC_REPRESENTATION_CONTEXT(2) 
PARAMETRIC_REPRESENTATION_CONTEXT() REPRESENTATION_CONTEXT('2D SPACE',''
  ) );
#5802 = PCURVE('',#5763,#5803);
#5803 = DEFINITIONAL_REPRESENTATION('',(#5804),#5808);
#5804 = LINE('',#5805,#5806);
#5805 = CARTESIAN_POINT('',(0.,-0.));
#5806 = VECTOR('',#5807,1.);
#5807 = DIRECTION('',(-0.,-1.));
#5808 = ( GEOMETRIC_REPRESENTATION_CONTEXT(2) 
PARAMETRIC_REPRESENTATION_CONTEXT() REPRESENTATION_CONTEXT('2D SPACE',''
  ) );
#5809 = ORIENTED_EDGE('',*,*,#5810,.T.);
#5810 = EDGE_CURVE('',#5788,#5788,#5811,.T.);
#5811 = SURFACE_CURVE('',#5812,(#5817,#5824),.PCURVE_S1.);
#5812 = CIRCLE('',#5813,5.);
#5813 = AXIS2_PLACEMENT_3D('',#5814,#5815,#5816);
#5814 = CARTESIAN_POINT('',(0.,-16.,0.));
#5815 = DIRECTION('',(0.,0.,1.));
#5816 = DIRECTION('',(1.,0.,-0.));
#5817 = PCURVE('',#5763,#5818);
#5818 = DEFINITIONAL_REPRESENTATION('',(#5819),#5823);
#5819 = LINE('',#5820,#5821);
#5820 = CARTESIAN_POINT('',(-0.,-0.));
#5821 = VECTOR('',#5822,1.);
#5822 = DIRECTION('',(-1.,-0.));
#5823 = ( GEOMETRIC_REPRESENTATION_CONTEXT(2) 
PARAMETRIC_REPRESENTATION_CONTEXT() REPRESENTATION_CONTEXT('2D SPACE',''
  ) );
#5824 = PCURVE('',#5825,#5830);
#5825 = PLANE('',#5826);
#5826 = AXIS2_PLACEMENT_3D('',#5827,#5828,#5829);
#5827 = CARTESIAN_POINT('',(0.,-16.,0.));
#5828 = DIRECTION('',(0.,0.,1.));
#5829 = DIRECTION('',(1.,0.,-0.));
#5830 = DEFINITIONAL_REPRESENTATION('',(#5831),#5835);
#5831 = CIRCLE('',#5832,5.);
#5832 = AXIS2_PLACEMENT_2D('',#5833,#5834);
#5833 = CARTESIAN_POINT('',(0.,0.));
#5834 = DIRECTION('',(1.,0.));
#5835 = ( GEOMETRIC_REPRESENTATION_CONTEXT(2) 
PARAMETRIC_REPRESENTATION_CONTEXT() REPRESENTATION_CONTEXT('2D SPACE',''
  ) );
#5836 = ORIENTED_EDGE('',*,*,#5787,.T.);
#5837 = ADVANCED_FACE('',(#5838),#5775,.T.);
#5838 = FACE_BOUND('',#5839,.T.);
#5839 = EDGE_LOOP('',(#5840,#5869,#5890,#5891));
#5840 = ORIENTED_EDGE('',*,*,#5841,.F.);
#5841 = EDGE_CURVE('',#5842,#5842,#5844,.T.);
#5842 = VERTEX_POINT('',#5843);
#5843 = CARTESIAN_POINT('',(2.5,-16.,10.));
#5844 = SURFACE_CURVE('',#5845,(#5850,#5857),.PCURVE_S1.);
#5845 = CIRCLE('',#5846,2.5);
#5846 = AXIS2_PLACEMENT_3D('',#5847,#5848,#5849);
#5847 = CARTESIAN_POINT('',(0.,-16.,10.));
#5848 = DIRECTION('',(0.,0.,1.));
#5849 = DIRECTION('',(1.,0.,-0.));
#5850 = PCURVE('',#5775,#5851);
#5851 = DEFINITIONAL_REPRESENTATION('',(#5852),#5856);
#5852 = LINE('',#5853,#5854);
#5853 = CARTESIAN_POINT('',(0.,7.3));
#5854 = VECTOR('',#5855,1.);
#5855 = DIRECTION('',(1.,0.));
#5856 = ( GEOMETRIC_REPRESENTATION_CONTEXT(2) 
PARAMETRIC_REPRESENTATION_CONTEXT() REPRESENTATION_CONTEXT('2D SPACE',''
  ) );
#5857 = PCURVE('',#5858,#5863);
#5858 = PLANE('',#5859);
#5859 = AXIS2_PLACEMENT_3D('',#5860,#5861,#5862);
#5860 = CARTESIAN_POINT('',(0.,-16.,10.));
#5861 = DIRECTION('',(0.,0.,1.));
#5862 = DIRECTION('',(1.,0.,-0.));
#5863 = DEFINITIONAL_REPRESENTATION('',(#5864),#5868);
#5864 = CIRCLE('',#5865,2.5);
#5865 = AXIS2_PLACEMENT_2D('',#5866,#5867);
#5866 = CARTESIAN_POINT('',(0.,0.));
#5867 = DIRECTION('',(1.,0.));
#5868 = ( GEOMETRIC_REPRESENTATION_CONTEXT(2) 
PARAMETRIC_REPRESENTATION_CONTEXT() REPRESENTATION_CONTEXT('2D SPACE',''
  ) );
#5869 = ORIENTED_EDGE('',*,*,#5870,.F.);
#5870 = EDGE_CURVE('',#5754,#5842,#5871,.T.);
#5871 = SEAM_CURVE('',#5872,(#5876,#5883),.PCURVE_S1.);
#5872 = LINE('',#5873,#5874);
#5873 = CARTESIAN_POINT('',(2.5,-16.,2.7));
#5874 = VECTOR('',#5875,1.);
#5875 = DIRECTION('',(0.,0.,1.));
#5876 = PCURVE('',#5775,#5877);
#5877 = DEFINITIONAL_REPRESENTATION('',(#5878),#5882);
#5878 = LINE('',#5879,#5880);
#5879 = CARTESIAN_POINT('',(6.28318530718,-0.));
#5880 = VECTOR('',#5881,1.);
#5881 = DIRECTION('',(0.,1.));
#5882 = ( GEOMETRIC_REPRESENTATION_CONTEXT(2) 
PARAMETRIC_REPRESENTATION_CONTEXT() REPRESENTATION_CONTEXT('2D SPACE',''
  ) );
#5883 = PCURVE('',#5775,#5884);
#5884 = DEFINITIONAL_REPRESENTATION('',(#5885),#5889);
#5885 = LINE('',#5886,#5887);
#5886 = CARTESIAN_POINT('',(0.,-0.));
#5887 = VECTOR('',#5888,1.);
#5888 = DIRECTION('',(0.,1.));
#5889 = ( GEOMETRIC_REPRESENTATION_CONTEXT(2) 
PARAMETRIC_REPRESENTATION_CONTEXT() REPRESENTATION_CONTEXT('2D SPACE',''
  ) );
#5890 = ORIENTED_EDGE('',*,*,#5753,.T.);
#5891 = ORIENTED_EDGE('',*,*,#5870,.T.);
#5892 = ADVANCED_FACE('',(#5893),#5825,.F.);
#5893 = FACE_BOUND('',#5894,.T.);
#5894 = EDGE_LOOP('',(#5895));
#5895 = ORIENTED_EDGE('',*,*,#5810,.F.);
#5896 = ADVANCED_FACE('',(#5897),#5858,.T.);
#5897 = FACE_BOUND('',#5898,.T.);
#5898 = EDGE_LOOP('',(#5899));
#5899 = ORIENTED_EDGE('',*,*,#5841,.T.);
#5900 = ( GEOMETRIC_REPRESENTATION_CONTEXT(3) 
GLOBAL_UNCERTAINTY_ASSIGNED_CONTEXT((#5904)) 
GLOBAL_UNIT_ASSIGNED_CONTEXT((#5901,#5902,#5903)) REPRESENTATION_CONTEXT
('Context #1','3D Context with UNIT and UNCERTAINTY') );
#5901 = ( LENGTH_UNIT() NAMED_UNIT(*) SI_UNIT(.MILLI.,.METRE.) );
#5902 = ( NAMED_UNIT(*) PLANE_ANGLE_UNIT() SI_UNIT($,.RADIAN.) );
#5903 = ( NAMED_UNIT(*) SI_UNIT($,.STERADIAN.) SOLID_ANGLE_UNIT() );
#5904 = UNCERTAINTY_MEASURE_WITH_UNIT(LENGTH_MEASURE(1.E-07),#5901,
  'distance_accuracy_value','confusion accuracy');
#5905 = CONTEXT_DEPENDENT_SHAPE_REPRESENTATION(#5906,#5908);
#5906 = ( REPRESENTATION_RELATIONSHIP('','',#5746,#10) 
REPRESENTATION_RELATIONSHIP_WITH_TRANSFORMATION(#5907) 
SHAPE_REPRESENTATION_RELATIONSHIP() );
#5907 = ITEM_DEFINED_TRANSFORMATION('','',#11,#23);
#5908 = PRODUCT_DEFINITION_SHAPE('Placement','Placement of an item',
  #5909);
#5909 = NEXT_ASSEMBLY_USAGE_OCCURRENCE('3',
  'target_screw_1_ISO10642_M5x10','',#5,#5741,$);
#5910 = PRODUCT_RELATED_PRODUCT_CATEGORY('part',$,(#5743));
#5911 = SHAPE_DEFINITION_REPRESENTATION(#5912,#5918);
#5912 = PRODUCT_DEFINITION_SHAPE('','',#5913);
#5913 = PRODUCT_DEFINITION('design','',#5914,#5917);
#5914 = PRODUCT_DEFINITION_FORMATION('','',#5915);
#5915 = PRODUCT('target_nut_1_DIN934_M5','target_nut_1_DIN934_M5','',(
    #5916));
#5916 = PRODUCT_CONTEXT('',#2,'mechanical');
#5917 = PRODUCT_DEFINITION_CONTEXT('part definition',#2,'design');
#5918 = ADVANCED_BREP_SHAPE_REPRESENTATION('',(#11,#5919),#6489);
#5919 = MANIFOLD_SOLID_BREP('',#5920);
#5920 = CLOSED_SHELL('',(#5921,#6041,#6117,#6193,#6302,#6401,#6428,#6455
    ,#6462));
#5921 = ADVANCED_FACE('',(#5922),#5936,.F.);
#5922 = FACE_BOUND('',#5923,.F.);
#5923 = EDGE_LOOP('',(#5924,#5959,#5987,#6015));
#5924 = ORIENTED_EDGE('',*,*,#5925,.T.);
#5925 = EDGE_CURVE('',#5926,#5928,#5930,.T.);
#5926 = VERTEX_POINT('',#5927);
#5927 = CARTESIAN_POINT('',(4.618802153517,-16.,5.5));
#5928 = VERTEX_POINT('',#5929);
#5929 = CARTESIAN_POINT('',(4.618802153517,-16.,9.5));
#5930 = SURFACE_CURVE('',#5931,(#5935,#5947),.PCURVE_S1.);
#5931 = LINE('',#5932,#5933);
#5932 = CARTESIAN_POINT('',(4.618802153517,-16.,5.5));
#5933 = VECTOR('',#5934,1.);
#5934 = DIRECTION('',(0.,0.,1.));
#5935 = PCURVE('',#5936,#5941);
#5936 = PLANE('',#5937);
#5937 = AXIS2_PLACEMENT_3D('',#5938,#5939,#5940);
#5938 = CARTESIAN_POINT('',(4.618802153517,-16.,5.5));
#5939 = DIRECTION('',(-0.866025403784,-0.5,0.));
#5940 = DIRECTION('',(-0.5,0.866025403784,0.));
#5941 = DEFINITIONAL_REPRESENTATION('',(#5942),#5946);
#5942 = LINE('',#5943,#5944);
#5943 = CARTESIAN_POINT('',(0.,0.));
#5944 = VECTOR('',#5945,1.);
#5945 = DIRECTION('',(0.,-1.));
#5946 = ( GEOMETRIC_REPRESENTATION_CONTEXT(2) 
PARAMETRIC_REPRESENTATION_CONTEXT() REPRESENTATION_CONTEXT('2D SPACE',''
  ) );
#5947 = PCURVE('',#5948,#5953);
#5948 = PLANE('',#5949);
#5949 = AXIS2_PLACEMENT_3D('',#5950,#5951,#5952);
#5950 = CARTESIAN_POINT('',(2.309401076758,-20.,5.5));
#5951 = DIRECTION('',(-0.866025403784,0.5,0.));
#5952 = DIRECTION('',(0.5,0.866025403784,0.));
#5953 = DEFINITIONAL_REPRESENTATION('',(#5954),#5958);
#5954 = LINE('',#5955,#5956);
#5955 = CARTESIAN_POINT('',(4.618802153517,0.));
#5956 = VECTOR('',#5957,1.);
#5957 = DIRECTION('',(0.,-1.));
#5958 = ( GEOMETRIC_REPRESENTATION_CONTEXT(2) 
PARAMETRIC_REPRESENTATION_CONTEXT() REPRESENTATION_CONTEXT('2D SPACE',''
  ) );
#5959 = ORIENTED_EDGE('',*,*,#5960,.T.);
#5960 = EDGE_CURVE('',#5928,#5961,#5963,.T.);
#5961 = VERTEX_POINT('',#5962);
#5962 = CARTESIAN_POINT('',(2.309401076759,-12.,9.5));
#5963 = SURFACE_CURVE('',#5964,(#5968,#5975),.PCURVE_S1.);
#5964 = LINE('',#5965,#5966);
#5965 = CARTESIAN_POINT('',(4.618802153517,-16.,9.5));
#5966 = VECTOR('',#5967,1.);
#5967 = DIRECTION('',(-0.5,0.866025403784,0.));
#5968 = PCURVE('',#5936,#5969);
#5969 = DEFINITIONAL_REPRESENTATION('',(#5970),#5974);
#5970 = LINE('',#5971,#5972);
#5971 = CARTESIAN_POINT('',(0.,-4.));
#5972 = VECTOR('',#5973,1.);
#5973 = DIRECTION('',(1.,0.));
#5974 = ( GEOMETRIC_REPRESENTATION_CONTEXT(2) 
PARAMETRIC_REPRESENTATION_CONTEXT() REPRESENTATION_CONTEXT('2D SPACE',''
  ) );
#5975 = PCURVE('',#5976,#5981);
#5976 = PLANE('',#5977);
#5977 = AXIS2_PLACEMENT_3D('',#5978,#5979,#5980);
#5978 = CARTESIAN_POINT('',(6.409875621279E-17,-16.,9.5));
#5979 = DIRECTION('',(0.,0.,1.));
#5980 = DIRECTION('',(1.,0.,-0.));
#5981 = DEFINITIONAL_REPRESENTATION('',(#5982),#5986);
#5982 = LINE('',#5983,#5984);
#5983 = CARTESIAN_POINT('',(4.618802153517,0.));
#5984 = VECTOR('',#5985,1.);
#5985 = DIRECTION('',(-0.5,0.866025403784));
#5986 = ( GEOMETRIC_REPRESENTATION_CONTEXT(2) 
PARAMETRIC_REPRESENTATION_CONTEXT() REPRESENTATION_CONTEXT('2D SPACE',''
  ) );
#5987 = ORIENTED_EDGE('',*,*,#5988,.F.);
#5988 = EDGE_CURVE('',#5989,#5961,#5991,.T.);
#5989 = VERTEX_POINT('',#5990);
#5990 = CARTESIAN_POINT('',(2.309401076759,-12.,5.5));
#5991 = SURFACE_CURVE('',#5992,(#5996,#6003),.PCURVE_S1.);
#5992 = LINE('',#5993,#5994);
#5993 = CARTESIAN_POINT('',(2.309401076759,-12.,5.5));
#5994 = VECTOR('',#5995,1.);
#5995 = DIRECTION('',(0.,0.,1.));
#5996 = PCURVE('',#5936,#5997);
#5997 = DEFINITIONAL_REPRESENTATION('',(#5998),#6002);
#5998 = LINE('',#5999,#6000);
#5999 = CARTESIAN_POINT('',(4.618802153517,0.));
#6000 = VECTOR('',#6001,1.);
#6001 = DIRECTION('',(0.,-1.));
#6002 = ( GEOMETRIC_REPRESENTATION_CONTEXT(2) 
PARAMETRIC_REPRESENTATION_CONTEXT() REPRESENTATION_CONTEXT('2D SPACE',''
  ) );
#6003 = PCURVE('',#6004,#6009);
#6004 = PLANE('',#6005);
#6005 = AXIS2_PLACEMENT_3D('',#6006,#6007,#6008);
#6006 = CARTESIAN_POINT('',(2.309401076759,-12.,5.5));
#6007 = DIRECTION('',(-9.614813431918E-17,-1.,0.));
#6008 = DIRECTION('',(-1.,9.614813431918E-17,0.));
#6009 = DEFINITIONAL_REPRESENTATION('',(#6010),#6014);
#6010 = LINE('',#6011,#6012);
#6011 = CARTESIAN_POINT('',(0.,0.));
#6012 = VECTOR('',#6013,1.);
#6013 = DIRECTION('',(0.,-1.));
#6014 = ( GEOMETRIC_REPRESENTATION_CONTEXT(2) 
PARAMETRIC_REPRESENTATION_CONTEXT() REPRESENTATION_CONTEXT('2D SPACE',''
  ) );
#6015 = ORIENTED_EDGE('',*,*,#6016,.F.);
#6016 = EDGE_CURVE('',#5926,#5989,#6017,.T.);
#6017 = SURFACE_CURVE('',#6018,(#6022,#6029),.PCURVE_S1.);
#6018 = LINE('',#6019,#6020);
#6019 = CARTESIAN_POINT('',(4.618802153517,-16.,5.5));
#6020 = VECTOR('',#6021,1.);
#6021 = DIRECTION('',(-0.5,0.866025403784,0.));
#6022 = PCURVE('',#5936,#6023);
#6023 = DEFINITIONAL_REPRESENTATION('',(#6024),#6028);
#6024 = LINE('',#6025,#6026);
#6025 = CARTESIAN_POINT('',(0.,0.));
#6026 = VECTOR('',#6027,1.);
#6027 = DIRECTION('',(1.,0.));
#6028 = ( GEOMETRIC_REPRESENTATION_CONTEXT(2) 
PARAMETRIC_REPRESENTATION_CONTEXT() REPRESENTATION_CONTEXT('2D SPACE',''
  ) );
#6029 = PCURVE('',#6030,#6035);
#6030 = PLANE('',#6031);
#6031 = AXIS2_PLACEMENT_3D('',#6032,#6033,#6034);
#6032 = CARTESIAN_POINT('',(6.409875621279E-17,-16.,5.5));
#6033 = DIRECTION('',(0.,0.,1.));
#6034 = DIRECTION('',(1.,0.,-0.));
#6035 = DEFINITIONAL_REPRESENTATION('',(#6036),#6040);
#6036 = LINE('',#6037,#6038);
#6037 = CARTESIAN_POINT('',(4.618802153517,0.));
#6038 = VECTOR('',#6039,1.);
#6039 = DIRECTION('',(-0.5,0.866025403784));
#6040 = ( GEOMETRIC_REPRESENTATION_CONTEXT(2) 
PARAMETRIC_REPRESENTATION_CONTEXT() REPRESENTATION_CONTEXT('2D SPACE',''
  ) );
#6041 = ADVANCED_FACE('',(#6042),#5948,.F.);
#6042 = FACE_BOUND('',#6043,.F.);
#6043 = EDGE_LOOP('',(#6044,#6074,#6095,#6096));
#6044 = ORIENTED_EDGE('',*,*,#6045,.T.);
#6045 = EDGE_CURVE('',#6046,#6048,#6050,.T.);
#6046 = VERTEX_POINT('',#6047);
#6047 = CARTESIAN_POINT('',(2.309401076758,-20.,5.5));
#6048 = VERTEX_POINT('',#6049);
#6049 = CARTESIAN_POINT('',(2.309401076758,-20.,9.5));
#6050 = SURFACE_CURVE('',#6051,(#6055,#6062),.PCURVE_S1.);
#6051 = LINE('',#6052,#6053);
#6052 = CARTESIAN_POINT('',(2.309401076758,-20.,5.5));
#6053 = VECTOR('',#6054,1.);
#6054 = DIRECTION('',(0.,0.,1.));
#6055 = PCURVE('',#5948,#6056);
#6056 = DEFINITIONAL_REPRESENTATION('',(#6057),#6061);
#6057 = LINE('',#6058,#6059);
#6058 = CARTESIAN_POINT('',(0.,0.));
#6059 = VECTOR('',#6060,1.);
#6060 = DIRECTION('',(0.,-1.));
#6061 = ( GEOMETRIC_REPRESENTATION_CONTEXT(2) 
PARAMETRIC_REPRESENTATION_CONTEXT() REPRESENTATION_CONTEXT('2D SPACE',''
  ) );
#6062 = PCURVE('',#6063,#6068);
#6063 = PLANE('',#6064);
#6064 = AXIS2_PLACEMENT_3D('',#6065,#6066,#6067);
#6065 = CARTESIAN_POINT('',(-2.309401076759,-20.,5.5));
#6066 = DIRECTION('',(6.730369402342E-16,1.,-0.));
#6067 = DIRECTION('',(1.,-6.730369402342E-16,0.));
#6068 = DEFINITIONAL_REPRESENTATION('',(#6069),#6073);
#6069 = LINE('',#6070,#6071);
#6070 = CARTESIAN_POINT('',(4.618802153517,0.));
#6071 = VECTOR('',#6072,1.);
#6072 = DIRECTION('',(0.,-1.));
#6073 = ( GEOMETRIC_REPRESENTATION_CONTEXT(2) 
PARAMETRIC_REPRESENTATION_CONTEXT() REPRESENTATION_CONTEXT('2D SPACE',''
  ) );
#6074 = ORIENTED_EDGE('',*,*,#6075,.T.);
#6075 = EDGE_CURVE('',#6048,#5928,#6076,.T.);
#6076 = SURFACE_CURVE('',#6077,(#6081,#6088),.PCURVE_S1.);
#6077 = LINE('',#6078,#6079);
#6078 = CARTESIAN_POINT('',(2.309401076758,-20.,9.5));
#6079 = VECTOR('',#6080,1.);
#6080 = DIRECTION('',(0.5,0.866025403784,0.));
#6081 = PCURVE('',#5948,#6082);
#6082 = DEFINITIONAL_REPRESENTATION('',(#6083),#6087);
#6083 = LINE('',#6084,#6085);
#6084 = CARTESIAN_POINT('',(0.,-4.));
#6085 = VECTOR('',#6086,1.);
#6086 = DIRECTION('',(1.,0.));
#6087 = ( GEOMETRIC_REPRESENTATION_CONTEXT(2) 
PARAMETRIC_REPRESENTATION_CONTEXT() REPRESENTATION_CONTEXT('2D SPACE',''
  ) );
#6088 = PCURVE('',#5976,#6089);
#6089 = DEFINITIONAL_REPRESENTATION('',(#6090),#6094);
#6090 = LINE('',#6091,#6092);
#6091 = CARTESIAN_POINT('',(2.309401076758,-4.));
#6092 = VECTOR('',#6093,1.);
#6093 = DIRECTION('',(0.5,0.866025403784));
#6094 = ( GEOMETRIC_REPRESENTATION_CONTEXT(2) 
PARAMETRIC_REPRESENTATION_CONTEXT() REPRESENTATION_CONTEXT('2D SPACE',''
  ) );
#6095 = ORIENTED_EDGE('',*,*,#5925,.F.);
#6096 = ORIENTED_EDGE('',*,*,#6097,.F.);
#6097 = EDGE_CURVE('',#6046,#5926,#6098,.T.);
#6098 = SURFACE_CURVE('',#6099,(#6103,#6110),.PCURVE_S1.);
#6099 = LINE('',#6100,#6101);
#6100 = CARTESIAN_POINT('',(2.309401076758,-20.,5.5));
#6101 = VECTOR('',#6102,1.);
#6102 = DIRECTION('',(0.5,0.866025403784,0.));
#6103 = PCURVE('',#5948,#6104);
#6104 = DEFINITIONAL_REPRESENTATION('',(#6105),#6109);
#6105 = LINE('',#6106,#6107);
#6106 = CARTESIAN_POINT('',(0.,0.));
#6107 = VECTOR('',#6108,1.);
#6108 = DIRECTION('',(1.,0.));
#6109 = ( GEOMETRIC_REPRESENTATION_CONTEXT(2) 
PARAMETRIC_REPRESENTATION_CONTEXT() REPRESENTATION_CONTEXT('2D SPACE',''
  ) );
#6110 = PCURVE('',#6030,#6111);
#6111 = DEFINITIONAL_REPRESENTATION('',(#6112),#6116);
#6112 = LINE('',#6113,#6114);
#6113 = CARTESIAN_POINT('',(2.309401076758,-4.));
#6114 = VECTOR('',#6115,1.);
#6115 = DIRECTION('',(0.5,0.866025403784));
#6116 = ( GEOMETRIC_REPRESENTATION_CONTEXT(2) 
PARAMETRIC_REPRESENTATION_CONTEXT() REPRESENTATION_CONTEXT('2D SPACE',''
  ) );
#6117 = ADVANCED_FACE('',(#6118),#6004,.F.);
#6118 = FACE_BOUND('',#6119,.F.);
#6119 = EDGE_LOOP('',(#6120,#6121,#6144,#6172));
#6120 = ORIENTED_EDGE('',*,*,#5988,.T.);
#6121 = ORIENTED_EDGE('',*,*,#6122,.T.);
#6122 = EDGE_CURVE('',#5961,#6123,#6125,.T.);
#6123 = VERTEX_POINT('',#6124);
#6124 = CARTESIAN_POINT('',(-2.309401076759,-12.,9.5));
#6125 = SURFACE_CURVE('',#6126,(#6130,#6137),.PCURVE_S1.);
#6126 = LINE('',#6127,#6128);
#6127 = CARTESIAN_POINT('',(2.309401076759,-12.,9.5));
#6128 = VECTOR('',#6129,1.);
#6129 = DIRECTION('',(-1.,9.614813431918E-17,0.));
#6130 = PCURVE('',#6004,#6131);
#6131 = DEFINITIONAL_REPRESENTATION('',(#6132),#6136);
#6132 = LINE('',#6133,#6134);
#6133 = CARTESIAN_POINT('',(0.,-4.));
#6134 = VECTOR('',#6135,1.);
#6135 = DIRECTION('',(1.,0.));
#6136 = ( GEOMETRIC_REPRESENTATION_CONTEXT(2) 
PARAMETRIC_REPRESENTATION_CONTEXT() REPRESENTATION_CONTEXT('2D SPACE',''
  ) );
#6137 = PCURVE('',#5976,#6138);
#6138 = DEFINITIONAL_REPRESENTATION('',(#6139),#6143);
#6139 = LINE('',#6140,#6141);
#6140 = CARTESIAN_POINT('',(2.309401076759,4.));
#6141 = VECTOR('',#6142,1.);
#6142 = DIRECTION('',(-1.,9.614813431918E-17));
#6143 = ( GEOMETRIC_REPRESENTATION_CONTEXT(2) 
PARAMETRIC_REPRESENTATION_CONTEXT() REPRESENTATION_CONTEXT('2D SPACE',''
  ) );
#6144 = ORIENTED_EDGE('',*,*,#6145,.F.);
#6145 = EDGE_CURVE('',#6146,#6123,#6148,.T.);
#6146 = VERTEX_POINT('',#6147);
#6147 = CARTESIAN_POINT('',(-2.309401076759,-12.,5.5));
#6148 = SURFACE_CURVE('',#6149,(#6153,#6160),.PCURVE_S1.);
#6149 = LINE('',#6150,#6151);
#6150 = CARTESIAN_POINT('',(-2.309401076759,-12.,5.5));
#6151 = VECTOR('',#6152,1.);
#6152 = DIRECTION('',(0.,0.,1.));
#6153 = PCURVE('',#6004,#6154);
#6154 = DEFINITIONAL_REPRESENTATION('',(#6155),#6159);
#6155 = LINE('',#6156,#6157);
#6156 = CARTESIAN_POINT('',(4.618802153517,0.));
#6157 = VECTOR('',#6158,1.);
#6158 = DIRECTION('',(0.,-1.));
#6159 = ( GEOMETRIC_REPRESENTATION_CONTEXT(2) 
PARAMETRIC_REPRESENTATION_CONTEXT() REPRESENTATION_CONTEXT('2D SPACE',''
  ) );
#6160 = PCURVE('',#6161,#6166);
#6161 = PLANE('',#6162);
#6162 = AXIS2_PLACEMENT_3D('',#6163,#6164,#6165);
#6163 = CARTESIAN_POINT('',(-2.309401076759,-12.,5.5));
#6164 = DIRECTION('',(0.866025403784,-0.5,0.));
#6165 = DIRECTION('',(-0.5,-0.866025403784,0.));
#6166 = DEFINITIONAL_REPRESENTATION('',(#6167),#6171);
#6167 = LINE('',#6168,#6169);
#6168 = CARTESIAN_POINT('',(0.,0.));
#6169 = VECTOR('',#6170,1.);
#6170 = DIRECTION('',(0.,-1.));
#6171 = ( GEOMETRIC_REPRESENTATION_CONTEXT(2) 
PARAMETRIC_REPRESENTATION_CONTEXT() REPRESENTATION_CONTEXT('2D SPACE',''
  ) );
#6172 = ORIENTED_EDGE('',*,*,#6173,.F.);
#6173 = EDGE_CURVE('',#5989,#6146,#6174,.T.);
#6174 = SURFACE_CURVE('',#6175,(#6179,#6186),.PCURVE_S1.);
#6175 = LINE('',#6176,#6177);
#6176 = CARTESIAN_POINT('',(2.309401076759,-12.,5.5));
#6177 = VECTOR('',#6178,1.);
#6178 = DIRECTION('',(-1.,9.614813431918E-17,0.));
#6179 = PCURVE('',#6004,#6180);
#6180 = DEFINITIONAL_REPRESENTATION('',(#6181),#6185);
#6181 = LINE('',#6182,#6183);
#6182 = CARTESIAN_POINT('',(0.,0.));
#6183 = VECTOR('',#6184,1.);
#6184 = DIRECTION('',(1.,0.));
#6185 = ( GEOMETRIC_REPRESENTATION_CONTEXT(2) 
PARAMETRIC_REPRESENTATION_CONTEXT() REPRESENTATION_CONTEXT('2D SPACE',''
  ) );
#6186 = PCURVE('',#6030,#6187);
#6187 = DEFINITIONAL_REPRESENTATION('',(#6188),#6192);
#6188 = LINE('',#6189,#6190);
#6189 = CARTESIAN_POINT('',(2.309401076759,4.));
#6190 = VECTOR('',#6191,1.);
#6191 = DIRECTION('',(-1.,9.614813431918E-17));
#6192 = ( GEOMETRIC_REPRESENTATION_CONTEXT(2) 
PARAMETRIC_REPRESENTATION_CONTEXT() REPRESENTATION_CONTEXT('2D SPACE',''
  ) );
#6193 = ADVANCED_FACE('',(#6194,#6271),#6030,.F.);
#6194 = FACE_BOUND('',#6195,.F.);
#6195 = EDGE_LOOP('',(#6196,#6197,#6198,#6221,#6249,#6270));
#6196 = ORIENTED_EDGE('',*,*,#6016,.T.);
#6197 = ORIENTED_EDGE('',*,*,#6173,.T.);
#6198 = ORIENTED_EDGE('',*,*,#6199,.T.);
#6199 = EDGE_CURVE('',#6146,#6200,#6202,.T.);
#6200 = VERTEX_POINT('',#6201);
#6201 = CARTESIAN_POINT('',(-4.618802153517,-16.,5.5));
#6202 = SURFACE_CURVE('',#6203,(#6207,#6214),.PCURVE_S1.);
#6203 = LINE('',#6204,#6205);
#6204 = CARTESIAN_POINT('',(-2.309401076759,-12.,5.5));
#6205 = VECTOR('',#6206,1.);
#6206 = DIRECTION('',(-0.5,-0.866025403784,0.));
#6207 = PCURVE('',#6030,#6208);
#6208 = DEFINITIONAL_REPRESENTATION('',(#6209),#6213);
#6209 = LINE('',#6210,#6211);
#6210 = CARTESIAN_POINT('',(-2.309401076759,4.));
#6211 = VECTOR('',#6212,1.);
#6212 = DIRECTION('',(-0.5,-0.866025403784));
#6213 = ( GEOMETRIC_REPRESENTATION_CONTEXT(2) 
PARAMETRIC_REPRESENTATION_CONTEXT() REPRESENTATION_CONTEXT('2D SPACE',''
  ) );
#6214 = PCURVE('',#6161,#6215);
#6215 = DEFINITIONAL_REPRESENTATION('',(#6216),#6220);
#6216 = LINE('',#6217,#6218);
#6217 = CARTESIAN_POINT('',(0.,0.));
#6218 = VECTOR('',#6219,1.);
#6219 = DIRECTION('',(1.,0.));
#6220 = ( GEOMETRIC_REPRESENTATION_CONTEXT(2) 
PARAMETRIC_REPRESENTATION_CONTEXT() REPRESENTATION_CONTEXT('2D SPACE',''
  ) );
#6221 = ORIENTED_EDGE('',*,*,#6222,.T.);
#6222 = EDGE_CURVE('',#6200,#6223,#6225,.T.);
#6223 = VERTEX_POINT('',#6224);
#6224 = CARTESIAN_POINT('',(-2.309401076759,-20.,5.5));
#6225 = SURFACE_CURVE('',#6226,(#6230,#6237),.PCURVE_S1.);
#6226 = LINE('',#6227,#6228);
#6227 = CARTESIAN_POINT('',(-4.618802153517,-16.,5.5));
#6228 = VECTOR('',#6229,1.);
#6229 = DIRECTION('',(0.5,-0.866025403784,0.));
#6230 = PCURVE('',#6030,#6231);
#6231 = DEFINITIONAL_REPRESENTATION('',(#6232),#6236);
#6232 = LINE('',#6233,#6234);
#6233 = CARTESIAN_POINT('',(-4.618802153517,0.));
#6234 = VECTOR('',#6235,1.);
#6235 = DIRECTION('',(0.5,-0.866025403784));
#6236 = ( GEOMETRIC_REPRESENTATION_CONTEXT(2) 
PARAMETRIC_REPRESENTATION_CONTEXT() REPRESENTATION_CONTEXT('2D SPACE',''
  ) );
#6237 = PCURVE('',#6238,#6243);
#6238 = PLANE('',#6239);
#6239 = AXIS2_PLACEMENT_3D('',#6240,#6241,#6242);
#6240 = CARTESIAN_POINT('',(-4.618802153517,-16.,5.5));
#6241 = DIRECTION('',(0.866025403784,0.5,-0.));
#6242 = DIRECTION('',(0.5,-0.866025403784,0.));
#6243 = DEFINITIONAL_REPRESENTATION('',(#6244),#6248);
#6244 = LINE('',#6245,#6246);
#6245 = CARTESIAN_POINT('',(0.,0.));
#6246 = VECTOR('',#6247,1.);
#6247 = DIRECTION('',(1.,0.));
#6248 = ( GEOMETRIC_REPRESENTATION_CONTEXT(2) 
PARAMETRIC_REPRESENTATION_CONTEXT() REPRESENTATION_CONTEXT('2D SPACE',''
  ) );
#6249 = ORIENTED_EDGE('',*,*,#6250,.T.);
#6250 = EDGE_CURVE('',#6223,#6046,#6251,.T.);
#6251 = SURFACE_CURVE('',#6252,(#6256,#6263),.PCURVE_S1.);
#6252 = LINE('',#6253,#6254);
#6253 = CARTESIAN_POINT('',(-2.309401076759,-20.,5.5));
#6254 = VECTOR('',#6255,1.);
#6255 = DIRECTION('',(1.,-6.730369402342E-16,0.));
#6256 = PCURVE('',#6030,#6257);
#6257 = DEFINITIONAL_REPRESENTATION('',(#6258),#6262);
#6258 = LINE('',#6259,#6260);
#6259 = CARTESIAN_POINT('',(-2.309401076759,-4.));
#6260 = VECTOR('',#6261,1.);
#6261 = DIRECTION('',(1.,-6.730369402342E-16));
#6262 = ( GEOMETRIC_REPRESENTATION_CONTEXT(2) 
PARAMETRIC_REPRESENTATION_CONTEXT() REPRESENTATION_CONTEXT('2D SPACE',''
  ) );
#6263 = PCURVE('',#6063,#6264);
#6264 = DEFINITIONAL_REPRESENTATION('',(#6265),#6269);
#6265 = LINE('',#6266,#6267);
#6266 = CARTESIAN_POINT('',(0.,0.));
#6267 = VECTOR('',#6268,1.);
#6268 = DIRECTION('',(1.,0.));
#6269 = ( GEOMETRIC_REPRESENTATION_CONTEXT(2) 
PARAMETRIC_REPRESENTATION_CONTEXT() REPRESENTATION_CONTEXT('2D SPACE',''
  ) );
#6270 = ORIENTED_EDGE('',*,*,#6097,.T.);
#6271 = FACE_BOUND('',#6272,.F.);
#6272 = EDGE_LOOP('',(#6273));
#6273 = ORIENTED_EDGE('',*,*,#6274,.F.);
#6274 = EDGE_CURVE('',#6275,#6275,#6277,.T.);
#6275 = VERTEX_POINT('',#6276);
#6276 = CARTESIAN_POINT('',(2.5,-16.,5.5));
#6277 = SURFACE_CURVE('',#6278,(#6283,#6290),.PCURVE_S1.);
#6278 = CIRCLE('',#6279,2.5);
#6279 = AXIS2_PLACEMENT_3D('',#6280,#6281,#6282);
#6280 = CARTESIAN_POINT('',(0.,-16.,5.5));
#6281 = DIRECTION('',(0.,0.,1.));
#6282 = DIRECTION('',(1.,0.,-0.));
#6283 = PCURVE('',#6030,#6284);
#6284 = DEFINITIONAL_REPRESENTATION('',(#6285),#6289);
#6285 = CIRCLE('',#6286,2.5);
#6286 = AXIS2_PLACEMENT_2D('',#6287,#6288);
#6287 = CARTESIAN_POINT('',(-6.409875621279E-17,0.));
#6288 = DIRECTION('',(1.,0.));
#6289 = ( GEOMETRIC_REPRESENTATION_CONTEXT(2) 
PARAMETRIC_REPRESENTATION_CONTEXT() REPRESENTATION_CONTEXT('2D SPACE',''
  ) );
#6290 = PCURVE('',#6291,#6296);
#6291 = CYLINDRICAL_SURFACE('',#6292,2.5);
#6292 = AXIS2_PLACEMENT_3D('',#6293,#6294,#6295);
#6293 = CARTESIAN_POINT('',(0.,-16.,5.4));
#6294 = DIRECTION('',(0.,0.,1.));
#6295 = DIRECTION('',(1.,0.,-0.));
#6296 = DEFINITIONAL_REPRESENTATION('',(#6297),#6301);
#6297 = LINE('',#6298,#6299);
#6298 = CARTESIAN_POINT('',(0.,0.1));
#6299 = VECTOR('',#6300,1.);
#6300 = DIRECTION('',(1.,0.));
#6301 = ( GEOMETRIC_REPRESENTATION_CONTEXT(2) 
PARAMETRIC_REPRESENTATION_CONTEXT() REPRESENTATION_CONTEXT('2D SPACE',''
  ) );
#6302 = ADVANCED_FACE('',(#6303,#6375),#5976,.T.);
#6303 = FACE_BOUND('',#6304,.T.);
#6304 = EDGE_LOOP('',(#6305,#6306,#6307,#6330,#6353,#6374));
#6305 = ORIENTED_EDGE('',*,*,#5960,.T.);
#6306 = ORIENTED_EDGE('',*,*,#6122,.T.);
#6307 = ORIENTED_EDGE('',*,*,#6308,.T.);
#6308 = EDGE_CURVE('',#6123,#6309,#6311,.T.);
#6309 = VERTEX_POINT('',#6310);
#6310 = CARTESIAN_POINT('',(-4.618802153517,-16.,9.5));
#6311 = SURFACE_CURVE('',#6312,(#6316,#6323),.PCURVE_S1.);
#6312 = LINE('',#6313,#6314);
#6313 = CARTESIAN_POINT('',(-2.309401076759,-12.,9.5));
#6314 = VECTOR('',#6315,1.);
#6315 = DIRECTION('',(-0.5,-0.866025403784,0.));
#6316 = PCURVE('',#5976,#6317);
#6317 = DEFINITIONAL_REPRESENTATION('',(#6318),#6322);
#6318 = LINE('',#6319,#6320);
#6319 = CARTESIAN_POINT('',(-2.309401076759,4.));
#6320 = VECTOR('',#6321,1.);
#6321 = DIRECTION('',(-0.5,-0.866025403784));
#6322 = ( GEOMETRIC_REPRESENTATION_CONTEXT(2) 
PARAMETRIC_REPRESENTATION_CONTEXT() REPRESENTATION_CONTEXT('2D SPACE',''
  ) );
#6323 = PCURVE('',#6161,#6324);
#6324 = DEFINITIONAL_REPRESENTATION('',(#6325),#6329);
#6325 = LINE('',#6326,#6327);
#6326 = CARTESIAN_POINT('',(0.,-4.));
#6327 = VECTOR('',#6328,1.);
#6328 = DIRECTION('',(1.,0.));
#6329 = ( GEOMETRIC_REPRESENTATION_CONTEXT(2) 
PARAMETRIC_REPRESENTATION_CONTEXT() REPRESENTATION_CONTEXT('2D SPACE',''
  ) );
#6330 = ORIENTED_EDGE('',*,*,#6331,.T.);
#6331 = EDGE_CURVE('',#6309,#6332,#6334,.T.);
#6332 = VERTEX_POINT('',#6333);
#6333 = CARTESIAN_POINT('',(-2.309401076759,-20.,9.5));
#6334 = SURFACE_CURVE('',#6335,(#6339,#6346),.PCURVE_S1.);
#6335 = LINE('',#6336,#6337);
#6336 = CARTESIAN_POINT('',(-4.618802153517,-16.,9.5));
#6337 = VECTOR('',#6338,1.);
#6338 = DIRECTION('',(0.5,-0.866025403784,0.));
#6339 = PCURVE('',#5976,#6340);
#6340 = DEFINITIONAL_REPRESENTATION('',(#6341),#6345);
#6341 = LINE('',#6342,#6343);
#6342 = CARTESIAN_POINT('',(-4.618802153517,0.));
#6343 = VECTOR('',#6344,1.);
#6344 = DIRECTION('',(0.5,-0.866025403784));
#6345 = ( GEOMETRIC_REPRESENTATION_CONTEXT(2) 
PARAMETRIC_REPRESENTATION_CONTEXT() REPRESENTATION_CONTEXT('2D SPACE',''
  ) );
#6346 = PCURVE('',#6238,#6347);
#6347 = DEFINITIONAL_REPRESENTATION('',(#6348),#6352);
#6348 = LINE('',#6349,#6350);
#6349 = CARTESIAN_POINT('',(0.,-4.));
#6350 = VECTOR('',#6351,1.);
#6351 = DIRECTION('',(1.,0.));
#6352 = ( GEOMETRIC_REPRESENTATION_CONTEXT(2) 
PARAMETRIC_REPRESENTATION_CONTEXT() REPRESENTATION_CONTEXT('2D SPACE',''
  ) );
#6353 = ORIENTED_EDGE('',*,*,#6354,.T.);
#6354 = EDGE_CURVE('',#6332,#6048,#6355,.T.);
#6355 = SURFACE_CURVE('',#6356,(#6360,#6367),.PCURVE_S1.);
#6356 = LINE('',#6357,#6358);
#6357 = CARTESIAN_POINT('',(-2.309401076759,-20.,9.5));
#6358 = VECTOR('',#6359,1.);
#6359 = DIRECTION('',(1.,-6.730369402342E-16,0.));
#6360 = PCURVE('',#5976,#6361);
#6361 = DEFINITIONAL_REPRESENTATION('',(#6362),#6366);
#6362 = LINE('',#6363,#6364);
#6363 = CARTESIAN_POINT('',(-2.309401076759,-4.));
#6364 = VECTOR('',#6365,1.);
#6365 = DIRECTION('',(1.,-6.730369402342E-16));
#6366 = ( GEOMETRIC_REPRESENTATION_CONTEXT(2) 
PARAMETRIC_REPRESENTATION_CONTEXT() REPRESENTATION_CONTEXT('2D SPACE',''
  ) );
#6367 = PCURVE('',#6063,#6368);
#6368 = DEFINITIONAL_REPRESENTATION('',(#6369),#6373);
#6369 = LINE('',#6370,#6371);
#6370 = CARTESIAN_POINT('',(0.,-4.));
#6371 = VECTOR('',#6372,1.);
#6372 = DIRECTION('',(1.,0.));
#6373 = ( GEOMETRIC_REPRESENTATION_CONTEXT(2) 
PARAMETRIC_REPRESENTATION_CONTEXT() REPRESENTATION_CONTEXT('2D SPACE',''
  ) );
#6374 = ORIENTED_EDGE('',*,*,#6075,.T.);
#6375 = FACE_BOUND('',#6376,.T.);
#6376 = EDGE_LOOP('',(#6377));
#6377 = ORIENTED_EDGE('',*,*,#6378,.F.);
#6378 = EDGE_CURVE('',#6379,#6379,#6381,.T.);
#6379 = VERTEX_POINT('',#6380);
#6380 = CARTESIAN_POINT('',(2.5,-16.,9.5));
#6381 = SURFACE_CURVE('',#6382,(#6387,#6394),.PCURVE_S1.);
#6382 = CIRCLE('',#6383,2.5);
#6383 = AXIS2_PLACEMENT_3D('',#6384,#6385,#6386);
#6384 = CARTESIAN_POINT('',(0.,-16.,9.5));
#6385 = DIRECTION('',(0.,0.,1.));
#6386 = DIRECTION('',(1.,0.,-0.));
#6387 = PCURVE('',#5976,#6388);
#6388 = DEFINITIONAL_REPRESENTATION('',(#6389),#6393);
#6389 = CIRCLE('',#6390,2.5);
#6390 = AXIS2_PLACEMENT_2D('',#6391,#6392);
#6391 = CARTESIAN_POINT('',(-6.409875621279E-17,0.));
#6392 = DIRECTION('',(1.,0.));
#6393 = ( GEOMETRIC_REPRESENTATION_CONTEXT(2) 
PARAMETRIC_REPRESENTATION_CONTEXT() REPRESENTATION_CONTEXT('2D SPACE',''
  ) );
#6394 = PCURVE('',#6291,#6395);
#6395 = DEFINITIONAL_REPRESENTATION('',(#6396),#6400);
#6396 = LINE('',#6397,#6398);
#6397 = CARTESIAN_POINT('',(0.,4.1));
#6398 = VECTOR('',#6399,1.);
#6399 = DIRECTION('',(1.,0.));
#6400 = ( GEOMETRIC_REPRESENTATION_CONTEXT(2) 
PARAMETRIC_REPRESENTATION_CONTEXT() REPRESENTATION_CONTEXT('2D SPACE',''
  ) );
#6401 = ADVANCED_FACE('',(#6402),#6063,.F.);
#6402 = FACE_BOUND('',#6403,.F.);
#6403 = EDGE_LOOP('',(#6404,#6425,#6426,#6427));
#6404 = ORIENTED_EDGE('',*,*,#6405,.T.);
#6405 = EDGE_CURVE('',#6223,#6332,#6406,.T.);
#6406 = SURFACE_CURVE('',#6407,(#6411,#6418),.PCURVE_S1.);
#6407 = LINE('',#6408,#6409);
#6408 = CARTESIAN_POINT('',(-2.309401076759,-20.,5.5));
#6409 = VECTOR('',#6410,1.);
#6410 = DIRECTION('',(0.,0.,1.));
#6411 = PCURVE('',#6063,#6412);
#6412 = DEFINITIONAL_REPRESENTATION('',(#6413),#6417);
#6413 = LINE('',#6414,#6415);
#6414 = CARTESIAN_POINT('',(0.,0.));
#6415 = VECTOR('',#6416,1.);
#6416 = DIRECTION('',(0.,-1.));
#6417 = ( GEOMETRIC_REPRESENTATION_CONTEXT(2) 
PARAMETRIC_REPRESENTATION_CONTEXT() REPRESENTATION_CONTEXT('2D SPACE',''
  ) );
#6418 = PCURVE('',#6238,#6419);
#6419 = DEFINITIONAL_REPRESENTATION('',(#6420),#6424);
#6420 = LINE('',#6421,#6422);
#6421 = CARTESIAN_POINT('',(4.618802153517,0.));
#6422 = VECTOR('',#6423,1.);
#6423 = DIRECTION('',(0.,-1.));
#6424 = ( GEOMETRIC_REPRESENTATION_CONTEXT(2) 
PARAMETRIC_REPRESENTATION_CONTEXT() REPRESENTATION_CONTEXT('2D SPACE',''
  ) );
#6425 = ORIENTED_EDGE('',*,*,#6354,.T.);
#6426 = ORIENTED_EDGE('',*,*,#6045,.F.);
#6427 = ORIENTED_EDGE('',*,*,#6250,.F.);
#6428 = ADVANCED_FACE('',(#6429),#6161,.F.);
#6429 = FACE_BOUND('',#6430,.F.);
#6430 = EDGE_LOOP('',(#6431,#6432,#6433,#6454));
#6431 = ORIENTED_EDGE('',*,*,#6145,.T.);
#6432 = ORIENTED_EDGE('',*,*,#6308,.T.);
#6433 = ORIENTED_EDGE('',*,*,#6434,.F.);
#6434 = EDGE_CURVE('',#6200,#6309,#6435,.T.);
#6435 = SURFACE_CURVE('',#6436,(#6440,#6447),.PCURVE_S1.);
#6436 = LINE('',#6437,#6438);
#6437 = CARTESIAN_POINT('',(-4.618802153517,-16.,5.5));
#6438 = VECTOR('',#6439,1.);
#6439 = DIRECTION('',(0.,0.,1.));
#6440 = PCURVE('',#6161,#6441);
#6441 = DEFINITIONAL_REPRESENTATION('',(#6442),#6446);
#6442 = LINE('',#6443,#6444);
#6443 = CARTESIAN_POINT('',(4.618802153517,0.));
#6444 = VECTOR('',#6445,1.);
#6445 = DIRECTION('',(0.,-1.));
#6446 = ( GEOMETRIC_REPRESENTATION_CONTEXT(2) 
PARAMETRIC_REPRESENTATION_CONTEXT() REPRESENTATION_CONTEXT('2D SPACE',''
  ) );
#6447 = PCURVE('',#6238,#6448);
#6448 = DEFINITIONAL_REPRESENTATION('',(#6449),#6453);
#6449 = LINE('',#6450,#6451);
#6450 = CARTESIAN_POINT('',(0.,0.));
#6451 = VECTOR('',#6452,1.);
#6452 = DIRECTION('',(0.,-1.));
#6453 = ( GEOMETRIC_REPRESENTATION_CONTEXT(2) 
PARAMETRIC_REPRESENTATION_CONTEXT() REPRESENTATION_CONTEXT('2D SPACE',''
  ) );
#6454 = ORIENTED_EDGE('',*,*,#6199,.F.);
#6455 = ADVANCED_FACE('',(#6456),#6238,.F.);
#6456 = FACE_BOUND('',#6457,.F.);
#6457 = EDGE_LOOP('',(#6458,#6459,#6460,#6461));
#6458 = ORIENTED_EDGE('',*,*,#6434,.T.);
#6459 = ORIENTED_EDGE('',*,*,#6331,.T.);
#6460 = ORIENTED_EDGE('',*,*,#6405,.F.);
#6461 = ORIENTED_EDGE('',*,*,#6222,.F.);
#6462 = ADVANCED_FACE('',(#6463),#6291,.F.);
#6463 = FACE_BOUND('',#6464,.F.);
#6464 = EDGE_LOOP('',(#6465,#6466,#6487,#6488));
#6465 = ORIENTED_EDGE('',*,*,#6378,.F.);
#6466 = ORIENTED_EDGE('',*,*,#6467,.F.);
#6467 = EDGE_CURVE('',#6275,#6379,#6468,.T.);
#6468 = SEAM_CURVE('',#6469,(#6473,#6480),.PCURVE_S1.);
#6469 = LINE('',#6470,#6471);
#6470 = CARTESIAN_POINT('',(2.5,-16.,5.4));
#6471 = VECTOR('',#6472,1.);
#6472 = DIRECTION('',(0.,0.,1.));
#6473 = PCURVE('',#6291,#6474);
#6474 = DEFINITIONAL_REPRESENTATION('',(#6475),#6479);
#6475 = LINE('',#6476,#6477);
#6476 = CARTESIAN_POINT('',(6.28318530718,-0.));
#6477 = VECTOR('',#6478,1.);
#6478 = DIRECTION('',(0.,1.));
#6479 = ( GEOMETRIC_REPRESENTATION_CONTEXT(2) 
PARAMETRIC_REPRESENTATION_CONTEXT() REPRESENTATION_CONTEXT('2D SPACE',''
  ) );
#6480 = PCURVE('',#6291,#6481);
#6481 = DEFINITIONAL_REPRESENTATION('',(#6482),#6486);
#6482 = LINE('',#6483,#6484);
#6483 = CARTESIAN_POINT('',(0.,-0.));
#6484 = VECTOR('',#6485,1.);
#6485 = DIRECTION('',(0.,1.));
#6486 = ( GEOMETRIC_REPRESENTATION_CONTEXT(2) 
PARAMETRIC_REPRESENTATION_CONTEXT() REPRESENTATION_CONTEXT('2D SPACE',''
  ) );
#6487 = ORIENTED_EDGE('',*,*,#6274,.T.);
#6488 = ORIENTED_EDGE('',*,*,#6467,.T.);
#6489 = ( GEOMETRIC_REPRESENTATION_CONTEXT(3) 
GLOBAL_UNCERTAINTY_ASSIGNED_CONTEXT((#6493)) 
GLOBAL_UNIT_ASSIGNED_CONTEXT((#6490,#6491,#6492)) REPRESENTATION_CONTEXT
('Context #1','3D Context with UNIT and UNCERTAINTY') );
#6490 = ( LENGTH_UNIT() NAMED_UNIT(*) SI_UNIT(.MILLI.,.METRE.) );
#6491 = ( NAMED_UNIT(*) PLANE_ANGLE_UNIT() SI_UNIT($,.RADIAN.) );
#6492 = ( NAMED_UNIT(*) SI_UNIT($,.STERADIAN.) SOLID_ANGLE_UNIT() );
#6493 = UNCERTAINTY_MEASURE_WITH_UNIT(LENGTH_MEASURE(1.E-07),#6490,
  'distance_accuracy_value','confusion accuracy');
#6494 = CONTEXT_DEPENDENT_SHAPE_REPRESENTATION(#6495,#6497);
#6495 = ( REPRESENTATION_RELATIONSHIP('','',#5918,#10) 
REPRESENTATION_RELATIONSHIP_WITH_TRANSFORMATION(#6496) 
SHAPE_REPRESENTATION_RELATIONSHIP() );
#6496 = ITEM_DEFINED_TRANSFORMATION('','',#11,#27);
#6497 = PRODUCT_DEFINITION_SHAPE('Placement','Placement of an item',
  #6498);
#6498 = NEXT_ASSEMBLY_USAGE_OCCURRENCE('4','target_nut_1_DIN934_M5','',
  #5,#5913,$);
#6499 = PRODUCT_RELATED_PRODUCT_CATEGORY('part',$,(#5915));
#6500 = SHAPE_DEFINITION_REPRESENTATION(#6501,#6507);
#6501 = PRODUCT_DEFINITION_SHAPE('','',#6502);
#6502 = PRODUCT_DEFINITION('design','',#6503,#6506);
#6503 = PRODUCT_DEFINITION_FORMATION('','',#6504);
#6504 = PRODUCT('target_2_MC-12-12-03','target_2_MC-12-12-03','',(#6505)
  );
#6505 = PRODUCT_CONTEXT('',#2,'mechanical');
#6506 = PRODUCT_DEFINITION_CONTEXT('part definition',#2,'design');
#6507 = ADVANCED_BREP_SHAPE_REPRESENTATION('',(#11,#6508),#6922);
#6508 = MANIFOLD_SOLID_BREP('',#6509);
#6509 = CLOSED_SHELL('',(#6510,#6630,#6706,#6786,#6835,#6888,#6895));
#6510 = ADVANCED_FACE('',(#6511),#6525,.F.);
#6511 = FACE_BOUND('',#6512,.F.);
#6512 = EDGE_LOOP('',(#6513,#6548,#6576,#6604));
#6513 = ORIENTED_EDGE('',*,*,#6514,.F.);
#6514 = EDGE_CURVE('',#6515,#6517,#6519,.T.);
#6515 = VERTEX_POINT('',#6516);
#6516 = CARTESIAN_POINT('',(-6.,10.,0.));
#6517 = VERTEX_POINT('',#6518);
#6518 = CARTESIAN_POINT('',(-6.,10.,3.));
#6519 = SURFACE_CURVE('',#6520,(#6524,#6536),.PCURVE_S1.);
#6520 = LINE('',#6521,#6522);
#6521 = CARTESIAN_POINT('',(-6.,10.,0.));
#6522 = VECTOR('',#6523,1.);
#6523 = DIRECTION('',(0.,0.,1.));
#6524 = PCURVE('',#6525,#6530);
#6525 = PLANE('',#6526);
#6526 = AXIS2_PLACEMENT_3D('',#6527,#6528,#6529);
#6527 = CARTESIAN_POINT('',(-6.,10.,0.));
#6528 = DIRECTION('',(1.,0.,0.));
#6529 = DIRECTION('',(0.,0.,1.));
#6530 = DEFINITIONAL_REPRESENTATION('',(#6531),#6535);
#6531 = LINE('',#6532,#6533);
#6532 = CARTESIAN_POINT('',(0.,0.));
#6533 = VECTOR('',#6534,1.);
#6534 = DIRECTION('',(1.,0.));
#6535 = ( GEOMETRIC_REPRESENTATION_CONTEXT(2) 
PARAMETRIC_REPRESENTATION_CONTEXT() REPRESENTATION_CONTEXT('2D SPACE',''
  ) );
#6536 = PCURVE('',#6537,#6542);
#6537 = PLANE('',#6538);
#6538 = AXIS2_PLACEMENT_3D('',#6539,#6540,#6541);
#6539 = CARTESIAN_POINT('',(-6.,10.,0.));
#6540 = DIRECTION('',(0.,1.,0.));
#6541 = DIRECTION('',(0.,0.,1.));
#6542 = DEFINITIONAL_REPRESENTATION('',(#6543),#6547);
#6543 = LINE('',#6544,#6545);
#6544 = CARTESIAN_POINT('',(0.,0.));
#6545 = VECTOR('',#6546,1.);
#6546 = DIRECTION('',(1.,0.));
#6547 = ( GEOMETRIC_REPRESENTATION_CONTEXT(2) 
PARAMETRIC_REPRESENTATION_CONTEXT() REPRESENTATION_CONTEXT('2D SPACE',''
  ) );
#6548 = ORIENTED_EDGE('',*,*,#6549,.T.);
#6549 = EDGE_CURVE('',#6515,#6550,#6552,.T.);
#6550 = VERTEX_POINT('',#6551);
#6551 = CARTESIAN_POINT('',(-6.,22.,0.));
#6552 = SURFACE_CURVE('',#6553,(#6557,#6564),.PCURVE_S1.);
#6553 = LINE('',#6554,#6555);
#6554 = CARTESIAN_POINT('',(-6.,10.,0.));
#6555 = VECTOR('',#6556,1.);
#6556 = DIRECTION('',(0.,1.,0.));
#6557 = PCURVE('',#6525,#6558);
#6558 = DEFINITIONAL_REPRESENTATION('',(#6559),#6563);
#6559 = LINE('',#6560,#6561);
#6560 = CARTESIAN_POINT('',(0.,0.));
#6561 = VECTOR('',#6562,1.);
#6562 = DIRECTION('',(0.,-1.));
#6563 = ( GEOMETRIC_REPRESENTATION_CONTEXT(2) 
PARAMETRIC_REPRESENTATION_CONTEXT() REPRESENTATION_CONTEXT('2D SPACE',''
  ) );
#6564 = PCURVE('',#6565,#6570);
#6565 = PLANE('',#6566);
#6566 = AXIS2_PLACEMENT_3D('',#6567,#6568,#6569);
#6567 = CARTESIAN_POINT('',(-6.,10.,0.));
#6568 = DIRECTION('',(0.,0.,1.));
#6569 = DIRECTION('',(1.,0.,0.));
#6570 = DEFINITIONAL_REPRESENTATION('',(#6571),#6575);
#6571 = LINE('',#6572,#6573);
#6572 = CARTESIAN_POINT('',(0.,0.));
#6573 = VECTOR('',#6574,1.);
#6574 = DIRECTION('',(0.,1.));
#6575 = ( GEOMETRIC_REPRESENTATION_CONTEXT(2) 
PARAMETRIC_REPRESENTATION_CONTEXT() REPRESENTATION_CONTEXT('2D SPACE',''
  ) );
#6576 = ORIENTED_EDGE('',*,*,#6577,.T.);
#6577 = EDGE_CURVE('',#6550,#6578,#6580,.T.);
#6578 = VERTEX_POINT('',#6579);
#6579 = CARTESIAN_POINT('',(-6.,22.,3.));
#6580 = SURFACE_CURVE('',#6581,(#6585,#6592),.PCURVE_S1.);
#6581 = LINE('',#6582,#6583);
#6582 = CARTESIAN_POINT('',(-6.,22.,0.));
#6583 = VECTOR('',#6584,1.);
#6584 = DIRECTION('',(0.,0.,1.));
#6585 = PCURVE('',#6525,#6586);
#6586 = DEFINITIONAL_REPRESENTATION('',(#6587),#6591);
#6587 = LINE('',#6588,#6589);
#6588 = CARTESIAN_POINT('',(0.,-12.));
#6589 = VECTOR('',#6590,1.);
#6590 = DIRECTION('',(1.,0.));
#6591 = ( GEOMETRIC_REPRESENTATION_CONTEXT(2) 
PARAMETRIC_REPRESENTATION_CONTEXT() REPRESENTATION_CONTEXT('2D SPACE',''
  ) );
#6592 = PCURVE('',#6593,#6598);
#6593 = PLANE('',#6594);
#6594 = AXIS2_PLACEMENT_3D('',#6595,#6596,#6597);
#6595 = CARTESIAN_POINT('',(-6.,22.,0.));
#6596 = DIRECTION('',(0.,1.,0.));
#6597 = DIRECTION('',(0.,0.,1.));
#6598 = DEFINITIONAL_REPRESENTATION('',(#6599),#6603);
#6599 = LINE('',#6600,#6601);
#6600 = CARTESIAN_POINT('',(0.,0.));
#6601 = VECTOR('',#6602,1.);
#6602 = DIRECTION('',(1.,0.));
#6603 = ( GEOMETRIC_REPRESENTATION_CONTEXT(2) 
PARAMETRIC_REPRESENTATION_CONTEXT() REPRESENTATION_CONTEXT('2D SPACE',''
  ) );
#6604 = ORIENTED_EDGE('',*,*,#6605,.F.);
#6605 = EDGE_CURVE('',#6517,#6578,#6606,.T.);
#6606 = SURFACE_CURVE('',#6607,(#6611,#6618),.PCURVE_S1.);
#6607 = LINE('',#6608,#6609);
#6608 = CARTESIAN_POINT('',(-6.,10.,3.));
#6609 = VECTOR('',#6610,1.);
#6610 = DIRECTION('',(0.,1.,0.));
#6611 = PCURVE('',#6525,#6612);
#6612 = DEFINITIONAL_REPRESENTATION('',(#6613),#6617);
#6613 = LINE('',#6614,#6615);
#6614 = CARTESIAN_POINT('',(3.,0.));
#6615 = VECTOR('',#6616,1.);
#6616 = DIRECTION('',(0.,-1.));
#6617 = ( GEOMETRIC_REPRESENTATION_CONTEXT(2) 
PARAMETRIC_REPRESENTATION_CONTEXT() REPRESENTATION_CONTEXT('2D SPACE',''
  ) );
#6618 = PCURVE('',#6619,#6624);
#6619 = PLANE('',#6620);
#6620 = AXIS2_PLACEMENT_3D('',#6621,#6622,#6623);
#6621 = CARTESIAN_POINT('',(-6.,10.,3.));
#6622 = DIRECTION('',(0.,0.,1.));
#6623 = DIRECTION('',(1.,0.,0.));
#6624 = DEFINITIONAL_REPRESENTATION('',(#6625),#6629);
#6625 = LINE('',#6626,#6627);
#6626 = CARTESIAN_POINT('',(0.,0.));
#6627 = VECTOR('',#6628,1.);
#6628 = DIRECTION('',(0.,1.));
#6629 = ( GEOMETRIC_REPRESENTATION_CONTEXT(2) 
PARAMETRIC_REPRESENTATION_CONTEXT() REPRESENTATION_CONTEXT('2D SPACE',''
  ) );
#6630 = ADVANCED_FACE('',(#6631),#6537,.F.);
#6631 = FACE_BOUND('',#6632,.F.);
#6632 = EDGE_LOOP('',(#6633,#6656,#6657,#6680));
#6633 = ORIENTED_EDGE('',*,*,#6634,.F.);
#6634 = EDGE_CURVE('',#6515,#6635,#6637,.T.);
#6635 = VERTEX_POINT('',#6636);
#6636 = CARTESIAN_POINT('',(6.,10.,0.));
#6637 = SURFACE_CURVE('',#6638,(#6642,#6649),.PCURVE_S1.);
#6638 = LINE('',#6639,#6640);
#6639 = CARTESIAN_POINT('',(-6.,10.,0.));
#6640 = VECTOR('',#6641,1.);
#6641 = DIRECTION('',(1.,0.,0.));
#6642 = PCURVE('',#6537,#6643);
#6643 = DEFINITIONAL_REPRESENTATION('',(#6644),#6648);
#6644 = LINE('',#6645,#6646);
#6645 = CARTESIAN_POINT('',(0.,0.));
#6646 = VECTOR('',#6647,1.);
#6647 = DIRECTION('',(0.,1.));
#6648 = ( GEOMETRIC_REPRESENTATION_CONTEXT(2) 
PARAMETRIC_REPRESENTATION_CONTEXT() REPRESENTATION_CONTEXT('2D SPACE',''
  ) );
#6649 = PCURVE('',#6565,#6650);
#6650 = DEFINITIONAL_REPRESENTATION('',(#6651),#6655);
#6651 = LINE('',#6652,#6653);
#6652 = CARTESIAN_POINT('',(0.,0.));
#6653 = VECTOR('',#6654,1.);
#6654 = DIRECTION('',(1.,0.));
#6655 = ( GEOMETRIC_REPRESENTATION_CONTEXT(2) 
PARAMETRIC_REPRESENTATION_CONTEXT() REPRESENTATION_CONTEXT('2D SPACE',''
  ) );
#6656 = ORIENTED_EDGE('',*,*,#6514,.T.);
#6657 = ORIENTED_EDGE('',*,*,#6658,.T.);
#6658 = EDGE_CURVE('',#6517,#6659,#6661,.T.);
#6659 = VERTEX_POINT('',#6660);
#6660 = CARTESIAN_POINT('',(6.,10.,3.));
#6661 = SURFACE_CURVE('',#6662,(#6666,#6673),.PCURVE_S1.);
#6662 = LINE('',#6663,#6664);
#6663 = CARTESIAN_POINT('',(-6.,10.,3.));
#6664 = VECTOR('',#6665,1.);
#6665 = DIRECTION('',(1.,0.,0.));
#6666 = PCURVE('',#6537,#6667);
#6667 = DEFINITIONAL_REPRESENTATION('',(#6668),#6672);
#6668 = LINE('',#6669,#6670);
#6669 = CARTESIAN_POINT('',(3.,0.));
#6670 = VECTOR('',#6671,1.);
#6671 = DIRECTION('',(0.,1.));
#6672 = ( GEOMETRIC_REPRESENTATION_CONTEXT(2) 
PARAMETRIC_REPRESENTATION_CONTEXT() REPRESENTATION_CONTEXT('2D SPACE',''
  ) );
#6673 = PCURVE('',#6619,#6674);
#6674 = DEFINITIONAL_REPRESENTATION('',(#6675),#6679);
#6675 = LINE('',#6676,#6677);
#6676 = CARTESIAN_POINT('',(0.,0.));
#6677 = VECTOR('',#6678,1.);
#6678 = DIRECTION('',(1.,0.));
#6679 = ( GEOMETRIC_REPRESENTATION_CONTEXT(2) 
PARAMETRIC_REPRESENTATION_CONTEXT() REPRESENTATION_CONTEXT('2D SPACE',''
  ) );
#6680 = ORIENTED_EDGE('',*,*,#6681,.F.);
#6681 = EDGE_CURVE('',#6635,#6659,#6682,.T.);
#6682 = SURFACE_CURVE('',#6683,(#6687,#6694),.PCURVE_S1.);
#6683 = LINE('',#6684,#6685);
#6684 = CARTESIAN_POINT('',(6.,10.,0.));
#6685 = VECTOR('',#6686,1.);
#6686 = DIRECTION('',(0.,0.,1.));
#6687 = PCURVE('',#6537,#6688);
#6688 = DEFINITIONAL_REPRESENTATION('',(#6689),#6693);
#6689 = LINE('',#6690,#6691);
#6690 = CARTESIAN_POINT('',(0.,12.));
#6691 = VECTOR('',#6692,1.);
#6692 = DIRECTION('',(1.,0.));
#6693 = ( GEOMETRIC_REPRESENTATION_CONTEXT(2) 
PARAMETRIC_REPRESENTATION_CONTEXT() REPRESENTATION_CONTEXT('2D SPACE',''
  ) );
#6694 = PCURVE('',#6695,#6700);
#6695 = PLANE('',#6696);
#6696 = AXIS2_PLACEMENT_3D('',#6697,#6698,#6699);
#6697 = CARTESIAN_POINT('',(6.,10.,0.));
#6698 = DIRECTION('',(1.,0.,0.));
#6699 = DIRECTION('',(0.,0.,1.));
#6700 = DEFINITIONAL_REPRESENTATION('',(#6701),#6705);
#6701 = LINE('',#6702,#6703);
#6702 = CARTESIAN_POINT('',(0.,0.));
#6703 = VECTOR('',#6704,1.);
#6704 = DIRECTION('',(1.,0.));
#6705 = ( GEOMETRIC_REPRESENTATION_CONTEXT(2) 
PARAMETRIC_REPRESENTATION_CONTEXT() REPRESENTATION_CONTEXT('2D SPACE',''
  ) );
#6706 = ADVANCED_FACE('',(#6707,#6755),#6619,.T.);
#6707 = FACE_BOUND('',#6708,.T.);
#6708 = EDGE_LOOP('',(#6709,#6710,#6711,#6734));
#6709 = ORIENTED_EDGE('',*,*,#6605,.F.);
#6710 = ORIENTED_EDGE('',*,*,#6658,.T.);
#6711 = ORIENTED_EDGE('',*,*,#6712,.T.);
#6712 = EDGE_CURVE('',#6659,#6713,#6715,.T.);
#6713 = VERTEX_POINT('',#6714);
#6714 = CARTESIAN_POINT('',(6.,22.,3.));
#6715 = SURFACE_CURVE('',#6716,(#6720,#6727),.PCURVE_S1.);
#6716 = LINE('',#6717,#6718);
#6717 = CARTESIAN_POINT('',(6.,10.,3.));
#6718 = VECTOR('',#6719,1.);
#6719 = DIRECTION('',(0.,1.,0.));
#6720 = PCURVE('',#6619,#6721);
#6721 = DEFINITIONAL_REPRESENTATION('',(#6722),#6726);
#6722 = LINE('',#6723,#6724);
#6723 = CARTESIAN_POINT('',(12.,0.));
#6724 = VECTOR('',#6725,1.);
#6725 = DIRECTION('',(0.,1.));
#6726 = ( GEOMETRIC_REPRESENTATION_CONTEXT(2) 
PARAMETRIC_REPRESENTATION_CONTEXT() REPRESENTATION_CONTEXT('2D SPACE',''
  ) );
#6727 = PCURVE('',#6695,#6728);
#6728 = DEFINITIONAL_REPRESENTATION('',(#6729),#6733);
#6729 = LINE('',#6730,#6731);
#6730 = CARTESIAN_POINT('',(3.,0.));
#6731 = VECTOR('',#6732,1.);
#6732 = DIRECTION('',(0.,-1.));
#6733 = ( GEOMETRIC_REPRESENTATION_CONTEXT(2) 
PARAMETRIC_REPRESENTATION_CONTEXT() REPRESENTATION_CONTEXT('2D SPACE',''
  ) );
#6734 = ORIENTED_EDGE('',*,*,#6735,.F.);
#6735 = EDGE_CURVE('',#6578,#6713,#6736,.T.);
#6736 = SURFACE_CURVE('',#6737,(#6741,#6748),.PCURVE_S1.);
#6737 = LINE('',#6738,#6739);
#6738 = CARTESIAN_POINT('',(-6.,22.,3.));
#6739 = VECTOR('',#6740,1.);
#6740 = DIRECTION('',(1.,0.,0.));
#6741 = PCURVE('',#6619,#6742);
#6742 = DEFINITIONAL_REPRESENTATION('',(#6743),#6747);
#6743 = LINE('',#6744,#6745);
#6744 = CARTESIAN_POINT('',(0.,12.));
#6745 = VECTOR('',#6746,1.);
#6746 = DIRECTION('',(1.,0.));
#6747 = ( GEOMETRIC_REPRESENTATION_CONTEXT(2) 
PARAMETRIC_REPRESENTATION_CONTEXT() REPRESENTATION_CONTEXT('2D SPACE',''
  ) );
#6748 = PCURVE('',#6593,#6749);
#6749 = DEFINITIONAL_REPRESENTATION('',(#6750),#6754);
#6750 = LINE('',#6751,#6752);
#6751 = CARTESIAN_POINT('',(3.,0.));
#6752 = VECTOR('',#6753,1.);
#6753 = DIRECTION('',(0.,1.));
#6754 = ( GEOMETRIC_REPRESENTATION_CONTEXT(2) 
PARAMETRIC_REPRESENTATION_CONTEXT() REPRESENTATION_CONTEXT('2D SPACE',''
  ) );
#6755 = FACE_BOUND('',#6756,.T.);
#6756 = EDGE_LOOP('',(#6757));
#6757 = ORIENTED_EDGE('',*,*,#6758,.F.);
#6758 = EDGE_CURVE('',#6759,#6759,#6761,.T.);
#6759 = VERTEX_POINT('',#6760);
#6760 = CARTESIAN_POINT('',(2.85,16.,3.));
#6761 = SURFACE_CURVE('',#6762,(#6767,#6774),.PCURVE_S1.);
#6762 = CIRCLE('',#6763,2.85);
#6763 = AXIS2_PLACEMENT_3D('',#6764,#6765,#6766);
#6764 = CARTESIAN_POINT('',(0.,16.,3.));
#6765 = DIRECTION('',(0.,0.,1.));
#6766 = DIRECTION('',(1.,0.,-0.));
#6767 = PCURVE('',#6619,#6768);
#6768 = DEFINITIONAL_REPRESENTATION('',(#6769),#6773);
#6769 = CIRCLE('',#6770,2.85);
#6770 = AXIS2_PLACEMENT_2D('',#6771,#6772);
#6771 = CARTESIAN_POINT('',(6.,6.));
#6772 = DIRECTION('',(1.,0.));
#6773 = ( GEOMETRIC_REPRESENTATION_CONTEXT(2) 
PARAMETRIC_REPRESENTATION_CONTEXT() REPRESENTATION_CONTEXT('2D SPACE',''
  ) );
#6774 = PCURVE('',#6775,#6780);
#6775 = CONICAL_SURFACE('',#6776,5.85,0.777133888738);
#6776 = AXIS2_PLACEMENT_3D('',#6777,#6778,#6779);
#6777 = CARTESIAN_POINT('',(0.,16.,-5.E-02));
#6778 = DIRECTION('',(-0.,-0.,-1.));
#6779 = DIRECTION('',(1.,0.,-0.));
#6780 = DEFINITIONAL_REPRESENTATION('',(#6781),#6785);
#6781 = LINE('',#6782,#6783);
#6782 = CARTESIAN_POINT('',(-0.,-3.05));
#6783 = VECTOR('',#6784,1.);
#6784 = DIRECTION('',(-1.,-0.));
#6785 = ( GEOMETRIC_REPRESENTATION_CONTEXT(2) 
PARAMETRIC_REPRESENTATION_CONTEXT() REPRESENTATION_CONTEXT('2D SPACE',''
  ) );
#6786 = ADVANCED_FACE('',(#6787),#6593,.T.);
#6787 = FACE_BOUND('',#6788,.T.);
#6788 = EDGE_LOOP('',(#6789,#6812,#6813,#6814));
#6789 = ORIENTED_EDGE('',*,*,#6790,.F.);
#6790 = EDGE_CURVE('',#6550,#6791,#6793,.T.);
#6791 = VERTEX_POINT('',#6792);
#6792 = CARTESIAN_POINT('',(6.,22.,0.));
#6793 = SURFACE_CURVE('',#6794,(#6798,#6805),.PCURVE_S1.);
#6794 = LINE('',#6795,#6796);
#6795 = CARTESIAN_POINT('',(-6.,22.,0.));
#6796 = VECTOR('',#6797,1.);
#6797 = DIRECTION('',(1.,0.,0.));
#6798 = PCURVE('',#6593,#6799);
#6799 = DEFINITIONAL_REPRESENTATION('',(#6800),#6804);
#6800 = LINE('',#6801,#6802);
#6801 = CARTESIAN_POINT('',(0.,0.));
#6802 = VECTOR('',#6803,1.);
#6803 = DIRECTION('',(0.,1.));
#6804 = ( GEOMETRIC_REPRESENTATION_CONTEXT(2) 
PARAMETRIC_REPRESENTATION_CONTEXT() REPRESENTATION_CONTEXT('2D SPACE',''
  ) );
#6805 = PCURVE('',#6565,#6806);
#6806 = DEFINITIONAL_REPRESENTATION('',(#6807),#6811);
#6807 = LINE('',#6808,#6809);
#6808 = CARTESIAN_POINT('',(0.,12.));
#6809 = VECTOR('',#6810,1.);
#6810 = DIRECTION('',(1.,0.));
#6811 = ( GEOMETRIC_REPRESENTATION_CONTEXT(2) 
PARAMETRIC_REPRESENTATION_CONTEXT() REPRESENTATION_CONTEXT('2D SPACE',''
  ) );
#6812 = ORIENTED_EDGE('',*,*,#6577,.T.);
#6813 = ORIENTED_EDGE('',*,*,#6735,.T.);
#6814 = ORIENTED_EDGE('',*,*,#6815,.F.);
#6815 = EDGE_CURVE('',#6791,#6713,#6816,.T.);
#6816 = SURFACE_CURVE('',#6817,(#6821,#6828),.PCURVE_S1.);
#6817 = LINE('',#6818,#6819);
#6818 = CARTESIAN_POINT('',(6.,22.,0.));
#6819 = VECTOR('',#6820,1.);
#6820 = DIRECTION('',(0.,0.,1.));
#6821 = PCURVE('',#6593,#6822);
#6822 = DEFINITIONAL_REPRESENTATION('',(#6823),#6827);
#6823 = LINE('',#6824,#6825);
#6824 = CARTESIAN_POINT('',(0.,12.));
#6825 = VECTOR('',#6826,1.);
#6826 = DIRECTION('',(1.,0.));
#6827 = ( GEOMETRIC_REPRESENTATION_CONTEXT(2) 
PARAMETRIC_REPRESENTATION_CONTEXT() REPRESENTATION_CONTEXT('2D SPACE',''
  ) );
#6828 = PCURVE('',#6695,#6829);
#6829 = DEFINITIONAL_REPRESENTATION('',(#6830),#6834);
#6830 = LINE('',#6831,#6832);
#6831 = CARTESIAN_POINT('',(0.,-12.));
#6832 = VECTOR('',#6833,1.);
#6833 = DIRECTION('',(1.,0.));
#6834 = ( GEOMETRIC_REPRESENTATION_CONTEXT(2) 
PARAMETRIC_REPRESENTATION_CONTEXT() REPRESENTATION_CONTEXT('2D SPACE',''
  ) );
#6835 = ADVANCED_FACE('',(#6836,#6862),#6565,.F.);
#6836 = FACE_BOUND('',#6837,.F.);
#6837 = EDGE_LOOP('',(#6838,#6839,#6840,#6861));
#6838 = ORIENTED_EDGE('',*,*,#6549,.F.);
#6839 = ORIENTED_EDGE('',*,*,#6634,.T.);
#6840 = ORIENTED_EDGE('',*,*,#6841,.T.);
#6841 = EDGE_CURVE('',#6635,#6791,#6842,.T.);
#6842 = SURFACE_CURVE('',#6843,(#6847,#6854),.PCURVE_S1.);
#6843 = LINE('',#6844,#6845);
#6844 = CARTESIAN_POINT('',(6.,10.,0.));
#6845 = VECTOR('',#6846,1.);
#6846 = DIRECTION('',(0.,1.,0.));
#6847 = PCURVE('',#6565,#6848);
#6848 = DEFINITIONAL_REPRESENTATION('',(#6849),#6853);
#6849 = LINE('',#6850,#6851);
#6850 = CARTESIAN_POINT('',(12.,0.));
#6851 = VECTOR('',#6852,1.);
#6852 = DIRECTION('',(0.,1.));
#6853 = ( GEOMETRIC_REPRESENTATION_CONTEXT(2) 
PARAMETRIC_REPRESENTATION_CONTEXT() REPRESENTATION_CONTEXT('2D SPACE',''
  ) );
#6854 = PCURVE('',#6695,#6855);
#6855 = DEFINITIONAL_REPRESENTATION('',(#6856),#6860);
#6856 = LINE('',#6857,#6858);
#6857 = CARTESIAN_POINT('',(0.,0.));
#6858 = VECTOR('',#6859,1.);
#6859 = DIRECTION('',(0.,-1.));
#6860 = ( GEOMETRIC_REPRESENTATION_CONTEXT(2) 
PARAMETRIC_REPRESENTATION_CONTEXT() REPRESENTATION_CONTEXT('2D SPACE',''
  ) );
#6861 = ORIENTED_EDGE('',*,*,#6790,.F.);
#6862 = FACE_BOUND('',#6863,.F.);
#6863 = EDGE_LOOP('',(#6864));
#6864 = ORIENTED_EDGE('',*,*,#6865,.F.);
#6865 = EDGE_CURVE('',#6866,#6866,#6868,.T.);
#6866 = VERTEX_POINT('',#6867);
#6867 = CARTESIAN_POINT('',(5.800819672131,16.,6.938893903907E-18));
#6868 = SURFACE_CURVE('',#6869,(#6874,#6881),.PCURVE_S1.);
#6869 = CIRCLE('',#6870,5.800819672131);
#6870 = AXIS2_PLACEMENT_3D('',#6871,#6872,#6873);
#6871 = CARTESIAN_POINT('',(0.,16.,0.));
#6872 = DIRECTION('',(0.,0.,1.));
#6873 = DIRECTION('',(1.,0.,-0.));
#6874 = PCURVE('',#6565,#6875);
#6875 = DEFINITIONAL_REPRESENTATION('',(#6876),#6880);
#6876 = CIRCLE('',#6877,5.800819672131);
#6877 = AXIS2_PLACEMENT_2D('',#6878,#6879);
#6878 = CARTESIAN_POINT('',(6.,6.));
#6879 = DIRECTION('',(1.,0.));
#6880 = ( GEOMETRIC_REPRESENTATION_CONTEXT(2) 
PARAMETRIC_REPRESENTATION_CONTEXT() REPRESENTATION_CONTEXT('2D SPACE',''
  ) );
#6881 = PCURVE('',#6775,#6882);
#6882 = DEFINITIONAL_REPRESENTATION('',(#6883),#6887);
#6883 = LINE('',#6884,#6885);
#6884 = CARTESIAN_POINT('',(-0.,-5.E-02));
#6885 = VECTOR('',#6886,1.);
#6886 = DIRECTION('',(-1.,-0.));
#6887 = ( GEOMETRIC_REPRESENTATION_CONTEXT(2) 
PARAMETRIC_REPRESENTATION_CONTEXT() REPRESENTATION_CONTEXT('2D SPACE',''
  ) );
#6888 = ADVANCED_FACE('',(#6889),#6695,.T.);
#6889 = FACE_BOUND('',#6890,.T.);
#6890 = EDGE_LOOP('',(#6891,#6892,#6893,#6894));
#6891 = ORIENTED_EDGE('',*,*,#6681,.F.);
#6892 = ORIENTED_EDGE('',*,*,#6841,.T.);
#6893 = ORIENTED_EDGE('',*,*,#6815,.T.);
#6894 = ORIENTED_EDGE('',*,*,#6712,.F.);
#6895 = ADVANCED_FACE('',(#6896),#6775,.F.);
#6896 = FACE_BOUND('',#6897,.F.);
#6897 = EDGE_LOOP('',(#6898,#6919,#6920,#6921));
#6898 = ORIENTED_EDGE('',*,*,#6899,.T.);
#6899 = EDGE_CURVE('',#6866,#6759,#6900,.T.);
#6900 = SEAM_CURVE('',#6901,(#6905,#6912),.PCURVE_S1.);
#6901 = LINE('',#6902,#6903);
#6902 = CARTESIAN_POINT('',(5.85,16.,-5.E-02));
#6903 = VECTOR('',#6904,1.);
#6904 = DIRECTION('',(-0.701238976117,1.717540135078E-16,0.712926292386)
  );
#6905 = PCURVE('',#6775,#6906);
#6906 = DEFINITIONAL_REPRESENTATION('',(#6907),#6911);
#6907 = LINE('',#6908,#6909);
#6908 = CARTESIAN_POINT('',(-6.28318530718,0.));
#6909 = VECTOR('',#6910,1.);
#6910 = DIRECTION('',(-0.,-1.));
#6911 = ( GEOMETRIC_REPRESENTATION_CONTEXT(2) 
PARAMETRIC_REPRESENTATION_CONTEXT() REPRESENTATION_CONTEXT('2D SPACE',''
  ) );
#6912 = PCURVE('',#6775,#6913);
#6913 = DEFINITIONAL_REPRESENTATION('',(#6914),#6918);
#6914 = LINE('',#6915,#6916);
#6915 = CARTESIAN_POINT('',(0.,-0.));
#6916 = VECTOR('',#6917,1.);
#6917 = DIRECTION('',(-0.,-1.));
#6918 = ( GEOMETRIC_REPRESENTATION_CONTEXT(2) 
PARAMETRIC_REPRESENTATION_CONTEXT() REPRESENTATION_CONTEXT('2D SPACE',''
  ) );
#6919 = ORIENTED_EDGE('',*,*,#6758,.F.);
#6920 = ORIENTED_EDGE('',*,*,#6899,.F.);
#6921 = ORIENTED_EDGE('',*,*,#6865,.T.);
#6922 = ( GEOMETRIC_REPRESENTATION_CONTEXT(3) 
GLOBAL_UNCERTAINTY_ASSIGNED_CONTEXT((#6926)) 
GLOBAL_UNIT_ASSIGNED_CONTEXT((#6923,#6924,#6925)) REPRESENTATION_CONTEXT
('Context #1','3D Context with UNIT and UNCERTAINTY') );
#6923 = ( LENGTH_UNIT() NAMED_UNIT(*) SI_UNIT(.MILLI.,.METRE.) );
#6924 = ( NAMED_UNIT(*) PLANE_ANGLE_UNIT() SI_UNIT($,.RADIAN.) );
#6925 = ( NAMED_UNIT(*) SI_UNIT($,.STERADIAN.) SOLID_ANGLE_UNIT() );
#6926 = UNCERTAINTY_MEASURE_WITH_UNIT(LENGTH_MEASURE(1.E-07),#6923,
  'distance_accuracy_value','confusion accuracy');
#6927 = CONTEXT_DEPENDENT_SHAPE_REPRESENTATION(#6928,#6930);
#6928 = ( REPRESENTATION_RELATIONSHIP('','',#6507,#10) 
REPRESENTATION_RELATIONSHIP_WITH_TRANSFORMATION(#6929) 
SHAPE_REPRESENTATION_RELATIONSHIP() );
#6929 = ITEM_DEFINED_TRANSFORMATION('','',#11,#31);
#6930 = PRODUCT_DEFINITION_SHAPE('Placement','Placement of an item',
  #6931);
#6931 = NEXT_ASSEMBLY_USAGE_OCCURRENCE('5','target_2_MC-12-12-03','',#5,
  #6502,$);
#6932 = PRODUCT_RELATED_PRODUCT_CATEGORY('part',$,(#6504));
#6933 = SHAPE_DEFINITION_REPRESENTATION(#6934,#6940);
#6934 = PRODUCT_DEFINITION_SHAPE('','',#6935);
#6935 = PRODUCT_DEFINITION('design','',#6936,#6939);
#6936 = PRODUCT_DEFINITION_FORMATION('','',#6937);
#6937 = PRODUCT('target_screw_2_ISO10642_M5x10',
  'target_screw_2_ISO10642_M5x10','',(#6938));
#6938 = PRODUCT_CONTEXT('',#2,'mechanical');
#6939 = PRODUCT_DEFINITION_CONTEXT('part definition',#2,'design');
#6940 = ADVANCED_BREP_SHAPE_REPRESENTATION('',(#11,#6941),#7094);
#6941 = MANIFOLD_SOLID_BREP('',#6942);
#6942 = CLOSED_SHELL('',(#6943,#7031,#7086,#7090));
#6943 = ADVANCED_FACE('',(#6944),#6957,.T.);
#6944 = FACE_BOUND('',#6945,.T.);
#6945 = EDGE_LOOP('',(#6946,#6980,#7003,#7030));
#6946 = ORIENTED_EDGE('',*,*,#6947,.F.);
#6947 = EDGE_CURVE('',#6948,#6948,#6950,.T.);
#6948 = VERTEX_POINT('',#6949);
#6949 = CARTESIAN_POINT('',(2.5,16.,2.7));
#6950 = SURFACE_CURVE('',#6951,(#6956,#6968),.PCURVE_S1.);
#6951 = CIRCLE('',#6952,2.5);
#6952 = AXIS2_PLACEMENT_3D('',#6953,#6954,#6955);
#6953 = CARTESIAN_POINT('',(0.,16.,2.7));
#6954 = DIRECTION('',(0.,0.,1.));
#6955 = DIRECTION('',(1.,0.,-0.));
#6956 = PCURVE('',#6957,#6962);
#6957 = CONICAL_SURFACE('',#6958,5.,0.746955573376);
#6958 = AXIS2_PLACEMENT_3D('',#6959,#6960,#6961);
#6959 = CARTESIAN_POINT('',(0.,16.,0.));
#6960 = DIRECTION('',(-0.,-0.,-1.));
#6961 = DIRECTION('',(1.,0.,-0.));
#6962 = DEFINITIONAL_REPRESENTATION('',(#6963),#6967);
#6963 = LINE('',#6964,#6965);
#6964 = CARTESIAN_POINT('',(-0.,-2.7));
#6965 = VECTOR('',#6966,1.);
#6966 = DIRECTION('',(-1.,-0.));
#6967 = ( GEOMETRIC_REPRESENTATION_CONTEXT(2) 
PARAMETRIC_REPRESENTATION_CONTEXT() REPRESENTATION_CONTEXT('2D SPACE',''
  ) );
#6968 = PCURVE('',#6969,#6974);
#6969 = CYLINDRICAL_SURFACE('',#6970,2.5);
#6970 = AXIS2_PLACEMENT_3D('',#6971,#6972,#6973);
#6971 = CARTESIAN_POINT('',(0.,16.,2.7));
#6972 = DIRECTION('',(0.,0.,1.));
#6973 = DIRECTION('',(1.,0.,-0.));
#6974 = DEFINITIONAL_REPRESENTATION('',(#6975),#6979);
#6975 = LINE('',#6976,#6977);
#6976 = CARTESIAN_POINT('',(0.,0.));
#6977 = VECTOR('',#6978,1.);
#6978 = DIRECTION('',(1.,0.));
#6979 = ( GEOMETRIC_REPRESENTATION_CONTEXT(2) 
PARAMETRIC_REPRESENTATION_CONTEXT() REPRESENTATION_CONTEXT('2D SPACE',''
  ) );
#6980 = ORIENTED_EDGE('',*,*,#6981,.F.);
#6981 = EDGE_CURVE('',#6982,#6948,#6984,.T.);
#6982 = VERTEX_POINT('',#6983);
#6983 = CARTESIAN_POINT('',(5.,16.,0.));
#6984 = SEAM_CURVE('',#6985,(#6989,#6996),.PCURVE_S1.);
#6985 = LINE('',#6986,#6987);
#6986 = CARTESIAN_POINT('',(5.,16.,0.));
#6987 = VECTOR('',#6988,1.);
#6988 = DIRECTION('',(-0.679408031498,1.664069742179E-16,0.733760674018)
  );
#6989 = PCURVE('',#6957,#6990);
#6990 = DEFINITIONAL_REPRESENTATION('',(#6991),#6995);
#6991 = LINE('',#6992,#6993);
#6992 = CARTESIAN_POINT('',(-6.28318530718,0.));
#6993 = VECTOR('',#6994,1.);
#6994 = DIRECTION('',(-0.,-1.));
#6995 = ( GEOMETRIC_REPRESENTATION_CONTEXT(2) 
PARAMETRIC_REPRESENTATION_CONTEXT() REPRESENTATION_CONTEXT('2D SPACE',''
  ) );
#6996 = PCURVE('',#6957,#6997);
#6997 = DEFINITIONAL_REPRESENTATION('',(#6998),#7002);
#6998 = LINE('',#6999,#7000);
#6999 = CARTESIAN_POINT('',(0.,-0.));
#7000 = VECTOR('',#7001,1.);
#7001 = DIRECTION('',(-0.,-1.));
#7002 = ( GEOMETRIC_REPRESENTATION_CONTEXT(2) 
PARAMETRIC_REPRESENTATION_CONTEXT() REPRESENTATION_CONTEXT('2D SPACE',''
  ) );
#7003 = ORIENTED_EDGE('',*,*,#7004,.T.);
#7004 = EDGE_CURVE('',#6982,#6982,#7005,.T.);
#7005 = SURFACE_CURVE('',#7006,(#7011,#7018),.PCURVE_S1.);
#7006 = CIRCLE('',#7007,5.);
#7007 = AXIS2_PLACEMENT_3D('',#7008,#7009,#7010);
#7008 = CARTESIAN_POINT('',(0.,16.,0.));
#7009 = DIRECTION('',(0.,0.,1.));
#7010 = DIRECTION('',(1.,0.,-0.));
#7011 = PCURVE('',#6957,#7012);
#7012 = DEFINITIONAL_REPRESENTATION('',(#7013),#7017);
#7013 = LINE('',#7014,#7015);
#7014 = CARTESIAN_POINT('',(-0.,-0.));
#7015 = VECTOR('',#7016,1.);
#7016 = DIRECTION('',(-1.,-0.));
#7017 = ( GEOMETRIC_REPRESENTATION_CONTEXT(2) 
PARAMETRIC_REPRESENTATION_CONTEXT() REPRESENTATION_CONTEXT('2D SPACE',''
  ) );
#7018 = PCURVE('',#7019,#7024);
#7019 = PLANE('',#7020);
#7020 = AXIS2_PLACEMENT_3D('',#7021,#7022,#7023);
#7021 = CARTESIAN_POINT('',(0.,16.,0.));
#7022 = DIRECTION('',(0.,0.,1.));
#7023 = DIRECTION('',(1.,0.,-0.));
#7024 = DEFINITIONAL_REPRESENTATION('',(#7025),#7029);
#7025 = CIRCLE('',#7026,5.);
#7026 = AXIS2_PLACEMENT_2D('',#7027,#7028);
#7027 = CARTESIAN_POINT('',(0.,0.));
#7028 = DIRECTION('',(1.,0.));
#7029 = ( GEOMETRIC_REPRESENTATION_CONTEXT(2) 
PARAMETRIC_REPRESENTATION_CONTEXT() REPRESENTATION_CONTEXT('2D SPACE',''
  ) );
#7030 = ORIENTED_EDGE('',*,*,#6981,.T.);
#7031 = ADVANCED_FACE('',(#7032),#6969,.T.);
#7032 = FACE_BOUND('',#7033,.T.);
#7033 = EDGE_LOOP('',(#7034,#7063,#7084,#7085));
#7034 = ORIENTED_EDGE('',*,*,#7035,.F.);
#7035 = EDGE_CURVE('',#7036,#7036,#7038,.T.);
#7036 = VERTEX_POINT('',#7037);
#7037 = CARTESIAN_POINT('',(2.5,16.,10.));
#7038 = SURFACE_CURVE('',#7039,(#7044,#7051),.PCURVE_S1.);
#7039 = CIRCLE('',#7040,2.5);
#7040 = AXIS2_PLACEMENT_3D('',#7041,#7042,#7043);
#7041 = CARTESIAN_POINT('',(0.,16.,10.));
#7042 = DIRECTION('',(0.,0.,1.));
#7043 = DIRECTION('',(1.,0.,-0.));
#7044 = PCURVE('',#6969,#7045);
#7045 = DEFINITIONAL_REPRESENTATION('',(#7046),#7050);
#7046 = LINE('',#7047,#7048);
#7047 = CARTESIAN_POINT('',(0.,7.3));
#7048 = VECTOR('',#7049,1.);
#7049 = DIRECTION('',(1.,0.));
#7050 = ( GEOMETRIC_REPRESENTATION_CONTEXT(2) 
PARAMETRIC_REPRESENTATION_CONTEXT() REPRESENTATION_CONTEXT('2D SPACE',''
  ) );
#7051 = PCURVE('',#7052,#7057);
#7052 = PLANE('',#7053);
#7053 = AXIS2_PLACEMENT_3D('',#7054,#7055,#7056);
#7054 = CARTESIAN_POINT('',(0.,16.,10.));
#7055 = DIRECTION('',(0.,0.,1.));
#7056 = DIRECTION('',(1.,0.,-0.));
#7057 = DEFINITIONAL_REPRESENTATION('',(#7058),#7062);
#7058 = CIRCLE('',#7059,2.5);
#7059 = AXIS2_PLACEMENT_2D('',#7060,#7061);
#7060 = CARTESIAN_POINT('',(0.,0.));
#7061 = DIRECTION('',(1.,0.));
#7062 = ( GEOMETRIC_REPRESENTATION_CONTEXT(2) 
PARAMETRIC_REPRESENTATION_CONTEXT() REPRESENTATION_CONTEXT('2D SPACE',''
  ) );
#7063 = ORIENTED_EDGE('',*,*,#7064,.F.);
#7064 = EDGE_CURVE('',#6948,#7036,#7065,.T.);
#7065 = SEAM_CURVE('',#7066,(#7070,#7077),.PCURVE_S1.);
#7066 = LINE('',#7067,#7068);
#7067 = CARTESIAN_POINT('',(2.5,16.,2.7));
#7068 = VECTOR('',#7069,1.);
#7069 = DIRECTION('',(0.,0.,1.));
#7070 = PCURVE('',#6969,#7071);
#7071 = DEFINITIONAL_REPRESENTATION('',(#7072),#7076);
#7072 = LINE('',#7073,#7074);
#7073 = CARTESIAN_POINT('',(6.28318530718,-0.));
#7074 = VECTOR('',#7075,1.);
#7075 = DIRECTION('',(0.,1.));
#7076 = ( GEOMETRIC_REPRESENTATION_CONTEXT(2) 
PARAMETRIC_REPRESENTATION_CONTEXT() REPRESENTATION_CONTEXT('2D SPACE',''
  ) );
#7077 = PCURVE('',#6969,#7078);
#7078 = DEFINITIONAL_REPRESENTATION('',(#7079),#7083);
#7079 = LINE('',#7080,#7081);
#7080 = CARTESIAN_POINT('',(0.,-0.));
#7081 = VECTOR('',#7082,1.);
#7082 = DIRECTION('',(0.,1.));
#7083 = ( GEOMETRIC_REPRESENTATION_CONTEXT(2) 
PARAMETRIC_REPRESENTATION_CONTEXT() REPRESENTATION_CONTEXT('2D SPACE',''
  ) );
#7084 = ORIENTED_EDGE('',*,*,#6947,.T.);
#7085 = ORIENTED_EDGE('',*,*,#7064,.T.);
#7086 = ADVANCED_FACE('',(#7087),#7019,.F.);
#7087 = FACE_BOUND('',#7088,.T.);
#7088 = EDGE_LOOP('',(#7089));
#7089 = ORIENTED_EDGE('',*,*,#7004,.F.);
#7090 = ADVANCED_FACE('',(#7091),#7052,.T.);
#7091 = FACE_BOUND('',#7092,.T.);
#7092 = EDGE_LOOP('',(#7093));
#7093 = ORIENTED_EDGE('',*,*,#7035,.T.);
#7094 = ( GEOMETRIC_REPRESENTATION_CONTEXT(3) 
GLOBAL_UNCERTAINTY_ASSIGNED_CONTEXT((#7098)) 
GLOBAL_UNIT_ASSIGNED_CONTEXT((#7095,#7096,#7097)) REPRESENTATION_CONTEXT
('Context #1','3D Context with UNIT and UNCERTAINTY') );
#7095 = ( LENGTH_UNIT() NAMED_UNIT(*) SI_UNIT(.MILLI.,.METRE.) );
#7096 = ( NAMED_UNIT(*) PLANE_ANGLE_UNIT() SI_UNIT($,.RADIAN.) );
#7097 = ( NAMED_UNIT(*) SI_UNIT($,.STERADIAN.) SOLID_ANGLE_UNIT() );
#7098 = UNCERTAINTY_MEASURE_WITH_UNIT(LENGTH_MEASURE(1.E-07),#7095,
  'distance_accuracy_value','confusion accuracy');
#7099 = CONTEXT_DEPENDENT_SHAPE_REPRESENTATION(#7100,#7102);
#7100 = ( REPRESENTATION_RELATIONSHIP('','',#6940,#10) 
REPRESENTATION_RELATIONSHIP_WITH_TRANSFORMATION(#7101) 
SHAPE_REPRESENTATION_RELATIONSHIP() );
#7101 = ITEM_DEFINED_TRANSFORMATION('','',#11,#35);
#7102 = PRODUCT_DEFINITION_SHAPE('Placement','Placement of an item',
  #7103);
#7103 = NEXT_ASSEMBLY_USAGE_OCCURRENCE('6',
  'target_screw_2_ISO10642_M5x10','',#5,#6935,$);
#7104 = PRODUCT_RELATED_PRODUCT_CATEGORY('part',$,(#6937));
#7105 = SHAPE_DEFINITION_REPRESENTATION(#7106,#7112);
#7106 = PRODUCT_DEFINITION_SHAPE('','',#7107);
#7107 = PRODUCT_DEFINITION('design','',#7108,#7111);
#7108 = PRODUCT_DEFINITION_FORMATION('','',#7109);
#7109 = PRODUCT('target_nut_2_DIN934_M5','target_nut_2_DIN934_M5','',(
    #7110));
#7110 = PRODUCT_CONTEXT('',#2,'mechanical');
#7111 = PRODUCT_DEFINITION_CONTEXT('part definition',#2,'design');
#7112 = ADVANCED_BREP_SHAPE_REPRESENTATION('',(#11,#7113),#7683);
#7113 = MANIFOLD_SOLID_BREP('',#7114);
#7114 = CLOSED_SHELL('',(#7115,#7235,#7311,#7387,#7496,#7595,#7622,#7649
    ,#7656));
#7115 = ADVANCED_FACE('',(#7116),#7130,.F.);
#7116 = FACE_BOUND('',#7117,.F.);
#7117 = EDGE_LOOP('',(#7118,#7153,#7181,#7209));
#7118 = ORIENTED_EDGE('',*,*,#7119,.T.);
#7119 = EDGE_CURVE('',#7120,#7122,#7124,.T.);
#7120 = VERTEX_POINT('',#7121);
#7121 = CARTESIAN_POINT('',(4.618802153517,16.,5.5));
#7122 = VERTEX_POINT('',#7123);
#7123 = CARTESIAN_POINT('',(4.618802153517,16.,9.5));
#7124 = SURFACE_CURVE('',#7125,(#7129,#7141),.PCURVE_S1.);
#7125 = LINE('',#7126,#7127);
#7126 = CARTESIAN_POINT('',(4.618802153517,16.,5.5));
#7127 = VECTOR('',#7128,1.);
#7128 = DIRECTION('',(0.,0.,1.));
#7129 = PCURVE('',#7130,#7135);
#7130 = PLANE('',#7131);
#7131 = AXIS2_PLACEMENT_3D('',#7132,#7133,#7134);
#7132 = CARTESIAN_POINT('',(4.618802153517,16.,5.5));
#7133 = DIRECTION('',(-0.866025403784,-0.5,0.));
#7134 = DIRECTION('',(-0.5,0.866025403784,0.));
#7135 = DEFINITIONAL_REPRESENTATION('',(#7136),#7140);
#7136 = LINE('',#7137,#7138);
#7137 = CARTESIAN_POINT('',(0.,0.));
#7138 = VECTOR('',#7139,1.);
#7139 = DIRECTION('',(0.,-1.));
#7140 = ( GEOMETRIC_REPRESENTATION_CONTEXT(2) 
PARAMETRIC_REPRESENTATION_CONTEXT() REPRESENTATION_CONTEXT('2D SPACE',''
  ) );
#7141 = PCURVE('',#7142,#7147);
#7142 = PLANE('',#7143);
#7143 = AXIS2_PLACEMENT_3D('',#7144,#7145,#7146);
#7144 = CARTESIAN_POINT('',(2.309401076758,12.,5.5));
#7145 = DIRECTION('',(-0.866025403784,0.5,0.));
#7146 = DIRECTION('',(0.5,0.866025403784,0.));
#7147 = DEFINITIONAL_REPRESENTATION('',(#7148),#7152);
#7148 = LINE('',#7149,#7150);
#7149 = CARTESIAN_POINT('',(4.618802153517,0.));
#7150 = VECTOR('',#7151,1.);
#7151 = DIRECTION('',(0.,-1.));
#7152 = ( GEOMETRIC_REPRESENTATION_CONTEXT(2) 
PARAMETRIC_REPRESENTATION_CONTEXT() REPRESENTATION_CONTEXT('2D SPACE',''
  ) );
#7153 = ORIENTED_EDGE('',*,*,#7154,.T.);
#7154 = EDGE_CURVE('',#7122,#7155,#7157,.T.);
#7155 = VERTEX_POINT('',#7156);
#7156 = CARTESIAN_POINT('',(2.309401076759,20.,9.5));
#7157 = SURFACE_CURVE('',#7158,(#7162,#7169),.PCURVE_S1.);
#7158 = LINE('',#7159,#7160);
#7159 = CARTESIAN_POINT('',(4.618802153517,16.,9.5));
#7160 = VECTOR('',#7161,1.);
#7161 = DIRECTION('',(-0.5,0.866025403784,0.));
#7162 = PCURVE('',#7130,#7163);
#7163 = DEFINITIONAL_REPRESENTATION('',(#7164),#7168);
#7164 = LINE('',#7165,#7166);
#7165 = CARTESIAN_POINT('',(0.,-4.));
#7166 = VECTOR('',#7167,1.);
#7167 = DIRECTION('',(1.,0.));
#7168 = ( GEOMETRIC_REPRESENTATION_CONTEXT(2) 
PARAMETRIC_REPRESENTATION_CONTEXT() REPRESENTATION_CONTEXT('2D SPACE',''
  ) );
#7169 = PCURVE('',#7170,#7175);
#7170 = PLANE('',#7171);
#7171 = AXIS2_PLACEMENT_3D('',#7172,#7173,#7174);
#7172 = CARTESIAN_POINT('',(6.409875621279E-17,16.,9.5));
#7173 = DIRECTION('',(0.,0.,1.));
#7174 = DIRECTION('',(1.,0.,-0.));
#7175 = DEFINITIONAL_REPRESENTATION('',(#7176),#7180);
#7176 = LINE('',#7177,#7178);
#7177 = CARTESIAN_POINT('',(4.618802153517,0.));
#7178 = VECTOR('',#7179,1.);
#7179 = DIRECTION('',(-0.5,0.866025403784));
#7180 = ( GEOMETRIC_REPRESENTATION_CONTEXT(2) 
PARAMETRIC_REPRESENTATION_CONTEXT() REPRESENTATION_CONTEXT('2D SPACE',''
  ) );
#7181 = ORIENTED_EDGE('',*,*,#7182,.F.);
#7182 = EDGE_CURVE('',#7183,#7155,#7185,.T.);
#7183 = VERTEX_POINT('',#7184);
#7184 = CARTESIAN_POINT('',(2.309401076759,20.,5.5));
#7185 = SURFACE_CURVE('',#7186,(#7190,#7197),.PCURVE_S1.);
#7186 = LINE('',#7187,#7188);
#7187 = CARTESIAN_POINT('',(2.309401076759,20.,5.5));
#7188 = VECTOR('',#7189,1.);
#7189 = DIRECTION('',(0.,0.,1.));
#7190 = PCURVE('',#7130,#7191);
#7191 = DEFINITIONAL_REPRESENTATION('',(#7192),#7196);
#7192 = LINE('',#7193,#7194);
#7193 = CARTESIAN_POINT('',(4.618802153517,0.));
#7194 = VECTOR('',#7195,1.);
#7195 = DIRECTION('',(0.,-1.));
#7196 = ( GEOMETRIC_REPRESENTATION_CONTEXT(2) 
PARAMETRIC_REPRESENTATION_CONTEXT() REPRESENTATION_CONTEXT('2D SPACE',''
  ) );
#7197 = PCURVE('',#7198,#7203);
#7198 = PLANE('',#7199);
#7199 = AXIS2_PLACEMENT_3D('',#7200,#7201,#7202);
#7200 = CARTESIAN_POINT('',(2.309401076759,20.,5.5));
#7201 = DIRECTION('',(-9.614813431918E-17,-1.,0.));
#7202 = DIRECTION('',(-1.,9.614813431918E-17,0.));
#7203 = DEFINITIONAL_REPRESENTATION('',(#7204),#7208);
#7204 = LINE('',#7205,#7206);
#7205 = CARTESIAN_POINT('',(0.,0.));
#7206 = VECTOR('',#7207,1.);
#7207 = DIRECTION('',(0.,-1.));
#7208 = ( GEOMETRIC_REPRESENTATION_CONTEXT(2) 
PARAMETRIC_REPRESENTATION_CONTEXT() REPRESENTATION_CONTEXT('2D SPACE',''
  ) );
#7209 = ORIENTED_EDGE('',*,*,#7210,.F.);
#7210 = EDGE_CURVE('',#7120,#7183,#7211,.T.);
#7211 = SURFACE_CURVE('',#7212,(#7216,#7223),.PCURVE_S1.);
#7212 = LINE('',#7213,#7214);
#7213 = CARTESIAN_POINT('',(4.618802153517,16.,5.5));
#7214 = VECTOR('',#7215,1.);
#7215 = DIRECTION('',(-0.5,0.866025403784,0.));
#7216 = PCURVE('',#7130,#7217);
#7217 = DEFINITIONAL_REPRESENTATION('',(#7218),#7222);
#7218 = LINE('',#7219,#7220);
#7219 = CARTESIAN_POINT('',(0.,0.));
#7220 = VECTOR('',#7221,1.);
#7221 = DIRECTION('',(1.,0.));
#7222 = ( GEOMETRIC_REPRESENTATION_CONTEXT(2) 
PARAMETRIC_REPRESENTATION_CONTEXT() REPRESENTATION_CONTEXT('2D SPACE',''
  ) );
#7223 = PCURVE('',#7224,#7229);
#7224 = PLANE('',#7225);
#7225 = AXIS2_PLACEMENT_3D('',#7226,#7227,#7228);
#7226 = CARTESIAN_POINT('',(6.409875621279E-17,16.,5.5));
#7227 = DIRECTION('',(0.,0.,1.));
#7228 = DIRECTION('',(1.,0.,-0.));
#7229 = DEFINITIONAL_REPRESENTATION('',(#7230),#7234);
#7230 = LINE('',#7231,#7232);
#7231 = CARTESIAN_POINT('',(4.618802153517,0.));
#7232 = VECTOR('',#7233,1.);
#7233 = DIRECTION('',(-0.5,0.866025403784));
#7234 = ( GEOMETRIC_REPRESENTATION_CONTEXT(2) 
PARAMETRIC_REPRESENTATION_CONTEXT() REPRESENTATION_CONTEXT('2D SPACE',''
  ) );
#7235 = ADVANCED_FACE('',(#7236),#7142,.F.);
#7236 = FACE_BOUND('',#7237,.F.);
#7237 = EDGE_LOOP('',(#7238,#7268,#7289,#7290));
#7238 = ORIENTED_EDGE('',*,*,#7239,.T.);
#7239 = EDGE_CURVE('',#7240,#7242,#7244,.T.);
#7240 = VERTEX_POINT('',#7241);
#7241 = CARTESIAN_POINT('',(2.309401076758,12.,5.5));
#7242 = VERTEX_POINT('',#7243);
#7243 = CARTESIAN_POINT('',(2.309401076758,12.,9.5));
#7244 = SURFACE_CURVE('',#7245,(#7249,#7256),.PCURVE_S1.);
#7245 = LINE('',#7246,#7247);
#7246 = CARTESIAN_POINT('',(2.309401076758,12.,5.5));
#7247 = VECTOR('',#7248,1.);
#7248 = DIRECTION('',(0.,0.,1.));
#7249 = PCURVE('',#7142,#7250);
#7250 = DEFINITIONAL_REPRESENTATION('',(#7251),#7255);
#7251 = LINE('',#7252,#7253);
#7252 = CARTESIAN_POINT('',(0.,0.));
#7253 = VECTOR('',#7254,1.);
#7254 = DIRECTION('',(0.,-1.));
#7255 = ( GEOMETRIC_REPRESENTATION_CONTEXT(2) 
PARAMETRIC_REPRESENTATION_CONTEXT() REPRESENTATION_CONTEXT('2D SPACE',''
  ) );
#7256 = PCURVE('',#7257,#7262);
#7257 = PLANE('',#7258);
#7258 = AXIS2_PLACEMENT_3D('',#7259,#7260,#7261);
#7259 = CARTESIAN_POINT('',(-2.309401076759,12.,5.5));
#7260 = DIRECTION('',(6.730369402342E-16,1.,-0.));
#7261 = DIRECTION('',(1.,-6.730369402342E-16,0.));
#7262 = DEFINITIONAL_REPRESENTATION('',(#7263),#7267);
#7263 = LINE('',#7264,#7265);
#7264 = CARTESIAN_POINT('',(4.618802153517,0.));
#7265 = VECTOR('',#7266,1.);
#7266 = DIRECTION('',(0.,-1.));
#7267 = ( GEOMETRIC_REPRESENTATION_CONTEXT(2) 
PARAMETRIC_REPRESENTATION_CONTEXT() REPRESENTATION_CONTEXT('2D SPACE',''
  ) );
#7268 = ORIENTED_EDGE('',*,*,#7269,.T.);
#7269 = EDGE_CURVE('',#7242,#7122,#7270,.T.);
#7270 = SURFACE_CURVE('',#7271,(#7275,#7282),.PCURVE_S1.);
#7271 = LINE('',#7272,#7273);
#7272 = CARTESIAN_POINT('',(2.309401076758,12.,9.5));
#7273 = VECTOR('',#7274,1.);
#7274 = DIRECTION('',(0.5,0.866025403784,0.));
#7275 = PCURVE('',#7142,#7276);
#7276 = DEFINITIONAL_REPRESENTATION('',(#7277),#7281);
#7277 = LINE('',#7278,#7279);
#7278 = CARTESIAN_POINT('',(0.,-4.));
#7279 = VECTOR('',#7280,1.);
#7280 = DIRECTION('',(1.,0.));
#7281 = ( GEOMETRIC_REPRESENTATION_CONTEXT(2) 
PARAMETRIC_REPRESENTATION_CONTEXT() REPRESENTATION_CONTEXT('2D SPACE',''
  ) );
#7282 = PCURVE('',#7170,#7283);
#7283 = DEFINITIONAL_REPRESENTATION('',(#7284),#7288);
#7284 = LINE('',#7285,#7286);
#7285 = CARTESIAN_POINT('',(2.309401076758,-4.));
#7286 = VECTOR('',#7287,1.);
#7287 = DIRECTION('',(0.5,0.866025403784));
#7288 = ( GEOMETRIC_REPRESENTATION_CONTEXT(2) 
PARAMETRIC_REPRESENTATION_CONTEXT() REPRESENTATION_CONTEXT('2D SPACE',''
  ) );
#7289 = ORIENTED_EDGE('',*,*,#7119,.F.);
#7290 = ORIENTED_EDGE('',*,*,#7291,.F.);
#7291 = EDGE_CURVE('',#7240,#7120,#7292,.T.);
#7292 = SURFACE_CURVE('',#7293,(#7297,#7304),.PCURVE_S1.);
#7293 = LINE('',#7294,#7295);
#7294 = CARTESIAN_POINT('',(2.309401076758,12.,5.5));
#7295 = VECTOR('',#7296,1.);
#7296 = DIRECTION('',(0.5,0.866025403784,0.));
#7297 = PCURVE('',#7142,#7298);
#7298 = DEFINITIONAL_REPRESENTATION('',(#7299),#7303);
#7299 = LINE('',#7300,#7301);
#7300 = CARTESIAN_POINT('',(0.,0.));
#7301 = VECTOR('',#7302,1.);
#7302 = DIRECTION('',(1.,0.));
#7303 = ( GEOMETRIC_REPRESENTATION_CONTEXT(2) 
PARAMETRIC_REPRESENTATION_CONTEXT() REPRESENTATION_CONTEXT('2D SPACE',''
  ) );
#7304 = PCURVE('',#7224,#7305);
#7305 = DEFINITIONAL_REPRESENTATION('',(#7306),#7310);
#7306 = LINE('',#7307,#7308);
#7307 = CARTESIAN_POINT('',(2.309401076758,-4.));
#7308 = VECTOR('',#7309,1.);
#7309 = DIRECTION('',(0.5,0.866025403784));
#7310 = ( GEOMETRIC_REPRESENTATION_CONTEXT(2) 
PARAMETRIC_REPRESENTATION_CONTEXT() REPRESENTATION_CONTEXT('2D SPACE',''
  ) );
#7311 = ADVANCED_FACE('',(#7312),#7198,.F.);
#7312 = FACE_BOUND('',#7313,.F.);
#7313 = EDGE_LOOP('',(#7314,#7315,#7338,#7366));
#7314 = ORIENTED_EDGE('',*,*,#7182,.T.);
#7315 = ORIENTED_EDGE('',*,*,#7316,.T.);
#7316 = EDGE_CURVE('',#7155,#7317,#7319,.T.);
#7317 = VERTEX_POINT('',#7318);
#7318 = CARTESIAN_POINT('',(-2.309401076759,20.,9.5));
#7319 = SURFACE_CURVE('',#7320,(#7324,#7331),.PCURVE_S1.);
#7320 = LINE('',#7321,#7322);
#7321 = CARTESIAN_POINT('',(2.309401076759,20.,9.5));
#7322 = VECTOR('',#7323,1.);
#7323 = DIRECTION('',(-1.,9.614813431918E-17,0.));
#7324 = PCURVE('',#7198,#7325);
#7325 = DEFINITIONAL_REPRESENTATION('',(#7326),#7330);
#7326 = LINE('',#7327,#7328);
#7327 = CARTESIAN_POINT('',(0.,-4.));
#7328 = VECTOR('',#7329,1.);
#7329 = DIRECTION('',(1.,0.));
#7330 = ( GEOMETRIC_REPRESENTATION_CONTEXT(2) 
PARAMETRIC_REPRESENTATION_CONTEXT() REPRESENTATION_CONTEXT('2D SPACE',''
  ) );
#7331 = PCURVE('',#7170,#7332);
#7332 = DEFINITIONAL_REPRESENTATION('',(#7333),#7337);
#7333 = LINE('',#7334,#7335);
#7334 = CARTESIAN_POINT('',(2.309401076759,4.));
#7335 = VECTOR('',#7336,1.);
#7336 = DIRECTION('',(-1.,9.614813431918E-17));
#7337 = ( GEOMETRIC_REPRESENTATION_CONTEXT(2) 
PARAMETRIC_REPRESENTATION_CONTEXT() REPRESENTATION_CONTEXT('2D SPACE',''
  ) );
#7338 = ORIENTED_EDGE('',*,*,#7339,.F.);
#7339 = EDGE_CURVE('',#7340,#7317,#7342,.T.);
#7340 = VERTEX_POINT('',#7341);
#7341 = CARTESIAN_POINT('',(-2.309401076759,20.,5.5));
#7342 = SURFACE_CURVE('',#7343,(#7347,#7354),.PCURVE_S1.);
#7343 = LINE('',#7344,#7345);
#7344 = CARTESIAN_POINT('',(-2.309401076759,20.,5.5));
#7345 = VECTOR('',#7346,1.);
#7346 = DIRECTION('',(0.,0.,1.));
#7347 = PCURVE('',#7198,#7348);
#7348 = DEFINITIONAL_REPRESENTATION('',(#7349),#7353);
#7349 = LINE('',#7350,#7351);
#7350 = CARTESIAN_POINT('',(4.618802153517,0.));
#7351 = VECTOR('',#7352,1.);
#7352 = DIRECTION('',(0.,-1.));
#7353 = ( GEOMETRIC_REPRESENTATION_CONTEXT(2) 
PARAMETRIC_REPRESENTATION_CONTEXT() REPRESENTATION_CONTEXT('2D SPACE',''
  ) );
#7354 = PCURVE('',#7355,#7360);
#7355 = PLANE('',#7356);
#7356 = AXIS2_PLACEMENT_3D('',#7357,#7358,#7359);
#7357 = CARTESIAN_POINT('',(-2.309401076759,20.,5.5));
#7358 = DIRECTION('',(0.866025403784,-0.5,0.));
#7359 = DIRECTION('',(-0.5,-0.866025403784,0.));
#7360 = DEFINITIONAL_REPRESENTATION('',(#7361),#7365);
#7361 = LINE('',#7362,#7363);
#7362 = CARTESIAN_POINT('',(0.,0.));
#7363 = VECTOR('',#7364,1.);
#7364 = DIRECTION('',(0.,-1.));
#7365 = ( GEOMETRIC_REPRESENTATION_CONTEXT(2) 
PARAMETRIC_REPRESENTATION_CONTEXT() REPRESENTATION_CONTEXT('2D SPACE',''
  ) );
#7366 = ORIENTED_EDGE('',*,*,#7367,.F.);
#7367 = EDGE_CURVE('',#7183,#7340,#7368,.T.);
#7368 = SURFACE_CURVE('',#7369,(#7373,#7380),.PCURVE_S1.);
#7369 = LINE('',#7370,#7371);
#7370 = CARTESIAN_POINT('',(2.309401076759,20.,5.5));
#7371 = VECTOR('',#7372,1.);
#7372 = DIRECTION('',(-1.,9.614813431918E-17,0.));
#7373 = PCURVE('',#7198,#7374);
#7374 = DEFINITIONAL_REPRESENTATION('',(#7375),#7379);
#7375 = LINE('',#7376,#7377);
#7376 = CARTESIAN_POINT('',(0.,0.));
#7377 = VECTOR('',#7378,1.);
#7378 = DIRECTION('',(1.,0.));
#7379 = ( GEOMETRIC_REPRESENTATION_CONTEXT(2) 
PARAMETRIC_REPRESENTATION_CONTEXT() REPRESENTATION_CONTEXT('2D SPACE',''
  ) );
#7380 = PCURVE('',#7224,#7381);
#7381 = DEFINITIONAL_REPRESENTATION('',(#7382),#7386);
#7382 = LINE('',#7383,#7384);
#7383 = CARTESIAN_POINT('',(2.309401076759,4.));
#7384 = VECTOR('',#7385,1.);
#7385 = DIRECTION('',(-1.,9.614813431918E-17));
#7386 = ( GEOMETRIC_REPRESENTATION_CONTEXT(2) 
PARAMETRIC_REPRESENTATION_CONTEXT() REPRESENTATION_CONTEXT('2D SPACE',''
  ) );
#7387 = ADVANCED_FACE('',(#7388,#7465),#7224,.F.);
#7388 = FACE_BOUND('',#7389,.F.);
#7389 = EDGE_LOOP('',(#7390,#7391,#7392,#7415,#7443,#7464));
#7390 = ORIENTED_EDGE('',*,*,#7210,.T.);
#7391 = ORIENTED_EDGE('',*,*,#7367,.T.);
#7392 = ORIENTED_EDGE('',*,*,#7393,.T.);
#7393 = EDGE_CURVE('',#7340,#7394,#7396,.T.);
#7394 = VERTEX_POINT('',#7395);
#7395 = CARTESIAN_POINT('',(-4.618802153517,16.,5.5));
#7396 = SURFACE_CURVE('',#7397,(#7401,#7408),.PCURVE_S1.);
#7397 = LINE('',#7398,#7399);
#7398 = CARTESIAN_POINT('',(-2.309401076759,20.,5.5));
#7399 = VECTOR('',#7400,1.);
#7400 = DIRECTION('',(-0.5,-0.866025403784,0.));
#7401 = PCURVE('',#7224,#7402);
#7402 = DEFINITIONAL_REPRESENTATION('',(#7403),#7407);
#7403 = LINE('',#7404,#7405);
#7404 = CARTESIAN_POINT('',(-2.309401076759,4.));
#7405 = VECTOR('',#7406,1.);
#7406 = DIRECTION('',(-0.5,-0.866025403784));
#7407 = ( GEOMETRIC_REPRESENTATION_CONTEXT(2) 
PARAMETRIC_REPRESENTATION_CONTEXT() REPRESENTATION_CONTEXT('2D SPACE',''
  ) );
#7408 = PCURVE('',#7355,#7409);
#7409 = DEFINITIONAL_REPRESENTATION('',(#7410),#7414);
#7410 = LINE('',#7411,#7412);
#7411 = CARTESIAN_POINT('',(0.,0.));
#7412 = VECTOR('',#7413,1.);
#7413 = DIRECTION('',(1.,0.));
#7414 = ( GEOMETRIC_REPRESENTATION_CONTEXT(2) 
PARAMETRIC_REPRESENTATION_CONTEXT() REPRESENTATION_CONTEXT('2D SPACE',''
  ) );
#7415 = ORIENTED_EDGE('',*,*,#7416,.T.);
#7416 = EDGE_CURVE('',#7394,#7417,#7419,.T.);
#7417 = VERTEX_POINT('',#7418);
#7418 = CARTESIAN_POINT('',(-2.309401076759,12.,5.5));
#7419 = SURFACE_CURVE('',#7420,(#7424,#7431),.PCURVE_S1.);
#7420 = LINE('',#7421,#7422);
#7421 = CARTESIAN_POINT('',(-4.618802153517,16.,5.5));
#7422 = VECTOR('',#7423,1.);
#7423 = DIRECTION('',(0.5,-0.866025403784,0.));
#7424 = PCURVE('',#7224,#7425);
#7425 = DEFINITIONAL_REPRESENTATION('',(#7426),#7430);
#7426 = LINE('',#7427,#7428);
#7427 = CARTESIAN_POINT('',(-4.618802153517,0.));
#7428 = VECTOR('',#7429,1.);
#7429 = DIRECTION('',(0.5,-0.866025403784));
#7430 = ( GEOMETRIC_REPRESENTATION_CONTEXT(2) 
PARAMETRIC_REPRESENTATION_CONTEXT() REPRESENTATION_CONTEXT('2D SPACE',''
  ) );
#7431 = PCURVE('',#7432,#7437);
#7432 = PLANE('',#7433);
#7433 = AXIS2_PLACEMENT_3D('',#7434,#7435,#7436);
#7434 = CARTESIAN_POINT('',(-4.618802153517,16.,5.5));
#7435 = DIRECTION('',(0.866025403784,0.5,-0.));
#7436 = DIRECTION('',(0.5,-0.866025403784,0.));
#7437 = DEFINITIONAL_REPRESENTATION('',(#7438),#7442);
#7438 = LINE('',#7439,#7440);
#7439 = CARTESIAN_POINT('',(0.,0.));
#7440 = VECTOR('',#7441,1.);
#7441 = DIRECTION('',(1.,0.));
#7442 = ( GEOMETRIC_REPRESENTATION_CONTEXT(2) 
PARAMETRIC_REPRESENTATION_CONTEXT() REPRESENTATION_CONTEXT('2D SPACE',''
  ) );
#7443 = ORIENTED_EDGE('',*,*,#7444,.T.);
#7444 = EDGE_CURVE('',#7417,#7240,#7445,.T.);
#7445 = SURFACE_CURVE('',#7446,(#7450,#7457),.PCURVE_S1.);
#7446 = LINE('',#7447,#7448);
#7447 = CARTESIAN_POINT('',(-2.309401076759,12.,5.5));
#7448 = VECTOR('',#7449,1.);
#7449 = DIRECTION('',(1.,-6.730369402342E-16,0.));
#7450 = PCURVE('',#7224,#7451);
#7451 = DEFINITIONAL_REPRESENTATION('',(#7452),#7456);
#7452 = LINE('',#7453,#7454);
#7453 = CARTESIAN_POINT('',(-2.309401076759,-4.));
#7454 = VECTOR('',#7455,1.);
#7455 = DIRECTION('',(1.,-6.730369402342E-16));
#7456 = ( GEOMETRIC_REPRESENTATION_CONTEXT(2) 
PARAMETRIC_REPRESENTATION_CONTEXT() REPRESENTATION_CONTEXT('2D SPACE',''
  ) );
#7457 = PCURVE('',#7257,#7458);
#7458 = DEFINITIONAL_REPRESENTATION('',(#7459),#7463);
#7459 = LINE('',#7460,#7461);
#7460 = CARTESIAN_POINT('',(0.,0.));
#7461 = VECTOR('',#7462,1.);
#7462 = DIRECTION('',(1.,0.));
#7463 = ( GEOMETRIC_REPRESENTATION_CONTEXT(2) 
PARAMETRIC_REPRESENTATION_CONTEXT() REPRESENTATION_CONTEXT('2D SPACE',''
  ) );
#7464 = ORIENTED_EDGE('',*,*,#7291,.T.);
#7465 = FACE_BOUND('',#7466,.F.);
#7466 = EDGE_LOOP('',(#7467));
#7467 = ORIENTED_EDGE('',*,*,#7468,.F.);
#7468 = EDGE_CURVE('',#7469,#7469,#7471,.T.);
#7469 = VERTEX_POINT('',#7470);
#7470 = CARTESIAN_POINT('',(2.5,16.,5.5));
#7471 = SURFACE_CURVE('',#7472,(#7477,#7484),.PCURVE_S1.);
#7472 = CIRCLE('',#7473,2.5);
#7473 = AXIS2_PLACEMENT_3D('',#7474,#7475,#7476);
#7474 = CARTESIAN_POINT('',(0.,16.,5.5));
#7475 = DIRECTION('',(0.,0.,1.));
#7476 = DIRECTION('',(1.,0.,-0.));
#7477 = PCURVE('',#7224,#7478);
#7478 = DEFINITIONAL_REPRESENTATION('',(#7479),#7483);
#7479 = CIRCLE('',#7480,2.5);
#7480 = AXIS2_PLACEMENT_2D('',#7481,#7482);
#7481 = CARTESIAN_POINT('',(-6.409875621279E-17,0.));
#7482 = DIRECTION('',(1.,0.));
#7483 = ( GEOMETRIC_REPRESENTATION_CONTEXT(2) 
PARAMETRIC_REPRESENTATION_CONTEXT() REPRESENTATION_CONTEXT('2D SPACE',''
  ) );
#7484 = PCURVE('',#7485,#7490);
#7485 = CYLINDRICAL_SURFACE('',#7486,2.5);
#7486 = AXIS2_PLACEMENT_3D('',#7487,#7488,#7489);
#7487 = CARTESIAN_POINT('',(0.,16.,5.4));
#7488 = DIRECTION('',(0.,0.,1.));
#7489 = DIRECTION('',(1.,0.,-0.));
#7490 = DEFINITIONAL_REPRESENTATION('',(#7491),#7495);
#7491 = LINE('',#7492,#7493);
#7492 = CARTESIAN_POINT('',(0.,0.1));
#7493 = VECTOR('',#7494,1.);
#7494 = DIRECTION('',(1.,0.));
#7495 = ( GEOMETRIC_REPRESENTATION_CONTEXT(2) 
PARAMETRIC_REPRESENTATION_CONTEXT() REPRESENTATION_CONTEXT('2D SPACE',''
  ) );
#7496 = ADVANCED_FACE('',(#7497,#7569),#7170,.T.);
#7497 = FACE_BOUND('',#7498,.T.);
#7498 = EDGE_LOOP('',(#7499,#7500,#7501,#7524,#7547,#7568));
#7499 = ORIENTED_EDGE('',*,*,#7154,.T.);
#7500 = ORIENTED_EDGE('',*,*,#7316,.T.);
#7501 = ORIENTED_EDGE('',*,*,#7502,.T.);
#7502 = EDGE_CURVE('',#7317,#7503,#7505,.T.);
#7503 = VERTEX_POINT('',#7504);
#7504 = CARTESIAN_POINT('',(-4.618802153517,16.,9.5));
#7505 = SURFACE_CURVE('',#7506,(#7510,#7517),.PCURVE_S1.);
#7506 = LINE('',#7507,#7508);
#7507 = CARTESIAN_POINT('',(-2.309401076759,20.,9.5));
#7508 = VECTOR('',#7509,1.);
#7509 = DIRECTION('',(-0.5,-0.866025403784,0.));
#7510 = PCURVE('',#7170,#7511);
#7511 = DEFINITIONAL_REPRESENTATION('',(#7512),#7516);
#7512 = LINE('',#7513,#7514);
#7513 = CARTESIAN_POINT('',(-2.309401076759,4.));
#7514 = VECTOR('',#7515,1.);
#7515 = DIRECTION('',(-0.5,-0.866025403784));
#7516 = ( GEOMETRIC_REPRESENTATION_CONTEXT(2) 
PARAMETRIC_REPRESENTATION_CONTEXT() REPRESENTATION_CONTEXT('2D SPACE',''
  ) );
#7517 = PCURVE('',#7355,#7518);
#7518 = DEFINITIONAL_REPRESENTATION('',(#7519),#7523);
#7519 = LINE('',#7520,#7521);
#7520 = CARTESIAN_POINT('',(0.,-4.));
#7521 = VECTOR('',#7522,1.);
#7522 = DIRECTION('',(1.,0.));
#7523 = ( GEOMETRIC_REPRESENTATION_CONTEXT(2) 
PARAMETRIC_REPRESENTATION_CONTEXT() REPRESENTATION_CONTEXT('2D SPACE',''
  ) );
#7524 = ORIENTED_EDGE('',*,*,#7525,.T.);
#7525 = EDGE_CURVE('',#7503,#7526,#7528,.T.);
#7526 = VERTEX_POINT('',#7527);
#7527 = CARTESIAN_POINT('',(-2.309401076759,12.,9.5));
#7528 = SURFACE_CURVE('',#7529,(#7533,#7540),.PCURVE_S1.);
#7529 = LINE('',#7530,#7531);
#7530 = CARTESIAN_POINT('',(-4.618802153517,16.,9.5));
#7531 = VECTOR('',#7532,1.);
#7532 = DIRECTION('',(0.5,-0.866025403784,0.));
#7533 = PCURVE('',#7170,#7534);
#7534 = DEFINITIONAL_REPRESENTATION('',(#7535),#7539);
#7535 = LINE('',#7536,#7537);
#7536 = CARTESIAN_POINT('',(-4.618802153517,0.));
#7537 = VECTOR('',#7538,1.);
#7538 = DIRECTION('',(0.5,-0.866025403784));
#7539 = ( GEOMETRIC_REPRESENTATION_CONTEXT(2) 
PARAMETRIC_REPRESENTATION_CONTEXT() REPRESENTATION_CONTEXT('2D SPACE',''
  ) );
#7540 = PCURVE('',#7432,#7541);
#7541 = DEFINITIONAL_REPRESENTATION('',(#7542),#7546);
#7542 = LINE('',#7543,#7544);
#7543 = CARTESIAN_POINT('',(0.,-4.));
#7544 = VECTOR('',#7545,1.);
#7545 = DIRECTION('',(1.,0.));
#7546 = ( GEOMETRIC_REPRESENTATION_CONTEXT(2) 
PARAMETRIC_REPRESENTATION_CONTEXT() REPRESENTATION_CONTEXT('2D SPACE',''
  ) );
#7547 = ORIENTED_EDGE('',*,*,#7548,.T.);
#7548 = EDGE_CURVE('',#7526,#7242,#7549,.T.);
#7549 = SURFACE_CURVE('',#7550,(#7554,#7561),.PCURVE_S1.);
#7550 = LINE('',#7551,#7552);
#7551 = CARTESIAN_POINT('',(-2.309401076759,12.,9.5));
#7552 = VECTOR('',#7553,1.);
#7553 = DIRECTION('',(1.,-6.730369402342E-16,0.));
#7554 = PCURVE('',#7170,#7555);
#7555 = DEFINITIONAL_REPRESENTATION('',(#7556),#7560);
#7556 = LINE('',#7557,#7558);
#7557 = CARTESIAN_POINT('',(-2.309401076759,-4.));
#7558 = VECTOR('',#7559,1.);
#7559 = DIRECTION('',(1.,-6.730369402342E-16));
#7560 = ( GEOMETRIC_REPRESENTATION_CONTEXT(2) 
PARAMETRIC_REPRESENTATION_CONTEXT() REPRESENTATION_CONTEXT('2D SPACE',''
  ) );
#7561 = PCURVE('',#7257,#7562);
#7562 = DEFINITIONAL_REPRESENTATION('',(#7563),#7567);
#7563 = LINE('',#7564,#7565);
#7564 = CARTESIAN_POINT('',(0.,-4.));
#7565 = VECTOR('',#7566,1.);
#7566 = DIRECTION('',(1.,0.));
#7567 = ( GEOMETRIC_REPRESENTATION_CONTEXT(2) 
PARAMETRIC_REPRESENTATION_CONTEXT() REPRESENTATION_CONTEXT('2D SPACE',''
  ) );
#7568 = ORIENTED_EDGE('',*,*,#7269,.T.);
#7569 = FACE_BOUND('',#7570,.T.);
#7570 = EDGE_LOOP('',(#7571));
#7571 = ORIENTED_EDGE('',*,*,#7572,.F.);
#7572 = EDGE_CURVE('',#7573,#7573,#7575,.T.);
#7573 = VERTEX_POINT('',#7574);
#7574 = CARTESIAN_POINT('',(2.5,16.,9.5));
#7575 = SURFACE_CURVE('',#7576,(#7581,#7588),.PCURVE_S1.);
#7576 = CIRCLE('',#7577,2.5);
#7577 = AXIS2_PLACEMENT_3D('',#7578,#7579,#7580);
#7578 = CARTESIAN_POINT('',(0.,16.,9.5));
#7579 = DIRECTION('',(0.,0.,1.));
#7580 = DIRECTION('',(1.,0.,-0.));
#7581 = PCURVE('',#7170,#7582);
#7582 = DEFINITIONAL_REPRESENTATION('',(#7583),#7587);
#7583 = CIRCLE('',#7584,2.5);
#7584 = AXIS2_PLACEMENT_2D('',#7585,#7586);
#7585 = CARTESIAN_POINT('',(-6.409875621279E-17,0.));
#7586 = DIRECTION('',(1.,0.));
#7587 = ( GEOMETRIC_REPRESENTATION_CONTEXT(2) 
PARAMETRIC_REPRESENTATION_CONTEXT() REPRESENTATION_CONTEXT('2D SPACE',''
  ) );
#7588 = PCURVE('',#7485,#7589);
#7589 = DEFINITIONAL_REPRESENTATION('',(#7590),#7594);
#7590 = LINE('',#7591,#7592);
#7591 = CARTESIAN_POINT('',(0.,4.1));
#7592 = VECTOR('',#7593,1.);
#7593 = DIRECTION('',(1.,0.));
#7594 = ( GEOMETRIC_REPRESENTATION_CONTEXT(2) 
PARAMETRIC_REPRESENTATION_CONTEXT() REPRESENTATION_CONTEXT('2D SPACE',''
  ) );
#7595 = ADVANCED_FACE('',(#7596),#7257,.F.);
#7596 = FACE_BOUND('',#7597,.F.);
#7597 = EDGE_LOOP('',(#7598,#7619,#7620,#7621));
#7598 = ORIENTED_EDGE('',*,*,#7599,.T.);
#7599 = EDGE_CURVE('',#7417,#7526,#7600,.T.);
#7600 = SURFACE_CURVE('',#7601,(#7605,#7612),.PCURVE_S1.);
#7601 = LINE('',#7602,#7603);
#7602 = CARTESIAN_POINT('',(-2.309401076759,12.,5.5));
#7603 = VECTOR('',#7604,1.);
#7604 = DIRECTION('',(0.,0.,1.));
#7605 = PCURVE('',#7257,#7606);
#7606 = DEFINITIONAL_REPRESENTATION('',(#7607),#7611);
#7607 = LINE('',#7608,#7609);
#7608 = CARTESIAN_POINT('',(0.,0.));
#7609 = VECTOR('',#7610,1.);
#7610 = DIRECTION('',(0.,-1.));
#7611 = ( GEOMETRIC_REPRESENTATION_CONTEXT(2) 
PARAMETRIC_REPRESENTATION_CONTEXT() REPRESENTATION_CONTEXT('2D SPACE',''
  ) );
#7612 = PCURVE('',#7432,#7613);
#7613 = DEFINITIONAL_REPRESENTATION('',(#7614),#7618);
#7614 = LINE('',#7615,#7616);
#7615 = CARTESIAN_POINT('',(4.618802153517,0.));
#7616 = VECTOR('',#7617,1.);
#7617 = DIRECTION('',(0.,-1.));
#7618 = ( GEOMETRIC_REPRESENTATION_CONTEXT(2) 
PARAMETRIC_REPRESENTATION_CONTEXT() REPRESENTATION_CONTEXT('2D SPACE',''
  ) );
#7619 = ORIENTED_EDGE('',*,*,#7548,.T.);
#7620 = ORIENTED_EDGE('',*,*,#7239,.F.);
#7621 = ORIENTED_EDGE('',*,*,#7444,.F.);
#7622 = ADVANCED_FACE('',(#7623),#7355,.F.);
#7623 = FACE_BOUND('',#7624,.F.);
#7624 = EDGE_LOOP('',(#7625,#7626,#7627,#7648));
#7625 = ORIENTED_EDGE('',*,*,#7339,.T.);
#7626 = ORIENTED_EDGE('',*,*,#7502,.T.);
#7627 = ORIENTED_EDGE('',*,*,#7628,.F.);
#7628 = EDGE_CURVE('',#7394,#7503,#7629,.T.);
#7629 = SURFACE_CURVE('',#7630,(#7634,#7641),.PCURVE_S1.);
#7630 = LINE('',#7631,#7632);
#7631 = CARTESIAN_POINT('',(-4.618802153517,16.,5.5));
#7632 = VECTOR('',#7633,1.);
#7633 = DIRECTION('',(0.,0.,1.));
#7634 = PCURVE('',#7355,#7635);
#7635 = DEFINITIONAL_REPRESENTATION('',(#7636),#7640);
#7636 = LINE('',#7637,#7638);
#7637 = CARTESIAN_POINT('',(4.618802153517,0.));
#7638 = VECTOR('',#7639,1.);
#7639 = DIRECTION('',(0.,-1.));
#7640 = ( GEOMETRIC_REPRESENTATION_CONTEXT(2) 
PARAMETRIC_REPRESENTATION_CONTEXT() REPRESENTATION_CONTEXT('2D SPACE',''
  ) );
#7641 = PCURVE('',#7432,#7642);
#7642 = DEFINITIONAL_REPRESENTATION('',(#7643),#7647);
#7643 = LINE('',#7644,#7645);
#7644 = CARTESIAN_POINT('',(0.,0.));
#7645 = VECTOR('',#7646,1.);
#7646 = DIRECTION('',(0.,-1.));
#7647 = ( GEOMETRIC_REPRESENTATION_CONTEXT(2) 
PARAMETRIC_REPRESENTATION_CONTEXT() REPRESENTATION_CONTEXT('2D SPACE',''
  ) );
#7648 = ORIENTED_EDGE('',*,*,#7393,.F.);
#7649 = ADVANCED_FACE('',(#7650),#7432,.F.);
#7650 = FACE_BOUND('',#7651,.F.);
#7651 = EDGE_LOOP('',(#7652,#7653,#7654,#7655));
#7652 = ORIENTED_EDGE('',*,*,#7628,.T.);
#7653 = ORIENTED_EDGE('',*,*,#7525,.T.);
#7654 = ORIENTED_EDGE('',*,*,#7599,.F.);
#7655 = ORIENTED_EDGE('',*,*,#7416,.F.);
#7656 = ADVANCED_FACE('',(#7657),#7485,.F.);
#7657 = FACE_BOUND('',#7658,.F.);
#7658 = EDGE_LOOP('',(#7659,#7660,#7681,#7682));
#7659 = ORIENTED_EDGE('',*,*,#7572,.F.);
#7660 = ORIENTED_EDGE('',*,*,#7661,.F.);
#7661 = EDGE_CURVE('',#7469,#7573,#7662,.T.);
#7662 = SEAM_CURVE('',#7663,(#7667,#7674),.PCURVE_S1.);
#7663 = LINE('',#7664,#7665);
#7664 = CARTESIAN_POINT('',(2.5,16.,5.4));
#7665 = VECTOR('',#7666,1.);
#7666 = DIRECTION('',(0.,0.,1.));
#7667 = PCURVE('',#7485,#7668);
#7668 = DEFINITIONAL_REPRESENTATION('',(#7669),#7673);
#7669 = LINE('',#7670,#7671);
#7670 = CARTESIAN_POINT('',(6.28318530718,-0.));
#7671 = VECTOR('',#7672,1.);
#7672 = DIRECTION('',(0.,1.));
#7673 = ( GEOMETRIC_REPRESENTATION_CONTEXT(2) 
PARAMETRIC_REPRESENTATION_CONTEXT() REPRESENTATION_CONTEXT('2D SPACE',''
  ) );
#7674 = PCURVE('',#7485,#7675);
#7675 = DEFINITIONAL_REPRESENTATION('',(#7676),#7680);
#7676 = LINE('',#7677,#7678);
#7677 = CARTESIAN_POINT('',(0.,-0.));
#7678 = VECTOR('',#7679,1.);
#7679 = DIRECTION('',(0.,1.));
#7680 = ( GEOMETRIC_REPRESENTATION_CONTEXT(2) 
PARAMETRIC_REPRESENTATION_CONTEXT() REPRESENTATION_CONTEXT('2D SPACE',''
  ) );
#7681 = ORIENTED_EDGE('',*,*,#7468,.T.);
#7682 = ORIENTED_EDGE('',*,*,#7661,.T.);
#7683 = ( GEOMETRIC_REPRESENTATION_CONTEXT(3) 
GLOBAL_UNCERTAINTY_ASSIGNED_CONTEXT((#7687)) 
GLOBAL_UNIT_ASSIGNED_CONTEXT((#7684,#7685,#7686)) REPRESENTATION_CONTEXT
('Context #1','3D Context with UNIT and UNCERTAINTY') );
#7684 = ( LENGTH_UNIT() NAMED_UNIT(*) SI_UNIT(.MILLI.,.METRE.) );
#7685 = ( NAMED_UNIT(*) PLANE_ANGLE_UNIT() SI_UNIT($,.RADIAN.) );
#7686 = ( NAMED_UNIT(*) SI_UNIT($,.STERADIAN.) SOLID_ANGLE_UNIT() );
#7687 = UNCERTAINTY_MEASURE_WITH_UNIT(LENGTH_MEASURE(1.E-07),#7684,
  'distance_accuracy_value','confusion accuracy');
#7688 = CONTEXT_DEPENDENT_SHAPE_REPRESENTATION(#7689,#7691);
#7689 = ( REPRESENTATION_RELATIONSHIP('','',#7112,#10) 
REPRESENTATION_RELATIONSHIP_WITH_TRANSFORMATION(#7690) 
SHAPE_REPRESENTATION_RELATIONSHIP() );
#7690 = ITEM_DEFINED_TRANSFORMATION('','',#11,#39);
#7691 = PRODUCT_DEFINITION_SHAPE('Placement','Placement of an item',
  #7692);
#7692 = NEXT_ASSEMBLY_USAGE_OCCURRENCE('7','target_nut_2_DIN934_M5','',
  #5,#7107,$);
#7693 = PRODUCT_RELATED_PRODUCT_CATEGORY('part',$,(#7109));
#7694 = SHAPE_DEFINITION_REPRESENTATION(#7695,#7701);
#7695 = PRODUCT_DEFINITION_SHAPE('','',#7696);
#7696 = PRODUCT_DEFINITION('design','',#7697,#7700);
#7697 = PRODUCT_DEFINITION_FORMATION('','',#7698);
#7698 = PRODUCT('shoulder_lock_stud_1_McMaster_90318A720',
  'shoulder_lock_stud_1_McMaster_90318A720','',(#7699));
#7699 = PRODUCT_CONTEXT('',#2,'mechanical');
#7700 = PRODUCT_DEFINITION_CONTEXT('part definition',#2,'design');
#7701 = ADVANCED_BREP_SHAPE_REPRESENTATION('',(#11,#7702),#7980);
#7702 = MANIFOLD_SOLID_BREP('',#7703);
#7703 = CLOSED_SHELL('',(#7704,#7792,#7796,#7831,#7886,#7921,#7976));
#7704 = ADVANCED_FACE('',(#7705),#7719,.T.);
#7705 = FACE_BOUND('',#7706,.F.);
#7706 = EDGE_LOOP('',(#7707,#7737,#7764,#7765));
#7707 = ORIENTED_EDGE('',*,*,#7708,.T.);
#7708 = EDGE_CURVE('',#7709,#7711,#7713,.T.);
#7709 = VERTEX_POINT('',#7710);
#7710 = CARTESIAN_POINT('',(-9.,0.,-6.3));
#7711 = VERTEX_POINT('',#7712);
#7712 = CARTESIAN_POINT('',(-9.,0.,-5.));
#7713 = SEAM_CURVE('',#7714,(#7718,#7730),.PCURVE_S1.);
#7714 = LINE('',#7715,#7716);
#7715 = CARTESIAN_POINT('',(-9.,0.,-6.3));
#7716 = VECTOR('',#7717,1.);
#7717 = DIRECTION('',(0.,0.,1.));
#7718 = PCURVE('',#7719,#7724);
#7719 = CYLINDRICAL_SURFACE('',#7720,3.);
#7720 = AXIS2_PLACEMENT_3D('',#7721,#7722,#7723);
#7721 = CARTESIAN_POINT('',(-12.,0.,-6.3));
#7722 = DIRECTION('',(-0.,-0.,-1.));
#7723 = DIRECTION('',(1.,0.,0.));
#7724 = DEFINITIONAL_REPRESENTATION('',(#7725),#7729);
#7725 = LINE('',#7726,#7727);
#7726 = CARTESIAN_POINT('',(-0.,0.));
#7727 = VECTOR('',#7728,1.);
#7728 = DIRECTION('',(-0.,-1.));
#7729 = ( GEOMETRIC_REPRESENTATION_CONTEXT(2) 
PARAMETRIC_REPRESENTATION_CONTEXT() REPRESENTATION_CONTEXT('2D SPACE',''
  ) );
#7730 = PCURVE('',#7719,#7731);
#7731 = DEFINITIONAL_REPRESENTATION('',(#7732),#7736);
#7732 = LINE('',#7733,#7734);
#7733 = CARTESIAN_POINT('',(-6.28318530718,0.));
#7734 = VECTOR('',#7735,1.);
#7735 = DIRECTION('',(-0.,-1.));
#7736 = ( GEOMETRIC_REPRESENTATION_CONTEXT(2) 
PARAMETRIC_REPRESENTATION_CONTEXT() REPRESENTATION_CONTEXT('2D SPACE',''
  ) );
#7737 = ORIENTED_EDGE('',*,*,#7738,.T.);
#7738 = EDGE_CURVE('',#7711,#7711,#7739,.T.);
#7739 = SURFACE_CURVE('',#7740,(#7745,#7752),.PCURVE_S1.);
#7740 = CIRCLE('',#7741,3.);
#7741 = AXIS2_PLACEMENT_3D('',#7742,#7743,#7744);
#7742 = CARTESIAN_POINT('',(-12.,0.,-5.));
#7743 = DIRECTION('',(0.,0.,1.));
#7744 = DIRECTION('',(1.,0.,0.));
#7745 = PCURVE('',#7719,#7746);
#7746 = DEFINITIONAL_REPRESENTATION('',(#7747),#7751);
#7747 = LINE('',#7748,#7749);
#7748 = CARTESIAN_POINT('',(-0.,-1.3));
#7749 = VECTOR('',#7750,1.);
#7750 = DIRECTION('',(-1.,0.));
#7751 = ( GEOMETRIC_REPRESENTATION_CONTEXT(2) 
PARAMETRIC_REPRESENTATION_CONTEXT() REPRESENTATION_CONTEXT('2D SPACE',''
  ) );
#7752 = PCURVE('',#7753,#7758);
#7753 = PLANE('',#7754);
#7754 = AXIS2_PLACEMENT_3D('',#7755,#7756,#7757);
#7755 = CARTESIAN_POINT('',(-12.,-8.51133553645E-18,-5.));
#7756 = DIRECTION('',(0.,0.,1.));
#7757 = DIRECTION('',(1.,0.,-0.));
#7758 = DEFINITIONAL_REPRESENTATION('',(#7759),#7763);
#7759 = CIRCLE('',#7760,3.);
#7760 = AXIS2_PLACEMENT_2D('',#7761,#7762);
#7761 = CARTESIAN_POINT('',(0.,8.51133553645E-18));
#7762 = DIRECTION('',(1.,0.));
#7763 = ( GEOMETRIC_REPRESENTATION_CONTEXT(2) 
PARAMETRIC_REPRESENTATION_CONTEXT() REPRESENTATION_CONTEXT('2D SPACE',''
  ) );
#7764 = ORIENTED_EDGE('',*,*,#7708,.F.);
#7765 = ORIENTED_EDGE('',*,*,#7766,.F.);
#7766 = EDGE_CURVE('',#7709,#7709,#7767,.T.);
#7767 = SURFACE_CURVE('',#7768,(#7773,#7780),.PCURVE_S1.);
#7768 = CIRCLE('',#7769,3.);
#7769 = AXIS2_PLACEMENT_3D('',#7770,#7771,#7772);
#7770 = CARTESIAN_POINT('',(-12.,0.,-6.3));
#7771 = DIRECTION('',(0.,0.,1.));
#7772 = DIRECTION('',(1.,0.,0.));
#7773 = PCURVE('',#7719,#7774);
#7774 = DEFINITIONAL_REPRESENTATION('',(#7775),#7779);
#7775 = LINE('',#7776,#7777);
#7776 = CARTESIAN_POINT('',(-0.,0.));
#7777 = VECTOR('',#7778,1.);
#7778 = DIRECTION('',(-1.,0.));
#7779 = ( GEOMETRIC_REPRESENTATION_CONTEXT(2) 
PARAMETRIC_REPRESENTATION_CONTEXT() REPRESENTATION_CONTEXT('2D SPACE',''
  ) );
#7780 = PCURVE('',#7781,#7786);
#7781 = PLANE('',#7782);
#7782 = AXIS2_PLACEMENT_3D('',#7783,#7784,#7785);
#7783 = CARTESIAN_POINT('',(-12.,-8.51133553645E-18,-6.3));
#7784 = DIRECTION('',(0.,0.,1.));
#7785 = DIRECTION('',(1.,0.,-0.));
#7786 = DEFINITIONAL_REPRESENTATION('',(#7787),#7791);
#7787 = CIRCLE('',#7788,3.);
#7788 = AXIS2_PLACEMENT_2D('',#7789,#7790);
#7789 = CARTESIAN_POINT('',(0.,8.51133553645E-18));
#7790 = DIRECTION('',(1.,0.));
#7791 = ( GEOMETRIC_REPRESENTATION_CONTEXT(2) 
PARAMETRIC_REPRESENTATION_CONTEXT() REPRESENTATION_CONTEXT('2D SPACE',''
  ) );
#7792 = ADVANCED_FACE('',(#7793),#7781,.F.);
#7793 = FACE_BOUND('',#7794,.F.);
#7794 = EDGE_LOOP('',(#7795));
#7795 = ORIENTED_EDGE('',*,*,#7766,.T.);
#7796 = ADVANCED_FACE('',(#7797,#7800),#7753,.T.);
#7797 = FACE_BOUND('',#7798,.T.);
#7798 = EDGE_LOOP('',(#7799));
#7799 = ORIENTED_EDGE('',*,*,#7738,.T.);
#7800 = FACE_BOUND('',#7801,.T.);
#7801 = EDGE_LOOP('',(#7802));
#7802 = ORIENTED_EDGE('',*,*,#7803,.F.);
#7803 = EDGE_CURVE('',#7804,#7804,#7806,.T.);
#7804 = VERTEX_POINT('',#7805);
#7805 = CARTESIAN_POINT('',(-10.,0.,-5.));
#7806 = SURFACE_CURVE('',#7807,(#7812,#7819),.PCURVE_S1.);
#7807 = CIRCLE('',#7808,2.);
#7808 = AXIS2_PLACEMENT_3D('',#7809,#7810,#7811);
#7809 = CARTESIAN_POINT('',(-12.,0.,-5.));
#7810 = DIRECTION('',(0.,0.,1.));
#7811 = DIRECTION('',(1.,0.,0.));
#7812 = PCURVE('',#7753,#7813);
#7813 = DEFINITIONAL_REPRESENTATION('',(#7814),#7818);
#7814 = CIRCLE('',#7815,2.);
#7815 = AXIS2_PLACEMENT_2D('',#7816,#7817);
#7816 = CARTESIAN_POINT('',(0.,8.51133553645E-18));
#7817 = DIRECTION('',(1.,0.));
#7818 = ( GEOMETRIC_REPRESENTATION_CONTEXT(2) 
PARAMETRIC_REPRESENTATION_CONTEXT() REPRESENTATION_CONTEXT('2D SPACE',''
  ) );
#7819 = PCURVE('',#7820,#7825);
#7820 = CYLINDRICAL_SURFACE('',#7821,2.);
#7821 = AXIS2_PLACEMENT_3D('',#7822,#7823,#7824);
#7822 = CARTESIAN_POINT('',(-12.,0.,-5.));
#7823 = DIRECTION('',(-0.,-0.,-1.));
#7824 = DIRECTION('',(1.,0.,0.));
#7825 = DEFINITIONAL_REPRESENTATION('',(#7826),#7830);
#7826 = LINE('',#7827,#7828);
#7827 = CARTESIAN_POINT('',(-0.,0.));
#7828 = VECTOR('',#7829,1.);
#7829 = DIRECTION('',(-1.,0.));
#7830 = ( GEOMETRIC_REPRESENTATION_CONTEXT(2) 
PARAMETRIC_REPRESENTATION_CONTEXT() REPRESENTATION_CONTEXT('2D SPACE',''
  ) );
#7831 = ADVANCED_FACE('',(#7832),#7820,.T.);
#7832 = FACE_BOUND('',#7833,.F.);
#7833 = EDGE_LOOP('',(#7834,#7857,#7884,#7885));
#7834 = ORIENTED_EDGE('',*,*,#7835,.T.);
#7835 = EDGE_CURVE('',#7804,#7836,#7838,.T.);
#7836 = VERTEX_POINT('',#7837);
#7837 = CARTESIAN_POINT('',(-10.,0.,0.));
#7838 = SEAM_CURVE('',#7839,(#7843,#7850),.PCURVE_S1.);
#7839 = LINE('',#7840,#7841);
#7840 = CARTESIAN_POINT('',(-10.,0.,-5.));
#7841 = VECTOR('',#7842,1.);
#7842 = DIRECTION('',(0.,0.,1.));
#7843 = PCURVE('',#7820,#7844);
#7844 = DEFINITIONAL_REPRESENTATION('',(#7845),#7849);
#7845 = LINE('',#7846,#7847);
#7846 = CARTESIAN_POINT('',(-0.,0.));
#7847 = VECTOR('',#7848,1.);
#7848 = DIRECTION('',(-0.,-1.));
#7849 = ( GEOMETRIC_REPRESENTATION_CONTEXT(2) 
PARAMETRIC_REPRESENTATION_CONTEXT() REPRESENTATION_CONTEXT('2D SPACE',''
  ) );
#7850 = PCURVE('',#7820,#7851);
#7851 = DEFINITIONAL_REPRESENTATION('',(#7852),#7856);
#7852 = LINE('',#7853,#7854);
#7853 = CARTESIAN_POINT('',(-6.28318530718,0.));
#7854 = VECTOR('',#7855,1.);
#7855 = DIRECTION('',(-0.,-1.));
#7856 = ( GEOMETRIC_REPRESENTATION_CONTEXT(2) 
PARAMETRIC_REPRESENTATION_CONTEXT() REPRESENTATION_CONTEXT('2D SPACE',''
  ) );
#7857 = ORIENTED_EDGE('',*,*,#7858,.T.);
#7858 = EDGE_CURVE('',#7836,#7836,#7859,.T.);
#7859 = SURFACE_CURVE('',#7860,(#7865,#7872),.PCURVE_S1.);
#7860 = CIRCLE('',#7861,2.);
#7861 = AXIS2_PLACEMENT_3D('',#7862,#7863,#7864);
#7862 = CARTESIAN_POINT('',(-12.,0.,0.));
#7863 = DIRECTION('',(0.,0.,1.));
#7864 = DIRECTION('',(1.,0.,0.));
#7865 = PCURVE('',#7820,#7866);
#7866 = DEFINITIONAL_REPRESENTATION('',(#7867),#7871);
#7867 = LINE('',#7868,#7869);
#7868 = CARTESIAN_POINT('',(-0.,-5.));
#7869 = VECTOR('',#7870,1.);
#7870 = DIRECTION('',(-1.,0.));
#7871 = ( GEOMETRIC_REPRESENTATION_CONTEXT(2) 
PARAMETRIC_REPRESENTATION_CONTEXT() REPRESENTATION_CONTEXT('2D SPACE',''
  ) );
#7872 = PCURVE('',#7873,#7878);
#7873 = PLANE('',#7874);
#7874 = AXIS2_PLACEMENT_3D('',#7875,#7876,#7877);
#7875 = CARTESIAN_POINT('',(-12.,1.74751904908E-16,0.));
#7876 = DIRECTION('',(0.,0.,1.));
#7877 = DIRECTION('',(1.,0.,-0.));
#7878 = DEFINITIONAL_REPRESENTATION('',(#7879),#7883);
#7879 = CIRCLE('',#7880,2.);
#7880 = AXIS2_PLACEMENT_2D('',#7881,#7882);
#7881 = CARTESIAN_POINT('',(0.,-1.74751904908E-16));
#7882 = DIRECTION('',(1.,0.));
#7883 = ( GEOMETRIC_REPRESENTATION_CONTEXT(2) 
PARAMETRIC_REPRESENTATION_CONTEXT() REPRESENTATION_CONTEXT('2D SPACE',''
  ) );
#7884 = ORIENTED_EDGE('',*,*,#7835,.F.);
#7885 = ORIENTED_EDGE('',*,*,#7803,.F.);
#7886 = ADVANCED_FACE('',(#7887,#7890),#7873,.T.);
#7887 = FACE_BOUND('',#7888,.T.);
#7888 = EDGE_LOOP('',(#7889));
#7889 = ORIENTED_EDGE('',*,*,#7858,.T.);
#7890 = FACE_BOUND('',#7891,.T.);
#7891 = EDGE_LOOP('',(#7892));
#7892 = ORIENTED_EDGE('',*,*,#7893,.F.);
#7893 = EDGE_CURVE('',#7894,#7894,#7896,.T.);
#7894 = VERTEX_POINT('',#7895);
#7895 = CARTESIAN_POINT('',(-10.5,0.,0.));
#7896 = SURFACE_CURVE('',#7897,(#7902,#7909),.PCURVE_S1.);
#7897 = CIRCLE('',#7898,1.5);
#7898 = AXIS2_PLACEMENT_3D('',#7899,#7900,#7901);
#7899 = CARTESIAN_POINT('',(-12.,0.,0.));
#7900 = DIRECTION('',(0.,0.,1.));
#7901 = DIRECTION('',(1.,0.,0.));
#7902 = PCURVE('',#7873,#7903);
#7903 = DEFINITIONAL_REPRESENTATION('',(#7904),#7908);
#7904 = CIRCLE('',#7905,1.5);
#7905 = AXIS2_PLACEMENT_2D('',#7906,#7907);
#7906 = CARTESIAN_POINT('',(0.,-1.74751904908E-16));
#7907 = DIRECTION('',(1.,0.));
#7908 = ( GEOMETRIC_REPRESENTATION_CONTEXT(2) 
PARAMETRIC_REPRESENTATION_CONTEXT() REPRESENTATION_CONTEXT('2D SPACE',''
  ) );
#7909 = PCURVE('',#7910,#7915);
#7910 = CYLINDRICAL_SURFACE('',#7911,1.5);
#7911 = AXIS2_PLACEMENT_3D('',#7912,#7913,#7914);
#7912 = CARTESIAN_POINT('',(-12.,0.,0.));
#7913 = DIRECTION('',(-0.,-0.,-1.));
#7914 = DIRECTION('',(1.,0.,0.));
#7915 = DEFINITIONAL_REPRESENTATION('',(#7916),#7920);
#7916 = LINE('',#7917,#7918);
#7917 = CARTESIAN_POINT('',(-0.,0.));
#7918 = VECTOR('',#7919,1.);
#7919 = DIRECTION('',(-1.,0.));
#7920 = ( GEOMETRIC_REPRESENTATION_CONTEXT(2) 
PARAMETRIC_REPRESENTATION_CONTEXT() REPRESENTATION_CONTEXT('2D SPACE',''
  ) );
#7921 = ADVANCED_FACE('',(#7922),#7910,.T.);
#7922 = FACE_BOUND('',#7923,.F.);
#7923 = EDGE_LOOP('',(#7924,#7947,#7974,#7975));
#7924 = ORIENTED_EDGE('',*,*,#7925,.T.);
#7925 = EDGE_CURVE('',#7894,#7926,#7928,.T.);
#7926 = VERTEX_POINT('',#7927);
#7927 = CARTESIAN_POINT('',(-10.5,0.,4.));
#7928 = SEAM_CURVE('',#7929,(#7933,#7940),.PCURVE_S1.);
#7929 = LINE('',#7930,#7931);
#7930 = CARTESIAN_POINT('',(-10.5,0.,0.));
#7931 = VECTOR('',#7932,1.);
#7932 = DIRECTION('',(0.,0.,1.));
#7933 = PCURVE('',#7910,#7934);
#7934 = DEFINITIONAL_REPRESENTATION('',(#7935),#7939);
#7935 = LINE('',#7936,#7937);
#7936 = CARTESIAN_POINT('',(-0.,0.));
#7937 = VECTOR('',#7938,1.);
#7938 = DIRECTION('',(-0.,-1.));
#7939 = ( GEOMETRIC_REPRESENTATION_CONTEXT(2) 
PARAMETRIC_REPRESENTATION_CONTEXT() REPRESENTATION_CONTEXT('2D SPACE',''
  ) );
#7940 = PCURVE('',#7910,#7941);
#7941 = DEFINITIONAL_REPRESENTATION('',(#7942),#7946);
#7942 = LINE('',#7943,#7944);
#7943 = CARTESIAN_POINT('',(-6.28318530718,0.));
#7944 = VECTOR('',#7945,1.);
#7945 = DIRECTION('',(-0.,-1.));
#7946 = ( GEOMETRIC_REPRESENTATION_CONTEXT(2) 
PARAMETRIC_REPRESENTATION_CONTEXT() REPRESENTATION_CONTEXT('2D SPACE',''
  ) );
#7947 = ORIENTED_EDGE('',*,*,#7948,.T.);
#7948 = EDGE_CURVE('',#7926,#7926,#7949,.T.);
#7949 = SURFACE_CURVE('',#7950,(#7955,#7962),.PCURVE_S1.);
#7950 = CIRCLE('',#7951,1.5);
#7951 = AXIS2_PLACEMENT_3D('',#7952,#7953,#7954);
#7952 = CARTESIAN_POINT('',(-12.,0.,4.));
#7953 = DIRECTION('',(0.,0.,1.));
#7954 = DIRECTION('',(1.,0.,0.));
#7955 = PCURVE('',#7910,#7956);
#7956 = DEFINITIONAL_REPRESENTATION('',(#7957),#7961);
#7957 = LINE('',#7958,#7959);
#7958 = CARTESIAN_POINT('',(-0.,-4.));
#7959 = VECTOR('',#7960,1.);
#7960 = DIRECTION('',(-1.,0.));
#7961 = ( GEOMETRIC_REPRESENTATION_CONTEXT(2) 
PARAMETRIC_REPRESENTATION_CONTEXT() REPRESENTATION_CONTEXT('2D SPACE',''
  ) );
#7962 = PCURVE('',#7963,#7968);
#7963 = PLANE('',#7964);
#7964 = AXIS2_PLACEMENT_3D('',#7965,#7966,#7967);
#7965 = CARTESIAN_POINT('',(-12.,-4.255667768225E-18,4.));
#7966 = DIRECTION('',(0.,0.,1.));
#7967 = DIRECTION('',(1.,0.,-0.));
#7968 = DEFINITIONAL_REPRESENTATION('',(#7969),#7973);
#7969 = CIRCLE('',#7970,1.5);
#7970 = AXIS2_PLACEMENT_2D('',#7971,#7972);
#7971 = CARTESIAN_POINT('',(0.,4.255667768225E-18));
#7972 = DIRECTION('',(1.,0.));
#7973 = ( GEOMETRIC_REPRESENTATION_CONTEXT(2) 
PARAMETRIC_REPRESENTATION_CONTEXT() REPRESENTATION_CONTEXT('2D SPACE',''
  ) );
#7974 = ORIENTED_EDGE('',*,*,#7925,.F.);
#7975 = ORIENTED_EDGE('',*,*,#7893,.F.);
#7976 = ADVANCED_FACE('',(#7977),#7963,.T.);
#7977 = FACE_BOUND('',#7978,.T.);
#7978 = EDGE_LOOP('',(#7979));
#7979 = ORIENTED_EDGE('',*,*,#7948,.T.);
#7980 = ( GEOMETRIC_REPRESENTATION_CONTEXT(3) 
GLOBAL_UNCERTAINTY_ASSIGNED_CONTEXT((#7984)) 
GLOBAL_UNIT_ASSIGNED_CONTEXT((#7981,#7982,#7983)) REPRESENTATION_CONTEXT
('Context #1','3D Context with UNIT and UNCERTAINTY') );
#7981 = ( LENGTH_UNIT() NAMED_UNIT(*) SI_UNIT(.MILLI.,.METRE.) );
#7982 = ( NAMED_UNIT(*) PLANE_ANGLE_UNIT() SI_UNIT($,.RADIAN.) );
#7983 = ( NAMED_UNIT(*) SI_UNIT($,.STERADIAN.) SOLID_ANGLE_UNIT() );
#7984 = UNCERTAINTY_MEASURE_WITH_UNIT(LENGTH_MEASURE(1.E-07),#7981,
  'distance_accuracy_value','confusion accuracy');
#7985 = CONTEXT_DEPENDENT_SHAPE_REPRESENTATION(#7986,#7988);
#7986 = ( REPRESENTATION_RELATIONSHIP('','',#7701,#10) 
REPRESENTATION_RELATIONSHIP_WITH_TRANSFORMATION(#7987) 
SHAPE_REPRESENTATION_RELATIONSHIP() );
#7987 = ITEM_DEFINED_TRANSFORMATION('','',#11,#43);
#7988 = PRODUCT_DEFINITION_SHAPE('Placement','Placement of an item',
  #7989);
#7989 = NEXT_ASSEMBLY_USAGE_OCCURRENCE('8',
  'shoulder_lock_stud_1_McMaster_90318A720','',#5,#7696,$);
#7990 = PRODUCT_RELATED_PRODUCT_CATEGORY('part',$,(#7698));
#7991 = SHAPE_DEFINITION_REPRESENTATION(#7992,#7998);
#7992 = PRODUCT_DEFINITION_SHAPE('','',#7993);
#7993 = PRODUCT_DEFINITION('design','',#7994,#7997);
#7994 = PRODUCT_DEFINITION_FORMATION('','',#7995);
#7995 = PRODUCT('lock_stud_nut_1_DIN934_M3','lock_stud_nut_1_DIN934_M3',
  '',(#7996));
#7996 = PRODUCT_CONTEXT('',#2,'mechanical');
#7997 = PRODUCT_DEFINITION_CONTEXT('part definition',#2,'design');
#7998 = ADVANCED_BREP_SHAPE_REPRESENTATION('',(#11,#7999),#8569);
#7999 = MANIFOLD_SOLID_BREP('',#8000);
#8000 = CLOSED_SHELL('',(#8001,#8121,#8197,#8273,#8382,#8481,#8508,#8535
    ,#8542));
#8001 = ADVANCED_FACE('',(#8002),#8016,.F.);
#8002 = FACE_BOUND('',#8003,.F.);
#8003 = EDGE_LOOP('',(#8004,#8039,#8067,#8095));
#8004 = ORIENTED_EDGE('',*,*,#8005,.T.);
#8005 = EDGE_CURVE('',#8006,#8008,#8010,.T.);
#8006 = VERTEX_POINT('',#8007);
#8007 = CARTESIAN_POINT('',(-8.824573519514,0.,1.5));
#8008 = VERTEX_POINT('',#8009);
#8009 = CARTESIAN_POINT('',(-8.824573519514,0.,3.9));
#8010 = SURFACE_CURVE('',#8011,(#8015,#8027),.PCURVE_S1.);
#8011 = LINE('',#8012,#8013);
#8012 = CARTESIAN_POINT('',(-8.824573519514,0.,1.5));
#8013 = VECTOR('',#8014,1.);
#8014 = DIRECTION('',(0.,0.,1.));
#8015 = PCURVE('',#8016,#8021);
#8016 = PLANE('',#8017);
#8017 = AXIS2_PLACEMENT_3D('',#8018,#8019,#8020);
#8018 = CARTESIAN_POINT('',(-8.824573519514,0.,1.5));
#8019 = DIRECTION('',(-0.866025403784,-0.5,0.));
#8020 = DIRECTION('',(-0.5,0.866025403784,0.));
#8021 = DEFINITIONAL_REPRESENTATION('',(#8022),#8026);
#8022 = LINE('',#8023,#8024);
#8023 = CARTESIAN_POINT('',(0.,0.));
#8024 = VECTOR('',#8025,1.);
#8025 = DIRECTION('',(0.,-1.));
#8026 = ( GEOMETRIC_REPRESENTATION_CONTEXT(2) 
PARAMETRIC_REPRESENTATION_CONTEXT() REPRESENTATION_CONTEXT('2D SPACE',''
  ) );
#8027 = PCURVE('',#8028,#8033);
#8028 = PLANE('',#8029);
#8029 = AXIS2_PLACEMENT_3D('',#8030,#8031,#8032);
#8030 = CARTESIAN_POINT('',(-10.41228675975,-2.749999999951,1.5));
#8031 = DIRECTION('',(-0.866025403784,0.5,0.));
#8032 = DIRECTION('',(0.5,0.866025403784,0.));
#8033 = DEFINITIONAL_REPRESENTATION('',(#8034),#8038);
#8034 = LINE('',#8035,#8036);
#8035 = CARTESIAN_POINT('',(3.175426480486,0.));
#8036 = VECTOR('',#8037,1.);
#8037 = DIRECTION('',(0.,-1.));
#8038 = ( GEOMETRIC_REPRESENTATION_CONTEXT(2) 
PARAMETRIC_REPRESENTATION_CONTEXT() REPRESENTATION_CONTEXT('2D SPACE',''
  ) );
#8039 = ORIENTED_EDGE('',*,*,#8040,.T.);
#8040 = EDGE_CURVE('',#8008,#8041,#8043,.T.);
#8041 = VERTEX_POINT('',#8042);
#8042 = CARTESIAN_POINT('',(-10.41228675975,2.749999999951,3.9));
#8043 = SURFACE_CURVE('',#8044,(#8048,#8055),.PCURVE_S1.);
#8044 = LINE('',#8045,#8046);
#8045 = CARTESIAN_POINT('',(-8.824573519514,0.,3.9));
#8046 = VECTOR('',#8047,1.);
#8047 = DIRECTION('',(-0.5,0.866025403784,0.));
#8048 = PCURVE('',#8016,#8049);
#8049 = DEFINITIONAL_REPRESENTATION('',(#8050),#8054);
#8050 = LINE('',#8051,#8052);
#8051 = CARTESIAN_POINT('',(0.,-2.4));
#8052 = VECTOR('',#8053,1.);
#8053 = DIRECTION('',(1.,0.));
#8054 = ( GEOMETRIC_REPRESENTATION_CONTEXT(2) 
PARAMETRIC_REPRESENTATION_CONTEXT() REPRESENTATION_CONTEXT('2D SPACE',''
  ) );
#8055 = PCURVE('',#8056,#8061);
#8056 = PLANE('',#8057);
#8057 = AXIS2_PLACEMENT_3D('',#8058,#8059,#8060);
#8058 = CARTESIAN_POINT('',(-12.,0.,3.9));
#8059 = DIRECTION('',(0.,0.,1.));
#8060 = DIRECTION('',(1.,0.,-0.));
#8061 = DEFINITIONAL_REPRESENTATION('',(#8062),#8066);
#8062 = LINE('',#8063,#8064);
#8063 = CARTESIAN_POINT('',(3.175426480486,0.));
#8064 = VECTOR('',#8065,1.);
#8065 = DIRECTION('',(-0.5,0.866025403784));
#8066 = ( GEOMETRIC_REPRESENTATION_CONTEXT(2) 
PARAMETRIC_REPRESENTATION_CONTEXT() REPRESENTATION_CONTEXT('2D SPACE',''
  ) );
#8067 = ORIENTED_EDGE('',*,*,#8068,.F.);
#8068 = EDGE_CURVE('',#8069,#8041,#8071,.T.);
#8069 = VERTEX_POINT('',#8070);
#8070 = CARTESIAN_POINT('',(-10.41228675975,2.749999999951,1.5));
#8071 = SURFACE_CURVE('',#8072,(#8076,#8083),.PCURVE_S1.);
#8072 = LINE('',#8073,#8074);
#8073 = CARTESIAN_POINT('',(-10.41228675975,2.749999999951,1.5));
#8074 = VECTOR('',#8075,1.);
#8075 = DIRECTION('',(0.,0.,1.));
#8076 = PCURVE('',#8016,#8077);
#8077 = DEFINITIONAL_REPRESENTATION('',(#8078),#8082);
#8078 = LINE('',#8079,#8080);
#8079 = CARTESIAN_POINT('',(3.175426480486,0.));
#8080 = VECTOR('',#8081,1.);
#8081 = DIRECTION('',(0.,-1.));
#8082 = ( GEOMETRIC_REPRESENTATION_CONTEXT(2) 
PARAMETRIC_REPRESENTATION_CONTEXT() REPRESENTATION_CONTEXT('2D SPACE',''
  ) );
#8083 = PCURVE('',#8084,#8089);
#8084 = PLANE('',#8085);
#8085 = AXIS2_PLACEMENT_3D('',#8086,#8087,#8088);
#8086 = CARTESIAN_POINT('',(-10.41228675975,2.749999999951,1.5));
#8087 = DIRECTION('',(-1.398518317395E-16,-1.,0.));
#8088 = DIRECTION('',(-1.,1.398518317395E-16,0.));
#8089 = DEFINITIONAL_REPRESENTATION('',(#8090),#8094);
#8090 = LINE('',#8091,#8092);
#8091 = CARTESIAN_POINT('',(0.,0.));
#8092 = VECTOR('',#8093,1.);
#8093 = DIRECTION('',(0.,-1.));
#8094 = ( GEOMETRIC_REPRESENTATION_CONTEXT(2) 
PARAMETRIC_REPRESENTATION_CONTEXT() REPRESENTATION_CONTEXT('2D SPACE',''
  ) );
#8095 = ORIENTED_EDGE('',*,*,#8096,.F.);
#8096 = EDGE_CURVE('',#8006,#8069,#8097,.T.);
#8097 = SURFACE_CURVE('',#8098,(#8102,#8109),.PCURVE_S1.);
#8098 = LINE('',#8099,#8100);
#8099 = CARTESIAN_POINT('',(-8.824573519514,0.,1.5));
#8100 = VECTOR('',#8101,1.);
#8101 = DIRECTION('',(-0.5,0.866025403784,0.));
#8102 = PCURVE('',#8016,#8103);
#8103 = DEFINITIONAL_REPRESENTATION('',(#8104),#8108);
#8104 = LINE('',#8105,#8106);
#8105 = CARTESIAN_POINT('',(0.,0.));
#8106 = VECTOR('',#8107,1.);
#8107 = DIRECTION('',(1.,0.));
#8108 = ( GEOMETRIC_REPRESENTATION_CONTEXT(2) 
PARAMETRIC_REPRESENTATION_CONTEXT() REPRESENTATION_CONTEXT('2D SPACE',''
  ) );
#8109 = PCURVE('',#8110,#8115);
#8110 = PLANE('',#8111);
#8111 = AXIS2_PLACEMENT_3D('',#8112,#8113,#8114);
#8112 = CARTESIAN_POINT('',(-12.,0.,1.5));
#8113 = DIRECTION('',(0.,0.,1.));
#8114 = DIRECTION('',(1.,0.,-0.));
#8115 = DEFINITIONAL_REPRESENTATION('',(#8116),#8120);
#8116 = LINE('',#8117,#8118);
#8117 = CARTESIAN_POINT('',(3.175426480486,0.));
#8118 = VECTOR('',#8119,1.);
#8119 = DIRECTION('',(-0.5,0.866025403784));
#8120 = ( GEOMETRIC_REPRESENTATION_CONTEXT(2) 
PARAMETRIC_REPRESENTATION_CONTEXT() REPRESENTATION_CONTEXT('2D SPACE',''
  ) );
#8121 = ADVANCED_FACE('',(#8122),#8028,.F.);
#8122 = FACE_BOUND('',#8123,.F.);
#8123 = EDGE_LOOP('',(#8124,#8154,#8175,#8176));
#8124 = ORIENTED_EDGE('',*,*,#8125,.T.);
#8125 = EDGE_CURVE('',#8126,#8128,#8130,.T.);
#8126 = VERTEX_POINT('',#8127);
#8127 = CARTESIAN_POINT('',(-10.41228675975,-2.749999999951,1.5));
#8128 = VERTEX_POINT('',#8129);
#8129 = CARTESIAN_POINT('',(-10.41228675975,-2.749999999951,3.9));
#8130 = SURFACE_CURVE('',#8131,(#8135,#8142),.PCURVE_S1.);
#8131 = LINE('',#8132,#8133);
#8132 = CARTESIAN_POINT('',(-10.41228675975,-2.749999999951,1.5));
#8133 = VECTOR('',#8134,1.);
#8134 = DIRECTION('',(0.,0.,1.));
#8135 = PCURVE('',#8028,#8136);
#8136 = DEFINITIONAL_REPRESENTATION('',(#8137),#8141);
#8137 = LINE('',#8138,#8139);
#8138 = CARTESIAN_POINT('',(0.,0.));
#8139 = VECTOR('',#8140,1.);
#8140 = DIRECTION('',(0.,-1.));
#8141 = ( GEOMETRIC_REPRESENTATION_CONTEXT(2) 
PARAMETRIC_REPRESENTATION_CONTEXT() REPRESENTATION_CONTEXT('2D SPACE',''
  ) );
#8142 = PCURVE('',#8143,#8148);
#8143 = PLANE('',#8144);
#8144 = AXIS2_PLACEMENT_3D('',#8145,#8146,#8147);
#8145 = CARTESIAN_POINT('',(-13.58771324024,-2.749999999951,1.5));
#8146 = DIRECTION('',(5.59407326958E-16,1.,-0.));
#8147 = DIRECTION('',(1.,-5.59407326958E-16,0.));
#8148 = DEFINITIONAL_REPRESENTATION('',(#8149),#8153);
#8149 = LINE('',#8150,#8151);
#8150 = CARTESIAN_POINT('',(3.175426480486,0.));
#8151 = VECTOR('',#8152,1.);
#8152 = DIRECTION('',(0.,-1.));
#8153 = ( GEOMETRIC_REPRESENTATION_CONTEXT(2) 
PARAMETRIC_REPRESENTATION_CONTEXT() REPRESENTATION_CONTEXT('2D SPACE',''
  ) );
#8154 = ORIENTED_EDGE('',*,*,#8155,.T.);
#8155 = EDGE_CURVE('',#8128,#8008,#8156,.T.);
#8156 = SURFACE_CURVE('',#8157,(#8161,#8168),.PCURVE_S1.);
#8157 = LINE('',#8158,#8159);
#8158 = CARTESIAN_POINT('',(-10.41228675975,-2.749999999951,3.9));
#8159 = VECTOR('',#8160,1.);
#8160 = DIRECTION('',(0.5,0.866025403784,0.));
#8161 = PCURVE('',#8028,#8162);
#8162 = DEFINITIONAL_REPRESENTATION('',(#8163),#8167);
#8163 = LINE('',#8164,#8165);
#8164 = CARTESIAN_POINT('',(0.,-2.4));
#8165 = VECTOR('',#8166,1.);
#8166 = DIRECTION('',(1.,0.));
#8167 = ( GEOMETRIC_REPRESENTATION_CONTEXT(2) 
PARAMETRIC_REPRESENTATION_CONTEXT() REPRESENTATION_CONTEXT('2D SPACE',''
  ) );
#8168 = PCURVE('',#8056,#8169);
#8169 = DEFINITIONAL_REPRESENTATION('',(#8170),#8174);
#8170 = LINE('',#8171,#8172);
#8171 = CARTESIAN_POINT('',(1.587713240243,-2.749999999951));
#8172 = VECTOR('',#8173,1.);
#8173 = DIRECTION('',(0.5,0.866025403784));
#8174 = ( GEOMETRIC_REPRESENTATION_CONTEXT(2) 
PARAMETRIC_REPRESENTATION_CONTEXT() REPRESENTATION_CONTEXT('2D SPACE',''
  ) );
#8175 = ORIENTED_EDGE('',*,*,#8005,.F.);
#8176 = ORIENTED_EDGE('',*,*,#8177,.F.);
#8177 = EDGE_CURVE('',#8126,#8006,#8178,.T.);
#8178 = SURFACE_CURVE('',#8179,(#8183,#8190),.PCURVE_S1.);
#8179 = LINE('',#8180,#8181);
#8180 = CARTESIAN_POINT('',(-10.41228675975,-2.749999999951,1.5));
#8181 = VECTOR('',#8182,1.);
#8182 = DIRECTION('',(0.5,0.866025403784,0.));
#8183 = PCURVE('',#8028,#8184);
#8184 = DEFINITIONAL_REPRESENTATION('',(#8185),#8189);
#8185 = LINE('',#8186,#8187);
#8186 = CARTESIAN_POINT('',(0.,0.));
#8187 = VECTOR('',#8188,1.);
#8188 = DIRECTION('',(1.,0.));
#8189 = ( GEOMETRIC_REPRESENTATION_CONTEXT(2) 
PARAMETRIC_REPRESENTATION_CONTEXT() REPRESENTATION_CONTEXT('2D SPACE',''
  ) );
#8190 = PCURVE('',#8110,#8191);
#8191 = DEFINITIONAL_REPRESENTATION('',(#8192),#8196);
#8192 = LINE('',#8193,#8194);
#8193 = CARTESIAN_POINT('',(1.587713240243,-2.749999999951));
#8194 = VECTOR('',#8195,1.);
#8195 = DIRECTION('',(0.5,0.866025403784));
#8196 = ( GEOMETRIC_REPRESENTATION_CONTEXT(2) 
PARAMETRIC_REPRESENTATION_CONTEXT() REPRESENTATION_CONTEXT('2D SPACE',''
  ) );
#8197 = ADVANCED_FACE('',(#8198),#8084,.F.);
#8198 = FACE_BOUND('',#8199,.F.);
#8199 = EDGE_LOOP('',(#8200,#8201,#8224,#8252));
#8200 = ORIENTED_EDGE('',*,*,#8068,.T.);
#8201 = ORIENTED_EDGE('',*,*,#8202,.T.);
#8202 = EDGE_CURVE('',#8041,#8203,#8205,.T.);
#8203 = VERTEX_POINT('',#8204);
#8204 = CARTESIAN_POINT('',(-13.58771324024,2.749999999951,3.9));
#8205 = SURFACE_CURVE('',#8206,(#8210,#8217),.PCURVE_S1.);
#8206 = LINE('',#8207,#8208);
#8207 = CARTESIAN_POINT('',(-10.41228675975,2.749999999951,3.9));
#8208 = VECTOR('',#8209,1.);
#8209 = DIRECTION('',(-1.,1.398518317395E-16,0.));
#8210 = PCURVE('',#8084,#8211);
#8211 = DEFINITIONAL_REPRESENTATION('',(#8212),#8216);
#8212 = LINE('',#8213,#8214);
#8213 = CARTESIAN_POINT('',(0.,-2.4));
#8214 = VECTOR('',#8215,1.);
#8215 = DIRECTION('',(1.,0.));
#8216 = ( GEOMETRIC_REPRESENTATION_CONTEXT(2) 
PARAMETRIC_REPRESENTATION_CONTEXT() REPRESENTATION_CONTEXT('2D SPACE',''
  ) );
#8217 = PCURVE('',#8056,#8218);
#8218 = DEFINITIONAL_REPRESENTATION('',(#8219),#8223);
#8219 = LINE('',#8220,#8221);
#8220 = CARTESIAN_POINT('',(1.587713240243,2.749999999951));
#8221 = VECTOR('',#8222,1.);
#8222 = DIRECTION('',(-1.,1.398518317395E-16));
#8223 = ( GEOMETRIC_REPRESENTATION_CONTEXT(2) 
PARAMETRIC_REPRESENTATION_CONTEXT() REPRESENTATION_CONTEXT('2D SPACE',''
  ) );
#8224 = ORIENTED_EDGE('',*,*,#8225,.F.);
#8225 = EDGE_CURVE('',#8226,#8203,#8228,.T.);
#8226 = VERTEX_POINT('',#8227);
#8227 = CARTESIAN_POINT('',(-13.58771324024,2.749999999951,1.5));
#8228 = SURFACE_CURVE('',#8229,(#8233,#8240),.PCURVE_S1.);
#8229 = LINE('',#8230,#8231);
#8230 = CARTESIAN_POINT('',(-13.58771324024,2.749999999951,1.5));
#8231 = VECTOR('',#8232,1.);
#8232 = DIRECTION('',(0.,0.,1.));
#8233 = PCURVE('',#8084,#8234);
#8234 = DEFINITIONAL_REPRESENTATION('',(#8235),#8239);
#8235 = LINE('',#8236,#8237);
#8236 = CARTESIAN_POINT('',(3.175426480486,0.));
#8237 = VECTOR('',#8238,1.);
#8238 = DIRECTION('',(0.,-1.));
#8239 = ( GEOMETRIC_REPRESENTATION_CONTEXT(2) 
PARAMETRIC_REPRESENTATION_CONTEXT() REPRESENTATION_CONTEXT('2D SPACE',''
  ) );
#8240 = PCURVE('',#8241,#8246);
#8241 = PLANE('',#8242);
#8242 = AXIS2_PLACEMENT_3D('',#8243,#8244,#8245);
#8243 = CARTESIAN_POINT('',(-13.58771324024,2.749999999951,1.5));
#8244 = DIRECTION('',(0.866025403784,-0.5,0.));
#8245 = DIRECTION('',(-0.5,-0.866025403784,0.));
#8246 = DEFINITIONAL_REPRESENTATION('',(#8247),#8251);
#8247 = LINE('',#8248,#8249);
#8248 = CARTESIAN_POINT('',(0.,0.));
#8249 = VECTOR('',#8250,1.);
#8250 = DIRECTION('',(0.,-1.));
#8251 = ( GEOMETRIC_REPRESENTATION_CONTEXT(2) 
PARAMETRIC_REPRESENTATION_CONTEXT() REPRESENTATION_CONTEXT('2D SPACE',''
  ) );
#8252 = ORIENTED_EDGE('',*,*,#8253,.F.);
#8253 = EDGE_CURVE('',#8069,#8226,#8254,.T.);
#8254 = SURFACE_CURVE('',#8255,(#8259,#8266),.PCURVE_S1.);
#8255 = LINE('',#8256,#8257);
#8256 = CARTESIAN_POINT('',(-10.41228675975,2.749999999951,1.5));
#8257 = VECTOR('',#8258,1.);
#8258 = DIRECTION('',(-1.,1.398518317395E-16,0.));
#8259 = PCURVE('',#8084,#8260);
#8260 = DEFINITIONAL_REPRESENTATION('',(#8261),#8265);
#8261 = LINE('',#8262,#8263);
#8262 = CARTESIAN_POINT('',(0.,0.));
#8263 = VECTOR('',#8264,1.);
#8264 = DIRECTION('',(1.,0.));
#8265 = ( GEOMETRIC_REPRESENTATION_CONTEXT(2) 
PARAMETRIC_REPRESENTATION_CONTEXT() REPRESENTATION_CONTEXT('2D SPACE',''
  ) );
#8266 = PCURVE('',#8110,#8267);
#8267 = DEFINITIONAL_REPRESENTATION('',(#8268),#8272);
#8268 = LINE('',#8269,#8270);
#8269 = CARTESIAN_POINT('',(1.587713240243,2.749999999951));
#8270 = VECTOR('',#8271,1.);
#8271 = DIRECTION('',(-1.,1.398518317395E-16));
#8272 = ( GEOMETRIC_REPRESENTATION_CONTEXT(2) 
PARAMETRIC_REPRESENTATION_CONTEXT() REPRESENTATION_CONTEXT('2D SPACE',''
  ) );
#8273 = ADVANCED_FACE('',(#8274,#8351),#8110,.F.);
#8274 = FACE_BOUND('',#8275,.F.);
#8275 = EDGE_LOOP('',(#8276,#8277,#8278,#8301,#8329,#8350));
#8276 = ORIENTED_EDGE('',*,*,#8096,.T.);
#8277 = ORIENTED_EDGE('',*,*,#8253,.T.);
#8278 = ORIENTED_EDGE('',*,*,#8279,.T.);
#8279 = EDGE_CURVE('',#8226,#8280,#8282,.T.);
#8280 = VERTEX_POINT('',#8281);
#8281 = CARTESIAN_POINT('',(-15.17542648048,3.888775875255E-16,1.5));
#8282 = SURFACE_CURVE('',#8283,(#8287,#8294),.PCURVE_S1.);
#8283 = LINE('',#8284,#8285);
#8284 = CARTESIAN_POINT('',(-13.58771324024,2.749999999951,1.5));
#8285 = VECTOR('',#8286,1.);
#8286 = DIRECTION('',(-0.5,-0.866025403784,0.));
#8287 = PCURVE('',#8110,#8288);
#8288 = DEFINITIONAL_REPRESENTATION('',(#8289),#8293);
#8289 = LINE('',#8290,#8291);
#8290 = CARTESIAN_POINT('',(-1.587713240243,2.749999999951));
#8291 = VECTOR('',#8292,1.);
#8292 = DIRECTION('',(-0.5,-0.866025403784));
#8293 = ( GEOMETRIC_REPRESENTATION_CONTEXT(2) 
PARAMETRIC_REPRESENTATION_CONTEXT() REPRESENTATION_CONTEXT('2D SPACE',''
  ) );
#8294 = PCURVE('',#8241,#8295);
#8295 = DEFINITIONAL_REPRESENTATION('',(#8296),#8300);
#8296 = LINE('',#8297,#8298);
#8297 = CARTESIAN_POINT('',(0.,0.));
#8298 = VECTOR('',#8299,1.);
#8299 = DIRECTION('',(1.,0.));
#8300 = ( GEOMETRIC_REPRESENTATION_CONTEXT(2) 
PARAMETRIC_REPRESENTATION_CONTEXT() REPRESENTATION_CONTEXT('2D SPACE',''
  ) );
#8301 = ORIENTED_EDGE('',*,*,#8302,.T.);
#8302 = EDGE_CURVE('',#8280,#8303,#8305,.T.);
#8303 = VERTEX_POINT('',#8304);
#8304 = CARTESIAN_POINT('',(-13.58771324024,-2.749999999951,1.5));
#8305 = SURFACE_CURVE('',#8306,(#8310,#8317),.PCURVE_S1.);
#8306 = LINE('',#8307,#8308);
#8307 = CARTESIAN_POINT('',(-15.17542648048,3.888775875255E-16,1.5));
#8308 = VECTOR('',#8309,1.);
#8309 = DIRECTION('',(0.5,-0.866025403784,0.));
#8310 = PCURVE('',#8110,#8311);
#8311 = DEFINITIONAL_REPRESENTATION('',(#8312),#8316);
#8312 = LINE('',#8313,#8314);
#8313 = CARTESIAN_POINT('',(-3.175426480486,3.888775875255E-16));
#8314 = VECTOR('',#8315,1.);
#8315 = DIRECTION('',(0.5,-0.866025403784));
#8316 = ( GEOMETRIC_REPRESENTATION_CONTEXT(2) 
PARAMETRIC_REPRESENTATION_CONTEXT() REPRESENTATION_CONTEXT('2D SPACE',''
  ) );
#8317 = PCURVE('',#8318,#8323);
#8318 = PLANE('',#8319);
#8319 = AXIS2_PLACEMENT_3D('',#8320,#8321,#8322);
#8320 = CARTESIAN_POINT('',(-15.17542648048,3.888775875255E-16,1.5));
#8321 = DIRECTION('',(0.866025403784,0.5,-0.));
#8322 = DIRECTION('',(0.5,-0.866025403784,0.));
#8323 = DEFINITIONAL_REPRESENTATION('',(#8324),#8328);
#8324 = LINE('',#8325,#8326);
#8325 = CARTESIAN_POINT('',(0.,0.));
#8326 = VECTOR('',#8327,1.);
#8327 = DIRECTION('',(1.,0.));
#8328 = ( GEOMETRIC_REPRESENTATION_CONTEXT(2) 
PARAMETRIC_REPRESENTATION_CONTEXT() REPRESENTATION_CONTEXT('2D SPACE',''
  ) );
#8329 = ORIENTED_EDGE('',*,*,#8330,.T.);
#8330 = EDGE_CURVE('',#8303,#8126,#8331,.T.);
#8331 = SURFACE_CURVE('',#8332,(#8336,#8343),.PCURVE_S1.);
#8332 = LINE('',#8333,#8334);
#8333 = CARTESIAN_POINT('',(-13.58771324024,-2.749999999951,1.5));
#8334 = VECTOR('',#8335,1.);
#8335 = DIRECTION('',(1.,-5.59407326958E-16,0.));
#8336 = PCURVE('',#8110,#8337);
#8337 = DEFINITIONAL_REPRESENTATION('',(#8338),#8342);
#8338 = LINE('',#8339,#8340);
#8339 = CARTESIAN_POINT('',(-1.587713240243,-2.749999999951));
#8340 = VECTOR('',#8341,1.);
#8341 = DIRECTION('',(1.,-5.59407326958E-16));
#8342 = ( GEOMETRIC_REPRESENTATION_CONTEXT(2) 
PARAMETRIC_REPRESENTATION_CONTEXT() REPRESENTATION_CONTEXT('2D SPACE',''
  ) );
#8343 = PCURVE('',#8143,#8344);
#8344 = DEFINITIONAL_REPRESENTATION('',(#8345),#8349);
#8345 = LINE('',#8346,#8347);
#8346 = CARTESIAN_POINT('',(0.,0.));
#8347 = VECTOR('',#8348,1.);
#8348 = DIRECTION('',(1.,0.));
#8349 = ( GEOMETRIC_REPRESENTATION_CONTEXT(2) 
PARAMETRIC_REPRESENTATION_CONTEXT() REPRESENTATION_CONTEXT('2D SPACE',''
  ) );
#8350 = ORIENTED_EDGE('',*,*,#8177,.T.);
#8351 = FACE_BOUND('',#8352,.F.);
#8352 = EDGE_LOOP('',(#8353));
#8353 = ORIENTED_EDGE('',*,*,#8354,.F.);
#8354 = EDGE_CURVE('',#8355,#8355,#8357,.T.);
#8355 = VERTEX_POINT('',#8356);
#8356 = CARTESIAN_POINT('',(-10.4,-3.918869757272E-16,1.5));
#8357 = SURFACE_CURVE('',#8358,(#8363,#8370),.PCURVE_S1.);
#8358 = CIRCLE('',#8359,1.6);
#8359 = AXIS2_PLACEMENT_3D('',#8360,#8361,#8362);
#8360 = CARTESIAN_POINT('',(-12.,0.,1.5));
#8361 = DIRECTION('',(0.,0.,1.));
#8362 = DIRECTION('',(1.,0.,-0.));
#8363 = PCURVE('',#8110,#8364);
#8364 = DEFINITIONAL_REPRESENTATION('',(#8365),#8369);
#8365 = CIRCLE('',#8366,1.6);
#8366 = AXIS2_PLACEMENT_2D('',#8367,#8368);
#8367 = CARTESIAN_POINT('',(0.,0.));
#8368 = DIRECTION('',(1.,0.));
#8369 = ( GEOMETRIC_REPRESENTATION_CONTEXT(2) 
PARAMETRIC_REPRESENTATION_CONTEXT() REPRESENTATION_CONTEXT('2D SPACE',''
  ) );
#8370 = PCURVE('',#8371,#8376);
#8371 = CYLINDRICAL_SURFACE('',#8372,1.6);
#8372 = AXIS2_PLACEMENT_3D('',#8373,#8374,#8375);
#8373 = CARTESIAN_POINT('',(-12.,0.,1.4));
#8374 = DIRECTION('',(0.,0.,1.));
#8375 = DIRECTION('',(1.,0.,-0.));
#8376 = DEFINITIONAL_REPRESENTATION('',(#8377),#8381);
#8377 = LINE('',#8378,#8379);
#8378 = CARTESIAN_POINT('',(0.,0.1));
#8379 = VECTOR('',#8380,1.);
#8380 = DIRECTION('',(1.,0.));
#8381 = ( GEOMETRIC_REPRESENTATION_CONTEXT(2) 
PARAMETRIC_REPRESENTATION_CONTEXT() REPRESENTATION_CONTEXT('2D SPACE',''
  ) );
#8382 = ADVANCED_FACE('',(#8383,#8455),#8056,.T.);
#8383 = FACE_BOUND('',#8384,.T.);
#8384 = EDGE_LOOP('',(#8385,#8386,#8387,#8410,#8433,#8454));
#8385 = ORIENTED_EDGE('',*,*,#8040,.T.);
#8386 = ORIENTED_EDGE('',*,*,#8202,.T.);
#8387 = ORIENTED_EDGE('',*,*,#8388,.T.);
#8388 = EDGE_CURVE('',#8203,#8389,#8391,.T.);
#8389 = VERTEX_POINT('',#8390);
#8390 = CARTESIAN_POINT('',(-15.17542648048,3.888775875255E-16,3.9));
#8391 = SURFACE_CURVE('',#8392,(#8396,#8403),.PCURVE_S1.);
#8392 = LINE('',#8393,#8394);
#8393 = CARTESIAN_POINT('',(-13.58771324024,2.749999999951,3.9));
#8394 = VECTOR('',#8395,1.);
#8395 = DIRECTION('',(-0.5,-0.866025403784,0.));
#8396 = PCURVE('',#8056,#8397);
#8397 = DEFINITIONAL_REPRESENTATION('',(#8398),#8402);
#8398 = LINE('',#8399,#8400);
#8399 = CARTESIAN_POINT('',(-1.587713240243,2.749999999951));
#8400 = VECTOR('',#8401,1.);
#8401 = DIRECTION('',(-0.5,-0.866025403784));
#8402 = ( GEOMETRIC_REPRESENTATION_CONTEXT(2) 
PARAMETRIC_REPRESENTATION_CONTEXT() REPRESENTATION_CONTEXT('2D SPACE',''
  ) );
#8403 = PCURVE('',#8241,#8404);
#8404 = DEFINITIONAL_REPRESENTATION('',(#8405),#8409);
#8405 = LINE('',#8406,#8407);
#8406 = CARTESIAN_POINT('',(0.,-2.4));
#8407 = VECTOR('',#8408,1.);
#8408 = DIRECTION('',(1.,0.));
#8409 = ( GEOMETRIC_REPRESENTATION_CONTEXT(2) 
PARAMETRIC_REPRESENTATION_CONTEXT() REPRESENTATION_CONTEXT('2D SPACE',''
  ) );
#8410 = ORIENTED_EDGE('',*,*,#8411,.T.);
#8411 = EDGE_CURVE('',#8389,#8412,#8414,.T.);
#8412 = VERTEX_POINT('',#8413);
#8413 = CARTESIAN_POINT('',(-13.58771324024,-2.749999999951,3.9));
#8414 = SURFACE_CURVE('',#8415,(#8419,#8426),.PCURVE_S1.);
#8415 = LINE('',#8416,#8417);
#8416 = CARTESIAN_POINT('',(-15.17542648048,3.888775875255E-16,3.9));
#8417 = VECTOR('',#8418,1.);
#8418 = DIRECTION('',(0.5,-0.866025403784,0.));
#8419 = PCURVE('',#8056,#8420);
#8420 = DEFINITIONAL_REPRESENTATION('',(#8421),#8425);
#8421 = LINE('',#8422,#8423);
#8422 = CARTESIAN_POINT('',(-3.175426480486,3.888775875255E-16));
#8423 = VECTOR('',#8424,1.);
#8424 = DIRECTION('',(0.5,-0.866025403784));
#8425 = ( GEOMETRIC_REPRESENTATION_CONTEXT(2) 
PARAMETRIC_REPRESENTATION_CONTEXT() REPRESENTATION_CONTEXT('2D SPACE',''
  ) );
#8426 = PCURVE('',#8318,#8427);
#8427 = DEFINITIONAL_REPRESENTATION('',(#8428),#8432);
#8428 = LINE('',#8429,#8430);
#8429 = CARTESIAN_POINT('',(0.,-2.4));
#8430 = VECTOR('',#8431,1.);
#8431 = DIRECTION('',(1.,0.));
#8432 = ( GEOMETRIC_REPRESENTATION_CONTEXT(2) 
PARAMETRIC_REPRESENTATION_CONTEXT() REPRESENTATION_CONTEXT('2D SPACE',''
  ) );
#8433 = ORIENTED_EDGE('',*,*,#8434,.T.);
#8434 = EDGE_CURVE('',#8412,#8128,#8435,.T.);
#8435 = SURFACE_CURVE('',#8436,(#8440,#8447),.PCURVE_S1.);
#8436 = LINE('',#8437,#8438);
#8437 = CARTESIAN_POINT('',(-13.58771324024,-2.749999999951,3.9));
#8438 = VECTOR('',#8439,1.);
#8439 = DIRECTION('',(1.,-5.59407326958E-16,0.));
#8440 = PCURVE('',#8056,#8441);
#8441 = DEFINITIONAL_REPRESENTATION('',(#8442),#8446);
#8442 = LINE('',#8443,#8444);
#8443 = CARTESIAN_POINT('',(-1.587713240243,-2.749999999951));
#8444 = VECTOR('',#8445,1.);
#8445 = DIRECTION('',(1.,-5.59407326958E-16));
#8446 = ( GEOMETRIC_REPRESENTATION_CONTEXT(2) 
PARAMETRIC_REPRESENTATION_CONTEXT() REPRESENTATION_CONTEXT('2D SPACE',''
  ) );
#8447 = PCURVE('',#8143,#8448);
#8448 = DEFINITIONAL_REPRESENTATION('',(#8449),#8453);
#8449 = LINE('',#8450,#8451);
#8450 = CARTESIAN_POINT('',(0.,-2.4));
#8451 = VECTOR('',#8452,1.);
#8452 = DIRECTION('',(1.,0.));
#8453 = ( GEOMETRIC_REPRESENTATION_CONTEXT(2) 
PARAMETRIC_REPRESENTATION_CONTEXT() REPRESENTATION_CONTEXT('2D SPACE',''
  ) );
#8454 = ORIENTED_EDGE('',*,*,#8155,.T.);
#8455 = FACE_BOUND('',#8456,.T.);
#8456 = EDGE_LOOP('',(#8457));
#8457 = ORIENTED_EDGE('',*,*,#8458,.F.);
#8458 = EDGE_CURVE('',#8459,#8459,#8461,.T.);
#8459 = VERTEX_POINT('',#8460);
#8460 = CARTESIAN_POINT('',(-10.4,-3.918869757272E-16,3.9));
#8461 = SURFACE_CURVE('',#8462,(#8467,#8474),.PCURVE_S1.);
#8462 = CIRCLE('',#8463,1.6);
#8463 = AXIS2_PLACEMENT_3D('',#8464,#8465,#8466);
#8464 = CARTESIAN_POINT('',(-12.,0.,3.9));
#8465 = DIRECTION('',(0.,0.,1.));
#8466 = DIRECTION('',(1.,0.,-0.));
#8467 = PCURVE('',#8056,#8468);
#8468 = DEFINITIONAL_REPRESENTATION('',(#8469),#8473);
#8469 = CIRCLE('',#8470,1.6);
#8470 = AXIS2_PLACEMENT_2D('',#8471,#8472);
#8471 = CARTESIAN_POINT('',(0.,0.));
#8472 = DIRECTION('',(1.,0.));
#8473 = ( GEOMETRIC_REPRESENTATION_CONTEXT(2) 
PARAMETRIC_REPRESENTATION_CONTEXT() REPRESENTATION_CONTEXT('2D SPACE',''
  ) );
#8474 = PCURVE('',#8371,#8475);
#8475 = DEFINITIONAL_REPRESENTATION('',(#8476),#8480);
#8476 = LINE('',#8477,#8478);
#8477 = CARTESIAN_POINT('',(0.,2.5));
#8478 = VECTOR('',#8479,1.);
#8479 = DIRECTION('',(1.,0.));
#8480 = ( GEOMETRIC_REPRESENTATION_CONTEXT(2) 
PARAMETRIC_REPRESENTATION_CONTEXT() REPRESENTATION_CONTEXT('2D SPACE',''
  ) );
#8481 = ADVANCED_FACE('',(#8482),#8143,.F.);
#8482 = FACE_BOUND('',#8483,.F.);
#8483 = EDGE_LOOP('',(#8484,#8505,#8506,#8507));
#8484 = ORIENTED_EDGE('',*,*,#8485,.T.);
#8485 = EDGE_CURVE('',#8303,#8412,#8486,.T.);
#8486 = SURFACE_CURVE('',#8487,(#8491,#8498),.PCURVE_S1.);
#8487 = LINE('',#8488,#8489);
#8488 = CARTESIAN_POINT('',(-13.58771324024,-2.749999999951,1.5));
#8489 = VECTOR('',#8490,1.);
#8490 = DIRECTION('',(0.,0.,1.));
#8491 = PCURVE('',#8143,#8492);
#8492 = DEFINITIONAL_REPRESENTATION('',(#8493),#8497);
#8493 = LINE('',#8494,#8495);
#8494 = CARTESIAN_POINT('',(0.,0.));
#8495 = VECTOR('',#8496,1.);
#8496 = DIRECTION('',(0.,-1.));
#8497 = ( GEOMETRIC_REPRESENTATION_CONTEXT(2) 
PARAMETRIC_REPRESENTATION_CONTEXT() REPRESENTATION_CONTEXT('2D SPACE',''
  ) );
#8498 = PCURVE('',#8318,#8499);
#8499 = DEFINITIONAL_REPRESENTATION('',(#8500),#8504);
#8500 = LINE('',#8501,#8502);
#8501 = CARTESIAN_POINT('',(3.175426480486,0.));
#8502 = VECTOR('',#8503,1.);
#8503 = DIRECTION('',(0.,-1.));
#8504 = ( GEOMETRIC_REPRESENTATION_CONTEXT(2) 
PARAMETRIC_REPRESENTATION_CONTEXT() REPRESENTATION_CONTEXT('2D SPACE',''
  ) );
#8505 = ORIENTED_EDGE('',*,*,#8434,.T.);
#8506 = ORIENTED_EDGE('',*,*,#8125,.F.);
#8507 = ORIENTED_EDGE('',*,*,#8330,.F.);
#8508 = ADVANCED_FACE('',(#8509),#8241,.F.);
#8509 = FACE_BOUND('',#8510,.F.);
#8510 = EDGE_LOOP('',(#8511,#8512,#8513,#8534));
#8511 = ORIENTED_EDGE('',*,*,#8225,.T.);
#8512 = ORIENTED_EDGE('',*,*,#8388,.T.);
#8513 = ORIENTED_EDGE('',*,*,#8514,.F.);
#8514 = EDGE_CURVE('',#8280,#8389,#8515,.T.);
#8515 = SURFACE_CURVE('',#8516,(#8520,#8527),.PCURVE_S1.);
#8516 = LINE('',#8517,#8518);
#8517 = CARTESIAN_POINT('',(-15.17542648048,3.888775875255E-16,1.5));
#8518 = VECTOR('',#8519,1.);
#8519 = DIRECTION('',(0.,0.,1.));
#8520 = PCURVE('',#8241,#8521);
#8521 = DEFINITIONAL_REPRESENTATION('',(#8522),#8526);
#8522 = LINE('',#8523,#8524);
#8523 = CARTESIAN_POINT('',(3.175426480486,0.));
#8524 = VECTOR('',#8525,1.);
#8525 = DIRECTION('',(0.,-1.));
#8526 = ( GEOMETRIC_REPRESENTATION_CONTEXT(2) 
PARAMETRIC_REPRESENTATION_CONTEXT() REPRESENTATION_CONTEXT('2D SPACE',''
  ) );
#8527 = PCURVE('',#8318,#8528);
#8528 = DEFINITIONAL_REPRESENTATION('',(#8529),#8533);
#8529 = LINE('',#8530,#8531);
#8530 = CARTESIAN_POINT('',(0.,0.));
#8531 = VECTOR('',#8532,1.);
#8532 = DIRECTION('',(0.,-1.));
#8533 = ( GEOMETRIC_REPRESENTATION_CONTEXT(2) 
PARAMETRIC_REPRESENTATION_CONTEXT() REPRESENTATION_CONTEXT('2D SPACE',''
  ) );
#8534 = ORIENTED_EDGE('',*,*,#8279,.F.);
#8535 = ADVANCED_FACE('',(#8536),#8318,.F.);
#8536 = FACE_BOUND('',#8537,.F.);
#8537 = EDGE_LOOP('',(#8538,#8539,#8540,#8541));
#8538 = ORIENTED_EDGE('',*,*,#8514,.T.);
#8539 = ORIENTED_EDGE('',*,*,#8411,.T.);
#8540 = ORIENTED_EDGE('',*,*,#8485,.F.);
#8541 = ORIENTED_EDGE('',*,*,#8302,.F.);
#8542 = ADVANCED_FACE('',(#8543),#8371,.F.);
#8543 = FACE_BOUND('',#8544,.F.);
#8544 = EDGE_LOOP('',(#8545,#8546,#8567,#8568));
#8545 = ORIENTED_EDGE('',*,*,#8458,.F.);
#8546 = ORIENTED_EDGE('',*,*,#8547,.F.);
#8547 = EDGE_CURVE('',#8355,#8459,#8548,.T.);
#8548 = SEAM_CURVE('',#8549,(#8553,#8560),.PCURVE_S1.);
#8549 = LINE('',#8550,#8551);
#8550 = CARTESIAN_POINT('',(-10.4,-3.918869757272E-16,1.4));
#8551 = VECTOR('',#8552,1.);
#8552 = DIRECTION('',(0.,0.,1.));
#8553 = PCURVE('',#8371,#8554);
#8554 = DEFINITIONAL_REPRESENTATION('',(#8555),#8559);
#8555 = LINE('',#8556,#8557);
#8556 = CARTESIAN_POINT('',(6.28318530718,-0.));
#8557 = VECTOR('',#8558,1.);
#8558 = DIRECTION('',(0.,1.));
#8559 = ( GEOMETRIC_REPRESENTATION_CONTEXT(2) 
PARAMETRIC_REPRESENTATION_CONTEXT() REPRESENTATION_CONTEXT('2D SPACE',''
  ) );
#8560 = PCURVE('',#8371,#8561);
#8561 = DEFINITIONAL_REPRESENTATION('',(#8562),#8566);
#8562 = LINE('',#8563,#8564);
#8563 = CARTESIAN_POINT('',(0.,-0.));
#8564 = VECTOR('',#8565,1.);
#8565 = DIRECTION('',(0.,1.));
#8566 = ( GEOMETRIC_REPRESENTATION_CONTEXT(2) 
PARAMETRIC_REPRESENTATION_CONTEXT() REPRESENTATION_CONTEXT('2D SPACE',''
  ) );
#8567 = ORIENTED_EDGE('',*,*,#8354,.T.);
#8568 = ORIENTED_EDGE('',*,*,#8547,.T.);
#8569 = ( GEOMETRIC_REPRESENTATION_CONTEXT(3) 
GLOBAL_UNCERTAINTY_ASSIGNED_CONTEXT((#8573)) 
GLOBAL_UNIT_ASSIGNED_CONTEXT((#8570,#8571,#8572)) REPRESENTATION_CONTEXT
('Context #1','3D Context with UNIT and UNCERTAINTY') );
#8570 = ( LENGTH_UNIT() NAMED_UNIT(*) SI_UNIT(.MILLI.,.METRE.) );
#8571 = ( NAMED_UNIT(*) PLANE_ANGLE_UNIT() SI_UNIT($,.RADIAN.) );
#8572 = ( NAMED_UNIT(*) SI_UNIT($,.STERADIAN.) SOLID_ANGLE_UNIT() );
#8573 = UNCERTAINTY_MEASURE_WITH_UNIT(LENGTH_MEASURE(1.E-07),#8570,
  'distance_accuracy_value','confusion accuracy');
#8574 = CONTEXT_DEPENDENT_SHAPE_REPRESENTATION(#8575,#8577);
#8575 = ( REPRESENTATION_RELATIONSHIP('','',#7998,#10) 
REPRESENTATION_RELATIONSHIP_WITH_TRANSFORMATION(#8576) 
SHAPE_REPRESENTATION_RELATIONSHIP() );
#8576 = ITEM_DEFINED_TRANSFORMATION('','',#11,#47);
#8577 = PRODUCT_DEFINITION_SHAPE('Placement','Placement of an item',
  #8578);
#8578 = NEXT_ASSEMBLY_USAGE_OCCURRENCE('9','lock_stud_nut_1_DIN934_M3',
  '',#5,#7993,$);
#8579 = PRODUCT_RELATED_PRODUCT_CATEGORY('part',$,(#7995));
#8580 = SHAPE_DEFINITION_REPRESENTATION(#8581,#8587);
#8581 = PRODUCT_DEFINITION_SHAPE('','',#8582);
#8582 = PRODUCT_DEFINITION('design','',#8583,#8586);
#8583 = PRODUCT_DEFINITION_FORMATION('','',#8584);
#8584 = PRODUCT('shoulder_lock_stud_2_McMaster_90318A720',
  'shoulder_lock_stud_2_McMaster_90318A720','',(#8585));
#8585 = PRODUCT_CONTEXT('',#2,'mechanical');
#8586 = PRODUCT_DEFINITION_CONTEXT('part definition',#2,'design');
#8587 = ADVANCED_BREP_SHAPE_REPRESENTATION('',(#11,#8588),#8866);
#8588 = MANIFOLD_SOLID_BREP('',#8589);
#8589 = CLOSED_SHELL('',(#8590,#8678,#8682,#8717,#8772,#8807,#8862));
#8590 = ADVANCED_FACE('',(#8591),#8605,.T.);
#8591 = FACE_BOUND('',#8592,.F.);
#8592 = EDGE_LOOP('',(#8593,#8623,#8650,#8651));
#8593 = ORIENTED_EDGE('',*,*,#8594,.T.);
#8594 = EDGE_CURVE('',#8595,#8597,#8599,.T.);
#8595 = VERTEX_POINT('',#8596);
#8596 = CARTESIAN_POINT('',(15.,0.,-6.3));
#8597 = VERTEX_POINT('',#8598);
#8598 = CARTESIAN_POINT('',(15.,0.,-5.));
#8599 = SEAM_CURVE('',#8600,(#8604,#8616),.PCURVE_S1.);
#8600 = LINE('',#8601,#8602);
#8601 = CARTESIAN_POINT('',(15.,0.,-6.3));
#8602 = VECTOR('',#8603,1.);
#8603 = DIRECTION('',(0.,0.,1.));
#8604 = PCURVE('',#8605,#8610);
#8605 = CYLINDRICAL_SURFACE('',#8606,3.);
#8606 = AXIS2_PLACEMENT_3D('',#8607,#8608,#8609);
#8607 = CARTESIAN_POINT('',(12.,0.,-6.3));
#8608 = DIRECTION('',(-0.,-0.,-1.));
#8609 = DIRECTION('',(1.,0.,0.));
#8610 = DEFINITIONAL_REPRESENTATION('',(#8611),#8615);
#8611 = LINE('',#8612,#8613);
#8612 = CARTESIAN_POINT('',(-0.,0.));
#8613 = VECTOR('',#8614,1.);
#8614 = DIRECTION('',(-0.,-1.));
#8615 = ( GEOMETRIC_REPRESENTATION_CONTEXT(2) 
PARAMETRIC_REPRESENTATION_CONTEXT() REPRESENTATION_CONTEXT('2D SPACE',''
  ) );
#8616 = PCURVE('',#8605,#8617);
#8617 = DEFINITIONAL_REPRESENTATION('',(#8618),#8622);
#8618 = LINE('',#8619,#8620);
#8619 = CARTESIAN_POINT('',(-6.28318530718,0.));
#8620 = VECTOR('',#8621,1.);
#8621 = DIRECTION('',(-0.,-1.));
#8622 = ( GEOMETRIC_REPRESENTATION_CONTEXT(2) 
PARAMETRIC_REPRESENTATION_CONTEXT() REPRESENTATION_CONTEXT('2D SPACE',''
  ) );
#8623 = ORIENTED_EDGE('',*,*,#8624,.T.);
#8624 = EDGE_CURVE('',#8597,#8597,#8625,.T.);
#8625 = SURFACE_CURVE('',#8626,(#8631,#8638),.PCURVE_S1.);
#8626 = CIRCLE('',#8627,3.);
#8627 = AXIS2_PLACEMENT_3D('',#8628,#8629,#8630);
#8628 = CARTESIAN_POINT('',(12.,0.,-5.));
#8629 = DIRECTION('',(0.,0.,1.));
#8630 = DIRECTION('',(1.,0.,0.));
#8631 = PCURVE('',#8605,#8632);
#8632 = DEFINITIONAL_REPRESENTATION('',(#8633),#8637);
#8633 = LINE('',#8634,#8635);
#8634 = CARTESIAN_POINT('',(-0.,-1.3));
#8635 = VECTOR('',#8636,1.);
#8636 = DIRECTION('',(-1.,0.));
#8637 = ( GEOMETRIC_REPRESENTATION_CONTEXT(2) 
PARAMETRIC_REPRESENTATION_CONTEXT() REPRESENTATION_CONTEXT('2D SPACE',''
  ) );
#8638 = PCURVE('',#8639,#8644);
#8639 = PLANE('',#8640);
#8640 = AXIS2_PLACEMENT_3D('',#8641,#8642,#8643);
#8641 = CARTESIAN_POINT('',(12.,-8.51133553645E-18,-5.));
#8642 = DIRECTION('',(0.,0.,1.));
#8643 = DIRECTION('',(1.,0.,-0.));
#8644 = DEFINITIONAL_REPRESENTATION('',(#8645),#8649);
#8645 = CIRCLE('',#8646,3.);
#8646 = AXIS2_PLACEMENT_2D('',#8647,#8648);
#8647 = CARTESIAN_POINT('',(0.,8.51133553645E-18));
#8648 = DIRECTION('',(1.,0.));
#8649 = ( GEOMETRIC_REPRESENTATION_CONTEXT(2) 
PARAMETRIC_REPRESENTATION_CONTEXT() REPRESENTATION_CONTEXT('2D SPACE',''
  ) );
#8650 = ORIENTED_EDGE('',*,*,#8594,.F.);
#8651 = ORIENTED_EDGE('',*,*,#8652,.F.);
#8652 = EDGE_CURVE('',#8595,#8595,#8653,.T.);
#8653 = SURFACE_CURVE('',#8654,(#8659,#8666),.PCURVE_S1.);
#8654 = CIRCLE('',#8655,3.);
#8655 = AXIS2_PLACEMENT_3D('',#8656,#8657,#8658);
#8656 = CARTESIAN_POINT('',(12.,0.,-6.3));
#8657 = DIRECTION('',(0.,0.,1.));
#8658 = DIRECTION('',(1.,0.,0.));
#8659 = PCURVE('',#8605,#8660);
#8660 = DEFINITIONAL_REPRESENTATION('',(#8661),#8665);
#8661 = LINE('',#8662,#8663);
#8662 = CARTESIAN_POINT('',(-0.,0.));
#8663 = VECTOR('',#8664,1.);
#8664 = DIRECTION('',(-1.,0.));
#8665 = ( GEOMETRIC_REPRESENTATION_CONTEXT(2) 
PARAMETRIC_REPRESENTATION_CONTEXT() REPRESENTATION_CONTEXT('2D SPACE',''
  ) );
#8666 = PCURVE('',#8667,#8672);
#8667 = PLANE('',#8668);
#8668 = AXIS2_PLACEMENT_3D('',#8669,#8670,#8671);
#8669 = CARTESIAN_POINT('',(12.,-8.51133553645E-18,-6.3));
#8670 = DIRECTION('',(0.,0.,1.));
#8671 = DIRECTION('',(1.,0.,-0.));
#8672 = DEFINITIONAL_REPRESENTATION('',(#8673),#8677);
#8673 = CIRCLE('',#8674,3.);
#8674 = AXIS2_PLACEMENT_2D('',#8675,#8676);
#8675 = CARTESIAN_POINT('',(0.,8.51133553645E-18));
#8676 = DIRECTION('',(1.,0.));
#8677 = ( GEOMETRIC_REPRESENTATION_CONTEXT(2) 
PARAMETRIC_REPRESENTATION_CONTEXT() REPRESENTATION_CONTEXT('2D SPACE',''
  ) );
#8678 = ADVANCED_FACE('',(#8679),#8667,.F.);
#8679 = FACE_BOUND('',#8680,.F.);
#8680 = EDGE_LOOP('',(#8681));
#8681 = ORIENTED_EDGE('',*,*,#8652,.T.);
#8682 = ADVANCED_FACE('',(#8683,#8686),#8639,.T.);
#8683 = FACE_BOUND('',#8684,.T.);
#8684 = EDGE_LOOP('',(#8685));
#8685 = ORIENTED_EDGE('',*,*,#8624,.T.);
#8686 = FACE_BOUND('',#8687,.T.);
#8687 = EDGE_LOOP('',(#8688));
#8688 = ORIENTED_EDGE('',*,*,#8689,.F.);
#8689 = EDGE_CURVE('',#8690,#8690,#8692,.T.);
#8690 = VERTEX_POINT('',#8691);
#8691 = CARTESIAN_POINT('',(14.,0.,-5.));
#8692 = SURFACE_CURVE('',#8693,(#8698,#8705),.PCURVE_S1.);
#8693 = CIRCLE('',#8694,2.);
#8694 = AXIS2_PLACEMENT_3D('',#8695,#8696,#8697);
#8695 = CARTESIAN_POINT('',(12.,0.,-5.));
#8696 = DIRECTION('',(0.,0.,1.));
#8697 = DIRECTION('',(1.,0.,0.));
#8698 = PCURVE('',#8639,#8699);
#8699 = DEFINITIONAL_REPRESENTATION('',(#8700),#8704);
#8700 = CIRCLE('',#8701,2.);
#8701 = AXIS2_PLACEMENT_2D('',#8702,#8703);
#8702 = CARTESIAN_POINT('',(0.,8.51133553645E-18));
#8703 = DIRECTION('',(1.,0.));
#8704 = ( GEOMETRIC_REPRESENTATION_CONTEXT(2) 
PARAMETRIC_REPRESENTATION_CONTEXT() REPRESENTATION_CONTEXT('2D SPACE',''
  ) );
#8705 = PCURVE('',#8706,#8711);
#8706 = CYLINDRICAL_SURFACE('',#8707,2.);
#8707 = AXIS2_PLACEMENT_3D('',#8708,#8709,#8710);
#8708 = CARTESIAN_POINT('',(12.,0.,-5.));
#8709 = DIRECTION('',(-0.,-0.,-1.));
#8710 = DIRECTION('',(1.,0.,0.));
#8711 = DEFINITIONAL_REPRESENTATION('',(#8712),#8716);
#8712 = LINE('',#8713,#8714);
#8713 = CARTESIAN_POINT('',(-0.,0.));
#8714 = VECTOR('',#8715,1.);
#8715 = DIRECTION('',(-1.,0.));
#8716 = ( GEOMETRIC_REPRESENTATION_CONTEXT(2) 
PARAMETRIC_REPRESENTATION_CONTEXT() REPRESENTATION_CONTEXT('2D SPACE',''
  ) );
#8717 = ADVANCED_FACE('',(#8718),#8706,.T.);
#8718 = FACE_BOUND('',#8719,.F.);
#8719 = EDGE_LOOP('',(#8720,#8743,#8770,#8771));
#8720 = ORIENTED_EDGE('',*,*,#8721,.T.);
#8721 = EDGE_CURVE('',#8690,#8722,#8724,.T.);
#8722 = VERTEX_POINT('',#8723);
#8723 = CARTESIAN_POINT('',(14.,0.,0.));
#8724 = SEAM_CURVE('',#8725,(#8729,#8736),.PCURVE_S1.);
#8725 = LINE('',#8726,#8727);
#8726 = CARTESIAN_POINT('',(14.,0.,-5.));
#8727 = VECTOR('',#8728,1.);
#8728 = DIRECTION('',(0.,0.,1.));
#8729 = PCURVE('',#8706,#8730);
#8730 = DEFINITIONAL_REPRESENTATION('',(#8731),#8735);
#8731 = LINE('',#8732,#8733);
#8732 = CARTESIAN_POINT('',(-0.,0.));
#8733 = VECTOR('',#8734,1.);
#8734 = DIRECTION('',(-0.,-1.));
#8735 = ( GEOMETRIC_REPRESENTATION_CONTEXT(2) 
PARAMETRIC_REPRESENTATION_CONTEXT() REPRESENTATION_CONTEXT('2D SPACE',''
  ) );
#8736 = PCURVE('',#8706,#8737);
#8737 = DEFINITIONAL_REPRESENTATION('',(#8738),#8742);
#8738 = LINE('',#8739,#8740);
#8739 = CARTESIAN_POINT('',(-6.28318530718,0.));
#8740 = VECTOR('',#8741,1.);
#8741 = DIRECTION('',(-0.,-1.));
#8742 = ( GEOMETRIC_REPRESENTATION_CONTEXT(2) 
PARAMETRIC_REPRESENTATION_CONTEXT() REPRESENTATION_CONTEXT('2D SPACE',''
  ) );
#8743 = ORIENTED_EDGE('',*,*,#8744,.T.);
#8744 = EDGE_CURVE('',#8722,#8722,#8745,.T.);
#8745 = SURFACE_CURVE('',#8746,(#8751,#8758),.PCURVE_S1.);
#8746 = CIRCLE('',#8747,2.);
#8747 = AXIS2_PLACEMENT_3D('',#8748,#8749,#8750);
#8748 = CARTESIAN_POINT('',(12.,0.,0.));
#8749 = DIRECTION('',(0.,0.,1.));
#8750 = DIRECTION('',(1.,0.,0.));
#8751 = PCURVE('',#8706,#8752);
#8752 = DEFINITIONAL_REPRESENTATION('',(#8753),#8757);
#8753 = LINE('',#8754,#8755);
#8754 = CARTESIAN_POINT('',(-0.,-5.));
#8755 = VECTOR('',#8756,1.);
#8756 = DIRECTION('',(-1.,0.));
#8757 = ( GEOMETRIC_REPRESENTATION_CONTEXT(2) 
PARAMETRIC_REPRESENTATION_CONTEXT() REPRESENTATION_CONTEXT('2D SPACE',''
  ) );
#8758 = PCURVE('',#8759,#8764);
#8759 = PLANE('',#8760);
#8760 = AXIS2_PLACEMENT_3D('',#8761,#8762,#8763);
#8761 = CARTESIAN_POINT('',(12.,1.74751904908E-16,0.));
#8762 = DIRECTION('',(0.,0.,1.));
#8763 = DIRECTION('',(1.,0.,-0.));
#8764 = DEFINITIONAL_REPRESENTATION('',(#8765),#8769);
#8765 = CIRCLE('',#8766,2.);
#8766 = AXIS2_PLACEMENT_2D('',#8767,#8768);
#8767 = CARTESIAN_POINT('',(0.,-1.74751904908E-16));
#8768 = DIRECTION('',(1.,0.));
#8769 = ( GEOMETRIC_REPRESENTATION_CONTEXT(2) 
PARAMETRIC_REPRESENTATION_CONTEXT() REPRESENTATION_CONTEXT('2D SPACE',''
  ) );
#8770 = ORIENTED_EDGE('',*,*,#8721,.F.);
#8771 = ORIENTED_EDGE('',*,*,#8689,.F.);
#8772 = ADVANCED_FACE('',(#8773,#8776),#8759,.T.);
#8773 = FACE_BOUND('',#8774,.T.);
#8774 = EDGE_LOOP('',(#8775));
#8775 = ORIENTED_EDGE('',*,*,#8744,.T.);
#8776 = FACE_BOUND('',#8777,.T.);
#8777 = EDGE_LOOP('',(#8778));
#8778 = ORIENTED_EDGE('',*,*,#8779,.F.);
#8779 = EDGE_CURVE('',#8780,#8780,#8782,.T.);
#8780 = VERTEX_POINT('',#8781);
#8781 = CARTESIAN_POINT('',(13.5,0.,0.));
#8782 = SURFACE_CURVE('',#8783,(#8788,#8795),.PCURVE_S1.);
#8783 = CIRCLE('',#8784,1.5);
#8784 = AXIS2_PLACEMENT_3D('',#8785,#8786,#8787);
#8785 = CARTESIAN_POINT('',(12.,0.,0.));
#8786 = DIRECTION('',(0.,0.,1.));
#8787 = DIRECTION('',(1.,0.,0.));
#8788 = PCURVE('',#8759,#8789);
#8789 = DEFINITIONAL_REPRESENTATION('',(#8790),#8794);
#8790 = CIRCLE('',#8791,1.5);
#8791 = AXIS2_PLACEMENT_2D('',#8792,#8793);
#8792 = CARTESIAN_POINT('',(0.,-1.74751904908E-16));
#8793 = DIRECTION('',(1.,0.));
#8794 = ( GEOMETRIC_REPRESENTATION_CONTEXT(2) 
PARAMETRIC_REPRESENTATION_CONTEXT() REPRESENTATION_CONTEXT('2D SPACE',''
  ) );
#8795 = PCURVE('',#8796,#8801);
#8796 = CYLINDRICAL_SURFACE('',#8797,1.5);
#8797 = AXIS2_PLACEMENT_3D('',#8798,#8799,#8800);
#8798 = CARTESIAN_POINT('',(12.,0.,0.));
#8799 = DIRECTION('',(-0.,-0.,-1.));
#8800 = DIRECTION('',(1.,0.,0.));
#8801 = DEFINITIONAL_REPRESENTATION('',(#8802),#8806);
#8802 = LINE('',#8803,#8804);
#8803 = CARTESIAN_POINT('',(-0.,0.));
#8804 = VECTOR('',#8805,1.);
#8805 = DIRECTION('',(-1.,0.));
#8806 = ( GEOMETRIC_REPRESENTATION_CONTEXT(2) 
PARAMETRIC_REPRESENTATION_CONTEXT() REPRESENTATION_CONTEXT('2D SPACE',''
  ) );
#8807 = ADVANCED_FACE('',(#8808),#8796,.T.);
#8808 = FACE_BOUND('',#8809,.F.);
#8809 = EDGE_LOOP('',(#8810,#8833,#8860,#8861));
#8810 = ORIENTED_EDGE('',*,*,#8811,.T.);
#8811 = EDGE_CURVE('',#8780,#8812,#8814,.T.);
#8812 = VERTEX_POINT('',#8813);
#8813 = CARTESIAN_POINT('',(13.5,0.,4.));
#8814 = SEAM_CURVE('',#8815,(#8819,#8826),.PCURVE_S1.);
#8815 = LINE('',#8816,#8817);
#8816 = CARTESIAN_POINT('',(13.5,0.,0.));
#8817 = VECTOR('',#8818,1.);
#8818 = DIRECTION('',(0.,0.,1.));
#8819 = PCURVE('',#8796,#8820);
#8820 = DEFINITIONAL_REPRESENTATION('',(#8821),#8825);
#8821 = LINE('',#8822,#8823);
#8822 = CARTESIAN_POINT('',(-0.,0.));
#8823 = VECTOR('',#8824,1.);
#8824 = DIRECTION('',(-0.,-1.));
#8825 = ( GEOMETRIC_REPRESENTATION_CONTEXT(2) 
PARAMETRIC_REPRESENTATION_CONTEXT() REPRESENTATION_CONTEXT('2D SPACE',''
  ) );
#8826 = PCURVE('',#8796,#8827);
#8827 = DEFINITIONAL_REPRESENTATION('',(#8828),#8832);
#8828 = LINE('',#8829,#8830);
#8829 = CARTESIAN_POINT('',(-6.28318530718,0.));
#8830 = VECTOR('',#8831,1.);
#8831 = DIRECTION('',(-0.,-1.));
#8832 = ( GEOMETRIC_REPRESENTATION_CONTEXT(2) 
PARAMETRIC_REPRESENTATION_CONTEXT() REPRESENTATION_CONTEXT('2D SPACE',''
  ) );
#8833 = ORIENTED_EDGE('',*,*,#8834,.T.);
#8834 = EDGE_CURVE('',#8812,#8812,#8835,.T.);
#8835 = SURFACE_CURVE('',#8836,(#8841,#8848),.PCURVE_S1.);
#8836 = CIRCLE('',#8837,1.5);
#8837 = AXIS2_PLACEMENT_3D('',#8838,#8839,#8840);
#8838 = CARTESIAN_POINT('',(12.,0.,4.));
#8839 = DIRECTION('',(0.,0.,1.));
#8840 = DIRECTION('',(1.,0.,0.));
#8841 = PCURVE('',#8796,#8842);
#8842 = DEFINITIONAL_REPRESENTATION('',(#8843),#8847);
#8843 = LINE('',#8844,#8845);
#8844 = CARTESIAN_POINT('',(-0.,-4.));
#8845 = VECTOR('',#8846,1.);
#8846 = DIRECTION('',(-1.,0.));
#8847 = ( GEOMETRIC_REPRESENTATION_CONTEXT(2) 
PARAMETRIC_REPRESENTATION_CONTEXT() REPRESENTATION_CONTEXT('2D SPACE',''
  ) );
#8848 = PCURVE('',#8849,#8854);
#8849 = PLANE('',#8850);
#8850 = AXIS2_PLACEMENT_3D('',#8851,#8852,#8853);
#8851 = CARTESIAN_POINT('',(12.,-4.255667768225E-18,4.));
#8852 = DIRECTION('',(0.,0.,1.));
#8853 = DIRECTION('',(1.,0.,-0.));
#8854 = DEFINITIONAL_REPRESENTATION('',(#8855),#8859);
#8855 = CIRCLE('',#8856,1.5);
#8856 = AXIS2_PLACEMENT_2D('',#8857,#8858);
#8857 = CARTESIAN_POINT('',(0.,4.255667768225E-18));
#8858 = DIRECTION('',(1.,0.));
#8859 = ( GEOMETRIC_REPRESENTATION_CONTEXT(2) 
PARAMETRIC_REPRESENTATION_CONTEXT() REPRESENTATION_CONTEXT('2D SPACE',''
  ) );
#8860 = ORIENTED_EDGE('',*,*,#8811,.F.);
#8861 = ORIENTED_EDGE('',*,*,#8779,.F.);
#8862 = ADVANCED_FACE('',(#8863),#8849,.T.);
#8863 = FACE_BOUND('',#8864,.T.);
#8864 = EDGE_LOOP('',(#8865));
#8865 = ORIENTED_EDGE('',*,*,#8834,.T.);
#8866 = ( GEOMETRIC_REPRESENTATION_CONTEXT(3) 
GLOBAL_UNCERTAINTY_ASSIGNED_CONTEXT((#8870)) 
GLOBAL_UNIT_ASSIGNED_CONTEXT((#8867,#8868,#8869)) REPRESENTATION_CONTEXT
('Context #1','3D Context with UNIT and UNCERTAINTY') );
#8867 = ( LENGTH_UNIT() NAMED_UNIT(*) SI_UNIT(.MILLI.,.METRE.) );
#8868 = ( NAMED_UNIT(*) PLANE_ANGLE_UNIT() SI_UNIT($,.RADIAN.) );
#8869 = ( NAMED_UNIT(*) SI_UNIT($,.STERADIAN.) SOLID_ANGLE_UNIT() );
#8870 = UNCERTAINTY_MEASURE_WITH_UNIT(LENGTH_MEASURE(1.E-07),#8867,
  'distance_accuracy_value','confusion accuracy');
#8871 = CONTEXT_DEPENDENT_SHAPE_REPRESENTATION(#8872,#8874);
#8872 = ( REPRESENTATION_RELATIONSHIP('','',#8587,#10) 
REPRESENTATION_RELATIONSHIP_WITH_TRANSFORMATION(#8873) 
SHAPE_REPRESENTATION_RELATIONSHIP() );
#8873 = ITEM_DEFINED_TRANSFORMATION('','',#11,#51);
#8874 = PRODUCT_DEFINITION_SHAPE('Placement','Placement of an item',
  #8875);
#8875 = NEXT_ASSEMBLY_USAGE_OCCURRENCE('10',
  'shoulder_lock_stud_2_McMaster_90318A720','',#5,#8582,$);
#8876 = PRODUCT_RELATED_PRODUCT_CATEGORY('part',$,(#8584));
#8877 = SHAPE_DEFINITION_REPRESENTATION(#8878,#8884);
#8878 = PRODUCT_DEFINITION_SHAPE('','',#8879);
#8879 = PRODUCT_DEFINITION('design','',#8880,#8883);
#8880 = PRODUCT_DEFINITION_FORMATION('','',#8881);
#8881 = PRODUCT('lock_stud_nut_2_DIN934_M3','lock_stud_nut_2_DIN934_M3',
  '',(#8882));
#8882 = PRODUCT_CONTEXT('',#2,'mechanical');
#8883 = PRODUCT_DEFINITION_CONTEXT('part definition',#2,'design');
#8884 = ADVANCED_BREP_SHAPE_REPRESENTATION('',(#11,#8885),#9455);
#8885 = MANIFOLD_SOLID_BREP('',#8886);
#8886 = CLOSED_SHELL('',(#8887,#9007,#9083,#9159,#9268,#9367,#9394,#9421
    ,#9428));
#8887 = ADVANCED_FACE('',(#8888),#8902,.F.);
#8888 = FACE_BOUND('',#8889,.F.);
#8889 = EDGE_LOOP('',(#8890,#8925,#8953,#8981));
#8890 = ORIENTED_EDGE('',*,*,#8891,.T.);
#8891 = EDGE_CURVE('',#8892,#8894,#8896,.T.);
#8892 = VERTEX_POINT('',#8893);
#8893 = CARTESIAN_POINT('',(15.175426480486,0.,1.5));
#8894 = VERTEX_POINT('',#8895);
#8895 = CARTESIAN_POINT('',(15.175426480486,0.,3.9));
#8896 = SURFACE_CURVE('',#8897,(#8901,#8913),.PCURVE_S1.);
#8897 = LINE('',#8898,#8899);
#8898 = CARTESIAN_POINT('',(15.175426480486,0.,1.5));
#8899 = VECTOR('',#8900,1.);
#8900 = DIRECTION('',(0.,0.,1.));
#8901 = PCURVE('',#8902,#8907);
#8902 = PLANE('',#8903);
#8903 = AXIS2_PLACEMENT_3D('',#8904,#8905,#8906);
#8904 = CARTESIAN_POINT('',(15.175426480486,0.,1.5));
#8905 = DIRECTION('',(-0.866025403784,-0.5,0.));
#8906 = DIRECTION('',(-0.5,0.866025403784,0.));
#8907 = DEFINITIONAL_REPRESENTATION('',(#8908),#8912);
#8908 = LINE('',#8909,#8910);
#8909 = CARTESIAN_POINT('',(0.,0.));
#8910 = VECTOR('',#8911,1.);
#8911 = DIRECTION('',(0.,-1.));
#8912 = ( GEOMETRIC_REPRESENTATION_CONTEXT(2) 
PARAMETRIC_REPRESENTATION_CONTEXT() REPRESENTATION_CONTEXT('2D SPACE',''
  ) );
#8913 = PCURVE('',#8914,#8919);
#8914 = PLANE('',#8915);
#8915 = AXIS2_PLACEMENT_3D('',#8916,#8917,#8918);
#8916 = CARTESIAN_POINT('',(13.587713240243,-2.749999999951,1.5));
#8917 = DIRECTION('',(-0.866025403784,0.5,0.));
#8918 = DIRECTION('',(0.5,0.866025403784,0.));
#8919 = DEFINITIONAL_REPRESENTATION('',(#8920),#8924);
#8920 = LINE('',#8921,#8922);
#8921 = CARTESIAN_POINT('',(3.175426480486,0.));
#8922 = VECTOR('',#8923,1.);
#8923 = DIRECTION('',(0.,-1.));
#8924 = ( GEOMETRIC_REPRESENTATION_CONTEXT(2) 
PARAMETRIC_REPRESENTATION_CONTEXT() REPRESENTATION_CONTEXT('2D SPACE',''
  ) );
#8925 = ORIENTED_EDGE('',*,*,#8926,.T.);
#8926 = EDGE_CURVE('',#8894,#8927,#8929,.T.);
#8927 = VERTEX_POINT('',#8928);
#8928 = CARTESIAN_POINT('',(13.587713240243,2.749999999951,3.9));
#8929 = SURFACE_CURVE('',#8930,(#8934,#8941),.PCURVE_S1.);
#8930 = LINE('',#8931,#8932);
#8931 = CARTESIAN_POINT('',(15.175426480486,0.,3.9));
#8932 = VECTOR('',#8933,1.);
#8933 = DIRECTION('',(-0.5,0.866025403784,0.));
#8934 = PCURVE('',#8902,#8935);
#8935 = DEFINITIONAL_REPRESENTATION('',(#8936),#8940);
#8936 = LINE('',#8937,#8938);
#8937 = CARTESIAN_POINT('',(0.,-2.4));
#8938 = VECTOR('',#8939,1.);
#8939 = DIRECTION('',(1.,0.));
#8940 = ( GEOMETRIC_REPRESENTATION_CONTEXT(2) 
PARAMETRIC_REPRESENTATION_CONTEXT() REPRESENTATION_CONTEXT('2D SPACE',''
  ) );
#8941 = PCURVE('',#8942,#8947);
#8942 = PLANE('',#8943);
#8943 = AXIS2_PLACEMENT_3D('',#8944,#8945,#8946);
#8944 = CARTESIAN_POINT('',(12.,0.,3.9));
#8945 = DIRECTION('',(0.,0.,1.));
#8946 = DIRECTION('',(1.,0.,-0.));
#8947 = DEFINITIONAL_REPRESENTATION('',(#8948),#8952);
#8948 = LINE('',#8949,#8950);
#8949 = CARTESIAN_POINT('',(3.175426480486,0.));
#8950 = VECTOR('',#8951,1.);
#8951 = DIRECTION('',(-0.5,0.866025403784));
#8952 = ( GEOMETRIC_REPRESENTATION_CONTEXT(2) 
PARAMETRIC_REPRESENTATION_CONTEXT() REPRESENTATION_CONTEXT('2D SPACE',''
  ) );
#8953 = ORIENTED_EDGE('',*,*,#8954,.F.);
#8954 = EDGE_CURVE('',#8955,#8927,#8957,.T.);
#8955 = VERTEX_POINT('',#8956);
#8956 = CARTESIAN_POINT('',(13.587713240243,2.749999999951,1.5));
#8957 = SURFACE_CURVE('',#8958,(#8962,#8969),.PCURVE_S1.);
#8958 = LINE('',#8959,#8960);
#8959 = CARTESIAN_POINT('',(13.587713240243,2.749999999951,1.5));
#8960 = VECTOR('',#8961,1.);
#8961 = DIRECTION('',(0.,0.,1.));
#8962 = PCURVE('',#8902,#8963);
#8963 = DEFINITIONAL_REPRESENTATION('',(#8964),#8968);
#8964 = LINE('',#8965,#8966);
#8965 = CARTESIAN_POINT('',(3.175426480486,0.));
#8966 = VECTOR('',#8967,1.);
#8967 = DIRECTION('',(0.,-1.));
#8968 = ( GEOMETRIC_REPRESENTATION_CONTEXT(2) 
PARAMETRIC_REPRESENTATION_CONTEXT() REPRESENTATION_CONTEXT('2D SPACE',''
  ) );
#8969 = PCURVE('',#8970,#8975);
#8970 = PLANE('',#8971);
#8971 = AXIS2_PLACEMENT_3D('',#8972,#8973,#8974);
#8972 = CARTESIAN_POINT('',(13.587713240243,2.749999999951,1.5));
#8973 = DIRECTION('',(-1.398518317395E-16,-1.,0.));
#8974 = DIRECTION('',(-1.,1.398518317395E-16,0.));
#8975 = DEFINITIONAL_REPRESENTATION('',(#8976),#8980);
#8976 = LINE('',#8977,#8978);
#8977 = CARTESIAN_POINT('',(0.,0.));
#8978 = VECTOR('',#8979,1.);
#8979 = DIRECTION('',(0.,-1.));
#8980 = ( GEOMETRIC_REPRESENTATION_CONTEXT(2) 
PARAMETRIC_REPRESENTATION_CONTEXT() REPRESENTATION_CONTEXT('2D SPACE',''
  ) );
#8981 = ORIENTED_EDGE('',*,*,#8982,.F.);
#8982 = EDGE_CURVE('',#8892,#8955,#8983,.T.);
#8983 = SURFACE_CURVE('',#8984,(#8988,#8995),.PCURVE_S1.);
#8984 = LINE('',#8985,#8986);
#8985 = CARTESIAN_POINT('',(15.175426480486,0.,1.5));
#8986 = VECTOR('',#8987,1.);
#8987 = DIRECTION('',(-0.5,0.866025403784,0.));
#8988 = PCURVE('',#8902,#8989);
#8989 = DEFINITIONAL_REPRESENTATION('',(#8990),#8994);
#8990 = LINE('',#8991,#8992);
#8991 = CARTESIAN_POINT('',(0.,0.));
#8992 = VECTOR('',#8993,1.);
#8993 = DIRECTION('',(1.,0.));
#8994 = ( GEOMETRIC_REPRESENTATION_CONTEXT(2) 
PARAMETRIC_REPRESENTATION_CONTEXT() REPRESENTATION_CONTEXT('2D SPACE',''
  ) );
#8995 = PCURVE('',#8996,#9001);
#8996 = PLANE('',#8997);
#8997 = AXIS2_PLACEMENT_3D('',#8998,#8999,#9000);
#8998 = CARTESIAN_POINT('',(12.,0.,1.5));
#8999 = DIRECTION('',(0.,0.,1.));
#9000 = DIRECTION('',(1.,0.,-0.));
#9001 = DEFINITIONAL_REPRESENTATION('',(#9002),#9006);
#9002 = LINE('',#9003,#9004);
#9003 = CARTESIAN_POINT('',(3.175426480486,0.));
#9004 = VECTOR('',#9005,1.);
#9005 = DIRECTION('',(-0.5,0.866025403784));
#9006 = ( GEOMETRIC_REPRESENTATION_CONTEXT(2) 
PARAMETRIC_REPRESENTATION_CONTEXT() REPRESENTATION_CONTEXT('2D SPACE',''
  ) );
#9007 = ADVANCED_FACE('',(#9008),#8914,.F.);
#9008 = FACE_BOUND('',#9009,.F.);
#9009 = EDGE_LOOP('',(#9010,#9040,#9061,#9062));
#9010 = ORIENTED_EDGE('',*,*,#9011,.T.);
#9011 = EDGE_CURVE('',#9012,#9014,#9016,.T.);
#9012 = VERTEX_POINT('',#9013);
#9013 = CARTESIAN_POINT('',(13.587713240243,-2.749999999951,1.5));
#9014 = VERTEX_POINT('',#9015);
#9015 = CARTESIAN_POINT('',(13.587713240243,-2.749999999951,3.9));
#9016 = SURFACE_CURVE('',#9017,(#9021,#9028),.PCURVE_S1.);
#9017 = LINE('',#9018,#9019);
#9018 = CARTESIAN_POINT('',(13.587713240243,-2.749999999951,1.5));
#9019 = VECTOR('',#9020,1.);
#9020 = DIRECTION('',(0.,0.,1.));
#9021 = PCURVE('',#8914,#9022);
#9022 = DEFINITIONAL_REPRESENTATION('',(#9023),#9027);
#9023 = LINE('',#9024,#9025);
#9024 = CARTESIAN_POINT('',(0.,0.));
#9025 = VECTOR('',#9026,1.);
#9026 = DIRECTION('',(0.,-1.));
#9027 = ( GEOMETRIC_REPRESENTATION_CONTEXT(2) 
PARAMETRIC_REPRESENTATION_CONTEXT() REPRESENTATION_CONTEXT('2D SPACE',''
  ) );
#9028 = PCURVE('',#9029,#9034);
#9029 = PLANE('',#9030);
#9030 = AXIS2_PLACEMENT_3D('',#9031,#9032,#9033);
#9031 = CARTESIAN_POINT('',(10.412286759757,-2.749999999951,1.5));
#9032 = DIRECTION('',(5.59407326958E-16,1.,-0.));
#9033 = DIRECTION('',(1.,-5.59407326958E-16,0.));
#9034 = DEFINITIONAL_REPRESENTATION('',(#9035),#9039);
#9035 = LINE('',#9036,#9037);
#9036 = CARTESIAN_POINT('',(3.175426480486,0.));
#9037 = VECTOR('',#9038,1.);
#9038 = DIRECTION('',(0.,-1.));
#9039 = ( GEOMETRIC_REPRESENTATION_CONTEXT(2) 
PARAMETRIC_REPRESENTATION_CONTEXT() REPRESENTATION_CONTEXT('2D SPACE',''
  ) );
#9040 = ORIENTED_EDGE('',*,*,#9041,.T.);
#9041 = EDGE_CURVE('',#9014,#8894,#9042,.T.);
#9042 = SURFACE_CURVE('',#9043,(#9047,#9054),.PCURVE_S1.);
#9043 = LINE('',#9044,#9045);
#9044 = CARTESIAN_POINT('',(13.587713240243,-2.749999999951,3.9));
#9045 = VECTOR('',#9046,1.);
#9046 = DIRECTION('',(0.5,0.866025403784,0.));
#9047 = PCURVE('',#8914,#9048);
#9048 = DEFINITIONAL_REPRESENTATION('',(#9049),#9053);
#9049 = LINE('',#9050,#9051);
#9050 = CARTESIAN_POINT('',(0.,-2.4));
#9051 = VECTOR('',#9052,1.);
#9052 = DIRECTION('',(1.,0.));
#9053 = ( GEOMETRIC_REPRESENTATION_CONTEXT(2) 
PARAMETRIC_REPRESENTATION_CONTEXT() REPRESENTATION_CONTEXT('2D SPACE',''
  ) );
#9054 = PCURVE('',#8942,#9055);
#9055 = DEFINITIONAL_REPRESENTATION('',(#9056),#9060);
#9056 = LINE('',#9057,#9058);
#9057 = CARTESIAN_POINT('',(1.587713240243,-2.749999999951));
#9058 = VECTOR('',#9059,1.);
#9059 = DIRECTION('',(0.5,0.866025403784));
#9060 = ( GEOMETRIC_REPRESENTATION_CONTEXT(2) 
PARAMETRIC_REPRESENTATION_CONTEXT() REPRESENTATION_CONTEXT('2D SPACE',''
  ) );
#9061 = ORIENTED_EDGE('',*,*,#8891,.F.);
#9062 = ORIENTED_EDGE('',*,*,#9063,.F.);
#9063 = EDGE_CURVE('',#9012,#8892,#9064,.T.);
#9064 = SURFACE_CURVE('',#9065,(#9069,#9076),.PCURVE_S1.);
#9065 = LINE('',#9066,#9067);
#9066 = CARTESIAN_POINT('',(13.587713240243,-2.749999999951,1.5));
#9067 = VECTOR('',#9068,1.);
#9068 = DIRECTION('',(0.5,0.866025403784,0.));
#9069 = PCURVE('',#8914,#9070);
#9070 = DEFINITIONAL_REPRESENTATION('',(#9071),#9075);
#9071 = LINE('',#9072,#9073);
#9072 = CARTESIAN_POINT('',(0.,0.));
#9073 = VECTOR('',#9074,1.);
#9074 = DIRECTION('',(1.,0.));
#9075 = ( GEOMETRIC_REPRESENTATION_CONTEXT(2) 
PARAMETRIC_REPRESENTATION_CONTEXT() REPRESENTATION_CONTEXT('2D SPACE',''
  ) );
#9076 = PCURVE('',#8996,#9077);
#9077 = DEFINITIONAL_REPRESENTATION('',(#9078),#9082);
#9078 = LINE('',#9079,#9080);
#9079 = CARTESIAN_POINT('',(1.587713240243,-2.749999999951));
#9080 = VECTOR('',#9081,1.);
#9081 = DIRECTION('',(0.5,0.866025403784));
#9082 = ( GEOMETRIC_REPRESENTATION_CONTEXT(2) 
PARAMETRIC_REPRESENTATION_CONTEXT() REPRESENTATION_CONTEXT('2D SPACE',''
  ) );
#9083 = ADVANCED_FACE('',(#9084),#8970,.F.);
#9084 = FACE_BOUND('',#9085,.F.);
#9085 = EDGE_LOOP('',(#9086,#9087,#9110,#9138));
#9086 = ORIENTED_EDGE('',*,*,#8954,.T.);
#9087 = ORIENTED_EDGE('',*,*,#9088,.T.);
#9088 = EDGE_CURVE('',#8927,#9089,#9091,.T.);
#9089 = VERTEX_POINT('',#9090);
#9090 = CARTESIAN_POINT('',(10.412286759757,2.749999999951,3.9));
#9091 = SURFACE_CURVE('',#9092,(#9096,#9103),.PCURVE_S1.);
#9092 = LINE('',#9093,#9094);
#9093 = CARTESIAN_POINT('',(13.587713240243,2.749999999951,3.9));
#9094 = VECTOR('',#9095,1.);
#9095 = DIRECTION('',(-1.,1.398518317395E-16,0.));
#9096 = PCURVE('',#8970,#9097);
#9097 = DEFINITIONAL_REPRESENTATION('',(#9098),#9102);
#9098 = LINE('',#9099,#9100);
#9099 = CARTESIAN_POINT('',(0.,-2.4));
#9100 = VECTOR('',#9101,1.);
#9101 = DIRECTION('',(1.,0.));
#9102 = ( GEOMETRIC_REPRESENTATION_CONTEXT(2) 
PARAMETRIC_REPRESENTATION_CONTEXT() REPRESENTATION_CONTEXT('2D SPACE',''
  ) );
#9103 = PCURVE('',#8942,#9104);
#9104 = DEFINITIONAL_REPRESENTATION('',(#9105),#9109);
#9105 = LINE('',#9106,#9107);
#9106 = CARTESIAN_POINT('',(1.587713240243,2.749999999951));
#9107 = VECTOR('',#9108,1.);
#9108 = DIRECTION('',(-1.,1.398518317395E-16));
#9109 = ( GEOMETRIC_REPRESENTATION_CONTEXT(2) 
PARAMETRIC_REPRESENTATION_CONTEXT() REPRESENTATION_CONTEXT('2D SPACE',''
  ) );
#9110 = ORIENTED_EDGE('',*,*,#9111,.F.);
#9111 = EDGE_CURVE('',#9112,#9089,#9114,.T.);
#9112 = VERTEX_POINT('',#9113);
#9113 = CARTESIAN_POINT('',(10.412286759757,2.749999999951,1.5));
#9114 = SURFACE_CURVE('',#9115,(#9119,#9126),.PCURVE_S1.);
#9115 = LINE('',#9116,#9117);
#9116 = CARTESIAN_POINT('',(10.412286759757,2.749999999951,1.5));
#9117 = VECTOR('',#9118,1.);
#9118 = DIRECTION('',(0.,0.,1.));
#9119 = PCURVE('',#8970,#9120);
#9120 = DEFINITIONAL_REPRESENTATION('',(#9121),#9125);
#9121 = LINE('',#9122,#9123);
#9122 = CARTESIAN_POINT('',(3.175426480486,0.));
#9123 = VECTOR('',#9124,1.);
#9124 = DIRECTION('',(0.,-1.));
#9125 = ( GEOMETRIC_REPRESENTATION_CONTEXT(2) 
PARAMETRIC_REPRESENTATION_CONTEXT() REPRESENTATION_CONTEXT('2D SPACE',''
  ) );
#9126 = PCURVE('',#9127,#9132);
#9127 = PLANE('',#9128);
#9128 = AXIS2_PLACEMENT_3D('',#9129,#9130,#9131);
#9129 = CARTESIAN_POINT('',(10.412286759757,2.749999999951,1.5));
#9130 = DIRECTION('',(0.866025403784,-0.5,0.));
#9131 = DIRECTION('',(-0.5,-0.866025403784,0.));
#9132 = DEFINITIONAL_REPRESENTATION('',(#9133),#9137);
#9133 = LINE('',#9134,#9135);
#9134 = CARTESIAN_POINT('',(0.,0.));
#9135 = VECTOR('',#9136,1.);
#9136 = DIRECTION('',(0.,-1.));
#9137 = ( GEOMETRIC_REPRESENTATION_CONTEXT(2) 
PARAMETRIC_REPRESENTATION_CONTEXT() REPRESENTATION_CONTEXT('2D SPACE',''
  ) );
#9138 = ORIENTED_EDGE('',*,*,#9139,.F.);
#9139 = EDGE_CURVE('',#8955,#9112,#9140,.T.);
#9140 = SURFACE_CURVE('',#9141,(#9145,#9152),.PCURVE_S1.);
#9141 = LINE('',#9142,#9143);
#9142 = CARTESIAN_POINT('',(13.587713240243,2.749999999951,1.5));
#9143 = VECTOR('',#9144,1.);
#9144 = DIRECTION('',(-1.,1.398518317395E-16,0.));
#9145 = PCURVE('',#8970,#9146);
#9146 = DEFINITIONAL_REPRESENTATION('',(#9147),#9151);
#9147 = LINE('',#9148,#9149);
#9148 = CARTESIAN_POINT('',(0.,0.));
#9149 = VECTOR('',#9150,1.);
#9150 = DIRECTION('',(1.,0.));
#9151 = ( GEOMETRIC_REPRESENTATION_CONTEXT(2) 
PARAMETRIC_REPRESENTATION_CONTEXT() REPRESENTATION_CONTEXT('2D SPACE',''
  ) );
#9152 = PCURVE('',#8996,#9153);
#9153 = DEFINITIONAL_REPRESENTATION('',(#9154),#9158);
#9154 = LINE('',#9155,#9156);
#9155 = CARTESIAN_POINT('',(1.587713240243,2.749999999951));
#9156 = VECTOR('',#9157,1.);
#9157 = DIRECTION('',(-1.,1.398518317395E-16));
#9158 = ( GEOMETRIC_REPRESENTATION_CONTEXT(2) 
PARAMETRIC_REPRESENTATION_CONTEXT() REPRESENTATION_CONTEXT('2D SPACE',''
  ) );
#9159 = ADVANCED_FACE('',(#9160,#9237),#8996,.F.);
#9160 = FACE_BOUND('',#9161,.F.);
#9161 = EDGE_LOOP('',(#9162,#9163,#9164,#9187,#9215,#9236));
#9162 = ORIENTED_EDGE('',*,*,#8982,.T.);
#9163 = ORIENTED_EDGE('',*,*,#9139,.T.);
#9164 = ORIENTED_EDGE('',*,*,#9165,.T.);
#9165 = EDGE_CURVE('',#9112,#9166,#9168,.T.);
#9166 = VERTEX_POINT('',#9167);
#9167 = CARTESIAN_POINT('',(8.824573519514,3.888775875255E-16,1.5));
#9168 = SURFACE_CURVE('',#9169,(#9173,#9180),.PCURVE_S1.);
#9169 = LINE('',#9170,#9171);
#9170 = CARTESIAN_POINT('',(10.412286759757,2.749999999951,1.5));
#9171 = VECTOR('',#9172,1.);
#9172 = DIRECTION('',(-0.5,-0.866025403784,0.));
#9173 = PCURVE('',#8996,#9174);
#9174 = DEFINITIONAL_REPRESENTATION('',(#9175),#9179);
#9175 = LINE('',#9176,#9177);
#9176 = CARTESIAN_POINT('',(-1.587713240243,2.749999999951));
#9177 = VECTOR('',#9178,1.);
#9178 = DIRECTION('',(-0.5,-0.866025403784));
#9179 = ( GEOMETRIC_REPRESENTATION_CONTEXT(2) 
PARAMETRIC_REPRESENTATION_CONTEXT() REPRESENTATION_CONTEXT('2D SPACE',''
  ) );
#9180 = PCURVE('',#9127,#9181);
#9181 = DEFINITIONAL_REPRESENTATION('',(#9182),#9186);
#9182 = LINE('',#9183,#9184);
#9183 = CARTESIAN_POINT('',(0.,0.));
#9184 = VECTOR('',#9185,1.);
#9185 = DIRECTION('',(1.,0.));
#9186 = ( GEOMETRIC_REPRESENTATION_CONTEXT(2) 
PARAMETRIC_REPRESENTATION_CONTEXT() REPRESENTATION_CONTEXT('2D SPACE',''
  ) );
#9187 = ORIENTED_EDGE('',*,*,#9188,.T.);
#9188 = EDGE_CURVE('',#9166,#9189,#9191,.T.);
#9189 = VERTEX_POINT('',#9190);
#9190 = CARTESIAN_POINT('',(10.412286759757,-2.749999999951,1.5));
#9191 = SURFACE_CURVE('',#9192,(#9196,#9203),.PCURVE_S1.);
#9192 = LINE('',#9193,#9194);
#9193 = CARTESIAN_POINT('',(8.824573519514,3.888775875255E-16,1.5));
#9194 = VECTOR('',#9195,1.);
#9195 = DIRECTION('',(0.5,-0.866025403784,0.));
#9196 = PCURVE('',#8996,#9197);
#9197 = DEFINITIONAL_REPRESENTATION('',(#9198),#9202);
#9198 = LINE('',#9199,#9200);
#9199 = CARTESIAN_POINT('',(-3.175426480486,3.888775875255E-16));
#9200 = VECTOR('',#9201,1.);
#9201 = DIRECTION('',(0.5,-0.866025403784));
#9202 = ( GEOMETRIC_REPRESENTATION_CONTEXT(2) 
PARAMETRIC_REPRESENTATION_CONTEXT() REPRESENTATION_CONTEXT('2D SPACE',''
  ) );
#9203 = PCURVE('',#9204,#9209);
#9204 = PLANE('',#9205);
#9205 = AXIS2_PLACEMENT_3D('',#9206,#9207,#9208);
#9206 = CARTESIAN_POINT('',(8.824573519514,3.888775875255E-16,1.5));
#9207 = DIRECTION('',(0.866025403784,0.5,-0.));
#9208 = DIRECTION('',(0.5,-0.866025403784,0.));
#9209 = DEFINITIONAL_REPRESENTATION('',(#9210),#9214);
#9210 = LINE('',#9211,#9212);
#9211 = CARTESIAN_POINT('',(0.,0.));
#9212 = VECTOR('',#9213,1.);
#9213 = DIRECTION('',(1.,0.));
#9214 = ( GEOMETRIC_REPRESENTATION_CONTEXT(2) 
PARAMETRIC_REPRESENTATION_CONTEXT() REPRESENTATION_CONTEXT('2D SPACE',''
  ) );
#9215 = ORIENTED_EDGE('',*,*,#9216,.T.);
#9216 = EDGE_CURVE('',#9189,#9012,#9217,.T.);
#9217 = SURFACE_CURVE('',#9218,(#9222,#9229),.PCURVE_S1.);
#9218 = LINE('',#9219,#9220);
#9219 = CARTESIAN_POINT('',(10.412286759757,-2.749999999951,1.5));
#9220 = VECTOR('',#9221,1.);
#9221 = DIRECTION('',(1.,-5.59407326958E-16,0.));
#9222 = PCURVE('',#8996,#9223);
#9223 = DEFINITIONAL_REPRESENTATION('',(#9224),#9228);
#9224 = LINE('',#9225,#9226);
#9225 = CARTESIAN_POINT('',(-1.587713240243,-2.749999999951));
#9226 = VECTOR('',#9227,1.);
#9227 = DIRECTION('',(1.,-5.59407326958E-16));
#9228 = ( GEOMETRIC_REPRESENTATION_CONTEXT(2) 
PARAMETRIC_REPRESENTATION_CONTEXT() REPRESENTATION_CONTEXT('2D SPACE',''
  ) );
#9229 = PCURVE('',#9029,#9230);
#9230 = DEFINITIONAL_REPRESENTATION('',(#9231),#9235);
#9231 = LINE('',#9232,#9233);
#9232 = CARTESIAN_POINT('',(0.,0.));
#9233 = VECTOR('',#9234,1.);
#9234 = DIRECTION('',(1.,0.));
#9235 = ( GEOMETRIC_REPRESENTATION_CONTEXT(2) 
PARAMETRIC_REPRESENTATION_CONTEXT() REPRESENTATION_CONTEXT('2D SPACE',''
  ) );
#9236 = ORIENTED_EDGE('',*,*,#9063,.T.);
#9237 = FACE_BOUND('',#9238,.F.);
#9238 = EDGE_LOOP('',(#9239));
#9239 = ORIENTED_EDGE('',*,*,#9240,.F.);
#9240 = EDGE_CURVE('',#9241,#9241,#9243,.T.);
#9241 = VERTEX_POINT('',#9242);
#9242 = CARTESIAN_POINT('',(13.6,-3.918869757272E-16,1.5));
#9243 = SURFACE_CURVE('',#9244,(#9249,#9256),.PCURVE_S1.);
#9244 = CIRCLE('',#9245,1.6);
#9245 = AXIS2_PLACEMENT_3D('',#9246,#9247,#9248);
#9246 = CARTESIAN_POINT('',(12.,0.,1.5));
#9247 = DIRECTION('',(0.,0.,1.));
#9248 = DIRECTION('',(1.,0.,-0.));
#9249 = PCURVE('',#8996,#9250);
#9250 = DEFINITIONAL_REPRESENTATION('',(#9251),#9255);
#9251 = CIRCLE('',#9252,1.6);
#9252 = AXIS2_PLACEMENT_2D('',#9253,#9254);
#9253 = CARTESIAN_POINT('',(0.,0.));
#9254 = DIRECTION('',(1.,0.));
#9255 = ( GEOMETRIC_REPRESENTATION_CONTEXT(2) 
PARAMETRIC_REPRESENTATION_CONTEXT() REPRESENTATION_CONTEXT('2D SPACE',''
  ) );
#9256 = PCURVE('',#9257,#9262);
#9257 = CYLINDRICAL_SURFACE('',#9258,1.6);
#9258 = AXIS2_PLACEMENT_3D('',#9259,#9260,#9261);
#9259 = CARTESIAN_POINT('',(12.,0.,1.4));
#9260 = DIRECTION('',(0.,0.,1.));
#9261 = DIRECTION('',(1.,0.,-0.));
#9262 = DEFINITIONAL_REPRESENTATION('',(#9263),#9267);
#9263 = LINE('',#9264,#9265);
#9264 = CARTESIAN_POINT('',(0.,0.1));
#9265 = VECTOR('',#9266,1.);
#9266 = DIRECTION('',(1.,0.));
#9267 = ( GEOMETRIC_REPRESENTATION_CONTEXT(2) 
PARAMETRIC_REPRESENTATION_CONTEXT() REPRESENTATION_CONTEXT('2D SPACE',''
  ) );
#9268 = ADVANCED_FACE('',(#9269,#9341),#8942,.T.);
#9269 = FACE_BOUND('',#9270,.T.);
#9270 = EDGE_LOOP('',(#9271,#9272,#9273,#9296,#9319,#9340));
#9271 = ORIENTED_EDGE('',*,*,#8926,.T.);
#9272 = ORIENTED_EDGE('',*,*,#9088,.T.);
#9273 = ORIENTED_EDGE('',*,*,#9274,.T.);
#9274 = EDGE_CURVE('',#9089,#9275,#9277,.T.);
#9275 = VERTEX_POINT('',#9276);
#9276 = CARTESIAN_POINT('',(8.824573519514,3.888775875255E-16,3.9));
#9277 = SURFACE_CURVE('',#9278,(#9282,#9289),.PCURVE_S1.);
#9278 = LINE('',#9279,#9280);
#9279 = CARTESIAN_POINT('',(10.412286759757,2.749999999951,3.9));
#9280 = VECTOR('',#9281,1.);
#9281 = DIRECTION('',(-0.5,-0.866025403784,0.));
#9282 = PCURVE('',#8942,#9283);
#9283 = DEFINITIONAL_REPRESENTATION('',(#9284),#9288);
#9284 = LINE('',#9285,#9286);
#9285 = CARTESIAN_POINT('',(-1.587713240243,2.749999999951));
#9286 = VECTOR('',#9287,1.);
#9287 = DIRECTION('',(-0.5,-0.866025403784));
#9288 = ( GEOMETRIC_REPRESENTATION_CONTEXT(2) 
PARAMETRIC_REPRESENTATION_CONTEXT() REPRESENTATION_CONTEXT('2D SPACE',''
  ) );
#9289 = PCURVE('',#9127,#9290);
#9290 = DEFINITIONAL_REPRESENTATION('',(#9291),#9295);
#9291 = LINE('',#9292,#9293);
#9292 = CARTESIAN_POINT('',(0.,-2.4));
#9293 = VECTOR('',#9294,1.);
#9294 = DIRECTION('',(1.,0.));
#9295 = ( GEOMETRIC_REPRESENTATION_CONTEXT(2) 
PARAMETRIC_REPRESENTATION_CONTEXT() REPRESENTATION_CONTEXT('2D SPACE',''
  ) );
#9296 = ORIENTED_EDGE('',*,*,#9297,.T.);
#9297 = EDGE_CURVE('',#9275,#9298,#9300,.T.);
#9298 = VERTEX_POINT('',#9299);
#9299 = CARTESIAN_POINT('',(10.412286759757,-2.749999999951,3.9));
#9300 = SURFACE_CURVE('',#9301,(#9305,#9312),.PCURVE_S1.);
#9301 = LINE('',#9302,#9303);
#9302 = CARTESIAN_POINT('',(8.824573519514,3.888775875255E-16,3.9));
#9303 = VECTOR('',#9304,1.);
#9304 = DIRECTION('',(0.5,-0.866025403784,0.));
#9305 = PCURVE('',#8942,#9306);
#9306 = DEFINITIONAL_REPRESENTATION('',(#9307),#9311);
#9307 = LINE('',#9308,#9309);
#9308 = CARTESIAN_POINT('',(-3.175426480486,3.888775875255E-16));
#9309 = VECTOR('',#9310,1.);
#9310 = DIRECTION('',(0.5,-0.866025403784));
#9311 = ( GEOMETRIC_REPRESENTATION_CONTEXT(2) 
PARAMETRIC_REPRESENTATION_CONTEXT() REPRESENTATION_CONTEXT('2D SPACE',''
  ) );
#9312 = PCURVE('',#9204,#9313);
#9313 = DEFINITIONAL_REPRESENTATION('',(#9314),#9318);
#9314 = LINE('',#9315,#9316);
#9315 = CARTESIAN_POINT('',(0.,-2.4));
#9316 = VECTOR('',#9317,1.);
#9317 = DIRECTION('',(1.,0.));
#9318 = ( GEOMETRIC_REPRESENTATION_CONTEXT(2) 
PARAMETRIC_REPRESENTATION_CONTEXT() REPRESENTATION_CONTEXT('2D SPACE',''
  ) );
#9319 = ORIENTED_EDGE('',*,*,#9320,.T.);
#9320 = EDGE_CURVE('',#9298,#9014,#9321,.T.);
#9321 = SURFACE_CURVE('',#9322,(#9326,#9333),.PCURVE_S1.);
#9322 = LINE('',#9323,#9324);
#9323 = CARTESIAN_POINT('',(10.412286759757,-2.749999999951,3.9));
#9324 = VECTOR('',#9325,1.);
#9325 = DIRECTION('',(1.,-5.59407326958E-16,0.));
#9326 = PCURVE('',#8942,#9327);
#9327 = DEFINITIONAL_REPRESENTATION('',(#9328),#9332);
#9328 = LINE('',#9329,#9330);
#9329 = CARTESIAN_POINT('',(-1.587713240243,-2.749999999951));
#9330 = VECTOR('',#9331,1.);
#9331 = DIRECTION('',(1.,-5.59407326958E-16));
#9332 = ( GEOMETRIC_REPRESENTATION_CONTEXT(2) 
PARAMETRIC_REPRESENTATION_CONTEXT() REPRESENTATION_CONTEXT('2D SPACE',''
  ) );
#9333 = PCURVE('',#9029,#9334);
#9334 = DEFINITIONAL_REPRESENTATION('',(#9335),#9339);
#9335 = LINE('',#9336,#9337);
#9336 = CARTESIAN_POINT('',(0.,-2.4));
#9337 = VECTOR('',#9338,1.);
#9338 = DIRECTION('',(1.,0.));
#9339 = ( GEOMETRIC_REPRESENTATION_CONTEXT(2) 
PARAMETRIC_REPRESENTATION_CONTEXT() REPRESENTATION_CONTEXT('2D SPACE',''
  ) );
#9340 = ORIENTED_EDGE('',*,*,#9041,.T.);
#9341 = FACE_BOUND('',#9342,.T.);
#9342 = EDGE_LOOP('',(#9343));
#9343 = ORIENTED_EDGE('',*,*,#9344,.F.);
#9344 = EDGE_CURVE('',#9345,#9345,#9347,.T.);
#9345 = VERTEX_POINT('',#9346);
#9346 = CARTESIAN_POINT('',(13.6,-3.918869757272E-16,3.9));
#9347 = SURFACE_CURVE('',#9348,(#9353,#9360),.PCURVE_S1.);
#9348 = CIRCLE('',#9349,1.6);
#9349 = AXIS2_PLACEMENT_3D('',#9350,#9351,#9352);
#9350 = CARTESIAN_POINT('',(12.,0.,3.9));
#9351 = DIRECTION('',(0.,0.,1.));
#9352 = DIRECTION('',(1.,0.,-0.));
#9353 = PCURVE('',#8942,#9354);
#9354 = DEFINITIONAL_REPRESENTATION('',(#9355),#9359);
#9355 = CIRCLE('',#9356,1.6);
#9356 = AXIS2_PLACEMENT_2D('',#9357,#9358);
#9357 = CARTESIAN_POINT('',(0.,0.));
#9358 = DIRECTION('',(1.,0.));
#9359 = ( GEOMETRIC_REPRESENTATION_CONTEXT(2) 
PARAMETRIC_REPRESENTATION_CONTEXT() REPRESENTATION_CONTEXT('2D SPACE',''
  ) );
#9360 = PCURVE('',#9257,#9361);
#9361 = DEFINITIONAL_REPRESENTATION('',(#9362),#9366);
#9362 = LINE('',#9363,#9364);
#9363 = CARTESIAN_POINT('',(0.,2.5));
#9364 = VECTOR('',#9365,1.);
#9365 = DIRECTION('',(1.,0.));
#9366 = ( GEOMETRIC_REPRESENTATION_CONTEXT(2) 
PARAMETRIC_REPRESENTATION_CONTEXT() REPRESENTATION_CONTEXT('2D SPACE',''
  ) );
#9367 = ADVANCED_FACE('',(#9368),#9029,.F.);
#9368 = FACE_BOUND('',#9369,.F.);
#9369 = EDGE_LOOP('',(#9370,#9391,#9392,#9393));
#9370 = ORIENTED_EDGE('',*,*,#9371,.T.);
#9371 = EDGE_CURVE('',#9189,#9298,#9372,.T.);
#9372 = SURFACE_CURVE('',#9373,(#9377,#9384),.PCURVE_S1.);
#9373 = LINE('',#9374,#9375);
#9374 = CARTESIAN_POINT('',(10.412286759757,-2.749999999951,1.5));
#9375 = VECTOR('',#9376,1.);
#9376 = DIRECTION('',(0.,0.,1.));
#9377 = PCURVE('',#9029,#9378);
#9378 = DEFINITIONAL_REPRESENTATION('',(#9379),#9383);
#9379 = LINE('',#9380,#9381);
#9380 = CARTESIAN_POINT('',(0.,0.));
#9381 = VECTOR('',#9382,1.);
#9382 = DIRECTION('',(0.,-1.));
#9383 = ( GEOMETRIC_REPRESENTATION_CONTEXT(2) 
PARAMETRIC_REPRESENTATION_CONTEXT() REPRESENTATION_CONTEXT('2D SPACE',''
  ) );
#9384 = PCURVE('',#9204,#9385);
#9385 = DEFINITIONAL_REPRESENTATION('',(#9386),#9390);
#9386 = LINE('',#9387,#9388);
#9387 = CARTESIAN_POINT('',(3.175426480486,0.));
#9388 = VECTOR('',#9389,1.);
#9389 = DIRECTION('',(0.,-1.));
#9390 = ( GEOMETRIC_REPRESENTATION_CONTEXT(2) 
PARAMETRIC_REPRESENTATION_CONTEXT() REPRESENTATION_CONTEXT('2D SPACE',''
  ) );
#9391 = ORIENTED_EDGE('',*,*,#9320,.T.);
#9392 = ORIENTED_EDGE('',*,*,#9011,.F.);
#9393 = ORIENTED_EDGE('',*,*,#9216,.F.);
#9394 = ADVANCED_FACE('',(#9395),#9127,.F.);
#9395 = FACE_BOUND('',#9396,.F.);
#9396 = EDGE_LOOP('',(#9397,#9398,#9399,#9420));
#9397 = ORIENTED_EDGE('',*,*,#9111,.T.);
#9398 = ORIENTED_EDGE('',*,*,#9274,.T.);
#9399 = ORIENTED_EDGE('',*,*,#9400,.F.);
#9400 = EDGE_CURVE('',#9166,#9275,#9401,.T.);
#9401 = SURFACE_CURVE('',#9402,(#9406,#9413),.PCURVE_S1.);
#9402 = LINE('',#9403,#9404);
#9403 = CARTESIAN_POINT('',(8.824573519514,3.888775875255E-16,1.5));
#9404 = VECTOR('',#9405,1.);
#9405 = DIRECTION('',(0.,0.,1.));
#9406 = PCURVE('',#9127,#9407);
#9407 = DEFINITIONAL_REPRESENTATION('',(#9408),#9412);
#9408 = LINE('',#9409,#9410);
#9409 = CARTESIAN_POINT('',(3.175426480486,0.));
#9410 = VECTOR('',#9411,1.);
#9411 = DIRECTION('',(0.,-1.));
#9412 = ( GEOMETRIC_REPRESENTATION_CONTEXT(2) 
PARAMETRIC_REPRESENTATION_CONTEXT() REPRESENTATION_CONTEXT('2D SPACE',''
  ) );
#9413 = PCURVE('',#9204,#9414);
#9414 = DEFINITIONAL_REPRESENTATION('',(#9415),#9419);
#9415 = LINE('',#9416,#9417);
#9416 = CARTESIAN_POINT('',(0.,0.));
#9417 = VECTOR('',#9418,1.);
#9418 = DIRECTION('',(0.,-1.));
#9419 = ( GEOMETRIC_REPRESENTATION_CONTEXT(2) 
PARAMETRIC_REPRESENTATION_CONTEXT() REPRESENTATION_CONTEXT('2D SPACE',''
  ) );
#9420 = ORIENTED_EDGE('',*,*,#9165,.F.);
#9421 = ADVANCED_FACE('',(#9422),#9204,.F.);
#9422 = FACE_BOUND('',#9423,.F.);
#9423 = EDGE_LOOP('',(#9424,#9425,#9426,#9427));
#9424 = ORIENTED_EDGE('',*,*,#9400,.T.);
#9425 = ORIENTED_EDGE('',*,*,#9297,.T.);
#9426 = ORIENTED_EDGE('',*,*,#9371,.F.);
#9427 = ORIENTED_EDGE('',*,*,#9188,.F.);
#9428 = ADVANCED_FACE('',(#9429),#9257,.F.);
#9429 = FACE_BOUND('',#9430,.F.);
#9430 = EDGE_LOOP('',(#9431,#9432,#9453,#9454));
#9431 = ORIENTED_EDGE('',*,*,#9344,.F.);
#9432 = ORIENTED_EDGE('',*,*,#9433,.F.);
#9433 = EDGE_CURVE('',#9241,#9345,#9434,.T.);
#9434 = SEAM_CURVE('',#9435,(#9439,#9446),.PCURVE_S1.);
#9435 = LINE('',#9436,#9437);
#9436 = CARTESIAN_POINT('',(13.6,-3.918869757272E-16,1.4));
#9437 = VECTOR('',#9438,1.);
#9438 = DIRECTION('',(0.,0.,1.));
#9439 = PCURVE('',#9257,#9440);
#9440 = DEFINITIONAL_REPRESENTATION('',(#9441),#9445);
#9441 = LINE('',#9442,#9443);
#9442 = CARTESIAN_POINT('',(6.28318530718,-0.));
#9443 = VECTOR('',#9444,1.);
#9444 = DIRECTION('',(0.,1.));
#9445 = ( GEOMETRIC_REPRESENTATION_CONTEXT(2) 
PARAMETRIC_REPRESENTATION_CONTEXT() REPRESENTATION_CONTEXT('2D SPACE',''
  ) );
#9446 = PCURVE('',#9257,#9447);
#9447 = DEFINITIONAL_REPRESENTATION('',(#9448),#9452);
#9448 = LINE('',#9449,#9450);
#9449 = CARTESIAN_POINT('',(0.,-0.));
#9450 = VECTOR('',#9451,1.);
#9451 = DIRECTION('',(0.,1.));
#9452 = ( GEOMETRIC_REPRESENTATION_CONTEXT(2) 
PARAMETRIC_REPRESENTATION_CONTEXT() REPRESENTATION_CONTEXT('2D SPACE',''
  ) );
#9453 = ORIENTED_EDGE('',*,*,#9240,.T.);
#9454 = ORIENTED_EDGE('',*,*,#9433,.T.);
#9455 = ( GEOMETRIC_REPRESENTATION_CONTEXT(3) 
GLOBAL_UNCERTAINTY_ASSIGNED_CONTEXT((#9459)) 
GLOBAL_UNIT_ASSIGNED_CONTEXT((#9456,#9457,#9458)) REPRESENTATION_CONTEXT
('Context #1','3D Context with UNIT and UNCERTAINTY') );
#9456 = ( LENGTH_UNIT() NAMED_UNIT(*) SI_UNIT(.MILLI.,.METRE.) );
#9457 = ( NAMED_UNIT(*) PLANE_ANGLE_UNIT() SI_UNIT($,.RADIAN.) );
#9458 = ( NAMED_UNIT(*) SI_UNIT($,.STERADIAN.) SOLID_ANGLE_UNIT() );
#9459 = UNCERTAINTY_MEASURE_WITH_UNIT(LENGTH_MEASURE(1.E-07),#9456,
  'distance_accuracy_value','confusion accuracy');
#9460 = CONTEXT_DEPENDENT_SHAPE_REPRESENTATION(#9461,#9463);
#9461 = ( REPRESENTATION_RELATIONSHIP('','',#8884,#10) 
REPRESENTATION_RELATIONSHIP_WITH_TRANSFORMATION(#9462) 
SHAPE_REPRESENTATION_RELATIONSHIP() );
#9462 = ITEM_DEFINED_TRANSFORMATION('','',#11,#55);
#9463 = PRODUCT_DEFINITION_SHAPE('Placement','Placement of an item',
  #9464);
#9464 = NEXT_ASSEMBLY_USAGE_OCCURRENCE('11','lock_stud_nut_2_DIN934_M3',
  '',#5,#8879,$);
#9465 = PRODUCT_RELATED_PRODUCT_CATEGORY('part',$,(#8881));
#9466 = SHAPE_DEFINITION_REPRESENTATION(#9467,#9473);
#9467 = PRODUCT_DEFINITION_SHAPE('','',#9468);
#9468 = PRODUCT_DEFINITION('design','',#9469,#9472);
#9469 = PRODUCT_DEFINITION_FORMATION('','',#9470);
#9470 = PRODUCT('tool_contact_board_FR4','tool_contact_board_FR4','',(
    #9471));
#9471 = PRODUCT_CONTEXT('',#2,'mechanical');
#9472 = PRODUCT_DEFINITION_CONTEXT('part definition',#2,'design');
#9473 = ADVANCED_BREP_SHAPE_REPRESENTATION('',(#11,#9474),#10140);
#9474 = MANIFOLD_SOLID_BREP('',#9475);
#9475 = CLOSED_SHELL('',(#9476,#9596,#9672,#9845,#9894,#10025,#10032,
    #10059,#10086,#10113));
#9476 = ADVANCED_FACE('',(#9477),#9491,.F.);
#9477 = FACE_BOUND('',#9478,.F.);
#9478 = EDGE_LOOP('',(#9479,#9514,#9542,#9570));
#9479 = ORIENTED_EDGE('',*,*,#9480,.F.);
#9480 = EDGE_CURVE('',#9481,#9483,#9485,.T.);
#9481 = VERTEX_POINT('',#9482);
#9482 = CARTESIAN_POINT('',(-35.,-11.,0.));
#9483 = VERTEX_POINT('',#9484);
#9484 = CARTESIAN_POINT('',(-35.,-11.,1.));
#9485 = SURFACE_CURVE('',#9486,(#9490,#9502),.PCURVE_S1.);
#9486 = LINE('',#9487,#9488);
#9487 = CARTESIAN_POINT('',(-35.,-11.,0.));
#9488 = VECTOR('',#9489,1.);
#9489 = DIRECTION('',(0.,0.,1.));
#9490 = PCURVE('',#9491,#9496);
#9491 = PLANE('',#9492);
#9492 = AXIS2_PLACEMENT_3D('',#9493,#9494,#9495);
#9493 = CARTESIAN_POINT('',(-35.,-11.,0.));
#9494 = DIRECTION('',(1.,0.,0.));
#9495 = DIRECTION('',(0.,0.,1.));
#9496 = DEFINITIONAL_REPRESENTATION('',(#9497),#9501);
#9497 = LINE('',#9498,#9499);
#9498 = CARTESIAN_POINT('',(0.,0.));
#9499 = VECTOR('',#9500,1.);
#9500 = DIRECTION('',(1.,0.));
#9501 = ( GEOMETRIC_REPRESENTATION_CONTEXT(2) 
PARAMETRIC_REPRESENTATION_CONTEXT() REPRESENTATION_CONTEXT('2D SPACE',''
  ) );
#9502 = PCURVE('',#9503,#9508);
#9503 = PLANE('',#9504);
#9504 = AXIS2_PLACEMENT_3D('',#9505,#9506,#9507);
#9505 = CARTESIAN_POINT('',(-35.,-11.,0.));
#9506 = DIRECTION('',(0.,1.,0.));
#9507 = DIRECTION('',(0.,0.,1.));
#9508 = DEFINITIONAL_REPRESENTATION('',(#9509),#9513);
#9509 = LINE('',#9510,#9511);
#9510 = CARTESIAN_POINT('',(0.,0.));
#9511 = VECTOR('',#9512,1.);
#9512 = DIRECTION('',(1.,0.));
#9513 = ( GEOMETRIC_REPRESENTATION_CONTEXT(2) 
PARAMETRIC_REPRESENTATION_CONTEXT() REPRESENTATION_CONTEXT('2D SPACE',''
  ) );
#9514 = ORIENTED_EDGE('',*,*,#9515,.T.);
#9515 = EDGE_CURVE('',#9481,#9516,#9518,.T.);
#9516 = VERTEX_POINT('',#9517);
#9517 = CARTESIAN_POINT('',(-35.,11.,0.));
#9518 = SURFACE_CURVE('',#9519,(#9523,#9530),.PCURVE_S1.);
#9519 = LINE('',#9520,#9521);
#9520 = CARTESIAN_POINT('',(-35.,-11.,0.));
#9521 = VECTOR('',#9522,1.);
#9522 = DIRECTION('',(0.,1.,0.));
#9523 = PCURVE('',#9491,#9524);
#9524 = DEFINITIONAL_REPRESENTATION('',(#9525),#9529);
#9525 = LINE('',#9526,#9527);
#9526 = CARTESIAN_POINT('',(0.,0.));
#9527 = VECTOR('',#9528,1.);
#9528 = DIRECTION('',(0.,-1.));
#9529 = ( GEOMETRIC_REPRESENTATION_CONTEXT(2) 
PARAMETRIC_REPRESENTATION_CONTEXT() REPRESENTATION_CONTEXT('2D SPACE',''
  ) );
#9530 = PCURVE('',#9531,#9536);
#9531 = PLANE('',#9532);
#9532 = AXIS2_PLACEMENT_3D('',#9533,#9534,#9535);
#9533 = CARTESIAN_POINT('',(-35.,-11.,0.));
#9534 = DIRECTION('',(0.,0.,1.));
#9535 = DIRECTION('',(1.,0.,0.));
#9536 = DEFINITIONAL_REPRESENTATION('',(#9537),#9541);
#9537 = LINE('',#9538,#9539);
#9538 = CARTESIAN_POINT('',(0.,0.));
#9539 = VECTOR('',#9540,1.);
#9540 = DIRECTION('',(0.,1.));
#9541 = ( GEOMETRIC_REPRESENTATION_CONTEXT(2) 
PARAMETRIC_REPRESENTATION_CONTEXT() REPRESENTATION_CONTEXT('2D SPACE',''
  ) );
#9542 = ORIENTED_EDGE('',*,*,#9543,.T.);
#9543 = EDGE_CURVE('',#9516,#9544,#9546,.T.);
#9544 = VERTEX_POINT('',#9545);
#9545 = CARTESIAN_POINT('',(-35.,11.,1.));
#9546 = SURFACE_CURVE('',#9547,(#9551,#9558),.PCURVE_S1.);
#9547 = LINE('',#9548,#9549);
#9548 = CARTESIAN_POINT('',(-35.,11.,0.));
#9549 = VECTOR('',#9550,1.);
#9550 = DIRECTION('',(0.,0.,1.));
#9551 = PCURVE('',#9491,#9552);
#9552 = DEFINITIONAL_REPRESENTATION('',(#9553),#9557);
#9553 = LINE('',#9554,#9555);
#9554 = CARTESIAN_POINT('',(0.,-22.));
#9555 = VECTOR('',#9556,1.);
#9556 = DIRECTION('',(1.,0.));
#9557 = ( GEOMETRIC_REPRESENTATION_CONTEXT(2) 
PARAMETRIC_REPRESENTATION_CONTEXT() REPRESENTATION_CONTEXT('2D SPACE',''
  ) );
#9558 = PCURVE('',#9559,#9564);
#9559 = PLANE('',#9560);
#9560 = AXIS2_PLACEMENT_3D('',#9561,#9562,#9563);
#9561 = CARTESIAN_POINT('',(-35.,11.,0.));
#9562 = DIRECTION('',(0.,1.,0.));
#9563 = DIRECTION('',(0.,0.,1.));
#9564 = DEFINITIONAL_REPRESENTATION('',(#9565),#9569);
#9565 = LINE('',#9566,#9567);
#9566 = CARTESIAN_POINT('',(0.,0.));
#9567 = VECTOR('',#9568,1.);
#9568 = DIRECTION('',(1.,0.));
#9569 = ( GEOMETRIC_REPRESENTATION_CONTEXT(2) 
PARAMETRIC_REPRESENTATION_CONTEXT() REPRESENTATION_CONTEXT('2D SPACE',''
  ) );
#9570 = ORIENTED_EDGE('',*,*,#9571,.F.);
#9571 = EDGE_CURVE('',#9483,#9544,#9572,.T.);
#9572 = SURFACE_CURVE('',#9573,(#9577,#9584),.PCURVE_S1.);
#9573 = LINE('',#9574,#9575);
#9574 = CARTESIAN_POINT('',(-35.,-11.,1.));
#9575 = VECTOR('',#9576,1.);
#9576 = DIRECTION('',(0.,1.,0.));
#9577 = PCURVE('',#9491,#9578);
#9578 = DEFINITIONAL_REPRESENTATION('',(#9579),#9583);
#9579 = LINE('',#9580,#9581);
#9580 = CARTESIAN_POINT('',(1.,0.));
#9581 = VECTOR('',#9582,1.);
#9582 = DIRECTION('',(0.,-1.));
#9583 = ( GEOMETRIC_REPRESENTATION_CONTEXT(2) 
PARAMETRIC_REPRESENTATION_CONTEXT() REPRESENTATION_CONTEXT('2D SPACE',''
  ) );
#9584 = PCURVE('',#9585,#9590);
#9585 = PLANE('',#9586);
#9586 = AXIS2_PLACEMENT_3D('',#9587,#9588,#9589);
#9587 = CARTESIAN_POINT('',(-35.,-11.,1.));
#9588 = DIRECTION('',(0.,0.,1.));
#9589 = DIRECTION('',(1.,0.,0.));
#9590 = DEFINITIONAL_REPRESENTATION('',(#9591),#9595);
#9591 = LINE('',#9592,#9593);
#9592 = CARTESIAN_POINT('',(0.,0.));
#9593 = VECTOR('',#9594,1.);
#9594 = DIRECTION('',(0.,1.));
#9595 = ( GEOMETRIC_REPRESENTATION_CONTEXT(2) 
PARAMETRIC_REPRESENTATION_CONTEXT() REPRESENTATION_CONTEXT('2D SPACE',''
  ) );
#9596 = ADVANCED_FACE('',(#9597),#9503,.F.);
#9597 = FACE_BOUND('',#9598,.F.);
#9598 = EDGE_LOOP('',(#9599,#9622,#9623,#9646));
#9599 = ORIENTED_EDGE('',*,*,#9600,.F.);
#9600 = EDGE_CURVE('',#9481,#9601,#9603,.T.);
#9601 = VERTEX_POINT('',#9602);
#9602 = CARTESIAN_POINT('',(-25.,-11.,0.));
#9603 = SURFACE_CURVE('',#9604,(#9608,#9615),.PCURVE_S1.);
#9604 = LINE('',#9605,#9606);
#9605 = CARTESIAN_POINT('',(-35.,-11.,0.));
#9606 = VECTOR('',#9607,1.);
#9607 = DIRECTION('',(1.,0.,0.));
#9608 = PCURVE('',#9503,#9609);
#9609 = DEFINITIONAL_REPRESENTATION('',(#9610),#9614);
#9610 = LINE('',#9611,#9612);
#9611 = CARTESIAN_POINT('',(0.,0.));
#9612 = VECTOR('',#9613,1.);
#9613 = DIRECTION('',(0.,1.));
#9614 = ( GEOMETRIC_REPRESENTATION_CONTEXT(2) 
PARAMETRIC_REPRESENTATION_CONTEXT() REPRESENTATION_CONTEXT('2D SPACE',''
  ) );
#9615 = PCURVE('',#9531,#9616);
#9616 = DEFINITIONAL_REPRESENTATION('',(#9617),#9621);
#9617 = LINE('',#9618,#9619);
#9618 = CARTESIAN_POINT('',(0.,0.));
#9619 = VECTOR('',#9620,1.);
#9620 = DIRECTION('',(1.,0.));
#9621 = ( GEOMETRIC_REPRESENTATION_CONTEXT(2) 
PARAMETRIC_REPRESENTATION_CONTEXT() REPRESENTATION_CONTEXT('2D SPACE',''
  ) );
#9622 = ORIENTED_EDGE('',*,*,#9480,.T.);
#9623 = ORIENTED_EDGE('',*,*,#9624,.T.);
#9624 = EDGE_CURVE('',#9483,#9625,#9627,.T.);
#9625 = VERTEX_POINT('',#9626);
#9626 = CARTESIAN_POINT('',(-25.,-11.,1.));
#9627 = SURFACE_CURVE('',#9628,(#9632,#9639),.PCURVE_S1.);
#9628 = LINE('',#9629,#9630);
#9629 = CARTESIAN_POINT('',(-35.,-11.,1.));
#9630 = VECTOR('',#9631,1.);
#9631 = DIRECTION('',(1.,0.,0.));
#9632 = PCURVE('',#9503,#9633);
#9633 = DEFINITIONAL_REPRESENTATION('',(#9634),#9638);
#9634 = LINE('',#9635,#9636);
#9635 = CARTESIAN_POINT('',(1.,0.));
#9636 = VECTOR('',#9637,1.);
#9637 = DIRECTION('',(0.,1.));
#9638 = ( GEOMETRIC_REPRESENTATION_CONTEXT(2) 
PARAMETRIC_REPRESENTATION_CONTEXT() REPRESENTATION_CONTEXT('2D SPACE',''
  ) );
#9639 = PCURVE('',#9585,#9640);
#9640 = DEFINITIONAL_REPRESENTATION('',(#9641),#9645);
#9641 = LINE('',#9642,#9643);
#9642 = CARTESIAN_POINT('',(0.,0.));
#9643 = VECTOR('',#9644,1.);
#9644 = DIRECTION('',(1.,0.));
#9645 = ( GEOMETRIC_REPRESENTATION_CONTEXT(2) 
PARAMETRIC_REPRESENTATION_CONTEXT() REPRESENTATION_CONTEXT('2D SPACE',''
  ) );
#9646 = ORIENTED_EDGE('',*,*,#9647,.F.);
#9647 = EDGE_CURVE('',#9601,#9625,#9648,.T.);
#9648 = SURFACE_CURVE('',#9649,(#9653,#9660),.PCURVE_S1.);
#9649 = LINE('',#9650,#9651);
#9650 = CARTESIAN_POINT('',(-25.,-11.,0.));
#9651 = VECTOR('',#9652,1.);
#9652 = DIRECTION('',(0.,0.,1.));
#9653 = PCURVE('',#9503,#9654);
#9654 = DEFINITIONAL_REPRESENTATION('',(#9655),#9659);
#9655 = LINE('',#9656,#9657);
#9656 = CARTESIAN_POINT('',(0.,10.));
#9657 = VECTOR('',#9658,1.);
#9658 = DIRECTION('',(1.,0.));
#9659 = ( GEOMETRIC_REPRESENTATION_CONTEXT(2) 
PARAMETRIC_REPRESENTATION_CONTEXT() REPRESENTATION_CONTEXT('2D SPACE',''
  ) );
#9660 = PCURVE('',#9661,#9666);
#9661 = PLANE('',#9662);
#9662 = AXIS2_PLACEMENT_3D('',#9663,#9664,#9665);
#9663 = CARTESIAN_POINT('',(-25.,-11.,0.));
#9664 = DIRECTION('',(1.,0.,0.));
#9665 = DIRECTION('',(0.,0.,1.));
#9666 = DEFINITIONAL_REPRESENTATION('',(#9667),#9671);
#9667 = LINE('',#9668,#9669);
#9668 = CARTESIAN_POINT('',(0.,0.));
#9669 = VECTOR('',#9670,1.);
#9670 = DIRECTION('',(1.,0.));
#9671 = ( GEOMETRIC_REPRESENTATION_CONTEXT(2) 
PARAMETRIC_REPRESENTATION_CONTEXT() REPRESENTATION_CONTEXT('2D SPACE',''
  ) );
#9672 = ADVANCED_FACE('',(#9673,#9721,#9752,#9783,#9814),#9585,.T.);
#9673 = FACE_BOUND('',#9674,.T.);
#9674 = EDGE_LOOP('',(#9675,#9676,#9677,#9700));
#9675 = ORIENTED_EDGE('',*,*,#9571,.F.);
#9676 = ORIENTED_EDGE('',*,*,#9624,.T.);
#9677 = ORIENTED_EDGE('',*,*,#9678,.T.);
#9678 = EDGE_CURVE('',#9625,#9679,#9681,.T.);
#9679 = VERTEX_POINT('',#9680);
#9680 = CARTESIAN_POINT('',(-25.,11.,1.));
#9681 = SURFACE_CURVE('',#9682,(#9686,#9693),.PCURVE_S1.);
#9682 = LINE('',#9683,#9684);
#9683 = CARTESIAN_POINT('',(-25.,-11.,1.));
#9684 = VECTOR('',#9685,1.);
#9685 = DIRECTION('',(0.,1.,0.));
#9686 = PCURVE('',#9585,#9687);
#9687 = DEFINITIONAL_REPRESENTATION('',(#9688),#9692);
#9688 = LINE('',#9689,#9690);
#9689 = CARTESIAN_POINT('',(10.,0.));
#9690 = VECTOR('',#9691,1.);
#9691 = DIRECTION('',(0.,1.));
#9692 = ( GEOMETRIC_REPRESENTATION_CONTEXT(2) 
PARAMETRIC_REPRESENTATION_CONTEXT() REPRESENTATION_CONTEXT('2D SPACE',''
  ) );
#9693 = PCURVE('',#9661,#9694);
#9694 = DEFINITIONAL_REPRESENTATION('',(#9695),#9699);
#9695 = LINE('',#9696,#9697);
#9696 = CARTESIAN_POINT('',(1.,0.));
#9697 = VECTOR('',#9698,1.);
#9698 = DIRECTION('',(0.,-1.));
#9699 = ( GEOMETRIC_REPRESENTATION_CONTEXT(2) 
PARAMETRIC_REPRESENTATION_CONTEXT() REPRESENTATION_CONTEXT('2D SPACE',''
  ) );
#9700 = ORIENTED_EDGE('',*,*,#9701,.F.);
#9701 = EDGE_CURVE('',#9544,#9679,#9702,.T.);
#9702 = SURFACE_CURVE('',#9703,(#9707,#9714),.PCURVE_S1.);
#9703 = LINE('',#9704,#9705);
#9704 = CARTESIAN_POINT('',(-35.,11.,1.));
#9705 = VECTOR('',#9706,1.);
#9706 = DIRECTION('',(1.,0.,0.));
#9707 = PCURVE('',#9585,#9708);
#9708 = DEFINITIONAL_REPRESENTATION('',(#9709),#9713);
#9709 = LINE('',#9710,#9711);
#9710 = CARTESIAN_POINT('',(0.,22.));
#9711 = VECTOR('',#9712,1.);
#9712 = DIRECTION('',(1.,0.));
#9713 = ( GEOMETRIC_REPRESENTATION_CONTEXT(2) 
PARAMETRIC_REPRESENTATION_CONTEXT() REPRESENTATION_CONTEXT('2D SPACE',''
  ) );
#9714 = PCURVE('',#9559,#9715);
#9715 = DEFINITIONAL_REPRESENTATION('',(#9716),#9720);
#9716 = LINE('',#9717,#9718);
#9717 = CARTESIAN_POINT('',(1.,0.));
#9718 = VECTOR('',#9719,1.);
#9719 = DIRECTION('',(0.,1.));
#9720 = ( GEOMETRIC_REPRESENTATION_CONTEXT(2) 
PARAMETRIC_REPRESENTATION_CONTEXT() REPRESENTATION_CONTEXT('2D SPACE',''
  ) );
#9721 = FACE_BOUND('',#9722,.T.);
#9722 = EDGE_LOOP('',(#9723));
#9723 = ORIENTED_EDGE('',*,*,#9724,.F.);
#9724 = EDGE_CURVE('',#9725,#9725,#9727,.T.);
#9725 = VERTEX_POINT('',#9726);
#9726 = CARTESIAN_POINT('',(-26.,-7.5,1.));
#9727 = SURFACE_CURVE('',#9728,(#9733,#9740),.PCURVE_S1.);
#9728 = CIRCLE('',#9729,0.5);
#9729 = AXIS2_PLACEMENT_3D('',#9730,#9731,#9732);
#9730 = CARTESIAN_POINT('',(-26.5,-7.5,1.));
#9731 = DIRECTION('',(0.,0.,1.));
#9732 = DIRECTION('',(1.,0.,-0.));
#9733 = PCURVE('',#9585,#9734);
#9734 = DEFINITIONAL_REPRESENTATION('',(#9735),#9739);
#9735 = CIRCLE('',#9736,0.5);
#9736 = AXIS2_PLACEMENT_2D('',#9737,#9738);
#9737 = CARTESIAN_POINT('',(8.5,3.5));
#9738 = DIRECTION('',(1.,0.));
#9739 = ( GEOMETRIC_REPRESENTATION_CONTEXT(2) 
PARAMETRIC_REPRESENTATION_CONTEXT() REPRESENTATION_CONTEXT('2D SPACE',''
  ) );
#9740 = PCURVE('',#9741,#9746);
#9741 = CYLINDRICAL_SURFACE('',#9742,0.5);
#9742 = AXIS2_PLACEMENT_3D('',#9743,#9744,#9745);
#9743 = CARTESIAN_POINT('',(-26.5,-7.5,-0.1));
#9744 = DIRECTION('',(0.,0.,1.));
#9745 = DIRECTION('',(1.,0.,-0.));
#9746 = DEFINITIONAL_REPRESENTATION('',(#9747),#9751);
#9747 = LINE('',#9748,#9749);
#9748 = CARTESIAN_POINT('',(0.,1.1));
#9749 = VECTOR('',#9750,1.);
#9750 = DIRECTION('',(1.,0.));
#9751 = ( GEOMETRIC_REPRESENTATION_CONTEXT(2) 
PARAMETRIC_REPRESENTATION_CONTEXT() REPRESENTATION_CONTEXT('2D SPACE',''
  ) );
#9752 = FACE_BOUND('',#9753,.T.);
#9753 = EDGE_LOOP('',(#9754));
#9754 = ORIENTED_EDGE('',*,*,#9755,.F.);
#9755 = EDGE_CURVE('',#9756,#9756,#9758,.T.);
#9756 = VERTEX_POINT('',#9757);
#9757 = CARTESIAN_POINT('',(-26.,-2.5,1.));
#9758 = SURFACE_CURVE('',#9759,(#9764,#9771),.PCURVE_S1.);
#9759 = CIRCLE('',#9760,0.5);
#9760 = AXIS2_PLACEMENT_3D('',#9761,#9762,#9763);
#9761 = CARTESIAN_POINT('',(-26.5,-2.5,1.));
#9762 = DIRECTION('',(0.,0.,1.));
#9763 = DIRECTION('',(1.,0.,-0.));
#9764 = PCURVE('',#9585,#9765);
#9765 = DEFINITIONAL_REPRESENTATION('',(#9766),#9770);
#9766 = CIRCLE('',#9767,0.5);
#9767 = AXIS2_PLACEMENT_2D('',#9768,#9769);
#9768 = CARTESIAN_POINT('',(8.5,8.5));
#9769 = DIRECTION('',(1.,0.));
#9770 = ( GEOMETRIC_REPRESENTATION_CONTEXT(2) 
PARAMETRIC_REPRESENTATION_CONTEXT() REPRESENTATION_CONTEXT('2D SPACE',''
  ) );
#9771 = PCURVE('',#9772,#9777);
#9772 = CYLINDRICAL_SURFACE('',#9773,0.5);
#9773 = AXIS2_PLACEMENT_3D('',#9774,#9775,#9776);
#9774 = CARTESIAN_POINT('',(-26.5,-2.5,-0.1));
#9775 = DIRECTION('',(0.,0.,1.));
#9776 = DIRECTION('',(1.,0.,-0.));
#9777 = DEFINITIONAL_REPRESENTATION('',(#9778),#9782);
#9778 = LINE('',#9779,#9780);
#9779 = CARTESIAN_POINT('',(0.,1.1));
#9780 = VECTOR('',#9781,1.);
#9781 = DIRECTION('',(1.,0.));
#9782 = ( GEOMETRIC_REPRESENTATION_CONTEXT(2) 
PARAMETRIC_REPRESENTATION_CONTEXT() REPRESENTATION_CONTEXT('2D SPACE',''
  ) );
#9783 = FACE_BOUND('',#9784,.T.);
#9784 = EDGE_LOOP('',(#9785));
#9785 = ORIENTED_EDGE('',*,*,#9786,.F.);
#9786 = EDGE_CURVE('',#9787,#9787,#9789,.T.);
#9787 = VERTEX_POINT('',#9788);
#9788 = CARTESIAN_POINT('',(-26.,2.5,1.));
#9789 = SURFACE_CURVE('',#9790,(#9795,#9802),.PCURVE_S1.);
#9790 = CIRCLE('',#9791,0.5);
#9791 = AXIS2_PLACEMENT_3D('',#9792,#9793,#9794);
#9792 = CARTESIAN_POINT('',(-26.5,2.5,1.));
#9793 = DIRECTION('',(0.,0.,1.));
#9794 = DIRECTION('',(1.,0.,-0.));
#9795 = PCURVE('',#9585,#9796);
#9796 = DEFINITIONAL_REPRESENTATION('',(#9797),#9801);
#9797 = CIRCLE('',#9798,0.5);
#9798 = AXIS2_PLACEMENT_2D('',#9799,#9800);
#9799 = CARTESIAN_POINT('',(8.5,13.5));
#9800 = DIRECTION('',(1.,0.));
#9801 = ( GEOMETRIC_REPRESENTATION_CONTEXT(2) 
PARAMETRIC_REPRESENTATION_CONTEXT() REPRESENTATION_CONTEXT('2D SPACE',''
  ) );
#9802 = PCURVE('',#9803,#9808);
#9803 = CYLINDRICAL_SURFACE('',#9804,0.5);
#9804 = AXIS2_PLACEMENT_3D('',#9805,#9806,#9807);
#9805 = CARTESIAN_POINT('',(-26.5,2.5,-0.1));
#9806 = DIRECTION('',(0.,0.,1.));
#9807 = DIRECTION('',(1.,0.,-0.));
#9808 = DEFINITIONAL_REPRESENTATION('',(#9809),#9813);
#9809 = LINE('',#9810,#9811);
#9810 = CARTESIAN_POINT('',(0.,1.1));
#9811 = VECTOR('',#9812,1.);
#9812 = DIRECTION('',(1.,0.));
#9813 = ( GEOMETRIC_REPRESENTATION_CONTEXT(2) 
PARAMETRIC_REPRESENTATION_CONTEXT() REPRESENTATION_CONTEXT('2D SPACE',''
  ) );
#9814 = FACE_BOUND('',#9815,.T.);
#9815 = EDGE_LOOP('',(#9816));
#9816 = ORIENTED_EDGE('',*,*,#9817,.F.);
#9817 = EDGE_CURVE('',#9818,#9818,#9820,.T.);
#9818 = VERTEX_POINT('',#9819);
#9819 = CARTESIAN_POINT('',(-26.,7.5,1.));
#9820 = SURFACE_CURVE('',#9821,(#9826,#9833),.PCURVE_S1.);
#9821 = CIRCLE('',#9822,0.5);
#9822 = AXIS2_PLACEMENT_3D('',#9823,#9824,#9825);
#9823 = CARTESIAN_POINT('',(-26.5,7.5,1.));
#9824 = DIRECTION('',(0.,0.,1.));
#9825 = DIRECTION('',(1.,0.,-0.));
#9826 = PCURVE('',#9585,#9827);
#9827 = DEFINITIONAL_REPRESENTATION('',(#9828),#9832);
#9828 = CIRCLE('',#9829,0.5);
#9829 = AXIS2_PLACEMENT_2D('',#9830,#9831);
#9830 = CARTESIAN_POINT('',(8.5,18.5));
#9831 = DIRECTION('',(1.,0.));
#9832 = ( GEOMETRIC_REPRESENTATION_CONTEXT(2) 
PARAMETRIC_REPRESENTATION_CONTEXT() REPRESENTATION_CONTEXT('2D SPACE',''
  ) );
#9833 = PCURVE('',#9834,#9839);
#9834 = CYLINDRICAL_SURFACE('',#9835,0.5);
#9835 = AXIS2_PLACEMENT_3D('',#9836,#9837,#9838);
#9836 = CARTESIAN_POINT('',(-26.5,7.5,-0.1));
#9837 = DIRECTION('',(0.,0.,1.));
#9838 = DIRECTION('',(1.,0.,-0.));
#9839 = DEFINITIONAL_REPRESENTATION('',(#9840),#9844);
#9840 = LINE('',#9841,#9842);
#9841 = CARTESIAN_POINT('',(0.,1.1));
#9842 = VECTOR('',#9843,1.);
#9843 = DIRECTION('',(1.,0.));
#9844 = ( GEOMETRIC_REPRESENTATION_CONTEXT(2) 
PARAMETRIC_REPRESENTATION_CONTEXT() REPRESENTATION_CONTEXT('2D SPACE',''
  ) );
#9845 = ADVANCED_FACE('',(#9846),#9559,.T.);
#9846 = FACE_BOUND('',#9847,.T.);
#9847 = EDGE_LOOP('',(#9848,#9871,#9872,#9873));
#9848 = ORIENTED_EDGE('',*,*,#9849,.F.);
#9849 = EDGE_CURVE('',#9516,#9850,#9852,.T.);
#9850 = VERTEX_POINT('',#9851);
#9851 = CARTESIAN_POINT('',(-25.,11.,0.));
#9852 = SURFACE_CURVE('',#9853,(#9857,#9864),.PCURVE_S1.);
#9853 = LINE('',#9854,#9855);
#9854 = CARTESIAN_POINT('',(-35.,11.,0.));
#9855 = VECTOR('',#9856,1.);
#9856 = DIRECTION('',(1.,0.,0.));
#9857 = PCURVE('',#9559,#9858);
#9858 = DEFINITIONAL_REPRESENTATION('',(#9859),#9863);
#9859 = LINE('',#9860,#9861);
#9860 = CARTESIAN_POINT('',(0.,0.));
#9861 = VECTOR('',#9862,1.);
#9862 = DIRECTION('',(0.,1.));
#9863 = ( GEOMETRIC_REPRESENTATION_CONTEXT(2) 
PARAMETRIC_REPRESENTATION_CONTEXT() REPRESENTATION_CONTEXT('2D SPACE',''
  ) );
#9864 = PCURVE('',#9531,#9865);
#9865 = DEFINITIONAL_REPRESENTATION('',(#9866),#9870);
#9866 = LINE('',#9867,#9868);
#9867 = CARTESIAN_POINT('',(0.,22.));
#9868 = VECTOR('',#9869,1.);
#9869 = DIRECTION('',(1.,0.));
#9870 = ( GEOMETRIC_REPRESENTATION_CONTEXT(2) 
PARAMETRIC_REPRESENTATION_CONTEXT() REPRESENTATION_CONTEXT('2D SPACE',''
  ) );
#9871 = ORIENTED_EDGE('',*,*,#9543,.T.);
#9872 = ORIENTED_EDGE('',*,*,#9701,.T.);
#9873 = ORIENTED_EDGE('',*,*,#9874,.F.);
#9874 = EDGE_CURVE('',#9850,#9679,#9875,.T.);
#9875 = SURFACE_CURVE('',#9876,(#9880,#9887),.PCURVE_S1.);
#9876 = LINE('',#9877,#9878);
#9877 = CARTESIAN_POINT('',(-25.,11.,0.));
#9878 = VECTOR('',#9879,1.);
#9879 = DIRECTION('',(0.,0.,1.));
#9880 = PCURVE('',#9559,#9881);
#9881 = DEFINITIONAL_REPRESENTATION('',(#9882),#9886);
#9882 = LINE('',#9883,#9884);
#9883 = CARTESIAN_POINT('',(0.,10.));
#9884 = VECTOR('',#9885,1.);
#9885 = DIRECTION('',(1.,0.));
#9886 = ( GEOMETRIC_REPRESENTATION_CONTEXT(2) 
PARAMETRIC_REPRESENTATION_CONTEXT() REPRESENTATION_CONTEXT('2D SPACE',''
  ) );
#9887 = PCURVE('',#9661,#9888);
#9888 = DEFINITIONAL_REPRESENTATION('',(#9889),#9893);
#9889 = LINE('',#9890,#9891);
#9890 = CARTESIAN_POINT('',(0.,-22.));
#9891 = VECTOR('',#9892,1.);
#9892 = DIRECTION('',(1.,0.));
#9893 = ( GEOMETRIC_REPRESENTATION_CONTEXT(2) 
PARAMETRIC_REPRESENTATION_CONTEXT() REPRESENTATION_CONTEXT('2D SPACE',''
  ) );
#9894 = ADVANCED_FACE('',(#9895,#9921,#9947,#9973,#9999),#9531,.F.);
#9895 = FACE_BOUND('',#9896,.F.);
#9896 = EDGE_LOOP('',(#9897,#9898,#9899,#9920));
#9897 = ORIENTED_EDGE('',*,*,#9515,.F.);
#9898 = ORIENTED_EDGE('',*,*,#9600,.T.);
#9899 = ORIENTED_EDGE('',*,*,#9900,.T.);
#9900 = EDGE_CURVE('',#9601,#9850,#9901,.T.);
#9901 = SURFACE_CURVE('',#9902,(#9906,#9913),.PCURVE_S1.);
#9902 = LINE('',#9903,#9904);
#9903 = CARTESIAN_POINT('',(-25.,-11.,0.));
#9904 = VECTOR('',#9905,1.);
#9905 = DIRECTION('',(0.,1.,0.));
#9906 = PCURVE('',#9531,#9907);
#9907 = DEFINITIONAL_REPRESENTATION('',(#9908),#9912);
#9908 = LINE('',#9909,#9910);
#9909 = CARTESIAN_POINT('',(10.,0.));
#9910 = VECTOR('',#9911,1.);
#9911 = DIRECTION('',(0.,1.));
#9912 = ( GEOMETRIC_REPRESENTATION_CONTEXT(2) 
PARAMETRIC_REPRESENTATION_CONTEXT() REPRESENTATION_CONTEXT('2D SPACE',''
  ) );
#9913 = PCURVE('',#9661,#9914);
#9914 = DEFINITIONAL_REPRESENTATION('',(#9915),#9919);
#9915 = LINE('',#9916,#9917);
#9916 = CARTESIAN_POINT('',(0.,0.));
#9917 = VECTOR('',#9918,1.);
#9918 = DIRECTION('',(0.,-1.));
#9919 = ( GEOMETRIC_REPRESENTATION_CONTEXT(2) 
PARAMETRIC_REPRESENTATION_CONTEXT() REPRESENTATION_CONTEXT('2D SPACE',''
  ) );
#9920 = ORIENTED_EDGE('',*,*,#9849,.F.);
#9921 = FACE_BOUND('',#9922,.F.);
#9922 = EDGE_LOOP('',(#9923));
#9923 = ORIENTED_EDGE('',*,*,#9924,.F.);
#9924 = EDGE_CURVE('',#9925,#9925,#9927,.T.);
#9925 = VERTEX_POINT('',#9926);
#9926 = CARTESIAN_POINT('',(-26.,-7.5,0.));
#9927 = SURFACE_CURVE('',#9928,(#9933,#9940),.PCURVE_S1.);
#9928 = CIRCLE('',#9929,0.5);
#9929 = AXIS2_PLACEMENT_3D('',#9930,#9931,#9932);
#9930 = CARTESIAN_POINT('',(-26.5,-7.5,0.));
#9931 = DIRECTION('',(0.,0.,1.));
#9932 = DIRECTION('',(1.,0.,-0.));
#9933 = PCURVE('',#9531,#9934);
#9934 = DEFINITIONAL_REPRESENTATION('',(#9935),#9939);
#9935 = CIRCLE('',#9936,0.5);
#9936 = AXIS2_PLACEMENT_2D('',#9937,#9938);
#9937 = CARTESIAN_POINT('',(8.5,3.5));
#9938 = DIRECTION('',(1.,0.));
#9939 = ( GEOMETRIC_REPRESENTATION_CONTEXT(2) 
PARAMETRIC_REPRESENTATION_CONTEXT() REPRESENTATION_CONTEXT('2D SPACE',''
  ) );
#9940 = PCURVE('',#9741,#9941);
#9941 = DEFINITIONAL_REPRESENTATION('',(#9942),#9946);
#9942 = LINE('',#9943,#9944);
#9943 = CARTESIAN_POINT('',(0.,0.1));
#9944 = VECTOR('',#9945,1.);
#9945 = DIRECTION('',(1.,0.));
#9946 = ( GEOMETRIC_REPRESENTATION_CONTEXT(2) 
PARAMETRIC_REPRESENTATION_CONTEXT() REPRESENTATION_CONTEXT('2D SPACE',''
  ) );
#9947 = FACE_BOUND('',#9948,.F.);
#9948 = EDGE_LOOP('',(#9949));
#9949 = ORIENTED_EDGE('',*,*,#9950,.F.);
#9950 = EDGE_CURVE('',#9951,#9951,#9953,.T.);
#9951 = VERTEX_POINT('',#9952);
#9952 = CARTESIAN_POINT('',(-26.,-2.5,0.));
#9953 = SURFACE_CURVE('',#9954,(#9959,#9966),.PCURVE_S1.);
#9954 = CIRCLE('',#9955,0.5);
#9955 = AXIS2_PLACEMENT_3D('',#9956,#9957,#9958);
#9956 = CARTESIAN_POINT('',(-26.5,-2.5,0.));
#9957 = DIRECTION('',(0.,0.,1.));
#9958 = DIRECTION('',(1.,0.,-0.));
#9959 = PCURVE('',#9531,#9960);
#9960 = DEFINITIONAL_REPRESENTATION('',(#9961),#9965);
#9961 = CIRCLE('',#9962,0.5);
#9962 = AXIS2_PLACEMENT_2D('',#9963,#9964);
#9963 = CARTESIAN_POINT('',(8.5,8.5));
#9964 = DIRECTION('',(1.,0.));
#9965 = ( GEOMETRIC_REPRESENTATION_CONTEXT(2) 
PARAMETRIC_REPRESENTATION_CONTEXT() REPRESENTATION_CONTEXT('2D SPACE',''
  ) );
#9966 = PCURVE('',#9772,#9967);
#9967 = DEFINITIONAL_REPRESENTATION('',(#9968),#9972);
#9968 = LINE('',#9969,#9970);
#9969 = CARTESIAN_POINT('',(0.,0.1));
#9970 = VECTOR('',#9971,1.);
#9971 = DIRECTION('',(1.,0.));
#9972 = ( GEOMETRIC_REPRESENTATION_CONTEXT(2) 
PARAMETRIC_REPRESENTATION_CONTEXT() REPRESENTATION_CONTEXT('2D SPACE',''
  ) );
#9973 = FACE_BOUND('',#9974,.F.);
#9974 = EDGE_LOOP('',(#9975));
#9975 = ORIENTED_EDGE('',*,*,#9976,.F.);
#9976 = EDGE_CURVE('',#9977,#9977,#9979,.T.);
#9977 = VERTEX_POINT('',#9978);
#9978 = CARTESIAN_POINT('',(-26.,2.5,0.));
#9979 = SURFACE_CURVE('',#9980,(#9985,#9992),.PCURVE_S1.);
#9980 = CIRCLE('',#9981,0.5);
#9981 = AXIS2_PLACEMENT_3D('',#9982,#9983,#9984);
#9982 = CARTESIAN_POINT('',(-26.5,2.5,0.));
#9983 = DIRECTION('',(0.,0.,1.));
#9984 = DIRECTION('',(1.,0.,-0.));
#9985 = PCURVE('',#9531,#9986);
#9986 = DEFINITIONAL_REPRESENTATION('',(#9987),#9991);
#9987 = CIRCLE('',#9988,0.5);
#9988 = AXIS2_PLACEMENT_2D('',#9989,#9990);
#9989 = CARTESIAN_POINT('',(8.5,13.5));
#9990 = DIRECTION('',(1.,0.));
#9991 = ( GEOMETRIC_REPRESENTATION_CONTEXT(2) 
PARAMETRIC_REPRESENTATION_CONTEXT() REPRESENTATION_CONTEXT('2D SPACE',''
  ) );
#9992 = PCURVE('',#9803,#9993);
#9993 = DEFINITIONAL_REPRESENTATION('',(#9994),#9998);
#9994 = LINE('',#9995,#9996);
#9995 = CARTESIAN_POINT('',(0.,0.1));
#9996 = VECTOR('',#9997,1.);
#9997 = DIRECTION('',(1.,0.));
#9998 = ( GEOMETRIC_REPRESENTATION_CONTEXT(2) 
PARAMETRIC_REPRESENTATION_CONTEXT() REPRESENTATION_CONTEXT('2D SPACE',''
  ) );
#9999 = FACE_BOUND('',#10000,.F.);
#10000 = EDGE_LOOP('',(#10001));
#10001 = ORIENTED_EDGE('',*,*,#10002,.F.);
#10002 = EDGE_CURVE('',#10003,#10003,#10005,.T.);
#10003 = VERTEX_POINT('',#10004);
#10004 = CARTESIAN_POINT('',(-26.,7.5,0.));
#10005 = SURFACE_CURVE('',#10006,(#10011,#10018),.PCURVE_S1.);
#10006 = CIRCLE('',#10007,0.5);
#10007 = AXIS2_PLACEMENT_3D('',#10008,#10009,#10010);
#10008 = CARTESIAN_POINT('',(-26.5,7.5,0.));
#10009 = DIRECTION('',(0.,0.,1.));
#10010 = DIRECTION('',(1.,0.,-0.));
#10011 = PCURVE('',#9531,#10012);
#10012 = DEFINITIONAL_REPRESENTATION('',(#10013),#10017);
#10013 = CIRCLE('',#10014,0.5);
#10014 = AXIS2_PLACEMENT_2D('',#10015,#10016);
#10015 = CARTESIAN_POINT('',(8.5,18.5));
#10016 = DIRECTION('',(1.,0.));
#10017 = ( GEOMETRIC_REPRESENTATION_CONTEXT(2) 
PARAMETRIC_REPRESENTATION_CONTEXT() REPRESENTATION_CONTEXT('2D SPACE',''
  ) );
#10018 = PCURVE('',#9834,#10019);
#10019 = DEFINITIONAL_REPRESENTATION('',(#10020),#10024);
#10020 = LINE('',#10021,#10022);
#10021 = CARTESIAN_POINT('',(0.,0.1));
#10022 = VECTOR('',#10023,1.);
#10023 = DIRECTION('',(1.,0.));
#10024 = ( GEOMETRIC_REPRESENTATION_CONTEXT(2) 
PARAMETRIC_REPRESENTATION_CONTEXT() REPRESENTATION_CONTEXT('2D SPACE',''
  ) );
#10025 = ADVANCED_FACE('',(#10026),#9661,.T.);
#10026 = FACE_BOUND('',#10027,.T.);
#10027 = EDGE_LOOP('',(#10028,#10029,#10030,#10031));
#10028 = ORIENTED_EDGE('',*,*,#9647,.F.);
#10029 = ORIENTED_EDGE('',*,*,#9900,.T.);
#10030 = ORIENTED_EDGE('',*,*,#9874,.T.);
#10031 = ORIENTED_EDGE('',*,*,#9678,.F.);
#10032 = ADVANCED_FACE('',(#10033),#9741,.F.);
#10033 = FACE_BOUND('',#10034,.F.);
#10034 = EDGE_LOOP('',(#10035,#10036,#10057,#10058));
#10035 = ORIENTED_EDGE('',*,*,#9724,.F.);
#10036 = ORIENTED_EDGE('',*,*,#10037,.F.);
#10037 = EDGE_CURVE('',#9925,#9725,#10038,.T.);
#10038 = SEAM_CURVE('',#10039,(#10043,#10050),.PCURVE_S1.);
#10039 = LINE('',#10040,#10041);
#10040 = CARTESIAN_POINT('',(-26.,-7.5,-0.1));
#10041 = VECTOR('',#10042,1.);
#10042 = DIRECTION('',(0.,0.,1.));
#10043 = PCURVE('',#9741,#10044);
#10044 = DEFINITIONAL_REPRESENTATION('',(#10045),#10049);
#10045 = LINE('',#10046,#10047);
#10046 = CARTESIAN_POINT('',(6.28318530718,-0.));
#10047 = VECTOR('',#10048,1.);
#10048 = DIRECTION('',(0.,1.));
#10049 = ( GEOMETRIC_REPRESENTATION_CONTEXT(2) 
PARAMETRIC_REPRESENTATION_CONTEXT() REPRESENTATION_CONTEXT('2D SPACE',''
  ) );
#10050 = PCURVE('',#9741,#10051);
#10051 = DEFINITIONAL_REPRESENTATION('',(#10052),#10056);
#10052 = LINE('',#10053,#10054);
#10053 = CARTESIAN_POINT('',(0.,-0.));
#10054 = VECTOR('',#10055,1.);
#10055 = DIRECTION('',(0.,1.));
#10056 = ( GEOMETRIC_REPRESENTATION_CONTEXT(2) 
PARAMETRIC_REPRESENTATION_CONTEXT() REPRESENTATION_CONTEXT('2D SPACE',''
  ) );
#10057 = ORIENTED_EDGE('',*,*,#9924,.T.);
#10058 = ORIENTED_EDGE('',*,*,#10037,.T.);
#10059 = ADVANCED_FACE('',(#10060),#9772,.F.);
#10060 = FACE_BOUND('',#10061,.F.);
#10061 = EDGE_LOOP('',(#10062,#10063,#10084,#10085));
#10062 = ORIENTED_EDGE('',*,*,#9755,.F.);
#10063 = ORIENTED_EDGE('',*,*,#10064,.F.);
#10064 = EDGE_CURVE('',#9951,#9756,#10065,.T.);
#10065 = SEAM_CURVE('',#10066,(#10070,#10077),.PCURVE_S1.);
#10066 = LINE('',#10067,#10068);
#10067 = CARTESIAN_POINT('',(-26.,-2.5,-0.1));
#10068 = VECTOR('',#10069,1.);
#10069 = DIRECTION('',(0.,0.,1.));
#10070 = PCURVE('',#9772,#10071);
#10071 = DEFINITIONAL_REPRESENTATION('',(#10072),#10076);
#10072 = LINE('',#10073,#10074);
#10073 = CARTESIAN_POINT('',(6.28318530718,-0.));
#10074 = VECTOR('',#10075,1.);
#10075 = DIRECTION('',(0.,1.));
#10076 = ( GEOMETRIC_REPRESENTATION_CONTEXT(2) 
PARAMETRIC_REPRESENTATION_CONTEXT() REPRESENTATION_CONTEXT('2D SPACE',''
  ) );
#10077 = PCURVE('',#9772,#10078);
#10078 = DEFINITIONAL_REPRESENTATION('',(#10079),#10083);
#10079 = LINE('',#10080,#10081);
#10080 = CARTESIAN_POINT('',(0.,-0.));
#10081 = VECTOR('',#10082,1.);
#10082 = DIRECTION('',(0.,1.));
#10083 = ( GEOMETRIC_REPRESENTATION_CONTEXT(2) 
PARAMETRIC_REPRESENTATION_CONTEXT() REPRESENTATION_CONTEXT('2D SPACE',''
  ) );
#10084 = ORIENTED_EDGE('',*,*,#9950,.T.);
#10085 = ORIENTED_EDGE('',*,*,#10064,.T.);
#10086 = ADVANCED_FACE('',(#10087),#9803,.F.);
#10087 = FACE_BOUND('',#10088,.F.);
#10088 = EDGE_LOOP('',(#10089,#10090,#10111,#10112));
#10089 = ORIENTED_EDGE('',*,*,#9786,.F.);
#10090 = ORIENTED_EDGE('',*,*,#10091,.F.);
#10091 = EDGE_CURVE('',#9977,#9787,#10092,.T.);
#10092 = SEAM_CURVE('',#10093,(#10097,#10104),.PCURVE_S1.);
#10093 = LINE('',#10094,#10095);
#10094 = CARTESIAN_POINT('',(-26.,2.5,-0.1));
#10095 = VECTOR('',#10096,1.);
#10096 = DIRECTION('',(0.,0.,1.));
#10097 = PCURVE('',#9803,#10098);
#10098 = DEFINITIONAL_REPRESENTATION('',(#10099),#10103);
#10099 = LINE('',#10100,#10101);
#10100 = CARTESIAN_POINT('',(6.28318530718,-0.));
#10101 = VECTOR('',#10102,1.);
#10102 = DIRECTION('',(0.,1.));
#10103 = ( GEOMETRIC_REPRESENTATION_CONTEXT(2) 
PARAMETRIC_REPRESENTATION_CONTEXT() REPRESENTATION_CONTEXT('2D SPACE',''
  ) );
#10104 = PCURVE('',#9803,#10105);
#10105 = DEFINITIONAL_REPRESENTATION('',(#10106),#10110);
#10106 = LINE('',#10107,#10108);
#10107 = CARTESIAN_POINT('',(0.,-0.));
#10108 = VECTOR('',#10109,1.);
#10109 = DIRECTION('',(0.,1.));
#10110 = ( GEOMETRIC_REPRESENTATION_CONTEXT(2) 
PARAMETRIC_REPRESENTATION_CONTEXT() REPRESENTATION_CONTEXT('2D SPACE',''
  ) );
#10111 = ORIENTED_EDGE('',*,*,#9976,.T.);
#10112 = ORIENTED_EDGE('',*,*,#10091,.T.);
#10113 = ADVANCED_FACE('',(#10114),#9834,.F.);
#10114 = FACE_BOUND('',#10115,.F.);
#10115 = EDGE_LOOP('',(#10116,#10117,#10138,#10139));
#10116 = ORIENTED_EDGE('',*,*,#9817,.F.);
#10117 = ORIENTED_EDGE('',*,*,#10118,.F.);
#10118 = EDGE_CURVE('',#10003,#9818,#10119,.T.);
#10119 = SEAM_CURVE('',#10120,(#10124,#10131),.PCURVE_S1.);
#10120 = LINE('',#10121,#10122);
#10121 = CARTESIAN_POINT('',(-26.,7.5,-0.1));
#10122 = VECTOR('',#10123,1.);
#10123 = DIRECTION('',(0.,0.,1.));
#10124 = PCURVE('',#9834,#10125);
#10125 = DEFINITIONAL_REPRESENTATION('',(#10126),#10130);
#10126 = LINE('',#10127,#10128);
#10127 = CARTESIAN_POINT('',(6.28318530718,-0.));
#10128 = VECTOR('',#10129,1.);
#10129 = DIRECTION('',(0.,1.));
#10130 = ( GEOMETRIC_REPRESENTATION_CONTEXT(2) 
PARAMETRIC_REPRESENTATION_CONTEXT() REPRESENTATION_CONTEXT('2D SPACE',''
  ) );
#10131 = PCURVE('',#9834,#10132);
#10132 = DEFINITIONAL_REPRESENTATION('',(#10133),#10137);
#10133 = LINE('',#10134,#10135);
#10134 = CARTESIAN_POINT('',(0.,-0.));
#10135 = VECTOR('',#10136,1.);
#10136 = DIRECTION('',(0.,1.));
#10137 = ( GEOMETRIC_REPRESENTATION_CONTEXT(2) 
PARAMETRIC_REPRESENTATION_CONTEXT() REPRESENTATION_CONTEXT('2D SPACE',''
  ) );
#10138 = ORIENTED_EDGE('',*,*,#10002,.T.);
#10139 = ORIENTED_EDGE('',*,*,#10118,.T.);
#10140 = ( GEOMETRIC_REPRESENTATION_CONTEXT(3) 
GLOBAL_UNCERTAINTY_ASSIGNED_CONTEXT((#10144)) 
GLOBAL_UNIT_ASSIGNED_CONTEXT((#10141,#10142,#10143)) 
REPRESENTATION_CONTEXT('Context #1',
  '3D Context with UNIT and UNCERTAINTY') );
#10141 = ( LENGTH_UNIT() NAMED_UNIT(*) SI_UNIT(.MILLI.,.METRE.) );
#10142 = ( NAMED_UNIT(*) PLANE_ANGLE_UNIT() SI_UNIT($,.RADIAN.) );
#10143 = ( NAMED_UNIT(*) SI_UNIT($,.STERADIAN.) SOLID_ANGLE_UNIT() );
#10144 = UNCERTAINTY_MEASURE_WITH_UNIT(LENGTH_MEASURE(1.E-07),#10141,
  'distance_accuracy_value','confusion accuracy');
#10145 = CONTEXT_DEPENDENT_SHAPE_REPRESENTATION(#10146,#10148);
#10146 = ( REPRESENTATION_RELATIONSHIP('','',#9473,#10) 
REPRESENTATION_RELATIONSHIP_WITH_TRANSFORMATION(#10147) 
SHAPE_REPRESENTATION_RELATIONSHIP() );
#10147 = ITEM_DEFINED_TRANSFORMATION('','',#11,#59);
#10148 = PRODUCT_DEFINITION_SHAPE('Placement','Placement of an item',
  #10149);
#10149 = NEXT_ASSEMBLY_USAGE_OCCURRENCE('12','tool_contact_board_FR4',''
  ,#5,#9468,$);
#10150 = PRODUCT_RELATED_PRODUCT_CATEGORY('part',$,(#9470));
#10151 = SHAPE_DEFINITION_REPRESENTATION(#10152,#10158);
#10152 = PRODUCT_DEFINITION_SHAPE('','',#10153);
#10153 = PRODUCT_DEFINITION('design','',#10154,#10157);
#10154 = PRODUCT_DEFINITION_FORMATION('','',#10155);
#10155 = PRODUCT('target_pad_P1_GND','target_pad_P1_GND','',(#10156));
#10156 = PRODUCT_CONTEXT('',#2,'mechanical');
#10157 = PRODUCT_DEFINITION_CONTEXT('part definition',#2,'design');
#10158 = ADVANCED_BREP_SHAPE_REPRESENTATION('',(#11,#10159),#10257);
#10159 = MANIFOLD_SOLID_BREP('',#10160);
#10160 = CLOSED_SHELL('',(#10161,#10249,#10253));
#10161 = ADVANCED_FACE('',(#10162),#10176,.T.);
#10162 = FACE_BOUND('',#10163,.F.);
#10163 = EDGE_LOOP('',(#10164,#10194,#10221,#10222));
#10164 = ORIENTED_EDGE('',*,*,#10165,.T.);
#10165 = EDGE_CURVE('',#10166,#10168,#10170,.T.);
#10166 = VERTEX_POINT('',#10167);
#10167 = CARTESIAN_POINT('',(-29.,-7.5,-5.E-02));
#10168 = VERTEX_POINT('',#10169);
#10169 = CARTESIAN_POINT('',(-29.,-7.5,0.));
#10170 = SEAM_CURVE('',#10171,(#10175,#10187),.PCURVE_S1.);
#10171 = LINE('',#10172,#10173);
#10172 = CARTESIAN_POINT('',(-29.,-7.5,-5.E-02));
#10173 = VECTOR('',#10174,1.);
#10174 = DIRECTION('',(0.,0.,1.));
#10175 = PCURVE('',#10176,#10181);
#10176 = CYLINDRICAL_SURFACE('',#10177,2.);
#10177 = AXIS2_PLACEMENT_3D('',#10178,#10179,#10180);
#10178 = CARTESIAN_POINT('',(-31.,-7.5,-5.E-02));
#10179 = DIRECTION('',(-0.,-0.,-1.));
#10180 = DIRECTION('',(1.,0.,0.));
#10181 = DEFINITIONAL_REPRESENTATION('',(#10182),#10186);
#10182 = LINE('',#10183,#10184);
#10183 = CARTESIAN_POINT('',(-0.,0.));
#10184 = VECTOR('',#10185,1.);
#10185 = DIRECTION('',(-0.,-1.));
#10186 = ( GEOMETRIC_REPRESENTATION_CONTEXT(2) 
PARAMETRIC_REPRESENTATION_CONTEXT() REPRESENTATION_CONTEXT('2D SPACE',''
  ) );
#10187 = PCURVE('',#10176,#10188);
#10188 = DEFINITIONAL_REPRESENTATION('',(#10189),#10193);
#10189 = LINE('',#10190,#10191);
#10190 = CARTESIAN_POINT('',(-6.28318530718,0.));
#10191 = VECTOR('',#10192,1.);
#10192 = DIRECTION('',(-0.,-1.));
#10193 = ( GEOMETRIC_REPRESENTATION_CONTEXT(2) 
PARAMETRIC_REPRESENTATION_CONTEXT() REPRESENTATION_CONTEXT('2D SPACE',''
  ) );
#10194 = ORIENTED_EDGE('',*,*,#10195,.T.);
#10195 = EDGE_CURVE('',#10168,#10168,#10196,.T.);
#10196 = SURFACE_CURVE('',#10197,(#10202,#10209),.PCURVE_S1.);
#10197 = CIRCLE('',#10198,2.);
#10198 = AXIS2_PLACEMENT_3D('',#10199,#10200,#10201);
#10199 = CARTESIAN_POINT('',(-31.,-7.5,0.));
#10200 = DIRECTION('',(0.,0.,1.));
#10201 = DIRECTION('',(1.,0.,0.));
#10202 = PCURVE('',#10176,#10203);
#10203 = DEFINITIONAL_REPRESENTATION('',(#10204),#10208);
#10204 = LINE('',#10205,#10206);
#10205 = CARTESIAN_POINT('',(-0.,-5.E-02));
#10206 = VECTOR('',#10207,1.);
#10207 = DIRECTION('',(-1.,0.));
#10208 = ( GEOMETRIC_REPRESENTATION_CONTEXT(2) 
PARAMETRIC_REPRESENTATION_CONTEXT() REPRESENTATION_CONTEXT('2D SPACE',''
  ) );
#10209 = PCURVE('',#10210,#10215);
#10210 = PLANE('',#10211);
#10211 = AXIS2_PLACEMENT_3D('',#10212,#10213,#10214);
#10212 = CARTESIAN_POINT('',(-31.,-7.5,0.));
#10213 = DIRECTION('',(0.,0.,1.));
#10214 = DIRECTION('',(1.,0.,-0.));
#10215 = DEFINITIONAL_REPRESENTATION('',(#10216),#10220);
#10216 = CIRCLE('',#10217,2.);
#10217 = AXIS2_PLACEMENT_2D('',#10218,#10219);
#10218 = CARTESIAN_POINT('',(0.,0.));
#10219 = DIRECTION('',(1.,0.));
#10220 = ( GEOMETRIC_REPRESENTATION_CONTEXT(2) 
PARAMETRIC_REPRESENTATION_CONTEXT() REPRESENTATION_CONTEXT('2D SPACE',''
  ) );
#10221 = ORIENTED_EDGE('',*,*,#10165,.F.);
#10222 = ORIENTED_EDGE('',*,*,#10223,.F.);
#10223 = EDGE_CURVE('',#10166,#10166,#10224,.T.);
#10224 = SURFACE_CURVE('',#10225,(#10230,#10237),.PCURVE_S1.);
#10225 = CIRCLE('',#10226,2.);
#10226 = AXIS2_PLACEMENT_3D('',#10227,#10228,#10229);
#10227 = CARTESIAN_POINT('',(-31.,-7.5,-5.E-02));
#10228 = DIRECTION('',(0.,0.,1.));
#10229 = DIRECTION('',(1.,0.,0.));
#10230 = PCURVE('',#10176,#10231);
#10231 = DEFINITIONAL_REPRESENTATION('',(#10232),#10236);
#10232 = LINE('',#10233,#10234);
#10233 = CARTESIAN_POINT('',(-0.,0.));
#10234 = VECTOR('',#10235,1.);
#10235 = DIRECTION('',(-1.,0.));
#10236 = ( GEOMETRIC_REPRESENTATION_CONTEXT(2) 
PARAMETRIC_REPRESENTATION_CONTEXT() REPRESENTATION_CONTEXT('2D SPACE',''
  ) );
#10237 = PCURVE('',#10238,#10243);
#10238 = PLANE('',#10239);
#10239 = AXIS2_PLACEMENT_3D('',#10240,#10241,#10242);
#10240 = CARTESIAN_POINT('',(-31.,-7.5,-5.E-02));
#10241 = DIRECTION('',(0.,0.,1.));
#10242 = DIRECTION('',(1.,0.,-0.));
#10243 = DEFINITIONAL_REPRESENTATION('',(#10244),#10248);
#10244 = CIRCLE('',#10245,2.);
#10245 = AXIS2_PLACEMENT_2D('',#10246,#10247);
#10246 = CARTESIAN_POINT('',(0.,0.));
#10247 = DIRECTION('',(1.,0.));
#10248 = ( GEOMETRIC_REPRESENTATION_CONTEXT(2) 
PARAMETRIC_REPRESENTATION_CONTEXT() REPRESENTATION_CONTEXT('2D SPACE',''
  ) );
#10249 = ADVANCED_FACE('',(#10250),#10238,.F.);
#10250 = FACE_BOUND('',#10251,.F.);
#10251 = EDGE_LOOP('',(#10252));
#10252 = ORIENTED_EDGE('',*,*,#10223,.T.);
#10253 = ADVANCED_FACE('',(#10254),#10210,.T.);
#10254 = FACE_BOUND('',#10255,.T.);
#10255 = EDGE_LOOP('',(#10256));
#10256 = ORIENTED_EDGE('',*,*,#10195,.T.);
#10257 = ( GEOMETRIC_REPRESENTATION_CONTEXT(3) 
GLOBAL_UNCERTAINTY_ASSIGNED_CONTEXT((#10261)) 
GLOBAL_UNIT_ASSIGNED_CONTEXT((#10258,#10259,#10260)) 
REPRESENTATION_CONTEXT('Context #1',
  '3D Context with UNIT and UNCERTAINTY') );
#10258 = ( LENGTH_UNIT() NAMED_UNIT(*) SI_UNIT(.MILLI.,.METRE.) );
#10259 = ( NAMED_UNIT(*) PLANE_ANGLE_UNIT() SI_UNIT($,.RADIAN.) );
#10260 = ( NAMED_UNIT(*) SI_UNIT($,.STERADIAN.) SOLID_ANGLE_UNIT() );
#10261 = UNCERTAINTY_MEASURE_WITH_UNIT(LENGTH_MEASURE(1.E-07),#10258,
  'distance_accuracy_value','confusion accuracy');
#10262 = CONTEXT_DEPENDENT_SHAPE_REPRESENTATION(#10263,#10265);
#10263 = ( REPRESENTATION_RELATIONSHIP('','',#10158,#10) 
REPRESENTATION_RELATIONSHIP_WITH_TRANSFORMATION(#10264) 
SHAPE_REPRESENTATION_RELATIONSHIP() );
#10264 = ITEM_DEFINED_TRANSFORMATION('','',#11,#63);
#10265 = PRODUCT_DEFINITION_SHAPE('Placement','Placement of an item',
  #10266);
#10266 = NEXT_ASSEMBLY_USAGE_OCCURRENCE('13','target_pad_P1_GND','',#5,
  #10153,$);
#10267 = PRODUCT_RELATED_PRODUCT_CATEGORY('part',$,(#10155));
#10268 = SHAPE_DEFINITION_REPRESENTATION(#10269,#10275);
#10269 = PRODUCT_DEFINITION_SHAPE('','',#10270);
#10270 = PRODUCT_DEFINITION('design','',#10271,#10274);
#10271 = PRODUCT_DEFINITION_FORMATION('','',#10272);
#10272 = PRODUCT('target_pad_P2_+12V','target_pad_P2_+12V','',(#10273));
#10273 = PRODUCT_CONTEXT('',#2,'mechanical');
#10274 = PRODUCT_DEFINITION_CONTEXT('part definition',#2,'design');
#10275 = ADVANCED_BREP_SHAPE_REPRESENTATION('',(#11,#10276),#10374);
#10276 = MANIFOLD_SOLID_BREP('',#10277);
#10277 = CLOSED_SHELL('',(#10278,#10366,#10370));
#10278 = ADVANCED_FACE('',(#10279),#10293,.T.);
#10279 = FACE_BOUND('',#10280,.F.);
#10280 = EDGE_LOOP('',(#10281,#10311,#10338,#10339));
#10281 = ORIENTED_EDGE('',*,*,#10282,.T.);
#10282 = EDGE_CURVE('',#10283,#10285,#10287,.T.);
#10283 = VERTEX_POINT('',#10284);
#10284 = CARTESIAN_POINT('',(-29.,-2.5,-5.E-02));
#10285 = VERTEX_POINT('',#10286);
#10286 = CARTESIAN_POINT('',(-29.,-2.5,0.));
#10287 = SEAM_CURVE('',#10288,(#10292,#10304),.PCURVE_S1.);
#10288 = LINE('',#10289,#10290);
#10289 = CARTESIAN_POINT('',(-29.,-2.5,-5.E-02));
#10290 = VECTOR('',#10291,1.);
#10291 = DIRECTION('',(0.,0.,1.));
#10292 = PCURVE('',#10293,#10298);
#10293 = CYLINDRICAL_SURFACE('',#10294,2.);
#10294 = AXIS2_PLACEMENT_3D('',#10295,#10296,#10297);
#10295 = CARTESIAN_POINT('',(-31.,-2.5,-5.E-02));
#10296 = DIRECTION('',(-0.,-0.,-1.));
#10297 = DIRECTION('',(1.,0.,0.));
#10298 = DEFINITIONAL_REPRESENTATION('',(#10299),#10303);
#10299 = LINE('',#10300,#10301);
#10300 = CARTESIAN_POINT('',(-0.,0.));
#10301 = VECTOR('',#10302,1.);
#10302 = DIRECTION('',(-0.,-1.));
#10303 = ( GEOMETRIC_REPRESENTATION_CONTEXT(2) 
PARAMETRIC_REPRESENTATION_CONTEXT() REPRESENTATION_CONTEXT('2D SPACE',''
  ) );
#10304 = PCURVE('',#10293,#10305);
#10305 = DEFINITIONAL_REPRESENTATION('',(#10306),#10310);
#10306 = LINE('',#10307,#10308);
#10307 = CARTESIAN_POINT('',(-6.28318530718,0.));
#10308 = VECTOR('',#10309,1.);
#10309 = DIRECTION('',(-0.,-1.));
#10310 = ( GEOMETRIC_REPRESENTATION_CONTEXT(2) 
PARAMETRIC_REPRESENTATION_CONTEXT() REPRESENTATION_CONTEXT('2D SPACE',''
  ) );
#10311 = ORIENTED_EDGE('',*,*,#10312,.T.);
#10312 = EDGE_CURVE('',#10285,#10285,#10313,.T.);
#10313 = SURFACE_CURVE('',#10314,(#10319,#10326),.PCURVE_S1.);
#10314 = CIRCLE('',#10315,2.);
#10315 = AXIS2_PLACEMENT_3D('',#10316,#10317,#10318);
#10316 = CARTESIAN_POINT('',(-31.,-2.5,0.));
#10317 = DIRECTION('',(0.,0.,1.));
#10318 = DIRECTION('',(1.,0.,0.));
#10319 = PCURVE('',#10293,#10320);
#10320 = DEFINITIONAL_REPRESENTATION('',(#10321),#10325);
#10321 = LINE('',#10322,#10323);
#10322 = CARTESIAN_POINT('',(-0.,-5.E-02));
#10323 = VECTOR('',#10324,1.);
#10324 = DIRECTION('',(-1.,0.));
#10325 = ( GEOMETRIC_REPRESENTATION_CONTEXT(2) 
PARAMETRIC_REPRESENTATION_CONTEXT() REPRESENTATION_CONTEXT('2D SPACE',''
  ) );
#10326 = PCURVE('',#10327,#10332);
#10327 = PLANE('',#10328);
#10328 = AXIS2_PLACEMENT_3D('',#10329,#10330,#10331);
#10329 = CARTESIAN_POINT('',(-31.,-2.5,0.));
#10330 = DIRECTION('',(0.,0.,1.));
#10331 = DIRECTION('',(1.,0.,-0.));
#10332 = DEFINITIONAL_REPRESENTATION('',(#10333),#10337);
#10333 = CIRCLE('',#10334,2.);
#10334 = AXIS2_PLACEMENT_2D('',#10335,#10336);
#10335 = CARTESIAN_POINT('',(0.,0.));
#10336 = DIRECTION('',(1.,0.));
#10337 = ( GEOMETRIC_REPRESENTATION_CONTEXT(2) 
PARAMETRIC_REPRESENTATION_CONTEXT() REPRESENTATION_CONTEXT('2D SPACE',''
  ) );
#10338 = ORIENTED_EDGE('',*,*,#10282,.F.);
#10339 = ORIENTED_EDGE('',*,*,#10340,.F.);
#10340 = EDGE_CURVE('',#10283,#10283,#10341,.T.);
#10341 = SURFACE_CURVE('',#10342,(#10347,#10354),.PCURVE_S1.);
#10342 = CIRCLE('',#10343,2.);
#10343 = AXIS2_PLACEMENT_3D('',#10344,#10345,#10346);
#10344 = CARTESIAN_POINT('',(-31.,-2.5,-5.E-02));
#10345 = DIRECTION('',(0.,0.,1.));
#10346 = DIRECTION('',(1.,0.,0.));
#10347 = PCURVE('',#10293,#10348);
#10348 = DEFINITIONAL_REPRESENTATION('',(#10349),#10353);
#10349 = LINE('',#10350,#10351);
#10350 = CARTESIAN_POINT('',(-0.,0.));
#10351 = VECTOR('',#10352,1.);
#10352 = DIRECTION('',(-1.,0.));
#10353 = ( GEOMETRIC_REPRESENTATION_CONTEXT(2) 
PARAMETRIC_REPRESENTATION_CONTEXT() REPRESENTATION_CONTEXT('2D SPACE',''
  ) );
#10354 = PCURVE('',#10355,#10360);
#10355 = PLANE('',#10356);
#10356 = AXIS2_PLACEMENT_3D('',#10357,#10358,#10359);
#10357 = CARTESIAN_POINT('',(-31.,-2.5,-5.E-02));
#10358 = DIRECTION('',(0.,0.,1.));
#10359 = DIRECTION('',(1.,0.,-0.));
#10360 = DEFINITIONAL_REPRESENTATION('',(#10361),#10365);
#10361 = CIRCLE('',#10362,2.);
#10362 = AXIS2_PLACEMENT_2D('',#10363,#10364);
#10363 = CARTESIAN_POINT('',(0.,0.));
#10364 = DIRECTION('',(1.,0.));
#10365 = ( GEOMETRIC_REPRESENTATION_CONTEXT(2) 
PARAMETRIC_REPRESENTATION_CONTEXT() REPRESENTATION_CONTEXT('2D SPACE',''
  ) );
#10366 = ADVANCED_FACE('',(#10367),#10355,.F.);
#10367 = FACE_BOUND('',#10368,.F.);
#10368 = EDGE_LOOP('',(#10369));
#10369 = ORIENTED_EDGE('',*,*,#10340,.T.);
#10370 = ADVANCED_FACE('',(#10371),#10327,.T.);
#10371 = FACE_BOUND('',#10372,.T.);
#10372 = EDGE_LOOP('',(#10373));
#10373 = ORIENTED_EDGE('',*,*,#10312,.T.);
#10374 = ( GEOMETRIC_REPRESENTATION_CONTEXT(3) 
GLOBAL_UNCERTAINTY_ASSIGNED_CONTEXT((#10378)) 
GLOBAL_UNIT_ASSIGNED_CONTEXT((#10375,#10376,#10377)) 
REPRESENTATION_CONTEXT('Context #1',
  '3D Context with UNIT and UNCERTAINTY') );
#10375 = ( LENGTH_UNIT() NAMED_UNIT(*) SI_UNIT(.MILLI.,.METRE.) );
#10376 = ( NAMED_UNIT(*) PLANE_ANGLE_UNIT() SI_UNIT($,.RADIAN.) );
#10377 = ( NAMED_UNIT(*) SI_UNIT($,.STERADIAN.) SOLID_ANGLE_UNIT() );
#10378 = UNCERTAINTY_MEASURE_WITH_UNIT(LENGTH_MEASURE(1.E-07),#10375,
  'distance_accuracy_value','confusion accuracy');
#10379 = CONTEXT_DEPENDENT_SHAPE_REPRESENTATION(#10380,#10382);
#10380 = ( REPRESENTATION_RELATIONSHIP('','',#10275,#10) 
REPRESENTATION_RELATIONSHIP_WITH_TRANSFORMATION(#10381) 
SHAPE_REPRESENTATION_RELATIONSHIP() );
#10381 = ITEM_DEFINED_TRANSFORMATION('','',#11,#67);
#10382 = PRODUCT_DEFINITION_SHAPE('Placement','Placement of an item',
  #10383);
#10383 = NEXT_ASSEMBLY_USAGE_OCCURRENCE('14','target_pad_P2_+12V','',#5,
  #10270,$);
#10384 = PRODUCT_RELATED_PRODUCT_CATEGORY('part',$,(#10272));
#10385 = SHAPE_DEFINITION_REPRESENTATION(#10386,#10392);
#10386 = PRODUCT_DEFINITION_SHAPE('','',#10387);
#10387 = PRODUCT_DEFINITION('design','',#10388,#10391);
#10388 = PRODUCT_DEFINITION_FORMATION('','',#10389);
#10389 = PRODUCT('target_pad_P3_TTL_DATA','target_pad_P3_TTL_DATA','',(
    #10390));
#10390 = PRODUCT_CONTEXT('',#2,'mechanical');
#10391 = PRODUCT_DEFINITION_CONTEXT('part definition',#2,'design');
#10392 = ADVANCED_BREP_SHAPE_REPRESENTATION('',(#11,#10393),#10491);
#10393 = MANIFOLD_SOLID_BREP('',#10394);
#10394 = CLOSED_SHELL('',(#10395,#10483,#10487));
#10395 = ADVANCED_FACE('',(#10396),#10410,.T.);
#10396 = FACE_BOUND('',#10397,.F.);
#10397 = EDGE_LOOP('',(#10398,#10428,#10455,#10456));
#10398 = ORIENTED_EDGE('',*,*,#10399,.T.);
#10399 = EDGE_CURVE('',#10400,#10402,#10404,.T.);
#10400 = VERTEX_POINT('',#10401);
#10401 = CARTESIAN_POINT('',(-29.,2.5,-5.E-02));
#10402 = VERTEX_POINT('',#10403);
#10403 = CARTESIAN_POINT('',(-29.,2.5,0.));
#10404 = SEAM_CURVE('',#10405,(#10409,#10421),.PCURVE_S1.);
#10405 = LINE('',#10406,#10407);
#10406 = CARTESIAN_POINT('',(-29.,2.5,-5.E-02));
#10407 = VECTOR('',#10408,1.);
#10408 = DIRECTION('',(0.,0.,1.));
#10409 = PCURVE('',#10410,#10415);
#10410 = CYLINDRICAL_SURFACE('',#10411,2.);
#10411 = AXIS2_PLACEMENT_3D('',#10412,#10413,#10414);
#10412 = CARTESIAN_POINT('',(-31.,2.5,-5.E-02));
#10413 = DIRECTION('',(-0.,-0.,-1.));
#10414 = DIRECTION('',(1.,0.,0.));
#10415 = DEFINITIONAL_REPRESENTATION('',(#10416),#10420);
#10416 = LINE('',#10417,#10418);
#10417 = CARTESIAN_POINT('',(-0.,0.));
#10418 = VECTOR('',#10419,1.);
#10419 = DIRECTION('',(-0.,-1.));
#10420 = ( GEOMETRIC_REPRESENTATION_CONTEXT(2) 
PARAMETRIC_REPRESENTATION_CONTEXT() REPRESENTATION_CONTEXT('2D SPACE',''
  ) );
#10421 = PCURVE('',#10410,#10422);
#10422 = DEFINITIONAL_REPRESENTATION('',(#10423),#10427);
#10423 = LINE('',#10424,#10425);
#10424 = CARTESIAN_POINT('',(-6.28318530718,0.));
#10425 = VECTOR('',#10426,1.);
#10426 = DIRECTION('',(-0.,-1.));
#10427 = ( GEOMETRIC_REPRESENTATION_CONTEXT(2) 
PARAMETRIC_REPRESENTATION_CONTEXT() REPRESENTATION_CONTEXT('2D SPACE',''
  ) );
#10428 = ORIENTED_EDGE('',*,*,#10429,.T.);
#10429 = EDGE_CURVE('',#10402,#10402,#10430,.T.);
#10430 = SURFACE_CURVE('',#10431,(#10436,#10443),.PCURVE_S1.);
#10431 = CIRCLE('',#10432,2.);
#10432 = AXIS2_PLACEMENT_3D('',#10433,#10434,#10435);
#10433 = CARTESIAN_POINT('',(-31.,2.5,0.));
#10434 = DIRECTION('',(0.,0.,1.));
#10435 = DIRECTION('',(1.,0.,0.));
#10436 = PCURVE('',#10410,#10437);
#10437 = DEFINITIONAL_REPRESENTATION('',(#10438),#10442);
#10438 = LINE('',#10439,#10440);
#10439 = CARTESIAN_POINT('',(-0.,-5.E-02));
#10440 = VECTOR('',#10441,1.);
#10441 = DIRECTION('',(-1.,0.));
#10442 = ( GEOMETRIC_REPRESENTATION_CONTEXT(2) 
PARAMETRIC_REPRESENTATION_CONTEXT() REPRESENTATION_CONTEXT('2D SPACE',''
  ) );
#10443 = PCURVE('',#10444,#10449);
#10444 = PLANE('',#10445);
#10445 = AXIS2_PLACEMENT_3D('',#10446,#10447,#10448);
#10446 = CARTESIAN_POINT('',(-31.,2.5,0.));
#10447 = DIRECTION('',(0.,0.,1.));
#10448 = DIRECTION('',(1.,0.,-0.));
#10449 = DEFINITIONAL_REPRESENTATION('',(#10450),#10454);
#10450 = CIRCLE('',#10451,2.);
#10451 = AXIS2_PLACEMENT_2D('',#10452,#10453);
#10452 = CARTESIAN_POINT('',(0.,0.));
#10453 = DIRECTION('',(1.,0.));
#10454 = ( GEOMETRIC_REPRESENTATION_CONTEXT(2) 
PARAMETRIC_REPRESENTATION_CONTEXT() REPRESENTATION_CONTEXT('2D SPACE',''
  ) );
#10455 = ORIENTED_EDGE('',*,*,#10399,.F.);
#10456 = ORIENTED_EDGE('',*,*,#10457,.F.);
#10457 = EDGE_CURVE('',#10400,#10400,#10458,.T.);
#10458 = SURFACE_CURVE('',#10459,(#10464,#10471),.PCURVE_S1.);
#10459 = CIRCLE('',#10460,2.);
#10460 = AXIS2_PLACEMENT_3D('',#10461,#10462,#10463);
#10461 = CARTESIAN_POINT('',(-31.,2.5,-5.E-02));
#10462 = DIRECTION('',(0.,0.,1.));
#10463 = DIRECTION('',(1.,0.,0.));
#10464 = PCURVE('',#10410,#10465);
#10465 = DEFINITIONAL_REPRESENTATION('',(#10466),#10470);
#10466 = LINE('',#10467,#10468);
#10467 = CARTESIAN_POINT('',(-0.,0.));
#10468 = VECTOR('',#10469,1.);
#10469 = DIRECTION('',(-1.,0.));
#10470 = ( GEOMETRIC_REPRESENTATION_CONTEXT(2) 
PARAMETRIC_REPRESENTATION_CONTEXT() REPRESENTATION_CONTEXT('2D SPACE',''
  ) );
#10471 = PCURVE('',#10472,#10477);
#10472 = PLANE('',#10473);
#10473 = AXIS2_PLACEMENT_3D('',#10474,#10475,#10476);
#10474 = CARTESIAN_POINT('',(-31.,2.5,-5.E-02));
#10475 = DIRECTION('',(0.,0.,1.));
#10476 = DIRECTION('',(1.,0.,-0.));
#10477 = DEFINITIONAL_REPRESENTATION('',(#10478),#10482);
#10478 = CIRCLE('',#10479,2.);
#10479 = AXIS2_PLACEMENT_2D('',#10480,#10481);
#10480 = CARTESIAN_POINT('',(0.,0.));
#10481 = DIRECTION('',(1.,0.));
#10482 = ( GEOMETRIC_REPRESENTATION_CONTEXT(2) 
PARAMETRIC_REPRESENTATION_CONTEXT() REPRESENTATION_CONTEXT('2D SPACE',''
  ) );
#10483 = ADVANCED_FACE('',(#10484),#10472,.F.);
#10484 = FACE_BOUND('',#10485,.F.);
#10485 = EDGE_LOOP('',(#10486));
#10486 = ORIENTED_EDGE('',*,*,#10457,.T.);
#10487 = ADVANCED_FACE('',(#10488),#10444,.T.);
#10488 = FACE_BOUND('',#10489,.T.);
#10489 = EDGE_LOOP('',(#10490));
#10490 = ORIENTED_EDGE('',*,*,#10429,.T.);
#10491 = ( GEOMETRIC_REPRESENTATION_CONTEXT(3) 
GLOBAL_UNCERTAINTY_ASSIGNED_CONTEXT((#10495)) 
GLOBAL_UNIT_ASSIGNED_CONTEXT((#10492,#10493,#10494)) 
REPRESENTATION_CONTEXT('Context #1',
  '3D Context with UNIT and UNCERTAINTY') );
#10492 = ( LENGTH_UNIT() NAMED_UNIT(*) SI_UNIT(.MILLI.,.METRE.) );
#10493 = ( NAMED_UNIT(*) PLANE_ANGLE_UNIT() SI_UNIT($,.RADIAN.) );
#10494 = ( NAMED_UNIT(*) SI_UNIT($,.STERADIAN.) SOLID_ANGLE_UNIT() );
#10495 = UNCERTAINTY_MEASURE_WITH_UNIT(LENGTH_MEASURE(1.E-07),#10492,
  'distance_accuracy_value','confusion accuracy');
#10496 = CONTEXT_DEPENDENT_SHAPE_REPRESENTATION(#10497,#10499);
#10497 = ( REPRESENTATION_RELATIONSHIP('','',#10392,#10) 
REPRESENTATION_RELATIONSHIP_WITH_TRANSFORMATION(#10498) 
SHAPE_REPRESENTATION_RELATIONSHIP() );
#10498 = ITEM_DEFINED_TRANSFORMATION('','',#11,#71);
#10499 = PRODUCT_DEFINITION_SHAPE('Placement','Placement of an item',
  #10500);
#10500 = NEXT_ASSEMBLY_USAGE_OCCURRENCE('15','target_pad_P3_TTL_DATA',''
  ,#5,#10387,$);
#10501 = PRODUCT_RELATED_PRODUCT_CATEGORY('part',$,(#10389));
#10502 = SHAPE_DEFINITION_REPRESENTATION(#10503,#10509);
#10503 = PRODUCT_DEFINITION_SHAPE('','',#10504);
#10504 = PRODUCT_DEFINITION('design','',#10505,#10508);
#10505 = PRODUCT_DEFINITION_FORMATION('','',#10506);
#10506 = PRODUCT('target_pad_P4_TOOL_ID_SPARE',
  'target_pad_P4_TOOL_ID_SPARE','',(#10507));
#10507 = PRODUCT_CONTEXT('',#2,'mechanical');
#10508 = PRODUCT_DEFINITION_CONTEXT('part definition',#2,'design');
#10509 = ADVANCED_BREP_SHAPE_REPRESENTATION('',(#11,#10510),#10608);
#10510 = MANIFOLD_SOLID_BREP('',#10511);
#10511 = CLOSED_SHELL('',(#10512,#10600,#10604));
#10512 = ADVANCED_FACE('',(#10513),#10527,.T.);
#10513 = FACE_BOUND('',#10514,.F.);
#10514 = EDGE_LOOP('',(#10515,#10545,#10572,#10573));
#10515 = ORIENTED_EDGE('',*,*,#10516,.T.);
#10516 = EDGE_CURVE('',#10517,#10519,#10521,.T.);
#10517 = VERTEX_POINT('',#10518);
#10518 = CARTESIAN_POINT('',(-29.,7.5,-5.E-02));
#10519 = VERTEX_POINT('',#10520);
#10520 = CARTESIAN_POINT('',(-29.,7.5,0.));
#10521 = SEAM_CURVE('',#10522,(#10526,#10538),.PCURVE_S1.);
#10522 = LINE('',#10523,#10524);
#10523 = CARTESIAN_POINT('',(-29.,7.5,-5.E-02));
#10524 = VECTOR('',#10525,1.);
#10525 = DIRECTION('',(0.,0.,1.));
#10526 = PCURVE('',#10527,#10532);
#10527 = CYLINDRICAL_SURFACE('',#10528,2.);
#10528 = AXIS2_PLACEMENT_3D('',#10529,#10530,#10531);
#10529 = CARTESIAN_POINT('',(-31.,7.5,-5.E-02));
#10530 = DIRECTION('',(-0.,-0.,-1.));
#10531 = DIRECTION('',(1.,0.,0.));
#10532 = DEFINITIONAL_REPRESENTATION('',(#10533),#10537);
#10533 = LINE('',#10534,#10535);
#10534 = CARTESIAN_POINT('',(-0.,0.));
#10535 = VECTOR('',#10536,1.);
#10536 = DIRECTION('',(-0.,-1.));
#10537 = ( GEOMETRIC_REPRESENTATION_CONTEXT(2) 
PARAMETRIC_REPRESENTATION_CONTEXT() REPRESENTATION_CONTEXT('2D SPACE',''
  ) );
#10538 = PCURVE('',#10527,#10539);
#10539 = DEFINITIONAL_REPRESENTATION('',(#10540),#10544);
#10540 = LINE('',#10541,#10542);
#10541 = CARTESIAN_POINT('',(-6.28318530718,0.));
#10542 = VECTOR('',#10543,1.);
#10543 = DIRECTION('',(-0.,-1.));
#10544 = ( GEOMETRIC_REPRESENTATION_CONTEXT(2) 
PARAMETRIC_REPRESENTATION_CONTEXT() REPRESENTATION_CONTEXT('2D SPACE',''
  ) );
#10545 = ORIENTED_EDGE('',*,*,#10546,.T.);
#10546 = EDGE_CURVE('',#10519,#10519,#10547,.T.);
#10547 = SURFACE_CURVE('',#10548,(#10553,#10560),.PCURVE_S1.);
#10548 = CIRCLE('',#10549,2.);
#10549 = AXIS2_PLACEMENT_3D('',#10550,#10551,#10552);
#10550 = CARTESIAN_POINT('',(-31.,7.5,0.));
#10551 = DIRECTION('',(0.,0.,1.));
#10552 = DIRECTION('',(1.,0.,0.));
#10553 = PCURVE('',#10527,#10554);
#10554 = DEFINITIONAL_REPRESENTATION('',(#10555),#10559);
#10555 = LINE('',#10556,#10557);
#10556 = CARTESIAN_POINT('',(-0.,-5.E-02));
#10557 = VECTOR('',#10558,1.);
#10558 = DIRECTION('',(-1.,0.));
#10559 = ( GEOMETRIC_REPRESENTATION_CONTEXT(2) 
PARAMETRIC_REPRESENTATION_CONTEXT() REPRESENTATION_CONTEXT('2D SPACE',''
  ) );
#10560 = PCURVE('',#10561,#10566);
#10561 = PLANE('',#10562);
#10562 = AXIS2_PLACEMENT_3D('',#10563,#10564,#10565);
#10563 = CARTESIAN_POINT('',(-31.,7.5,0.));
#10564 = DIRECTION('',(0.,0.,1.));
#10565 = DIRECTION('',(1.,0.,-0.));
#10566 = DEFINITIONAL_REPRESENTATION('',(#10567),#10571);
#10567 = CIRCLE('',#10568,2.);
#10568 = AXIS2_PLACEMENT_2D('',#10569,#10570);
#10569 = CARTESIAN_POINT('',(0.,0.));
#10570 = DIRECTION('',(1.,0.));
#10571 = ( GEOMETRIC_REPRESENTATION_CONTEXT(2) 
PARAMETRIC_REPRESENTATION_CONTEXT() REPRESENTATION_CONTEXT('2D SPACE',''
  ) );
#10572 = ORIENTED_EDGE('',*,*,#10516,.F.);
#10573 = ORIENTED_EDGE('',*,*,#10574,.F.);
#10574 = EDGE_CURVE('',#10517,#10517,#10575,.T.);
#10575 = SURFACE_CURVE('',#10576,(#10581,#10588),.PCURVE_S1.);
#10576 = CIRCLE('',#10577,2.);
#10577 = AXIS2_PLACEMENT_3D('',#10578,#10579,#10580);
#10578 = CARTESIAN_POINT('',(-31.,7.5,-5.E-02));
#10579 = DIRECTION('',(0.,0.,1.));
#10580 = DIRECTION('',(1.,0.,0.));
#10581 = PCURVE('',#10527,#10582);
#10582 = DEFINITIONAL_REPRESENTATION('',(#10583),#10587);
#10583 = LINE('',#10584,#10585);
#10584 = CARTESIAN_POINT('',(-0.,0.));
#10585 = VECTOR('',#10586,1.);
#10586 = DIRECTION('',(-1.,0.));
#10587 = ( GEOMETRIC_REPRESENTATION_CONTEXT(2) 
PARAMETRIC_REPRESENTATION_CONTEXT() REPRESENTATION_CONTEXT('2D SPACE',''
  ) );
#10588 = PCURVE('',#10589,#10594);
#10589 = PLANE('',#10590);
#10590 = AXIS2_PLACEMENT_3D('',#10591,#10592,#10593);
#10591 = CARTESIAN_POINT('',(-31.,7.5,-5.E-02));
#10592 = DIRECTION('',(0.,0.,1.));
#10593 = DIRECTION('',(1.,0.,-0.));
#10594 = DEFINITIONAL_REPRESENTATION('',(#10595),#10599);
#10595 = CIRCLE('',#10596,2.);
#10596 = AXIS2_PLACEMENT_2D('',#10597,#10598);
#10597 = CARTESIAN_POINT('',(0.,0.));
#10598 = DIRECTION('',(1.,0.));
#10599 = ( GEOMETRIC_REPRESENTATION_CONTEXT(2) 
PARAMETRIC_REPRESENTATION_CONTEXT() REPRESENTATION_CONTEXT('2D SPACE',''
  ) );
#10600 = ADVANCED_FACE('',(#10601),#10589,.F.);
#10601 = FACE_BOUND('',#10602,.F.);
#10602 = EDGE_LOOP('',(#10603));
#10603 = ORIENTED_EDGE('',*,*,#10574,.T.);
#10604 = ADVANCED_FACE('',(#10605),#10561,.T.);
#10605 = FACE_BOUND('',#10606,.T.);
#10606 = EDGE_LOOP('',(#10607));
#10607 = ORIENTED_EDGE('',*,*,#10546,.T.);
#10608 = ( GEOMETRIC_REPRESENTATION_CONTEXT(3) 
GLOBAL_UNCERTAINTY_ASSIGNED_CONTEXT((#10612)) 
GLOBAL_UNIT_ASSIGNED_CONTEXT((#10609,#10610,#10611)) 
REPRESENTATION_CONTEXT('Context #1',
  '3D Context with UNIT and UNCERTAINTY') );
#10609 = ( LENGTH_UNIT() NAMED_UNIT(*) SI_UNIT(.MILLI.,.METRE.) );
#10610 = ( NAMED_UNIT(*) PLANE_ANGLE_UNIT() SI_UNIT($,.RADIAN.) );
#10611 = ( NAMED_UNIT(*) SI_UNIT($,.STERADIAN.) SOLID_ANGLE_UNIT() );
#10612 = UNCERTAINTY_MEASURE_WITH_UNIT(LENGTH_MEASURE(1.E-07),#10609,
  'distance_accuracy_value','confusion accuracy');
#10613 = CONTEXT_DEPENDENT_SHAPE_REPRESENTATION(#10614,#10616);
#10614 = ( REPRESENTATION_RELATIONSHIP('','',#10509,#10) 
REPRESENTATION_RELATIONSHIP_WITH_TRANSFORMATION(#10615) 
SHAPE_REPRESENTATION_RELATIONSHIP() );
#10615 = ITEM_DEFINED_TRANSFORMATION('','',#11,#75);
#10616 = PRODUCT_DEFINITION_SHAPE('Placement','Placement of an item',
  #10617);
#10617 = NEXT_ASSEMBLY_USAGE_OCCURRENCE('16',
  'target_pad_P4_TOOL_ID_SPARE','',#5,#10504,$);
#10618 = PRODUCT_RELATED_PRODUCT_CATEGORY('part',$,(#10506));
#10619 = SHAPE_DEFINITION_REPRESENTATION(#10620,#10626);
#10620 = PRODUCT_DEFINITION_SHAPE('','',#10621);
#10621 = PRODUCT_DEFINITION('design','',#10622,#10625);
#10622 = PRODUCT_DEFINITION_FORMATION('','',#10623);
#10623 = PRODUCT('spoon_printed_carrier','spoon_printed_carrier','',(
    #10624));
#10624 = PRODUCT_CONTEXT('',#2,'mechanical');
#10625 = PRODUCT_DEFINITION_CONTEXT('part definition',#2,'design');
#10626 = SHAPE_REPRESENTATION('',(#11,#10627,#11125),#12832);
#10627 = MANIFOLD_SOLID_BREP('',#10628);
#10628 = CLOSED_SHELL('',(#10629,#10749,#10825,#10896,#10985,#11035,
    #11085,#11112));
#10629 = ADVANCED_FACE('',(#10630),#10644,.F.);
#10630 = FACE_BOUND('',#10631,.F.);
#10631 = EDGE_LOOP('',(#10632,#10667,#10695,#10723));
#10632 = ORIENTED_EDGE('',*,*,#10633,.F.);
#10633 = EDGE_CURVE('',#10634,#10636,#10638,.T.);
#10634 = VERTEX_POINT('',#10635);
#10635 = CARTESIAN_POINT('',(-23.,-19.,17.5));
#10636 = VERTEX_POINT('',#10637);
#10637 = CARTESIAN_POINT('',(-23.,19.,17.5));
#10638 = SURFACE_CURVE('',#10639,(#10643,#10655),.PCURVE_S1.);
#10639 = LINE('',#10640,#10641);
#10640 = CARTESIAN_POINT('',(-23.,-19.,17.5));
#10641 = VECTOR('',#10642,1.);
#10642 = DIRECTION('',(0.,1.,0.));
#10643 = PCURVE('',#10644,#10649);
#10644 = PLANE('',#10645);
#10645 = AXIS2_PLACEMENT_3D('',#10646,#10647,#10648);
#10646 = CARTESIAN_POINT('',(-23.,-19.,9.5));
#10647 = DIRECTION('',(1.,0.,0.));
#10648 = DIRECTION('',(0.,0.,1.));
#10649 = DEFINITIONAL_REPRESENTATION('',(#10650),#10654);
#10650 = LINE('',#10651,#10652);
#10651 = CARTESIAN_POINT('',(8.,0.));
#10652 = VECTOR('',#10653,1.);
#10653 = DIRECTION('',(0.,-1.));
#10654 = ( GEOMETRIC_REPRESENTATION_CONTEXT(2) 
PARAMETRIC_REPRESENTATION_CONTEXT() REPRESENTATION_CONTEXT('2D SPACE',''
  ) );
#10655 = PCURVE('',#10656,#10661);
#10656 = PLANE('',#10657);
#10657 = AXIS2_PLACEMENT_3D('',#10658,#10659,#10660);
#10658 = CARTESIAN_POINT('',(-23.,-19.,17.5));
#10659 = DIRECTION('',(0.,0.,1.));
#10660 = DIRECTION('',(1.,0.,0.));
#10661 = DEFINITIONAL_REPRESENTATION('',(#10662),#10666);
#10662 = LINE('',#10663,#10664);
#10663 = CARTESIAN_POINT('',(0.,0.));
#10664 = VECTOR('',#10665,1.);
#10665 = DIRECTION('',(0.,1.));
#10666 = ( GEOMETRIC_REPRESENTATION_CONTEXT(2) 
PARAMETRIC_REPRESENTATION_CONTEXT() REPRESENTATION_CONTEXT('2D SPACE',''
  ) );
#10667 = ORIENTED_EDGE('',*,*,#10668,.F.);
#10668 = EDGE_CURVE('',#10669,#10634,#10671,.T.);
#10669 = VERTEX_POINT('',#10670);
#10670 = CARTESIAN_POINT('',(-23.,-19.,9.5));
#10671 = SURFACE_CURVE('',#10672,(#10676,#10683),.PCURVE_S1.);
#10672 = LINE('',#10673,#10674);
#10673 = CARTESIAN_POINT('',(-23.,-19.,9.5));
#10674 = VECTOR('',#10675,1.);
#10675 = DIRECTION('',(0.,0.,1.));
#10676 = PCURVE('',#10644,#10677);
#10677 = DEFINITIONAL_REPRESENTATION('',(#10678),#10682);
#10678 = LINE('',#10679,#10680);
#10679 = CARTESIAN_POINT('',(0.,0.));
#10680 = VECTOR('',#10681,1.);
#10681 = DIRECTION('',(1.,0.));
#10682 = ( GEOMETRIC_REPRESENTATION_CONTEXT(2) 
PARAMETRIC_REPRESENTATION_CONTEXT() REPRESENTATION_CONTEXT('2D SPACE',''
  ) );
#10683 = PCURVE('',#10684,#10689);
#10684 = PLANE('',#10685);
#10685 = AXIS2_PLACEMENT_3D('',#10686,#10687,#10688);
#10686 = CARTESIAN_POINT('',(-23.,-19.,9.5));
#10687 = DIRECTION('',(0.,1.,0.));
#10688 = DIRECTION('',(0.,0.,1.));
#10689 = DEFINITIONAL_REPRESENTATION('',(#10690),#10694);
#10690 = LINE('',#10691,#10692);
#10691 = CARTESIAN_POINT('',(0.,0.));
#10692 = VECTOR('',#10693,1.);
#10693 = DIRECTION('',(1.,0.));
#10694 = ( GEOMETRIC_REPRESENTATION_CONTEXT(2) 
PARAMETRIC_REPRESENTATION_CONTEXT() REPRESENTATION_CONTEXT('2D SPACE',''
  ) );
#10695 = ORIENTED_EDGE('',*,*,#10696,.F.);
#10696 = EDGE_CURVE('',#10697,#10669,#10699,.T.);
#10697 = VERTEX_POINT('',#10698);
#10698 = CARTESIAN_POINT('',(-23.,19.,9.5));
#10699 = SURFACE_CURVE('',#10700,(#10704,#10711),.PCURVE_S1.);
#10700 = LINE('',#10701,#10702);
#10701 = CARTESIAN_POINT('',(-23.,19.,9.5));
#10702 = VECTOR('',#10703,1.);
#10703 = DIRECTION('',(0.,-1.,0.));
#10704 = PCURVE('',#10644,#10705);
#10705 = DEFINITIONAL_REPRESENTATION('',(#10706),#10710);
#10706 = LINE('',#10707,#10708);
#10707 = CARTESIAN_POINT('',(0.,-38.));
#10708 = VECTOR('',#10709,1.);
#10709 = DIRECTION('',(0.,1.));
#10710 = ( GEOMETRIC_REPRESENTATION_CONTEXT(2) 
PARAMETRIC_REPRESENTATION_CONTEXT() REPRESENTATION_CONTEXT('2D SPACE',''
  ) );
#10711 = PCURVE('',#10712,#10717);
#10712 = PLANE('',#10713);
#10713 = AXIS2_PLACEMENT_3D('',#10714,#10715,#10716);
#10714 = CARTESIAN_POINT('',(-23.,-19.,9.5));
#10715 = DIRECTION('',(0.,0.,1.));
#10716 = DIRECTION('',(1.,0.,0.));
#10717 = DEFINITIONAL_REPRESENTATION('',(#10718),#10722);
#10718 = LINE('',#10719,#10720);
#10719 = CARTESIAN_POINT('',(0.,38.));
#10720 = VECTOR('',#10721,1.);
#10721 = DIRECTION('',(0.,-1.));
#10722 = ( GEOMETRIC_REPRESENTATION_CONTEXT(2) 
PARAMETRIC_REPRESENTATION_CONTEXT() REPRESENTATION_CONTEXT('2D SPACE',''
  ) );
#10723 = ORIENTED_EDGE('',*,*,#10724,.T.);
#10724 = EDGE_CURVE('',#10697,#10636,#10725,.T.);
#10725 = SURFACE_CURVE('',#10726,(#10730,#10737),.PCURVE_S1.);
#10726 = LINE('',#10727,#10728);
#10727 = CARTESIAN_POINT('',(-23.,19.,9.5));
#10728 = VECTOR('',#10729,1.);
#10729 = DIRECTION('',(0.,0.,1.));
#10730 = PCURVE('',#10644,#10731);
#10731 = DEFINITIONAL_REPRESENTATION('',(#10732),#10736);
#10732 = LINE('',#10733,#10734);
#10733 = CARTESIAN_POINT('',(0.,-38.));
#10734 = VECTOR('',#10735,1.);
#10735 = DIRECTION('',(1.,0.));
#10736 = ( GEOMETRIC_REPRESENTATION_CONTEXT(2) 
PARAMETRIC_REPRESENTATION_CONTEXT() REPRESENTATION_CONTEXT('2D SPACE',''
  ) );
#10737 = PCURVE('',#10738,#10743);
#10738 = PLANE('',#10739);
#10739 = AXIS2_PLACEMENT_3D('',#10740,#10741,#10742);
#10740 = CARTESIAN_POINT('',(-23.,19.,9.5));
#10741 = DIRECTION('',(0.,1.,0.));
#10742 = DIRECTION('',(0.,0.,1.));
#10743 = DEFINITIONAL_REPRESENTATION('',(#10744),#10748);
#10744 = LINE('',#10745,#10746);
#10745 = CARTESIAN_POINT('',(0.,0.));
#10746 = VECTOR('',#10747,1.);
#10747 = DIRECTION('',(1.,0.));
#10748 = ( GEOMETRIC_REPRESENTATION_CONTEXT(2) 
PARAMETRIC_REPRESENTATION_CONTEXT() REPRESENTATION_CONTEXT('2D SPACE',''
  ) );
#10749 = ADVANCED_FACE('',(#10750),#10738,.T.);
#10750 = FACE_BOUND('',#10751,.T.);
#10751 = EDGE_LOOP('',(#10752,#10775,#10776,#10799));
#10752 = ORIENTED_EDGE('',*,*,#10753,.F.);
#10753 = EDGE_CURVE('',#10697,#10754,#10756,.T.);
#10754 = VERTEX_POINT('',#10755);
#10755 = CARTESIAN_POINT('',(23.,19.,9.5));
#10756 = SURFACE_CURVE('',#10757,(#10761,#10768),.PCURVE_S1.);
#10757 = LINE('',#10758,#10759);
#10758 = CARTESIAN_POINT('',(-23.,19.,9.5));
#10759 = VECTOR('',#10760,1.);
#10760 = DIRECTION('',(1.,0.,0.));
#10761 = PCURVE('',#10738,#10762);
#10762 = DEFINITIONAL_REPRESENTATION('',(#10763),#10767);
#10763 = LINE('',#10764,#10765);
#10764 = CARTESIAN_POINT('',(0.,0.));
#10765 = VECTOR('',#10766,1.);
#10766 = DIRECTION('',(0.,1.));
#10767 = ( GEOMETRIC_REPRESENTATION_CONTEXT(2) 
PARAMETRIC_REPRESENTATION_CONTEXT() REPRESENTATION_CONTEXT('2D SPACE',''
  ) );
#10768 = PCURVE('',#10712,#10769);
#10769 = DEFINITIONAL_REPRESENTATION('',(#10770),#10774);
#10770 = LINE('',#10771,#10772);
#10771 = CARTESIAN_POINT('',(0.,38.));
#10772 = VECTOR('',#10773,1.);
#10773 = DIRECTION('',(1.,0.));
#10774 = ( GEOMETRIC_REPRESENTATION_CONTEXT(2) 
PARAMETRIC_REPRESENTATION_CONTEXT() REPRESENTATION_CONTEXT('2D SPACE',''
  ) );
#10775 = ORIENTED_EDGE('',*,*,#10724,.T.);
#10776 = ORIENTED_EDGE('',*,*,#10777,.F.);
#10777 = EDGE_CURVE('',#10778,#10636,#10780,.T.);
#10778 = VERTEX_POINT('',#10779);
#10779 = CARTESIAN_POINT('',(23.,19.,17.5));
#10780 = SURFACE_CURVE('',#10781,(#10785,#10792),.PCURVE_S1.);
#10781 = LINE('',#10782,#10783);
#10782 = CARTESIAN_POINT('',(23.,19.,17.5));
#10783 = VECTOR('',#10784,1.);
#10784 = DIRECTION('',(-1.,0.,0.));
#10785 = PCURVE('',#10738,#10786);
#10786 = DEFINITIONAL_REPRESENTATION('',(#10787),#10791);
#10787 = LINE('',#10788,#10789);
#10788 = CARTESIAN_POINT('',(8.,46.));
#10789 = VECTOR('',#10790,1.);
#10790 = DIRECTION('',(0.,-1.));
#10791 = ( GEOMETRIC_REPRESENTATION_CONTEXT(2) 
PARAMETRIC_REPRESENTATION_CONTEXT() REPRESENTATION_CONTEXT('2D SPACE',''
  ) );
#10792 = PCURVE('',#10656,#10793);
#10793 = DEFINITIONAL_REPRESENTATION('',(#10794),#10798);
#10794 = LINE('',#10795,#10796);
#10795 = CARTESIAN_POINT('',(46.,38.));
#10796 = VECTOR('',#10797,1.);
#10797 = DIRECTION('',(-1.,0.));
#10798 = ( GEOMETRIC_REPRESENTATION_CONTEXT(2) 
PARAMETRIC_REPRESENTATION_CONTEXT() REPRESENTATION_CONTEXT('2D SPACE',''
  ) );
#10799 = ORIENTED_EDGE('',*,*,#10800,.F.);
#10800 = EDGE_CURVE('',#10754,#10778,#10801,.T.);
#10801 = SURFACE_CURVE('',#10802,(#10806,#10813),.PCURVE_S1.);
#10802 = LINE('',#10803,#10804);
#10803 = CARTESIAN_POINT('',(23.,19.,9.5));
#10804 = VECTOR('',#10805,1.);
#10805 = DIRECTION('',(0.,0.,1.));
#10806 = PCURVE('',#10738,#10807);
#10807 = DEFINITIONAL_REPRESENTATION('',(#10808),#10812);
#10808 = LINE('',#10809,#10810);
#10809 = CARTESIAN_POINT('',(0.,46.));
#10810 = VECTOR('',#10811,1.);
#10811 = DIRECTION('',(1.,0.));
#10812 = ( GEOMETRIC_REPRESENTATION_CONTEXT(2) 
PARAMETRIC_REPRESENTATION_CONTEXT() REPRESENTATION_CONTEXT('2D SPACE',''
  ) );
#10813 = PCURVE('',#10814,#10819);
#10814 = PLANE('',#10815);
#10815 = AXIS2_PLACEMENT_3D('',#10816,#10817,#10818);
#10816 = CARTESIAN_POINT('',(23.,-19.,9.5));
#10817 = DIRECTION('',(1.,0.,0.));
#10818 = DIRECTION('',(0.,0.,1.));
#10819 = DEFINITIONAL_REPRESENTATION('',(#10820),#10824);
#10820 = LINE('',#10821,#10822);
#10821 = CARTESIAN_POINT('',(0.,-38.));
#10822 = VECTOR('',#10823,1.);
#10823 = DIRECTION('',(1.,0.));
#10824 = ( GEOMETRIC_REPRESENTATION_CONTEXT(2) 
PARAMETRIC_REPRESENTATION_CONTEXT() REPRESENTATION_CONTEXT('2D SPACE',''
  ) );
#10825 = ADVANCED_FACE('',(#10826),#10814,.T.);
#10826 = FACE_BOUND('',#10827,.T.);
#10827 = EDGE_LOOP('',(#10828,#10851,#10874,#10895));
#10828 = ORIENTED_EDGE('',*,*,#10829,.F.);
#10829 = EDGE_CURVE('',#10830,#10778,#10832,.T.);
#10830 = VERTEX_POINT('',#10831);
#10831 = CARTESIAN_POINT('',(23.,-19.,17.5));
#10832 = SURFACE_CURVE('',#10833,(#10837,#10844),.PCURVE_S1.);
#10833 = LINE('',#10834,#10835);
#10834 = CARTESIAN_POINT('',(23.,-19.,17.5));
#10835 = VECTOR('',#10836,1.);
#10836 = DIRECTION('',(0.,1.,0.));
#10837 = PCURVE('',#10814,#10838);
#10838 = DEFINITIONAL_REPRESENTATION('',(#10839),#10843);
#10839 = LINE('',#10840,#10841);
#10840 = CARTESIAN_POINT('',(8.,0.));
#10841 = VECTOR('',#10842,1.);
#10842 = DIRECTION('',(0.,-1.));
#10843 = ( GEOMETRIC_REPRESENTATION_CONTEXT(2) 
PARAMETRIC_REPRESENTATION_CONTEXT() REPRESENTATION_CONTEXT('2D SPACE',''
  ) );
#10844 = PCURVE('',#10656,#10845);
#10845 = DEFINITIONAL_REPRESENTATION('',(#10846),#10850);
#10846 = LINE('',#10847,#10848);
#10847 = CARTESIAN_POINT('',(46.,0.));
#10848 = VECTOR('',#10849,1.);
#10849 = DIRECTION('',(0.,1.));
#10850 = ( GEOMETRIC_REPRESENTATION_CONTEXT(2) 
PARAMETRIC_REPRESENTATION_CONTEXT() REPRESENTATION_CONTEXT('2D SPACE',''
  ) );
#10851 = ORIENTED_EDGE('',*,*,#10852,.F.);
#10852 = EDGE_CURVE('',#10853,#10830,#10855,.T.);
#10853 = VERTEX_POINT('',#10854);
#10854 = CARTESIAN_POINT('',(23.,-19.,9.5));
#10855 = SURFACE_CURVE('',#10856,(#10860,#10867),.PCURVE_S1.);
#10856 = LINE('',#10857,#10858);
#10857 = CARTESIAN_POINT('',(23.,-19.,9.5));
#10858 = VECTOR('',#10859,1.);
#10859 = DIRECTION('',(0.,0.,1.));
#10860 = PCURVE('',#10814,#10861);
#10861 = DEFINITIONAL_REPRESENTATION('',(#10862),#10866);
#10862 = LINE('',#10863,#10864);
#10863 = CARTESIAN_POINT('',(0.,0.));
#10864 = VECTOR('',#10865,1.);
#10865 = DIRECTION('',(1.,0.));
#10866 = ( GEOMETRIC_REPRESENTATION_CONTEXT(2) 
PARAMETRIC_REPRESENTATION_CONTEXT() REPRESENTATION_CONTEXT('2D SPACE',''
  ) );
#10867 = PCURVE('',#10684,#10868);
#10868 = DEFINITIONAL_REPRESENTATION('',(#10869),#10873);
#10869 = LINE('',#10870,#10871);
#10870 = CARTESIAN_POINT('',(0.,46.));
#10871 = VECTOR('',#10872,1.);
#10872 = DIRECTION('',(1.,0.));
#10873 = ( GEOMETRIC_REPRESENTATION_CONTEXT(2) 
PARAMETRIC_REPRESENTATION_CONTEXT() REPRESENTATION_CONTEXT('2D SPACE',''
  ) );
#10874 = ORIENTED_EDGE('',*,*,#10875,.F.);
#10875 = EDGE_CURVE('',#10754,#10853,#10876,.T.);
#10876 = SURFACE_CURVE('',#10877,(#10881,#10888),.PCURVE_S1.);
#10877 = LINE('',#10878,#10879);
#10878 = CARTESIAN_POINT('',(23.,19.,9.5));
#10879 = VECTOR('',#10880,1.);
#10880 = DIRECTION('',(0.,-1.,0.));
#10881 = PCURVE('',#10814,#10882);
#10882 = DEFINITIONAL_REPRESENTATION('',(#10883),#10887);
#10883 = LINE('',#10884,#10885);
#10884 = CARTESIAN_POINT('',(0.,-38.));
#10885 = VECTOR('',#10886,1.);
#10886 = DIRECTION('',(0.,1.));
#10887 = ( GEOMETRIC_REPRESENTATION_CONTEXT(2) 
PARAMETRIC_REPRESENTATION_CONTEXT() REPRESENTATION_CONTEXT('2D SPACE',''
  ) );
#10888 = PCURVE('',#10712,#10889);
#10889 = DEFINITIONAL_REPRESENTATION('',(#10890),#10894);
#10890 = LINE('',#10891,#10892);
#10891 = CARTESIAN_POINT('',(46.,38.));
#10892 = VECTOR('',#10893,1.);
#10893 = DIRECTION('',(0.,-1.));
#10894 = ( GEOMETRIC_REPRESENTATION_CONTEXT(2) 
PARAMETRIC_REPRESENTATION_CONTEXT() REPRESENTATION_CONTEXT('2D SPACE',''
  ) );
#10895 = ORIENTED_EDGE('',*,*,#10800,.T.);
#10896 = ADVANCED_FACE('',(#10897,#10923,#10954),#10712,.F.);
#10897 = FACE_BOUND('',#10898,.F.);
#10898 = EDGE_LOOP('',(#10899,#10920,#10921,#10922));
#10899 = ORIENTED_EDGE('',*,*,#10900,.F.);
#10900 = EDGE_CURVE('',#10853,#10669,#10901,.T.);
#10901 = SURFACE_CURVE('',#10902,(#10906,#10913),.PCURVE_S1.);
#10902 = LINE('',#10903,#10904);
#10903 = CARTESIAN_POINT('',(23.,-19.,9.5));
#10904 = VECTOR('',#10905,1.);
#10905 = DIRECTION('',(-1.,0.,0.));
#10906 = PCURVE('',#10712,#10907);
#10907 = DEFINITIONAL_REPRESENTATION('',(#10908),#10912);
#10908 = LINE('',#10909,#10910);
#10909 = CARTESIAN_POINT('',(46.,0.));
#10910 = VECTOR('',#10911,1.);
#10911 = DIRECTION('',(-1.,0.));
#10912 = ( GEOMETRIC_REPRESENTATION_CONTEXT(2) 
PARAMETRIC_REPRESENTATION_CONTEXT() REPRESENTATION_CONTEXT('2D SPACE',''
  ) );
#10913 = PCURVE('',#10684,#10914);
#10914 = DEFINITIONAL_REPRESENTATION('',(#10915),#10919);
#10915 = LINE('',#10916,#10917);
#10916 = CARTESIAN_POINT('',(0.,46.));
#10917 = VECTOR('',#10918,1.);
#10918 = DIRECTION('',(0.,-1.));
#10919 = ( GEOMETRIC_REPRESENTATION_CONTEXT(2) 
PARAMETRIC_REPRESENTATION_CONTEXT() REPRESENTATION_CONTEXT('2D SPACE',''
  ) );
#10920 = ORIENTED_EDGE('',*,*,#10875,.F.);
#10921 = ORIENTED_EDGE('',*,*,#10753,.F.);
#10922 = ORIENTED_EDGE('',*,*,#10696,.T.);
#10923 = FACE_BOUND('',#10924,.F.);
#10924 = EDGE_LOOP('',(#10925));
#10925 = ORIENTED_EDGE('',*,*,#10926,.F.);
#10926 = EDGE_CURVE('',#10927,#10927,#10929,.T.);
#10927 = VERTEX_POINT('',#10928);
#10928 = CARTESIAN_POINT('',(13.5,-3.306546357698E-15,9.5));
#10929 = SURFACE_CURVE('',#10930,(#10935,#10942),.PCURVE_S1.);
#10930 = CIRCLE('',#10931,13.5);
#10931 = AXIS2_PLACEMENT_3D('',#10932,#10933,#10934);
#10932 = CARTESIAN_POINT('',(0.,0.,9.5));
#10933 = DIRECTION('',(0.,0.,1.));
#10934 = DIRECTION('',(1.,0.,-0.));
#10935 = PCURVE('',#10712,#10936);
#10936 = DEFINITIONAL_REPRESENTATION('',(#10937),#10941);
#10937 = CIRCLE('',#10938,13.5);
#10938 = AXIS2_PLACEMENT_2D('',#10939,#10940);
#10939 = CARTESIAN_POINT('',(23.,19.));
#10940 = DIRECTION('',(1.,0.));
#10941 = ( GEOMETRIC_REPRESENTATION_CONTEXT(2) 
PARAMETRIC_REPRESENTATION_CONTEXT() REPRESENTATION_CONTEXT('2D SPACE',''
  ) );
#10942 = PCURVE('',#10943,#10948);
#10943 = CYLINDRICAL_SURFACE('',#10944,13.5);
#10944 = AXIS2_PLACEMENT_3D('',#10945,#10946,#10947);
#10945 = CARTESIAN_POINT('',(0.,0.,9.4));
#10946 = DIRECTION('',(0.,0.,1.));
#10947 = DIRECTION('',(1.,0.,-0.));
#10948 = DEFINITIONAL_REPRESENTATION('',(#10949),#10953);
#10949 = LINE('',#10950,#10951);
#10950 = CARTESIAN_POINT('',(0.,1.E-01));
#10951 = VECTOR('',#10952,1.);
#10952 = DIRECTION('',(1.,0.));
#10953 = ( GEOMETRIC_REPRESENTATION_CONTEXT(2) 
PARAMETRIC_REPRESENTATION_CONTEXT() REPRESENTATION_CONTEXT('2D SPACE',''
  ) );
#10954 = FACE_BOUND('',#10955,.F.);
#10955 = EDGE_LOOP('',(#10956));
#10956 = ORIENTED_EDGE('',*,*,#10957,.F.);
#10957 = EDGE_CURVE('',#10958,#10958,#10960,.T.);
#10958 = VERTEX_POINT('',#10959);
#10959 = CARTESIAN_POINT('',(22.95,-1.114428587224E-15,9.5));
#10960 = SURFACE_CURVE('',#10961,(#10966,#10973),.PCURVE_S1.);
#10961 = CIRCLE('',#10962,4.55);
#10962 = AXIS2_PLACEMENT_3D('',#10963,#10964,#10965);
#10963 = CARTESIAN_POINT('',(18.4,0.,9.5));
#10964 = DIRECTION('',(0.,0.,1.));
#10965 = DIRECTION('',(1.,0.,-0.));
#10966 = PCURVE('',#10712,#10967);
#10967 = DEFINITIONAL_REPRESENTATION('',(#10968),#10972);
#10968 = CIRCLE('',#10969,4.55);
#10969 = AXIS2_PLACEMENT_2D('',#10970,#10971);
#10970 = CARTESIAN_POINT('',(41.4,19.));
#10971 = DIRECTION('',(1.,0.));
#10972 = ( GEOMETRIC_REPRESENTATION_CONTEXT(2) 
PARAMETRIC_REPRESENTATION_CONTEXT() REPRESENTATION_CONTEXT('2D SPACE',''
  ) );
#10973 = PCURVE('',#10974,#10979);
#10974 = CYLINDRICAL_SURFACE('',#10975,4.55);
#10975 = AXIS2_PLACEMENT_3D('',#10976,#10977,#10978);
#10976 = CARTESIAN_POINT('',(18.4,0.,9.4));
#10977 = DIRECTION('',(0.,0.,1.));
#10978 = DIRECTION('',(1.,0.,-0.));
#10979 = DEFINITIONAL_REPRESENTATION('',(#10980),#10984);
#10980 = LINE('',#10981,#10982);
#10981 = CARTESIAN_POINT('',(0.,1.E-01));
#10982 = VECTOR('',#10983,1.);
#10983 = DIRECTION('',(1.,0.));
#10984 = ( GEOMETRIC_REPRESENTATION_CONTEXT(2) 
PARAMETRIC_REPRESENTATION_CONTEXT() REPRESENTATION_CONTEXT('2D SPACE',''
  ) );
#10985 = ADVANCED_FACE('',(#10986),#10974,.F.);
#10986 = FACE_BOUND('',#10987,.F.);
#10987 = EDGE_LOOP('',(#10988,#11012,#11033,#11034));
#10988 = ORIENTED_EDGE('',*,*,#10989,.F.);
#10989 = EDGE_CURVE('',#10990,#10990,#10992,.T.);
#10990 = VERTEX_POINT('',#10991);
#10991 = CARTESIAN_POINT('',(22.95,-1.114428587224E-15,17.5));
#10992 = SURFACE_CURVE('',#10993,(#10998,#11005),.PCURVE_S1.);
#10993 = CIRCLE('',#10994,4.55);
#10994 = AXIS2_PLACEMENT_3D('',#10995,#10996,#10997);
#10995 = CARTESIAN_POINT('',(18.4,0.,17.5));
#10996 = DIRECTION('',(0.,0.,1.));
#10997 = DIRECTION('',(1.,0.,-0.));
#10998 = PCURVE('',#10974,#10999);
#10999 = DEFINITIONAL_REPRESENTATION('',(#11000),#11004);
#11000 = LINE('',#11001,#11002);
#11001 = CARTESIAN_POINT('',(0.,8.1));
#11002 = VECTOR('',#11003,1.);
#11003 = DIRECTION('',(1.,0.));
#11004 = ( GEOMETRIC_REPRESENTATION_CONTEXT(2) 
PARAMETRIC_REPRESENTATION_CONTEXT() REPRESENTATION_CONTEXT('2D SPACE',''
  ) );
#11005 = PCURVE('',#10656,#11006);
#11006 = DEFINITIONAL_REPRESENTATION('',(#11007),#11011);
#11007 = CIRCLE('',#11008,4.55);
#11008 = AXIS2_PLACEMENT_2D('',#11009,#11010);
#11009 = CARTESIAN_POINT('',(41.4,19.));
#11010 = DIRECTION('',(1.,0.));
#11011 = ( GEOMETRIC_REPRESENTATION_CONTEXT(2) 
PARAMETRIC_REPRESENTATION_CONTEXT() REPRESENTATION_CONTEXT('2D SPACE',''
  ) );
#11012 = ORIENTED_EDGE('',*,*,#11013,.F.);
#11013 = EDGE_CURVE('',#10958,#10990,#11014,.T.);
#11014 = SEAM_CURVE('',#11015,(#11019,#11026),.PCURVE_S1.);
#11015 = LINE('',#11016,#11017);
#11016 = CARTESIAN_POINT('',(22.95,-1.114428587224E-15,9.4));
#11017 = VECTOR('',#11018,1.);
#11018 = DIRECTION('',(0.,0.,1.));
#11019 = PCURVE('',#10974,#11020);
#11020 = DEFINITIONAL_REPRESENTATION('',(#11021),#11025);
#11021 = LINE('',#11022,#11023);
#11022 = CARTESIAN_POINT('',(6.28318530718,-0.));
#11023 = VECTOR('',#11024,1.);
#11024 = DIRECTION('',(0.,1.));
#11025 = ( GEOMETRIC_REPRESENTATION_CONTEXT(2) 
PARAMETRIC_REPRESENTATION_CONTEXT() REPRESENTATION_CONTEXT('2D SPACE',''
  ) );
#11026 = PCURVE('',#10974,#11027);
#11027 = DEFINITIONAL_REPRESENTATION('',(#11028),#11032);
#11028 = LINE('',#11029,#11030);
#11029 = CARTESIAN_POINT('',(0.,-0.));
#11030 = VECTOR('',#11031,1.);
#11031 = DIRECTION('',(0.,1.));
#11032 = ( GEOMETRIC_REPRESENTATION_CONTEXT(2) 
PARAMETRIC_REPRESENTATION_CONTEXT() REPRESENTATION_CONTEXT('2D SPACE',''
  ) );
#11033 = ORIENTED_EDGE('',*,*,#10957,.T.);
#11034 = ORIENTED_EDGE('',*,*,#11013,.T.);
#11035 = ADVANCED_FACE('',(#11036),#10943,.F.);
#11036 = FACE_BOUND('',#11037,.F.);
#11037 = EDGE_LOOP('',(#11038,#11062,#11083,#11084));
#11038 = ORIENTED_EDGE('',*,*,#11039,.F.);
#11039 = EDGE_CURVE('',#11040,#11040,#11042,.T.);
#11040 = VERTEX_POINT('',#11041);
#11041 = CARTESIAN_POINT('',(13.5,-3.306546357698E-15,17.5));
#11042 = SURFACE_CURVE('',#11043,(#11048,#11055),.PCURVE_S1.);
#11043 = CIRCLE('',#11044,13.5);
#11044 = AXIS2_PLACEMENT_3D('',#11045,#11046,#11047);
#11045 = CARTESIAN_POINT('',(0.,0.,17.5));
#11046 = DIRECTION('',(0.,0.,1.));
#11047 = DIRECTION('',(1.,0.,-0.));
#11048 = PCURVE('',#10943,#11049);
#11049 = DEFINITIONAL_REPRESENTATION('',(#11050),#11054);
#11050 = LINE('',#11051,#11052);
#11051 = CARTESIAN_POINT('',(0.,8.1));
#11052 = VECTOR('',#11053,1.);
#11053 = DIRECTION('',(1.,0.));
#11054 = ( GEOMETRIC_REPRESENTATION_CONTEXT(2) 
PARAMETRIC_REPRESENTATION_CONTEXT() REPRESENTATION_CONTEXT('2D SPACE',''
  ) );
#11055 = PCURVE('',#10656,#11056);
#11056 = DEFINITIONAL_REPRESENTATION('',(#11057),#11061);
#11057 = CIRCLE('',#11058,13.5);
#11058 = AXIS2_PLACEMENT_2D('',#11059,#11060);
#11059 = CARTESIAN_POINT('',(23.,19.));
#11060 = DIRECTION('',(1.,0.));
#11061 = ( GEOMETRIC_REPRESENTATION_CONTEXT(2) 
PARAMETRIC_REPRESENTATION_CONTEXT() REPRESENTATION_CONTEXT('2D SPACE',''
  ) );
#11062 = ORIENTED_EDGE('',*,*,#11063,.F.);
#11063 = EDGE_CURVE('',#10927,#11040,#11064,.T.);
#11064 = SEAM_CURVE('',#11065,(#11069,#11076),.PCURVE_S1.);
#11065 = LINE('',#11066,#11067);
#11066 = CARTESIAN_POINT('',(13.5,-3.306546357698E-15,9.4));
#11067 = VECTOR('',#11068,1.);
#11068 = DIRECTION('',(0.,0.,1.));
#11069 = PCURVE('',#10943,#11070);
#11070 = DEFINITIONAL_REPRESENTATION('',(#11071),#11075);
#11071 = LINE('',#11072,#11073);
#11072 = CARTESIAN_POINT('',(6.28318530718,-0.));
#11073 = VECTOR('',#11074,1.);
#11074 = DIRECTION('',(0.,1.));
#11075 = ( GEOMETRIC_REPRESENTATION_CONTEXT(2) 
PARAMETRIC_REPRESENTATION_CONTEXT() REPRESENTATION_CONTEXT('2D SPACE',''
  ) );
#11076 = PCURVE('',#10943,#11077);
#11077 = DEFINITIONAL_REPRESENTATION('',(#11078),#11082);
#11078 = LINE('',#11079,#11080);
#11079 = CARTESIAN_POINT('',(0.,-0.));
#11080 = VECTOR('',#11081,1.);
#11081 = DIRECTION('',(0.,1.));
#11082 = ( GEOMETRIC_REPRESENTATION_CONTEXT(2) 
PARAMETRIC_REPRESENTATION_CONTEXT() REPRESENTATION_CONTEXT('2D SPACE',''
  ) );
#11083 = ORIENTED_EDGE('',*,*,#10926,.T.);
#11084 = ORIENTED_EDGE('',*,*,#11063,.T.);
#11085 = ADVANCED_FACE('',(#11086),#10684,.F.);
#11086 = FACE_BOUND('',#11087,.F.);
#11087 = EDGE_LOOP('',(#11088,#11089,#11110,#11111));
#11088 = ORIENTED_EDGE('',*,*,#10668,.T.);
#11089 = ORIENTED_EDGE('',*,*,#11090,.T.);
#11090 = EDGE_CURVE('',#10634,#10830,#11091,.T.);
#11091 = SURFACE_CURVE('',#11092,(#11096,#11103),.PCURVE_S1.);
#11092 = LINE('',#11093,#11094);
#11093 = CARTESIAN_POINT('',(-23.,-19.,17.5));
#11094 = VECTOR('',#11095,1.);
#11095 = DIRECTION('',(1.,0.,0.));
#11096 = PCURVE('',#10684,#11097);
#11097 = DEFINITIONAL_REPRESENTATION('',(#11098),#11102);
#11098 = LINE('',#11099,#11100);
#11099 = CARTESIAN_POINT('',(8.,0.));
#11100 = VECTOR('',#11101,1.);
#11101 = DIRECTION('',(0.,1.));
#11102 = ( GEOMETRIC_REPRESENTATION_CONTEXT(2) 
PARAMETRIC_REPRESENTATION_CONTEXT() REPRESENTATION_CONTEXT('2D SPACE',''
  ) );
#11103 = PCURVE('',#10656,#11104);
#11104 = DEFINITIONAL_REPRESENTATION('',(#11105),#11109);
#11105 = LINE('',#11106,#11107);
#11106 = CARTESIAN_POINT('',(0.,0.));
#11107 = VECTOR('',#11108,1.);
#11108 = DIRECTION('',(1.,0.));
#11109 = ( GEOMETRIC_REPRESENTATION_CONTEXT(2) 
PARAMETRIC_REPRESENTATION_CONTEXT() REPRESENTATION_CONTEXT('2D SPACE',''
  ) );
#11110 = ORIENTED_EDGE('',*,*,#10852,.F.);
#11111 = ORIENTED_EDGE('',*,*,#10900,.T.);
#11112 = ADVANCED_FACE('',(#11113,#11119,#11122),#10656,.T.);
#11113 = FACE_BOUND('',#11114,.T.);
#11114 = EDGE_LOOP('',(#11115,#11116,#11117,#11118));
#11115 = ORIENTED_EDGE('',*,*,#10633,.F.);
#11116 = ORIENTED_EDGE('',*,*,#11090,.T.);
#11117 = ORIENTED_EDGE('',*,*,#10829,.T.);
#11118 = ORIENTED_EDGE('',*,*,#10777,.T.);
#11119 = FACE_BOUND('',#11120,.T.);
#11120 = EDGE_LOOP('',(#11121));
#11121 = ORIENTED_EDGE('',*,*,#11039,.F.);
#11122 = FACE_BOUND('',#11123,.T.);
#11123 = EDGE_LOOP('',(#11124));
#11124 = ORIENTED_EDGE('',*,*,#10989,.F.);
#11125 = MANIFOLD_SOLID_BREP('',#11126);
#11126 = CLOSED_SHELL('',(#11127,#11635,#12231,#12789,#12796,#12803));
#11127 = ADVANCED_FACE('',(#11128,#11426),#11142,.T.);
#11128 = FACE_BOUND('',#11129,.F.);
#11129 = EDGE_LOOP('',(#11130,#11160,#11257,#11280,#11307,#11308,#11398,
    #11399));
#11130 = ORIENTED_EDGE('',*,*,#11131,.T.);
#11131 = EDGE_CURVE('',#11132,#11134,#11136,.T.);
#11132 = VERTEX_POINT('',#11133);
#11133 = CARTESIAN_POINT('',(6.,0.,9.5));
#11134 = VERTEX_POINT('',#11135);
#11135 = CARTESIAN_POINT('',(6.,0.,19.9));
#11136 = SEAM_CURVE('',#11137,(#11141,#11153),.PCURVE_S1.);
#11137 = LINE('',#11138,#11139);
#11138 = CARTESIAN_POINT('',(6.,0.,9.5));
#11139 = VECTOR('',#11140,1.);
#11140 = DIRECTION('',(0.,0.,1.));
#11141 = PCURVE('',#11142,#11147);
#11142 = CYLINDRICAL_SURFACE('',#11143,6.);
#11143 = AXIS2_PLACEMENT_3D('',#11144,#11145,#11146);
#11144 = CARTESIAN_POINT('',(0.,0.,9.5));
#11145 = DIRECTION('',(-0.,-0.,-1.));
#11146 = DIRECTION('',(1.,0.,0.));
#11147 = DEFINITIONAL_REPRESENTATION('',(#11148),#11152);
#11148 = LINE('',#11149,#11150);
#11149 = CARTESIAN_POINT('',(-0.,0.));
#11150 = VECTOR('',#11151,1.);
#11151 = DIRECTION('',(-0.,-1.));
#11152 = ( GEOMETRIC_REPRESENTATION_CONTEXT(2) 
PARAMETRIC_REPRESENTATION_CONTEXT() REPRESENTATION_CONTEXT('2D SPACE',''
  ) );
#11153 = PCURVE('',#11142,#11154);
#11154 = DEFINITIONAL_REPRESENTATION('',(#11155),#11159);
#11155 = LINE('',#11156,#11157);
#11156 = CARTESIAN_POINT('',(-6.28318530718,0.));
#11157 = VECTOR('',#11158,1.);
#11158 = DIRECTION('',(-0.,-1.));
#11159 = ( GEOMETRIC_REPRESENTATION_CONTEXT(2) 
PARAMETRIC_REPRESENTATION_CONTEXT() REPRESENTATION_CONTEXT('2D SPACE',''
  ) );
#11160 = ORIENTED_EDGE('',*,*,#11161,.T.);
#11161 = EDGE_CURVE('',#11134,#11162,#11164,.T.);
#11162 = VERTEX_POINT('',#11163);
#11163 = CARTESIAN_POINT('',(6.,1.959434878636E-16,23.1));
#11164 = SURFACE_CURVE('',#11165,(#11192,#11222),.PCURVE_S1.);
#11165 = B_SPLINE_CURVE_WITH_KNOTS('',7,(#11166,#11167,#11168,#11169,
    #11170,#11171,#11172,#11173,#11174,#11175,#11176,#11177,#11178,
    #11179,#11180,#11181,#11182,#11183,#11184,#11185,#11186,#11187,
    #11188,#11189,#11190,#11191),.UNSPECIFIED.,.F.,.F.,(8,6,6,6,8),(0.,
    0.238292691467,0.500040211725,0.761787731983,1.),.UNSPECIFIED.);
#11166 = CARTESIAN_POINT('',(6.,6.125709918283E-16,19.9));
#11167 = CARTESIAN_POINT('',(6.,0.202241392693,19.9));
#11168 = CARTESIAN_POINT('',(5.992046542758,0.399760566134,
    19.929823819029));
#11169 = CARTESIAN_POINT('',(5.976810854919,0.587427907758,
    19.98696627841));
#11170 = CARTESIAN_POINT('',(5.956072416364,0.760834771839,
    20.067965857326));
#11171 = CARTESIAN_POINT('',(5.93236949192,0.916431089584,
    20.168389706955));
#11172 = CARTESIAN_POINT('',(5.908235179511,1.051847314684,
    20.282791864079));
#11173 = CARTESIAN_POINT('',(5.860619350944,1.292122618913,
    20.538659074983));
#11174 = CARTESIAN_POINT('',(5.836808446692,1.395830676641,
    20.685053972081));
#11175 = CARTESIAN_POINT('',(5.816017601464,1.477949028075,
    20.840177262441));
#11176 = CARTESIAN_POINT('',(5.799591748554,1.539068927485,
    21.001280370138));
#11177 = CARTESIAN_POINT('',(5.788359194669,1.579665401042,
    21.166177682835));
#11178 = CARTESIAN_POINT('',(5.78273291792,1.6,21.333003409556));
#11179 = CARTESIAN_POINT('',(5.78273291792,1.6,21.666996590444));
#11180 = CARTESIAN_POINT('',(5.788359194669,1.579665401042,
    21.833822317165));
#11181 = CARTESIAN_POINT('',(5.799591748554,1.539068927485,
    21.998719629863));
#11182 = CARTESIAN_POINT('',(5.816017601464,1.477949028075,
    22.159822737559));
#11183 = CARTESIAN_POINT('',(5.836808446692,1.395830676641,
    22.314946027919));
#11184 = CARTESIAN_POINT('',(5.860619350944,1.292122618913,
    22.461340925017));
#11185 = CARTESIAN_POINT('',(5.908227521268,1.051885959114,
    22.717166983783));
#11186 = CARTESIAN_POINT('',(5.93236447301,0.916465589378,22.83159369339
    ));
#11187 = CARTESIAN_POINT('',(5.956075975074,0.760828989383,
    22.93205292836));
#11188 = CARTESIAN_POINT('',(5.976820202848,0.587368621176,
    23.013068703142));
#11189 = CARTESIAN_POINT('',(5.992053022192,0.399665247687,
    23.070200493955));
#11190 = CARTESIAN_POINT('',(6.,0.202158953669,23.1));
#11191 = CARTESIAN_POINT('',(6.,1.959434878636E-16,23.1));
#11192 = PCURVE('',#11142,#11193);
#11193 = DEFINITIONAL_REPRESENTATION('',(#11194),#11221);
#11194 = B_SPLINE_CURVE_WITH_KNOTS('',7,(#11195,#11196,#11197,#11198,
    #11199,#11200,#11201,#11202,#11203,#11204,#11205,#11206,#11207,
    #11208,#11209,#11210,#11211,#11212,#11213,#11214,#11215,#11216,
    #11217,#11218,#11219,#11220),.UNSPECIFIED.,.F.,.F.,(8,6,6,6,8),(0.,
    0.238292691467,0.500040211725,0.761787731983,1.),.UNSPECIFIED.);
#11195 = CARTESIAN_POINT('',(0.,-10.4));
#11196 = CARTESIAN_POINT('',(-3.370689878212E-02,-10.4));
#11197 = CARTESIAN_POINT('',(-6.662681279776E-02,-10.42982381902));
#11198 = CARTESIAN_POINT('',(-9.796697455729E-02,-10.4869662784));
#11199 = CARTESIAN_POINT('',(-0.127043405423,-10.56796585732));
#11200 = CARTESIAN_POINT('',(-0.153261633231,-10.66838970695));
#11201 = CARTESIAN_POINT('',(-0.176182345813,-10.78279186407));
#11202 = CARTESIAN_POINT('',(-0.217007000997,-11.03865907498));
#11203 = CARTESIAN_POINT('',(-0.234733392922,-11.18505397208));
#11204 = CARTESIAN_POINT('',(-0.248848249455,-11.34017726244));
#11205 = CARTESIAN_POINT('',(-0.25939606951,-11.50128037013));
#11206 = CARTESIAN_POINT('',(-0.266416361612,-11.66617768283));
#11207 = CARTESIAN_POINT('',(-0.269932795833,-11.83300340955));
#11208 = CARTESIAN_POINT('',(-0.269932795833,-12.16699659044));
#11209 = CARTESIAN_POINT('',(-0.266416361612,-12.33382231716));
#11210 = CARTESIAN_POINT('',(-0.25939606951,-12.49871962986));
#11211 = CARTESIAN_POINT('',(-0.248848249455,-12.65982273755));
#11212 = CARTESIAN_POINT('',(-0.234733392922,-12.81494602791));
#11213 = CARTESIAN_POINT('',(-0.217007000997,-12.96134092501));
#11214 = CARTESIAN_POINT('',(-0.176188911804,-13.21716698378));
#11215 = CARTESIAN_POINT('',(-0.153267437243,-13.33159369339));
#11216 = CARTESIAN_POINT('',(-0.127042352012,-13.43205292836));
#11217 = CARTESIAN_POINT('',(-9.795701214228E-02,-13.51306870314));
#11218 = CARTESIAN_POINT('',(-6.661092742208E-02,-13.57020049395));
#11219 = CARTESIAN_POINT('',(-3.369315894489E-02,-13.6));
#11220 = CARTESIAN_POINT('',(0.,-13.6));
#11221 = ( GEOMETRIC_REPRESENTATION_CONTEXT(2) 
PARAMETRIC_REPRESENTATION_CONTEXT() REPRESENTATION_CONTEXT('2D SPACE',''
  ) );
#11222 = PCURVE('',#11223,#11228);
#11223 = CYLINDRICAL_SURFACE('',#11224,1.6);
#11224 = AXIS2_PLACEMENT_3D('',#11225,#11226,#11227);
#11225 = CARTESIAN_POINT('',(-7.,0.,21.5));
#11226 = DIRECTION('',(1.,0.,0.));
#11227 = DIRECTION('',(-0.,0.,1.));
#11228 = DEFINITIONAL_REPRESENTATION('',(#11229),#11256);
#11229 = B_SPLINE_CURVE_WITH_KNOTS('',7,(#11230,#11231,#11232,#11233,
    #11234,#11235,#11236,#11237,#11238,#11239,#11240,#11241,#11242,
    #11243,#11244,#11245,#11246,#11247,#11248,#11249,#11250,#11251,
    #11252,#11253,#11254,#11255),.UNSPECIFIED.,.F.,.F.,(8,6,6,6,8),(0.,
    0.238292691467,0.500040211725,0.761787731983,1.),.UNSPECIFIED.);
#11230 = CARTESIAN_POINT('',(3.14159265359,13.));
#11231 = CARTESIAN_POINT('',(3.267993524023,13.));
#11232 = CARTESIAN_POINT('',(3.391442927319,12.992046542758));
#11233 = CARTESIAN_POINT('',(3.512033878977,12.976810854919));
#11234 = CARTESIAN_POINT('',(3.629615544709,12.956072416364));
#11235 = CARTESIAN_POINT('',(3.743805511507,12.93236949192));
#11236 = CARTESIAN_POINT('',(3.853864550409,12.908235179511));
#11237 = CARTESIAN_POINT('',(4.073238883953,12.860619350944));
#11238 = CARTESIAN_POINT('',(4.184307960665,12.836808446692));
#11239 = CARTESIAN_POINT('',(4.292589094544,12.816017601464));
#11240 = CARTESIAN_POINT('',(4.398831597614,12.799591748554));
#11241 = CARTESIAN_POINT('',(4.503750175713,12.788359194669));
#11242 = CARTESIAN_POINT('',(4.608016111357,12.78273291792));
#11243 = CARTESIAN_POINT('',(4.816761849412,12.78273291792));
#11244 = CARTESIAN_POINT('',(4.921027785057,12.788359194669));
#11245 = CARTESIAN_POINT('',(5.025946363156,12.799591748554));
#11246 = CARTESIAN_POINT('',(5.132188866226,12.816017601464));
#11247 = CARTESIAN_POINT('',(5.240470000104,12.836808446692));
#11248 = CARTESIAN_POINT('',(5.351539076816,12.860619350944));
#11249 = CARTESIAN_POINT('',(5.570878127517,12.908227521268));
#11250 = CARTESIAN_POINT('',(5.680950136011,12.93236447301));
#11251 = CARTESIAN_POINT('',(5.795171511841,12.956075975074));
#11252 = CARTESIAN_POINT('',(5.912785119877,12.976820202848));
#11253 = CARTESIAN_POINT('',(6.033394617574,12.992053022192));
#11254 = CARTESIAN_POINT('',(6.156835961136,13.));
#11255 = CARTESIAN_POINT('',(6.28318530718,13.));
#11256 = ( GEOMETRIC_REPRESENTATION_CONTEXT(2) 
PARAMETRIC_REPRESENTATION_CONTEXT() REPRESENTATION_CONTEXT('2D SPACE',''
  ) );
#11257 = ORIENTED_EDGE('',*,*,#11258,.T.);
#11258 = EDGE_CURVE('',#11162,#11259,#11261,.T.);
#11259 = VERTEX_POINT('',#11260);
#11260 = CARTESIAN_POINT('',(6.,0.,27.5));
#11261 = SEAM_CURVE('',#11262,(#11266,#11273),.PCURVE_S1.);
#11262 = LINE('',#11263,#11264);
#11263 = CARTESIAN_POINT('',(6.,0.,9.5));
#11264 = VECTOR('',#11265,1.);
#11265 = DIRECTION('',(0.,0.,1.));
#11266 = PCURVE('',#11142,#11267);
#11267 = DEFINITIONAL_REPRESENTATION('',(#11268),#11272);
#11268 = LINE('',#11269,#11270);
#11269 = CARTESIAN_POINT('',(-0.,0.));
#11270 = VECTOR('',#11271,1.);
#11271 = DIRECTION('',(-0.,-1.));
#11272 = ( GEOMETRIC_REPRESENTATION_CONTEXT(2) 
PARAMETRIC_REPRESENTATION_CONTEXT() REPRESENTATION_CONTEXT('2D SPACE',''
  ) );
#11273 = PCURVE('',#11142,#11274);
#11274 = DEFINITIONAL_REPRESENTATION('',(#11275),#11279);
#11275 = LINE('',#11276,#11277);
#11276 = CARTESIAN_POINT('',(-6.28318530718,0.));
#11277 = VECTOR('',#11278,1.);
#11278 = DIRECTION('',(-0.,-1.));
#11279 = ( GEOMETRIC_REPRESENTATION_CONTEXT(2) 
PARAMETRIC_REPRESENTATION_CONTEXT() REPRESENTATION_CONTEXT('2D SPACE',''
  ) );
#11280 = ORIENTED_EDGE('',*,*,#11281,.T.);
#11281 = EDGE_CURVE('',#11259,#11259,#11282,.T.);
#11282 = SURFACE_CURVE('',#11283,(#11288,#11295),.PCURVE_S1.);
#11283 = CIRCLE('',#11284,6.);
#11284 = AXIS2_PLACEMENT_3D('',#11285,#11286,#11287);
#11285 = CARTESIAN_POINT('',(0.,0.,27.5));
#11286 = DIRECTION('',(0.,0.,1.));
#11287 = DIRECTION('',(1.,0.,0.));
#11288 = PCURVE('',#11142,#11289);
#11289 = DEFINITIONAL_REPRESENTATION('',(#11290),#11294);
#11290 = LINE('',#11291,#11292);
#11291 = CARTESIAN_POINT('',(-0.,-18.));
#11292 = VECTOR('',#11293,1.);
#11293 = DIRECTION('',(-1.,0.));
#11294 = ( GEOMETRIC_REPRESENTATION_CONTEXT(2) 
PARAMETRIC_REPRESENTATION_CONTEXT() REPRESENTATION_CONTEXT('2D SPACE',''
  ) );
#11295 = PCURVE('',#11296,#11301);
#11296 = PLANE('',#11297);
#11297 = AXIS2_PLACEMENT_3D('',#11298,#11299,#11300);
#11298 = CARTESIAN_POINT('',(-3.418600331349E-16,-1.70226710729E-17,27.5
    ));
#11299 = DIRECTION('',(0.,0.,1.));
#11300 = DIRECTION('',(1.,0.,-0.));
#11301 = DEFINITIONAL_REPRESENTATION('',(#11302),#11306);
#11302 = CIRCLE('',#11303,6.);
#11303 = AXIS2_PLACEMENT_2D('',#11304,#11305);
#11304 = CARTESIAN_POINT('',(3.418600331349E-16,1.70226710729E-17));
#11305 = DIRECTION('',(1.,0.));
#11306 = ( GEOMETRIC_REPRESENTATION_CONTEXT(2) 
PARAMETRIC_REPRESENTATION_CONTEXT() REPRESENTATION_CONTEXT('2D SPACE',''
  ) );
#11307 = ORIENTED_EDGE('',*,*,#11258,.F.);
#11308 = ORIENTED_EDGE('',*,*,#11309,.T.);
#11309 = EDGE_CURVE('',#11162,#11134,#11310,.T.);
#11310 = SURFACE_CURVE('',#11311,(#11338,#11368),.PCURVE_S1.);
#11311 = B_SPLINE_CURVE_WITH_KNOTS('',7,(#11312,#11313,#11314,#11315,
    #11316,#11317,#11318,#11319,#11320,#11321,#11322,#11323,#11324,
    #11325,#11326,#11327,#11328,#11329,#11330,#11331,#11332,#11333,
    #11334,#11335,#11336,#11337),.UNSPECIFIED.,.F.,.F.,(8,6,6,6,8),(0.,
    0.238290614334,0.50003082199,0.761788252835,1.),.UNSPECIFIED.);
#11312 = CARTESIAN_POINT('',(6.,-4.440892098501E-16,23.1));
#11313 = CARTESIAN_POINT('',(6.,-0.202241392693,23.1));
#11314 = CARTESIAN_POINT('',(5.992046542758,-0.399760566134,
    23.070176180971));
#11315 = CARTESIAN_POINT('',(5.976810854919,-0.587427907758,
    23.01303372159));
#11316 = CARTESIAN_POINT('',(5.956072416364,-0.760834771839,
    22.932034142674));
#11317 = CARTESIAN_POINT('',(5.93236949192,-0.916431089584,
    22.831610293045));
#11318 = CARTESIAN_POINT('',(5.908235179511,-1.051847314684,
    22.717208135922));
#11319 = CARTESIAN_POINT('',(5.860619830022,-1.292120201426,
    22.461343499378));
#11320 = CARTESIAN_POINT('',(5.83680898233,-1.395828605477,
    22.314949643958));
#11321 = CARTESIAN_POINT('',(5.816017522327,-1.477949829279,
    22.159823739769));
#11322 = CARTESIAN_POINT('',(5.799590882376,-1.53907202334,
    21.998714756857));
#11323 = CARTESIAN_POINT('',(5.788358465291,-1.579668048483,
    21.833811718286));
#11324 = CARTESIAN_POINT('',(5.78273291792,-1.6,21.666985602355));
#11325 = CARTESIAN_POINT('',(5.78273291792,-1.6,21.333003409556));
#11326 = CARTESIAN_POINT('',(5.788359194669,-1.579665401042,
    21.166177682835));
#11327 = CARTESIAN_POINT('',(5.799591748554,-1.539068927485,
    21.001280370138));
#11328 = CARTESIAN_POINT('',(5.816017601464,-1.477949028075,
    20.840177262441));
#11329 = CARTESIAN_POINT('',(5.836808446692,-1.395830676641,
    20.685053972082));
#11330 = CARTESIAN_POINT('',(5.860619350944,-1.292122618913,
    20.538659074983));
#11331 = CARTESIAN_POINT('',(5.908226612835,-1.051890543179,
    20.28283789775));
#11332 = CARTESIAN_POINT('',(5.932363005921,-0.916474029096,
    20.168412908682));
#11333 = CARTESIAN_POINT('',(5.95607502819,-0.760837212744,
    20.067950225514));
#11334 = CARTESIAN_POINT('',(5.976820568367,-0.587370694657,
    19.986929684486));
#11335 = CARTESIAN_POINT('',(5.992053853105,-0.399658691081,
    19.929796505324));
#11336 = CARTESIAN_POINT('',(6.,-0.202148687842,19.9));
#11337 = CARTESIAN_POINT('',(6.,-2.22044604925E-16,19.9));
#11338 = PCURVE('',#11142,#11339);
#11339 = DEFINITIONAL_REPRESENTATION('',(#11340),#11367);
#11340 = B_SPLINE_CURVE_WITH_KNOTS('',7,(#11341,#11342,#11343,#11344,
    #11345,#11346,#11347,#11348,#11349,#11350,#11351,#11352,#11353,
    #11354,#11355,#11356,#11357,#11358,#11359,#11360,#11361,#11362,
    #11363,#11364,#11365,#11366),.UNSPECIFIED.,.F.,.F.,(8,6,6,6,8),(0.,
    0.238290614334,0.50003082199,0.761788252835,1.),.UNSPECIFIED.);
#11341 = CARTESIAN_POINT('',(-6.28318530718,-13.6));
#11342 = CARTESIAN_POINT('',(-6.249478408397,-13.6));
#11343 = CARTESIAN_POINT('',(-6.216558494382,-13.57017618097));
#11344 = CARTESIAN_POINT('',(-6.185218332622,-13.51303372159));
#11345 = CARTESIAN_POINT('',(-6.156141901757,-13.43203414267));
#11346 = CARTESIAN_POINT('',(-6.129923673949,-13.33161029304));
#11347 = CARTESIAN_POINT('',(-6.107002961367,-13.21720813592));
#11348 = CARTESIAN_POINT('',(-6.066178716933,-12.96134349937));
#11349 = CARTESIAN_POINT('',(-6.048452270221,-12.81494964395));
#11350 = CARTESIAN_POINT('',(-6.034336925225,-12.65982373976));
#11351 = CARTESIAN_POINT('',(-6.023788702257,-12.49871475685));
#11352 = CARTESIAN_POINT('',(-6.01676848772,-12.33381171828));
#11353 = CARTESIAN_POINT('',(-6.013252511346,-12.16698560235));
#11354 = CARTESIAN_POINT('',(-6.013252511346,-11.83300340955));
#11355 = CARTESIAN_POINT('',(-6.016768945568,-11.66617768283));
#11356 = CARTESIAN_POINT('',(-6.02378923767,-11.50128037013));
#11357 = CARTESIAN_POINT('',(-6.034337057724,-11.34017726244));
#11358 = CARTESIAN_POINT('',(-6.048451914257,-11.18505397208));
#11359 = CARTESIAN_POINT('',(-6.066178306183,-11.03865907498));
#11360 = CARTESIAN_POINT('',(-6.106995616507,-10.78283789775));
#11361 = CARTESIAN_POINT('',(-6.129916441075,-10.66841290868));
#11362 = CARTESIAN_POINT('',(-6.156141583606,-10.56795022551));
#11363 = CARTESIAN_POINT('',(-6.185227954096,-10.48692968448));
#11364 = CARTESIAN_POINT('',(-6.21657547556,-10.42979650532));
#11365 = CARTESIAN_POINT('',(-6.249493859206,-10.4));
#11366 = CARTESIAN_POINT('',(-6.28318530718,-10.4));
#11367 = ( GEOMETRIC_REPRESENTATION_CONTEXT(2) 
PARAMETRIC_REPRESENTATION_CONTEXT() REPRESENTATION_CONTEXT('2D SPACE',''
  ) );
#11368 = PCURVE('',#11223,#11369);
#11369 = DEFINITIONAL_REPRESENTATION('',(#11370),#11397);
#11370 = B_SPLINE_CURVE_WITH_KNOTS('',7,(#11371,#11372,#11373,#11374,
    #11375,#11376,#11377,#11378,#11379,#11380,#11381,#11382,#11383,
    #11384,#11385,#11386,#11387,#11388,#11389,#11390,#11391,#11392,
    #11393,#11394,#11395,#11396),.UNSPECIFIED.,.F.,.F.,(8,6,6,6,8),(0.,
    0.238290614334,0.50003082199,0.761788252835,1.),.UNSPECIFIED.);
#11371 = CARTESIAN_POINT('',(0.,13.));
#11372 = CARTESIAN_POINT('',(0.126400870433,13.));
#11373 = CARTESIAN_POINT('',(0.249850273729,12.992046542758));
#11374 = CARTESIAN_POINT('',(0.370441225387,12.976810854919));
#11375 = CARTESIAN_POINT('',(0.488022891119,12.956072416364));
#11376 = CARTESIAN_POINT('',(0.602212857917,12.93236949192));
#11377 = CARTESIAN_POINT('',(0.712271896819,12.908235179511));
#11378 = CARTESIAN_POINT('',(0.931644023168,12.860619830022));
#11379 = CARTESIAN_POINT('',(1.042712780072,12.83680898233));
#11380 = CARTESIAN_POINT('',(1.150996157435,12.816017522327));
#11381 = CARTESIAN_POINT('',(1.257242374213,12.799590882376));
#11382 = CARTESIAN_POINT('',(1.362164132482,12.788358465291));
#11383 = CARTESIAN_POINT('',(1.466430325323,12.78273291792));
#11384 = CARTESIAN_POINT('',(1.675169195822,12.78273291792));
#11385 = CARTESIAN_POINT('',(1.779435131467,12.788359194669));
#11386 = CARTESIAN_POINT('',(1.884353709566,12.799591748554));
#11387 = CARTESIAN_POINT('',(1.990596212636,12.816017601464));
#11388 = CARTESIAN_POINT('',(2.098877346514,12.836808446692));
#11389 = CARTESIAN_POINT('',(2.209946423226,12.860619350944));
#11390 = CARTESIAN_POINT('',(2.429281288619,12.908226612835));
#11391 = CARTESIAN_POINT('',(2.539350868807,12.932363005921));
#11392 = CARTESIAN_POINT('',(2.653573658626,12.95607502819));
#11393 = CARTESIAN_POINT('',(2.771191666965,12.976820568367));
#11394 = CARTESIAN_POINT('',(2.891806058516,12.992053853105));
#11395 = CARTESIAN_POINT('',(3.015249723689,13.));
#11396 = CARTESIAN_POINT('',(3.14159265359,13.));
#11397 = ( GEOMETRIC_REPRESENTATION_CONTEXT(2) 
PARAMETRIC_REPRESENTATION_CONTEXT() REPRESENTATION_CONTEXT('2D SPACE',''
  ) );
#11398 = ORIENTED_EDGE('',*,*,#11131,.F.);
#11399 = ORIENTED_EDGE('',*,*,#11400,.F.);
#11400 = EDGE_CURVE('',#11132,#11132,#11401,.T.);
#11401 = SURFACE_CURVE('',#11402,(#11407,#11414),.PCURVE_S1.);
#11402 = CIRCLE('',#11403,6.);
#11403 = AXIS2_PLACEMENT_3D('',#11404,#11405,#11406);
#11404 = CARTESIAN_POINT('',(0.,0.,9.5));
#11405 = DIRECTION('',(0.,0.,1.));
#11406 = DIRECTION('',(1.,0.,0.));
#11407 = PCURVE('',#11142,#11408);
#11408 = DEFINITIONAL_REPRESENTATION('',(#11409),#11413);
#11409 = LINE('',#11410,#11411);
#11410 = CARTESIAN_POINT('',(-0.,0.));
#11411 = VECTOR('',#11412,1.);
#11412 = DIRECTION('',(-1.,0.));
#11413 = ( GEOMETRIC_REPRESENTATION_CONTEXT(2) 
PARAMETRIC_REPRESENTATION_CONTEXT() REPRESENTATION_CONTEXT('2D SPACE',''
  ) );
#11414 = PCURVE('',#11415,#11420);
#11415 = PLANE('',#11416);
#11416 = AXIS2_PLACEMENT_3D('',#11417,#11418,#11419);
#11417 = CARTESIAN_POINT('',(-3.418600331349E-16,-1.70226710729E-17,9.5)
  );
#11418 = DIRECTION('',(0.,0.,1.));
#11419 = DIRECTION('',(1.,0.,-0.));
#11420 = DEFINITIONAL_REPRESENTATION('',(#11421),#11425);
#11421 = CIRCLE('',#11422,6.);
#11422 = AXIS2_PLACEMENT_2D('',#11423,#11424);
#11423 = CARTESIAN_POINT('',(3.418600331349E-16,1.70226710729E-17));
#11424 = DIRECTION('',(1.,0.));
#11425 = ( GEOMETRIC_REPRESENTATION_CONTEXT(2) 
PARAMETRIC_REPRESENTATION_CONTEXT() REPRESENTATION_CONTEXT('2D SPACE',''
  ) );
#11426 = FACE_BOUND('',#11427,.F.);
#11427 = EDGE_LOOP('',(#11428));
#11428 = ORIENTED_EDGE('',*,*,#11429,.F.);
#11429 = EDGE_CURVE('',#11430,#11430,#11432,.T.);
#11430 = VERTEX_POINT('',#11431);
#11431 = CARTESIAN_POINT('',(-6.,3.918869757272E-16,23.1));
#11432 = SURFACE_CURVE('',#11433,(#11484,#11557),.PCURVE_S1.);
#11433 = B_SPLINE_CURVE_WITH_KNOTS('',7,(#11434,#11435,#11436,#11437,
    #11438,#11439,#11440,#11441,#11442,#11443,#11444,#11445,#11446,
    #11447,#11448,#11449,#11450,#11451,#11452,#11453,#11454,#11455,
    #11456,#11457,#11458,#11459,#11460,#11461,#11462,#11463,#11464,
    #11465,#11466,#11467,#11468,#11469,#11470,#11471,#11472,#11473,
    #11474,#11475,#11476,#11477,#11478,#11479,#11480,#11481,#11482,
    #11483),.UNSPECIFIED.,.T.,.F.,(8,6,6,6,6,6,6,6,8),(0.,0.119138231607
    ,0.250000563586,0.380871506649,0.499970307013,0.61912372577,
    0.75000525511,0.880886788263,1.),.UNSPECIFIED.);
#11434 = CARTESIAN_POINT('',(-6.,6.661338147751E-16,23.1));
#11435 = CARTESIAN_POINT('',(-6.,-0.202241392693,23.1));
#11436 = CARTESIAN_POINT('',(-5.992046542758,-0.399760566134,
    23.070176180971));
#11437 = CARTESIAN_POINT('',(-5.976810854919,-0.587427907758,
    23.01303372159));
#11438 = CARTESIAN_POINT('',(-5.956072416364,-0.760834771839,
    22.932034142674));
#11439 = CARTESIAN_POINT('',(-5.93236949192,-0.916431089584,
    22.831610293045));
#11440 = CARTESIAN_POINT('',(-5.908235179511,-1.051847314684,
    22.717208135922));
#11441 = CARTESIAN_POINT('',(-5.860619830022,-1.292120201426,
    22.461343499378));
#11442 = CARTESIAN_POINT('',(-5.83680898233,-1.395828605477,
    22.314949643958));
#11443 = CARTESIAN_POINT('',(-5.816017522327,-1.477949829279,
    22.159823739769));
#11444 = CARTESIAN_POINT('',(-5.799590882376,-1.53907202334,
    21.998714756857));
#11445 = CARTESIAN_POINT('',(-5.788358465291,-1.579668048483,
    21.833811718286));
#11446 = CARTESIAN_POINT('',(-5.78273291792,-1.6,21.666985602355));
#11447 = CARTESIAN_POINT('',(-5.78273291792,-1.6,21.333003409556));
#11448 = CARTESIAN_POINT('',(-5.788359194669,-1.579665401042,
    21.166177682835));
#11449 = CARTESIAN_POINT('',(-5.799591748554,-1.539068927485,
    21.001280370138));
#11450 = CARTESIAN_POINT('',(-5.816017601464,-1.477949028075,
    20.840177262441));
#11451 = CARTESIAN_POINT('',(-5.836808446692,-1.395830676641,
    20.685053972082));
#11452 = CARTESIAN_POINT('',(-5.860619350944,-1.292122618913,
    20.538659074983));
#11453 = CARTESIAN_POINT('',(-5.908226612835,-1.051890543179,
    20.28283789775));
#11454 = CARTESIAN_POINT('',(-5.932363005921,-0.916474029095,
    20.168412908682));
#11455 = CARTESIAN_POINT('',(-5.95607502819,-0.760837212744,
    20.067950225514));
#11456 = CARTESIAN_POINT('',(-5.976820568367,-0.587370694657,
    19.986929684486));
#11457 = CARTESIAN_POINT('',(-5.992053853105,-0.399658691082,
    19.929796505324));
#11458 = CARTESIAN_POINT('',(-6.,-0.202148687842,19.9));
#11459 = CARTESIAN_POINT('',(-6.,0.202241392693,19.9));
#11460 = CARTESIAN_POINT('',(-5.992046542758,0.399760566134,
    19.929823819029));
#11461 = CARTESIAN_POINT('',(-5.976810854919,0.587427907757,
    19.986966278409));
#11462 = CARTESIAN_POINT('',(-5.956072416364,0.760834771839,
    20.067965857326));
#11463 = CARTESIAN_POINT('',(-5.93236949192,0.916431089584,
    20.168389706955));
#11464 = CARTESIAN_POINT('',(-5.908235179511,1.051847314684,
    20.282791864079));
#11465 = CARTESIAN_POINT('',(-5.860619350944,1.292122618913,
    20.538659074983));
#11466 = CARTESIAN_POINT('',(-5.836808446692,1.395830676642,
    20.685053972082));
#11467 = CARTESIAN_POINT('',(-5.816017601464,1.477949028074,
    20.84017726244));
#11468 = CARTESIAN_POINT('',(-5.799591748554,1.539068927485,
    21.001280370139));
#11469 = CARTESIAN_POINT('',(-5.788359194669,1.579665401041,
    21.166177682834));
#11470 = CARTESIAN_POINT('',(-5.78273291792,1.6,21.333003409556));
#11471 = CARTESIAN_POINT('',(-5.78273291792,1.6,21.666996595307));
#11472 = CARTESIAN_POINT('',(-5.788359194873,1.579665399787,
    21.833822305213));
#11473 = CARTESIAN_POINT('',(-5.799591747428,1.53906893346,
    21.998719638701));
#11474 = CARTESIAN_POINT('',(-5.8160176037,1.477949016829,
    22.159822741395));
#11475 = CARTESIAN_POINT('',(-5.836808444663,1.395830686726,
    22.314946018834));
#11476 = CARTESIAN_POINT('',(-5.860619351702,1.292122615086,
    22.461340929092));
#11477 = CARTESIAN_POINT('',(-5.908227521268,1.051885959114,
    22.717166983783));
#11478 = CARTESIAN_POINT('',(-5.932364473011,0.916465589378,
    22.83159369339));
#11479 = CARTESIAN_POINT('',(-5.956075975074,0.760828989383,
    22.932052928359));
#11480 = CARTESIAN_POINT('',(-5.976820202848,0.587368621175,
    23.013068703143));
#11481 = CARTESIAN_POINT('',(-5.992053022192,0.399665247688,
    23.070200493955));
#11482 = CARTESIAN_POINT('',(-6.,0.202158953669,23.1));
#11483 = CARTESIAN_POINT('',(-6.,6.661338147751E-16,23.1));
#11484 = PCURVE('',#11142,#11485);
#11485 = DEFINITIONAL_REPRESENTATION('',(#11486),#11556);
#11486 = B_SPLINE_CURVE_WITH_KNOTS('',3,(#11487,#11488,#11489,#11490,
    #11491,#11492,#11493,#11494,#11495,#11496,#11497,#11498,#11499,
    #11500,#11501,#11502,#11503,#11504,#11505,#11506,#11507,#11508,
    #11509,#11510,#11511,#11512,#11513,#11514,#11515,#11516,#11517,
    #11518,#11519,#11520,#11521,#11522,#11523,#11524,#11525,#11526,
    #11527,#11528,#11529,#11530,#11531,#11532,#11533,#11534,#11535,
    #11536,#11537,#11538,#11539,#11540,#11541,#11542,#11543,#11544,
    #11545,#11546,#11547,#11548,#11549,#11550,#11551,#11552,#11553,
    #11554,#11555),.UNSPECIFIED.,.T.,.F.,(4,1,1,1,1,1,1,1,1,1,1,1,1,1,1,
    1,1,1,1,1,1,1,1,1,1,1,1,1,1,1,1,1,1,1,1,1,1,1,1,1,1,1,1,1,1,1,1,1,1,
    1,1,1,1,1,1,1,1,1,1,1,1,1,1,1,1,1,4),(0.,1.515151515152E-02,
    3.030303030303E-02,4.545454545455E-02,6.060606060606E-02,
    7.575757575758E-02,9.090909090909E-02,0.106060606061,0.121212121212,
    0.136363636364,0.151515151515,0.166666666667,0.181818181818,
    0.19696969697,0.212121212121,0.227272727273,0.242424242424,
    0.257575757576,0.272727272727,0.287878787879,0.30303030303,
    0.318181818182,0.333333333333,0.348484848485,0.363636363636,
    0.378787878788,0.393939393939,0.409090909091,0.424242424242,
    0.439393939394,0.454545454545,0.469696969697,0.484848484848,0.5,
    0.515151515152,0.530303030303,0.545454545455,0.560606060606,
    0.575757575758,0.590909090909,0.606060606061,0.621212121212,
    0.636363636364,0.651515151515,0.666666666667,0.681818181818,
    0.69696969697,0.712121212121,0.727272727273,0.742424242424,
    0.757575757576,0.772727272727,0.787878787879,0.80303030303,
    0.818181818182,0.833333333333,0.848484848485,0.863636363636,
    0.878787878788,0.893939393939,0.909090909091,0.924242424242,
    0.939393939394,0.954545454545,0.969696969697,0.984848484848,1.),
  .QUASI_UNIFORM_KNOTS.);
#11487 = CARTESIAN_POINT('',(-3.14159265359,-13.6));
#11488 = CARTESIAN_POINT('',(-3.151596917883,-13.60001766938));
#11489 = CARTESIAN_POINT('',(-3.171419840003,-13.59323286241));
#11490 = CARTESIAN_POINT('',(-3.200292436108,-13.56401558181));
#11491 = CARTESIAN_POINT('',(-3.227989005189,-13.51709411869));
#11492 = CARTESIAN_POINT('',(-3.254227760241,-13.4541000387));
#11493 = CARTESIAN_POINT('',(-3.278753091644,-13.37684786183));
#11494 = CARTESIAN_POINT('',(-3.301334447844,-13.28741757285));
#11495 = CARTESIAN_POINT('',(-3.321801766216,-13.1879486018));
#11496 = CARTESIAN_POINT('',(-3.33993832495,-13.08139091463));
#11497 = CARTESIAN_POINT('',(-3.355932574483,-12.96860221437));
#11498 = CARTESIAN_POINT('',(-3.369913228262,-12.84993610499));
#11499 = CARTESIAN_POINT('',(-3.381861117889,-12.72659988939));
#11500 = CARTESIAN_POINT('',(-3.391797004289,-12.59943330594));
#11501 = CARTESIAN_POINT('',(-3.399730272397,-12.46925770797));
#11502 = CARTESIAN_POINT('',(-3.40567174162,-12.33680325012));
#11503 = CARTESIAN_POINT('',(-3.409629176548,-12.20274446835));
#11504 = CARTESIAN_POINT('',(-3.411607787215,-12.06771638932));
#11505 = CARTESIAN_POINT('',(-3.411607844516,-11.93229348706));
#11506 = CARTESIAN_POINT('',(-3.409629480736,-11.79727104266));
#11507 = CARTESIAN_POINT('',(-3.405672595887,-11.66322118483));
#11508 = CARTESIAN_POINT('',(-3.399732057707,-11.53077729885));
#11509 = CARTESIAN_POINT('',(-3.391800110005,-11.40061240536));
#11510 = CARTESIAN_POINT('',(-3.381865872136,-11.27345536714));
#11511 = CARTESIAN_POINT('',(-3.369919912865,-11.15012690775));
#11512 = CARTESIAN_POINT('',(-3.355941222047,-11.0314651557));
#11513 = CARTESIAN_POINT('',(-3.339949436416,-10.91868110497));
#11514 = CARTESIAN_POINT('',(-3.321813712238,-10.81211394437));
#11515 = CARTESIAN_POINT('',(-3.301339760511,-10.71260297242));
#11516 = CARTESIAN_POINT('',(-3.278747382793,-10.6231280208));
#11517 = CARTESIAN_POINT('',(-3.254207055482,-10.54584062378));
#11518 = CARTESIAN_POINT('',(-3.227955307055,-10.48282971197));
#11519 = CARTESIAN_POINT('',(-3.200236697706,-10.43591805439));
#11520 = CARTESIAN_POINT('',(-3.171386332514,-10.40671835718));
#11521 = CARTESIAN_POINT('',(-3.141532396116,-10.39662138317));
#11522 = CARTESIAN_POINT('',(-3.111687221364,-10.40679634348));
#11523 = CARTESIAN_POINT('',(-3.082851190996,-10.43605269022));
#11524 = CARTESIAN_POINT('',(-3.055152004472,-10.48299313003));
#11525 = CARTESIAN_POINT('',(-3.028921239939,-10.54600285661));
#11526 = CARTESIAN_POINT('',(-3.004400983764,-10.62326330732));
#11527 = CARTESIAN_POINT('',(-2.98182524156,-10.71269613816));
#11528 = CARTESIAN_POINT('',(-2.961362988511,-10.81216227755));
#11529 = CARTESIAN_POINT('',(-2.943231110654,-10.91871222253));
#11530 = CARTESIAN_POINT('',(-2.927240707778,-11.03149175512));
#11531 = CARTESIAN_POINT('',(-2.913263637683,-11.15014403573));
#11532 = CARTESIAN_POINT('',(-2.901318816805,-11.27346314625));
#11533 = CARTESIAN_POINT('',(-2.891385431807,-11.40060989471));
#11534 = CARTESIAN_POINT('',(-2.883454002532,-11.53076410311));
#11535 = CARTESIAN_POINT('',(-2.877513664136,-11.66319697846));
#11536 = CARTESIAN_POINT('',(-2.873556660108,-11.79723572304));
#11537 = CARTESIAN_POINT('',(-2.871577852697,-11.93224693093));
#11538 = CARTESIAN_POINT('',(-2.871577166247,-12.06765919854));
#11539 = CARTESIAN_POINT('',(-2.873554602148,-12.20267088618));
#11540 = CARTESIAN_POINT('',(-2.877510232128,-12.33671051222));
#11541 = CARTESIAN_POINT('',(-2.883449192516,-12.46914472991));
#11542 = CARTESIAN_POINT('',(-2.891379234982,-12.59930074914));
#11543 = CARTESIAN_POINT('',(-2.901311233676,-12.72644989749));
#11544 = CARTESIAN_POINT('',(-2.913254628197,-12.84977177997));
#11545 = CARTESIAN_POINT('',(-2.927230380604,-12.96842829542));
#11546 = CARTESIAN_POINT('',(-2.943219019671,-13.08120979121));
#11547 = CARTESIAN_POINT('',(-2.961350758946,-13.18777374499));
#11548 = CARTESIAN_POINT('',(-2.981819982958,-13.28728393949));
#11549 = CARTESIAN_POINT('',(-3.004407123733,-13.37676131619));
#11550 = CARTESIAN_POINT('',(-3.028940859303,-13.45405632993));
#11551 = CARTESIAN_POINT('',(-3.055188563923,-13.51708036993));
#11552 = CARTESIAN_POINT('',(-3.082892544032,-13.56401652903));
#11553 = CARTESIAN_POINT('',(-3.111768832105,-13.59323517246));
#11554 = CARTESIAN_POINT('',(-3.131590380674,-13.60001811281));
#11555 = CARTESIAN_POINT('',(-3.14159265359,-13.6));
#11556 = ( GEOMETRIC_REPRESENTATION_CONTEXT(2) 
PARAMETRIC_REPRESENTATION_CONTEXT() REPRESENTATION_CONTEXT('2D SPACE',''
  ) );
#11557 = PCURVE('',#11558,#11563);
#11558 = CYLINDRICAL_SURFACE('',#11559,1.6);
#11559 = AXIS2_PLACEMENT_3D('',#11560,#11561,#11562);
#11560 = CARTESIAN_POINT('',(-7.,0.,21.5));
#11561 = DIRECTION('',(1.,0.,0.));
#11562 = DIRECTION('',(-0.,0.,1.));
#11563 = DEFINITIONAL_REPRESENTATION('',(#11564),#11634);
#11564 = B_SPLINE_CURVE_WITH_KNOTS('',3,(#11565,#11566,#11567,#11568,
    #11569,#11570,#11571,#11572,#11573,#11574,#11575,#11576,#11577,
    #11578,#11579,#11580,#11581,#11582,#11583,#11584,#11585,#11586,
    #11587,#11588,#11589,#11590,#11591,#11592,#11593,#11594,#11595,
    #11596,#11597,#11598,#11599,#11600,#11601,#11602,#11603,#11604,
    #11605,#11606,#11607,#11608,#11609,#11610,#11611,#11612,#11613,
    #11614,#11615,#11616,#11617,#11618,#11619,#11620,#11621,#11622,
    #11623,#11624,#11625,#11626,#11627,#11628,#11629,#11630,#11631,
    #11632,#11633),.UNSPECIFIED.,.F.,.F.,(4,1,1,1,1,1,1,1,1,1,1,1,1,1,1,
    1,1,1,1,1,1,1,1,1,1,1,1,1,1,1,1,1,1,1,1,1,1,1,1,1,1,1,1,1,1,1,1,1,1,
    1,1,1,1,1,1,1,1,1,1,1,1,1,1,1,1,1,4),(0.,1.515151515152E-02,
    3.030303030303E-02,4.545454545455E-02,6.060606060606E-02,
    7.575757575758E-02,9.090909090909E-02,0.106060606061,0.121212121212,
    0.136363636364,0.151515151515,0.166666666667,0.181818181818,
    0.19696969697,0.212121212121,0.227272727273,0.242424242424,
    0.257575757576,0.272727272727,0.287878787879,0.30303030303,
    0.318181818182,0.333333333333,0.348484848485,0.363636363636,
    0.378787878788,0.393939393939,0.409090909091,0.424242424242,
    0.439393939394,0.454545454545,0.469696969697,0.484848484848,0.5,
    0.515151515152,0.530303030303,0.545454545455,0.560606060606,
    0.575757575758,0.590909090909,0.606060606061,0.621212121212,
    0.636363636364,0.651515151515,0.666666666667,0.681818181818,
    0.69696969697,0.712121212121,0.727272727273,0.742424242424,
    0.757575757576,0.772727272727,0.787878787879,0.80303030303,
    0.818181818182,0.833333333333,0.848484848485,0.863636363636,
    0.878787878788,0.893939393939,0.909090909091,0.924242424242,
    0.939393939394,0.954545454545,0.969696969697,0.984848484848,1.),
  .QUASI_UNIFORM_KNOTS.);
#11565 = CARTESIAN_POINT('',(0.,1.));
#11566 = CARTESIAN_POINT('',(3.750411510456E-02,0.999983199197));
#11567 = CARTESIAN_POINT('',(0.111861355078,1.001815302879));
#11568 = CARTESIAN_POINT('',(0.221397374975,1.009530618205));
#11569 = CARTESIAN_POINT('',(0.328909689968,1.021653045807));
#11570 = CARTESIAN_POINT('',(0.434293919409,1.037377858287));
#11571 = CARTESIAN_POINT('',(0.537396626566,1.055800239665));
#11572 = CARTESIAN_POINT('',(0.637953777309,1.075931393081));
#11573 = CARTESIAN_POINT('',(0.735747408939,1.096796804783));
#11574 = CARTESIAN_POINT('',(0.829962822195,1.117353225509));
#11575 = CARTESIAN_POINT('',(0.921599654806,1.137079287655));
#11576 = CARTESIAN_POINT('',(1.01159838867,1.155549560613));
#11577 = CARTESIAN_POINT('',(1.100060170912,1.172239732527));
#11578 = CARTESIAN_POINT('',(1.187286927611,1.18675226693));
#11579 = CARTESIAN_POINT('',(1.273509887989,1.1987516386));
#11580 = CARTESIAN_POINT('',(1.358967702791,1.207977275262));
#11581 = CARTESIAN_POINT('',(1.443892102035,1.214235584369));
#11582 = CARTESIAN_POINT('',(1.528511343928,1.217398527636));
#11583 = CARTESIAN_POINT('',(1.613075139733,1.217398619675));
#11584 = CARTESIAN_POINT('',(1.697690806612,1.214236069967));
#11585 = CARTESIAN_POINT('',(1.782609388502,1.20797861978));
#11586 = CARTESIAN_POINT('',(1.868059978402,1.198754388014));
#11587 = CARTESIAN_POINT('',(1.954275049199,1.186756906365));
#11588 = CARTESIAN_POINT('',(2.041493902657,1.172246559721));
#11589 = CARTESIAN_POINT('',(2.1299479923,1.155558687401));
#11590 = CARTESIAN_POINT('',(2.219940376245,1.137090386949));
#11591 = CARTESIAN_POINT('',(2.311569151913,1.117366455717));
#11592 = CARTESIAN_POINT('',(2.405786417952,1.096809545374));
#11593 = CARTESIAN_POINT('',(2.503615472499,1.075936111221));
#11594 = CARTESIAN_POINT('',(2.60422181956,1.055794802421));
#11595 = CARTESIAN_POINT('',(2.707384238508,1.037363597963));
#11596 = CARTESIAN_POINT('',(2.812817123194,1.021633316477));
#11597 = CARTESIAN_POINT('',(2.920406914273,1.009514764922));
#11598 = CARTESIAN_POINT('',(3.029863901167,1.001796682904));
#11599 = CARTESIAN_POINT('',(3.141818172923,0.999096475781));
#11600 = CARTESIAN_POINT('',(3.253742265669,1.001817476205));
#11601 = CARTESIAN_POINT('',(3.363151946191,1.009550009313));
#11602 = CARTESIAN_POINT('',(3.470676328972,1.021674829814));
#11603 = CARTESIAN_POINT('',(3.576035983684,1.037403106955));
#11604 = CARTESIAN_POINT('',(3.679124323433,1.055825984181));
#11605 = CARTESIAN_POINT('',(3.779664716724,1.075956114021));
#11606 = CARTESIAN_POINT('',(3.877442622425,1.096819084633));
#11607 = CARTESIAN_POINT('',(3.971642285997,1.117372136608));
#11608 = CARTESIAN_POINT('',(4.063265622371,1.137094740928));
#11609 = CARTESIAN_POINT('',(4.153249773022,1.155561110097));
#11610 = CARTESIAN_POINT('',(4.241696751907,1.17224746223));
#11611 = CARTESIAN_POINT('',(4.328908484897,1.18675656986));
#11612 = CARTESIAN_POINT('',(4.415116654268,1.19875323901));
#11613 = CARTESIAN_POINT('',(4.500560421047,1.207977127729));
#11614 = CARTESIAN_POINT('',(4.58547224912,1.214234743423));
#11615 = CARTESIAN_POINT('',(4.670081070005,1.217397994084));
#11616 = CARTESIAN_POINT('',(4.754638239151,1.217399095345));
#11617 = CARTESIAN_POINT('',(4.839246940406,1.214238021464));
#11618 = CARTESIAN_POINT('',(4.924158473374,1.207982515818));
#11619 = CARTESIAN_POINT('',(5.00960179194,1.198760625204));
#11620 = CARTESIAN_POINT('',(5.095809336997,1.186765799952));
#11621 = CARTESIAN_POINT('',(5.183020326316,1.17225832058));
#11622 = CARTESIAN_POINT('',(5.271466212093,1.155573379502));
#11623 = CARTESIAN_POINT('',(5.361449746085,1.137107966729));
#11624 = CARTESIAN_POINT('',(5.45306981213,1.117386495068));
#11625 = CARTESIAN_POINT('',(5.547275152092,1.096832133719));
#11626 = CARTESIAN_POINT('',(5.645090185601,1.075960684017));
#11627 = CARTESIAN_POINT('',(5.745681073715,1.055820488965));
#11628 = CARTESIAN_POINT('',(5.848823571256,1.037388656048));
#11629 = CARTESIAN_POINT('',(5.954245511998,1.021656597169));
#11630 = CARTESIAN_POINT('',(6.061786831875,1.009530380318));
#11631 = CARTESIAN_POINT('',(6.171336659397,1.001814694586));
#11632 = CARTESIAN_POINT('',(6.245688578142,0.999983063426));
#11633 = CARTESIAN_POINT('',(6.28318530718,1.));
#11634 = ( GEOMETRIC_REPRESENTATION_CONTEXT(2) 
PARAMETRIC_REPRESENTATION_CONTEXT() REPRESENTATION_CONTEXT('2D SPACE',''
  ) );
#11635 = ADVANCED_FACE('',(#11636),#11558,.F.);
#11636 = FACE_BOUND('',#11637,.F.);
#11637 = EDGE_LOOP('',(#11638,#11661,#12229,#12230));
#11638 = ORIENTED_EDGE('',*,*,#11639,.T.);
#11639 = EDGE_CURVE('',#11430,#11640,#11642,.T.);
#11640 = VERTEX_POINT('',#11641);
#11641 = CARTESIAN_POINT('',(-1.725,3.918869757272E-16,23.1));
#11642 = SEAM_CURVE('',#11643,(#11647,#11654),.PCURVE_S1.);
#11643 = LINE('',#11644,#11645);
#11644 = CARTESIAN_POINT('',(-7.,3.918869757272E-16,23.1));
#11645 = VECTOR('',#11646,1.);
#11646 = DIRECTION('',(1.,0.,0.));
#11647 = PCURVE('',#11558,#11648);
#11648 = DEFINITIONAL_REPRESENTATION('',(#11649),#11653);
#11649 = LINE('',#11650,#11651);
#11650 = CARTESIAN_POINT('',(6.28318530718,-0.));
#11651 = VECTOR('',#11652,1.);
#11652 = DIRECTION('',(0.,1.));
#11653 = ( GEOMETRIC_REPRESENTATION_CONTEXT(2) 
PARAMETRIC_REPRESENTATION_CONTEXT() REPRESENTATION_CONTEXT('2D SPACE',''
  ) );
#11654 = PCURVE('',#11558,#11655);
#11655 = DEFINITIONAL_REPRESENTATION('',(#11656),#11660);
#11656 = LINE('',#11657,#11658);
#11657 = CARTESIAN_POINT('',(0.,-0.));
#11658 = VECTOR('',#11659,1.);
#11659 = DIRECTION('',(0.,1.));
#11660 = ( GEOMETRIC_REPRESENTATION_CONTEXT(2) 
PARAMETRIC_REPRESENTATION_CONTEXT() REPRESENTATION_CONTEXT('2D SPACE',''
  ) );
#11661 = ORIENTED_EDGE('',*,*,#11662,.F.);
#11662 = EDGE_CURVE('',#11640,#11640,#11663,.T.);
#11663 = SURFACE_CURVE('',#11664,(#11814,#12019),.PCURVE_S1.);
#11664 = B_SPLINE_CURVE_WITH_KNOTS('',8,(#11665,#11666,#11667,#11668,
    #11669,#11670,#11671,#11672,#11673,#11674,#11675,#11676,#11677,
    #11678,#11679,#11680,#11681,#11682,#11683,#11684,#11685,#11686,
    #11687,#11688,#11689,#11690,#11691,#11692,#11693,#11694,#11695,
    #11696,#11697,#11698,#11699,#11700,#11701,#11702,#11703,#11704,
    #11705,#11706,#11707,#11708,#11709,#11710,#11711,#11712,#11713,
    #11714,#11715,#11716,#11717,#11718,#11719,#11720,#11721,#11722,
    #11723,#11724,#11725,#11726,#11727,#11728,#11729,#11730,#11731,
    #11732,#11733,#11734,#11735,#11736,#11737,#11738,#11739,#11740,
    #11741,#11742,#11743,#11744,#11745,#11746,#11747,#11748,#11749,
    #11750,#11751,#11752,#11753,#11754,#11755,#11756,#11757,#11758,
    #11759,#11760,#11761,#11762,#11763,#11764,#11765,#11766,#11767,
    #11768,#11769,#11770,#11771,#11772,#11773,#11774,#11775,#11776,
    #11777,#11778,#11779,#11780,#11781,#11782,#11783,#11784,#11785,
    #11786,#11787,#11788,#11789,#11790,#11791,#11792,#11793,#11794,
    #11795,#11796,#11797,#11798,#11799,#11800,#11801,#11802,#11803,
    #11804,#11805,#11806,#11807,#11808,#11809,#11810,#11811,#11812,
    #11813),.UNSPECIFIED.,.T.,.F.,(9,7,7,7,7,7,7,7,7,7,7,7,7,7,7,7,7,7,7
    ,7,7,9),(0.,6.006688363181E-02,0.156222382612,0.207512296103,
    0.222414358159,0.251234422997,0.269201970767,0.294647940942,
    0.345373495499,0.440119330316,0.475865273223,0.526162250231,
    0.561356524149,0.656978435973,0.707983730908,0.722803098278,
    0.751463234493,0.769331076548,0.79463584166,0.845079909386,
    0.939299979527,1.),.UNSPECIFIED.);
#11665 = CARTESIAN_POINT('',(-1.725,2.22044604925E-16,23.1));
#11666 = CARTESIAN_POINT('',(-1.725,-9.245762798132E-02,23.1));
#11667 = CARTESIAN_POINT('',(-1.719336264585,-0.184246371477,
    23.093893892861));
#11668 = CARTESIAN_POINT('',(-1.708153041895,-0.274623493972,
    23.081836714299));
#11669 = CARTESIAN_POINT('',(-1.691741646856,-0.362864626355,
    23.06412507238));
#11670 = CARTESIAN_POINT('',(-1.67053949991,-0.448279453701,
    23.041196164592));
#11671 = CARTESIAN_POINT('',(-1.64512741387,-0.530226132448,
    23.013628700404));
#11672 = CARTESIAN_POINT('',(-1.616225128908,-0.608124437937,
    22.982145729277));
#11673 = CARTESIAN_POINT('',(-1.534195583801,-0.798875971038,
    22.892349336761));
#11674 = CARTESIAN_POINT('',(-1.476288809889,-0.906139793672,
    22.828560319299));
#11675 = CARTESIAN_POINT('',(-1.412927782228,-1.003485636748,
    22.758137103237));
#11676 = CARTESIAN_POINT('',(-1.345703653469,-1.091395635074,
    22.682501694247));
#11677 = CARTESIAN_POINT('',(-1.275875479257,-1.170463124713,
    22.602677176374));
#11678 = CARTESIAN_POINT('',(-1.204463712065,-1.241325477675,
    22.519254157929));
#11679 = CARTESIAN_POINT('',(-1.132271134383,-1.304566340798,
    22.432439314903));
#11680 = CARTESIAN_POINT('',(-1.022041515963,-1.390474542098,
    22.293603178894));
#11681 = CARTESIAN_POINT('',(-0.984051585102,-1.418097231211,
    22.244583667049));
#11682 = CARTESIAN_POINT('',(-0.946409872133,-1.443701527118,
    22.194602603724));
#11683 = CARTESIAN_POINT('',(-0.909190386948,-1.467413048151,
    22.143431397099));
#11684 = CARTESIAN_POINT('',(-0.872616411529,-1.489240375607,
    22.090912077222));
#11685 = CARTESIAN_POINT('',(-0.837114526647,-1.509112875305,
    22.036976355614));
#11686 = CARTESIAN_POINT('',(-0.803333763548,-1.526924695672,
    21.981627060759));
#11687 = CARTESIAN_POINT('',(-0.76303839278,-1.547094156434,
    21.908401838246));
#11688 = CARTESIAN_POINT('',(-0.75416816827,-1.551457827233,
    21.891773301601));
#11689 = CARTESIAN_POINT('',(-0.745518336087,-1.55564173217,
    21.874996071111));
#11690 = CARTESIAN_POINT('',(-0.737109948599,-1.559642684122,
    21.858065185301));
#11691 = CARTESIAN_POINT('',(-0.728966350385,-1.563456914786,
    21.840976363265));
#11692 = CARTESIAN_POINT('',(-0.721113178238,-1.567080074678,
    21.823726004671));
#11693 = CARTESIAN_POINT('',(-0.713578361164,-1.570507233133,
    21.806311189762));
#11694 = CARTESIAN_POINT('',(-0.692494183001,-1.579971162828,
    21.754727655457));
#11695 = CARTESIAN_POINT('',(-0.679771931236,-1.585513289378,
    21.719790026354));
#11696 = CARTESIAN_POINT('',(-0.668597923969,-1.59024414663,
    21.68416241616));
#11697 = CARTESIAN_POINT('',(-0.659284323129,-1.594094348426,
    21.648019605749));
#11698 = CARTESIAN_POINT('',(-0.652080978563,-1.59702198773,
    21.61147744555));
#11699 = CARTESIAN_POINT('',(-0.647174718826,-1.59899869486,
    21.574605497539));
#11700 = CARTESIAN_POINT('',(-0.644689847911,-1.6,21.53744040642));
#11701 = CARTESIAN_POINT('',(-0.644689847911,-1.6,21.47665819648));
#11702 = CARTESIAN_POINT('',(-0.645655666749,-1.599610706102,
    21.453352301159));
#11703 = CARTESIAN_POINT('',(-0.647582210233,-1.598834608396,
    21.430109507882));
#11704 = CARTESIAN_POINT('',(-0.650449790104,-1.597675495192,
    21.406958727968));
#11705 = CARTESIAN_POINT('',(-0.654224016215,-1.59613953189,
    21.383933007141));
#11706 = CARTESIAN_POINT('',(-0.658855688713,-1.594236339853,
    21.361071942469));
#11707 = CARTESIAN_POINT('',(-0.664280690228,-1.591980075276,
    21.338424099287));
#11708 = CARTESIAN_POINT('',(-0.679114308272,-1.585723115549,
    21.28436200913));
#11709 = CARTESIAN_POINT('',(-0.689245838847,-1.581385839182,21.25320592
    ));
#11710 = CARTESIAN_POINT('',(-0.700648899181,-1.576409836755,
    21.222545820875));
#11711 = CARTESIAN_POINT('',(-0.713163839343,-1.570823067883,
    21.192361160316));
#11712 = CARTESIAN_POINT('',(-0.726638914282,-1.564651350736,
    21.162642566505));
#11713 = CARTESIAN_POINT('',(-0.740932268028,-1.557919418767,
    21.133388238425));
#11714 = CARTESIAN_POINT('',(-0.755913917904,-1.550651977446,
    21.104600337045));
#11715 = CARTESIAN_POINT('',(-0.802473677249,-1.527371181644,
    21.01982862708));
#11716 = CARTESIAN_POINT('',(-0.836018796948,-1.509707876019,
    20.964755816065));
#11717 = CARTESIAN_POINT('',(-0.871278042154,-1.490006010161,
    20.911084707152));
#11718 = CARTESIAN_POINT('',(-0.9076096893,-1.468370356263,
    20.858817666759));
#11719 = CARTESIAN_POINT('',(-0.944590709684,-1.444871137636,
    20.807887120416));
#11720 = CARTESIAN_POINT('',(-0.981998717763,-1.419500810699,
    20.758136818332));
#11721 = CARTESIAN_POINT('',(-1.019759545936,-1.392136683654,
    20.70934011459));
#11722 = CARTESIAN_POINT('',(-1.129080396219,-1.307259717146,
    20.571456683457));
#11723 = CARTESIAN_POINT('',(-1.200616884652,-1.244903127759,
    20.485310441492));
#11724 = CARTESIAN_POINT('',(-1.271414114482,-1.175087022037,
    20.402499971759));
#11725 = CARTESIAN_POINT('',(-1.340689264026,-1.09725237322,
    20.323213220453));
#11726 = CARTESIAN_POINT('',(-1.407462702429,-1.010781242725,
    20.248003664106));
#11727 = CARTESIAN_POINT('',(-1.470529837342,-0.915089448378,
    20.177838659508));
#11728 = CARTESIAN_POINT('',(-1.528367871558,-0.809689780821,
    20.114071433615));
#11729 = CARTESIAN_POINT('',(-1.598229237844,-0.650806286275,
    20.037541470105));
#11730 = CARTESIAN_POINT('',(-1.61637270171,-0.605822442691,
    20.017724224479));
#11731 = CARTESIAN_POINT('',(-1.633385303558,-0.559432962826,
    19.99918988429));
#11732 = CARTESIAN_POINT('',(-1.649136195068,-0.511699957103,
    19.98206815665));
#11733 = CARTESIAN_POINT('',(-1.663500893001,-0.462692541577,
    19.966482481284));
#11734 = CARTESIAN_POINT('',(-1.676361467568,-0.412486582704,
    19.952550160525));
#11735 = CARTESIAN_POINT('',(-1.68760673081,-0.361164442104,
    19.940382489302));
#11736 = CARTESIAN_POINT('',(-1.710535725634,-0.235155097664,
    19.9155954545));
#11737 = CARTESIAN_POINT('',(-1.720528376286,-0.159494945759,
    19.904815113731));
#11738 = CARTESIAN_POINT('',(-1.726755009446,-8.2469871728E-02,
    19.898107539116));
#11739 = CARTESIAN_POINT('',(-1.728999104321,-4.740789082365E-03,
    19.895691938151));
#11740 = CARTESIAN_POINT('',(-1.727184773209,7.30185453796E-02,
    19.897644728188));
#11741 = CARTESIAN_POINT('',(-1.721377366328,0.150134014061,
    19.903900121571));
#11742 = CARTESIAN_POINT('',(-1.71178289505,0.22594363944,
    19.914249617244));
#11743 = CARTESIAN_POINT('',(-1.689624166131,0.35149664035,
    19.938200133087));
#11744 = CARTESIAN_POINT('',(-1.678820732019,0.402208990276,
    19.949887344348));
#11745 = CARTESIAN_POINT('',(-1.666434075464,0.451858229116,
    19.963302776425));
#11746 = CARTESIAN_POINT('',(-1.652569576302,0.500361239295,
    19.978340862495));
#11747 = CARTESIAN_POINT('',(-1.637339706023,0.547640991369,
    19.994889601671));
#11748 = CARTESIAN_POINT('',(-1.620863843846,0.593626825734,
    20.012830435567));
#11749 = CARTESIAN_POINT('',(-1.603268092774,0.638254734329,
    20.032038124857));
#11750 = CARTESIAN_POINT('',(-1.534195583801,0.798875971037,
    20.107650663239));
#11751 = CARTESIAN_POINT('',(-1.476288809888,0.906139793675,
    20.171439680704));
#11752 = CARTESIAN_POINT('',(-1.412927782231,1.003485636742,
    20.241862896757));
#11753 = CARTESIAN_POINT('',(-1.345703653465,1.09139563508,
    20.317498305761));
#11754 = CARTESIAN_POINT('',(-1.27587547926,1.170463124708,
    20.39732282362));
#11755 = CARTESIAN_POINT('',(-1.204463712064,1.241325477677,
    20.480745842073));
#11756 = CARTESIAN_POINT('',(-1.132271134383,1.304566340797,
    20.567560685097));
#11757 = CARTESIAN_POINT('',(-1.022041515964,1.390474542098,
    20.706396821105));
#11758 = CARTESIAN_POINT('',(-0.984051585102,1.418097231211,
    20.755416332951));
#11759 = CARTESIAN_POINT('',(-0.946409872133,1.443701527118,
    20.805397396276));
#11760 = CARTESIAN_POINT('',(-0.909190386948,1.467413048151,
    20.856568602901));
#11761 = CARTESIAN_POINT('',(-0.872616411529,1.489240375607,
    20.909087922777));
#11762 = CARTESIAN_POINT('',(-0.837114526648,1.509112875305,
    20.963023644386));
#11763 = CARTESIAN_POINT('',(-0.803333763548,1.526924695672,
    21.018372939241));
#11764 = CARTESIAN_POINT('',(-0.76303839278,1.547094156434,
    21.091598161754));
#11765 = CARTESIAN_POINT('',(-0.75416816827,1.551457827233,
    21.108226698399));
#11766 = CARTESIAN_POINT('',(-0.745518336087,1.55564173217,
    21.125003928889));
#11767 = CARTESIAN_POINT('',(-0.737109948599,1.559642684122,
    21.141934814699));
#11768 = CARTESIAN_POINT('',(-0.728966350385,1.563456914786,
    21.159023636735));
#11769 = CARTESIAN_POINT('',(-0.721113178238,1.567080074678,
    21.176273995329));
#11770 = CARTESIAN_POINT('',(-0.713578361164,1.570507233133,
    21.193688810238));
#11771 = CARTESIAN_POINT('',(-0.692494183001,1.579971162828,
    21.245272344543));
#11772 = CARTESIAN_POINT('',(-0.679771931236,1.585513289378,
    21.280209973646));
#11773 = CARTESIAN_POINT('',(-0.668597923969,1.59024414663,
    21.31583758384));
#11774 = CARTESIAN_POINT('',(-0.659284323129,1.594094348426,
    21.351980394251));
#11775 = CARTESIAN_POINT('',(-0.652080978563,1.59702198773,
    21.38852255445));
#11776 = CARTESIAN_POINT('',(-0.647174718826,1.59899869486,
    21.425394502461));
#11777 = CARTESIAN_POINT('',(-0.644689847911,1.6,21.46255959358));
#11778 = CARTESIAN_POINT('',(-0.644689847911,1.6,21.52334180352));
#11779 = CARTESIAN_POINT('',(-0.645655666749,1.599610706102,
    21.546647698841));
#11780 = CARTESIAN_POINT('',(-0.647582210233,1.598834608396,
    21.569890492118));
#11781 = CARTESIAN_POINT('',(-0.650449790104,1.597675495192,
    21.593041272032));
#11782 = CARTESIAN_POINT('',(-0.654224016215,1.59613953189,
    21.616066992859));
#11783 = CARTESIAN_POINT('',(-0.658855688713,1.594236339853,
    21.638928057531));
#11784 = CARTESIAN_POINT('',(-0.664280690228,1.591980075276,
    21.661575900713));
#11785 = CARTESIAN_POINT('',(-0.67911430827,1.585723115549,
    21.715637990863));
#11786 = CARTESIAN_POINT('',(-0.689245838846,1.581385839183,
    21.746794079996));
#11787 = CARTESIAN_POINT('',(-0.700648899181,1.576409836755,
    21.777454179128));
#11788 = CARTESIAN_POINT('',(-0.713163839346,1.570823067882,
    21.807638839691));
#11789 = CARTESIAN_POINT('',(-0.726638914284,1.564651350735,
    21.8373574335));
#11790 = CARTESIAN_POINT('',(-0.740932268027,1.557919418767,
    21.866611761573));
#11791 = CARTESIAN_POINT('',(-0.7559139179,1.550651977448,
    21.895399662947));
#11792 = CARTESIAN_POINT('',(-0.80247367725,1.527371181644,
    21.98017137292));
#11793 = CARTESIAN_POINT('',(-0.836018796947,1.509707876019,
    22.035244183934));
#11794 = CARTESIAN_POINT('',(-0.871278042154,1.490006010161,
    22.088915292848));
#11795 = CARTESIAN_POINT('',(-0.9076096893,1.468370356263,
    22.141182333241));
#11796 = CARTESIAN_POINT('',(-0.944590709683,1.444871137636,
    22.192112879583));
#11797 = CARTESIAN_POINT('',(-0.981998717763,1.419500810699,
    22.241863181669));
#11798 = CARTESIAN_POINT('',(-1.019759545935,1.392136683654,
    22.29065988541));
#11799 = CARTESIAN_POINT('',(-1.129080396219,1.307259717145,
    22.428543316544));
#11800 = CARTESIAN_POINT('',(-1.200616884652,1.244903127759,
    22.514689558508));
#11801 = CARTESIAN_POINT('',(-1.271414114481,1.175087022038,
    22.597500028241));
#11802 = CARTESIAN_POINT('',(-1.340689264027,1.097252373219,
    22.676786779548));
#11803 = CARTESIAN_POINT('',(-1.407462702428,1.010781242726,
    22.751996335893));
#11804 = CARTESIAN_POINT('',(-1.470529837342,0.915089448378,
    22.822161340493));
#11805 = CARTESIAN_POINT('',(-1.528367871558,0.809689780821,
    22.885928566385));
#11806 = CARTESIAN_POINT('',(-1.611770237951,0.620010418244,
    22.977292082389));
#11807 = CARTESIAN_POINT('',(-1.641777761548,0.540916869118,
    23.009994477183));
#11808 = CARTESIAN_POINT('',(-1.668207232721,0.457567855339,
    23.038673731146));
#11809 = CARTESIAN_POINT('',(-1.690290527314,0.370562208167,
    23.062558898048));
#11810 = CARTESIAN_POINT('',(-1.707405537931,0.280566030862,
    23.081030784697));
#11811 = CARTESIAN_POINT('',(-1.719081103135,0.188298651018,
    23.093618815661));
#11812 = CARTESIAN_POINT('',(-1.725,9.451722578551E-02,23.1));
#11813 = CARTESIAN_POINT('',(-1.725,2.22044604925E-16,23.1));
#11814 = PCURVE('',#11558,#11815);
#11815 = DEFINITIONAL_REPRESENTATION('',(#11816),#12018);
#11816 = B_SPLINE_CURVE_WITH_KNOTS('',3,(#11817,#11818,#11819,#11820,
    #11821,#11822,#11823,#11824,#11825,#11826,#11827,#11828,#11829,
    #11830,#11831,#11832,#11833,#11834,#11835,#11836,#11837,#11838,
    #11839,#11840,#11841,#11842,#11843,#11844,#11845,#11846,#11847,
    #11848,#11849,#11850,#11851,#11852,#11853,#11854,#11855,#11856,
    #11857,#11858,#11859,#11860,#11861,#11862,#11863,#11864,#11865,
    #11866,#11867,#11868,#11869,#11870,#11871,#11872,#11873,#11874,
    #11875,#11876,#11877,#11878,#11879,#11880,#11881,#11882,#11883,
    #11884,#11885,#11886,#11887,#11888,#11889,#11890,#11891,#11892,
    #11893,#11894,#11895,#11896,#11897,#11898,#11899,#11900,#11901,
    #11902,#11903,#11904,#11905,#11906,#11907,#11908,#11909,#11910,
    #11911,#11912,#11913,#11914,#11915,#11916,#11917,#11918,#11919,
    #11920,#11921,#11922,#11923,#11924,#11925,#11926,#11927,#11928,
    #11929,#11930,#11931,#11932,#11933,#11934,#11935,#11936,#11937,
    #11938,#11939,#11940,#11941,#11942,#11943,#11944,#11945,#11946,
    #11947,#11948,#11949,#11950,#11951,#11952,#11953,#11954,#11955,
    #11956,#11957,#11958,#11959,#11960,#11961,#11962,#11963,#11964,
    #11965,#11966,#11967,#11968,#11969,#11970,#11971,#11972,#11973,
    #11974,#11975,#11976,#11977,#11978,#11979,#11980,#11981,#11982,
    #11983,#11984,#11985,#11986,#11987,#11988,#11989,#11990,#11991,
    #11992,#11993,#11994,#11995,#11996,#11997,#11998,#11999,#12000,
    #12001,#12002,#12003,#12004,#12005,#12006,#12007,#12008,#12009,
    #12010,#12011,#12012,#12013,#12014,#12015,#12016,#12017),
  .UNSPECIFIED.,.F.,.F.,(4,1,1,1,1,1,1,1,1,1,1,1,1,1,1,1,1,1,1,1,1,1,1,1
    ,1,1,1,1,1,1,1,1,1,1,1,1,1,1,1,1,1,1,1,1,1,1,1,1,1,1,1,1,1,1,1,1,1,1
    ,1,1,1,1,1,1,1,1,1,1,1,1,1,1,1,1,1,1,1,1,1,1,1,1,1,1,1,1,1,1,1,1,1,1
    ,1,1,1,1,1,1,1,1,1,1,1,1,1,1,1,1,1,1,1,1,1,1,1,1,1,1,1,1,1,1,1,1,1,1
    ,1,1,1,1,1,1,1,1,1,1,1,1,1,1,1,1,1,1,1,1,1,1,1,1,1,1,1,1,1,1,1,1,1,1
    ,1,1,1,1,1,1,1,1,1,1,1,1,1,1,1,1,1,1,1,1,1,1,1,1,1,1,1,1,1,1,1,1,1,1
    ,1,1,1,1,4),(0.,5.050505050505E-03,1.010101010101E-02,
    1.515151515152E-02,2.020202020202E-02,2.525252525253E-02,
    3.030303030303E-02,3.535353535354E-02,4.040404040404E-02,
    4.545454545455E-02,5.050505050505E-02,5.555555555556E-02,
    6.060606060606E-02,6.565656565657E-02,7.070707070707E-02,
    7.575757575758E-02,8.080808080808E-02,8.585858585859E-02,
    9.090909090909E-02,9.59595959596E-02,0.10101010101,0.106060606061,
    0.111111111111,0.116161616162,0.121212121212,0.126262626263,
    0.131313131313,0.136363636364,0.141414141414,0.146464646465,
    0.151515151515,0.156565656566,0.161616161616,0.166666666667,
    0.171717171717,0.176767676768,0.181818181818,0.186868686869,
    0.191919191919,0.19696969697,0.20202020202,0.207070707071,
    0.212121212121,0.217171717172,0.222222222222,0.227272727273,
    0.232323232323,0.237373737374,0.242424242424,0.247474747475,
    0.252525252525,0.257575757576,0.262626262626,0.267676767677,
    0.272727272727,0.277777777778,0.282828282828,0.287878787879,
    0.292929292929,0.29797979798,0.30303030303,0.308080808081,
    0.313131313131,0.318181818182,0.323232323232,0.328282828283,
    0.333333333333,0.338383838384,0.343434343434,0.348484848485,
    0.353535353535,0.358585858586,0.363636363636,0.368686868687,
    0.373737373737,0.378787878788,0.383838383838,0.388888888889,
    0.393939393939,0.39898989899,0.40404040404,0.409090909091,
    0.414141414141,0.419191919192,0.424242424242,0.429292929293,
    0.434343434343,0.439393939394,0.444444444444,0.449494949495,
    0.454545454545,0.459595959596,0.464646464646,0.469696969697,
    0.474747474747,0.479797979798,0.484848484848,0.489898989899,
    0.494949494949,0.5,0.505050505051,0.510101010101,0.515151515152,
    0.520202020202,0.525252525253,0.530303030303,0.535353535354,
    0.540404040404,0.545454545455,0.550505050505,0.555555555556,
    0.560606060606,0.565656565657,0.570707070707,0.575757575758,
    0.580808080808,0.585858585859,0.590909090909,0.59595959596,
    0.60101010101,0.606060606061,0.611111111111,0.616161616162,
    0.621212121212,0.626262626263,0.631313131313,0.636363636364,
    0.641414141414,0.646464646465,0.651515151515,0.656565656566,
    0.661616161616,0.666666666667,0.671717171717,0.676767676768,
    0.681818181818,0.686868686869,0.691919191919,0.69696969697,
    0.70202020202,0.707070707071,0.712121212121,0.717171717172,
    0.722222222222,0.727272727273,0.732323232323,0.737373737374,
    0.742424242424,0.747474747475,0.752525252525,0.757575757576,
    0.762626262626,0.767676767677,0.772727272727,0.777777777778,
    0.782828282828,0.787878787879,0.792929292929,0.79797979798,
    0.80303030303,0.808080808081,0.813131313131,0.818181818182,
    0.823232323232,0.828282828283,0.833333333333,0.838383838384,
    0.843434343434,0.848484848485,0.853535353535,0.858585858586,
    0.863636363636,0.868686868687,0.873737373737,0.878787878788,
    0.883838383838,0.888888888889,0.893939393939,0.89898989899,
    0.90404040404,0.909090909091,0.914141414141,0.919191919192,
    0.924242424242,0.929292929293,0.934343434343,0.939393939394,
    0.944444444444,0.949494949495,0.954545454545,0.959595959596,
    0.964646464646,0.969696969697,0.974747474747,0.979797979798,
    0.984848484848,0.989898989899,0.994949494949,1.),
  .QUASI_UNIFORM_KNOTS.);
#11817 = CARTESIAN_POINT('',(0.,5.275));
#11818 = CARTESIAN_POINT('',(1.295652886651E-02,5.274998974519));
#11819 = CARTESIAN_POINT('',(3.881469677572E-02,5.27574824642));
#11820 = CARTESIAN_POINT('',(7.740199046415E-02,5.279077628326));
#11821 = CARTESIAN_POINT('',(0.115754465673,5.284568807169));
#11822 = CARTESIAN_POINT('',(0.153835762699,5.292161244895));
#11823 = CARTESIAN_POINT('',(0.191608143123,5.301783425311));
#11824 = CARTESIAN_POINT('',(0.229032024005,5.313351351328));
#11825 = CARTESIAN_POINT('',(0.266065753948,5.326769098123));
#11826 = CARTESIAN_POINT('',(0.302664949933,5.341928603084));
#11827 = CARTESIAN_POINT('',(0.338783289607,5.35871052755));
#11828 = CARTESIAN_POINT('',(0.374367861426,5.376981669489));
#11829 = CARTESIAN_POINT('',(0.409374769441,5.39660517549));
#11830 = CARTESIAN_POINT('',(0.443709105273,5.417403079439));
#11831 = CARTESIAN_POINT('',(0.477452825023,5.439300376174));
#11832 = CARTESIAN_POINT('',(0.510699448162,5.462249946035));
#11833 = CARTESIAN_POINT('',(0.543450599788,5.486151492804));
#11834 = CARTESIAN_POINT('',(0.575732354867,5.510924694501));
#11835 = CARTESIAN_POINT('',(0.607564190118,5.536489414301));
#11836 = CARTESIAN_POINT('',(0.638967434198,5.562770797613));
#11837 = CARTESIAN_POINT('',(0.669963138563,5.589697684197));
#11838 = CARTESIAN_POINT('',(0.700572786517,5.617202793014));
#11839 = CARTESIAN_POINT('',(0.730818244831,5.645222409949));
#11840 = CARTESIAN_POINT('',(0.760721920761,5.673696180346));
#11841 = CARTESIAN_POINT('',(0.790306868656,5.702566839119));
#11842 = CARTESIAN_POINT('',(0.819596909762,5.731779906611));
#11843 = CARTESIAN_POINT('',(0.848616773963,5.761283356283));
#11844 = CARTESIAN_POINT('',(0.877392176851,5.791027143852));
#11845 = CARTESIAN_POINT('',(0.905950187166,5.820962965784));
#11846 = CARTESIAN_POINT('',(0.934318573771,5.851042808892));
#11847 = CARTESIAN_POINT('',(0.962529048962,5.881221589576));
#11848 = CARTESIAN_POINT('',(0.990606085829,5.911444030674));
#11849 = CARTESIAN_POINT('',(1.018609721662,5.9416897799));
#11850 = CARTESIAN_POINT('',(1.046475225017,5.971798499951));
#11851 = CARTESIAN_POINT('',(1.074222597726,6.00169579491));
#11852 = CARTESIAN_POINT('',(1.101943301906,6.031377221202));
#11853 = CARTESIAN_POINT('',(1.129697794278,6.060794170065));
#11854 = CARTESIAN_POINT('',(1.157542686481,6.089880101161));
#11855 = CARTESIAN_POINT('',(1.185523573788,6.118539679458));
#11856 = CARTESIAN_POINT('',(1.213677949177,6.146648936766));
#11857 = CARTESIAN_POINT('',(1.242034281102,6.174051846617));
#11858 = CARTESIAN_POINT('',(1.270618339368,6.200564062631));
#11859 = CARTESIAN_POINT('',(1.299436199829,6.225955857452));
#11860 = CARTESIAN_POINT('',(1.32854500465,6.250015790095));
#11861 = CARTESIAN_POINT('',(1.358101668997,6.272559867482));
#11862 = CARTESIAN_POINT('',(1.388083642401,6.293219524058));
#11863 = CARTESIAN_POINT('',(1.418729400717,6.311752210613));
#11864 = CARTESIAN_POINT('',(1.450052829845,6.327684010192));
#11865 = CARTESIAN_POINT('',(1.481825210039,6.34044175982));
#11866 = CARTESIAN_POINT('',(1.513967979307,6.349602581443));
#11867 = CARTESIAN_POINT('',(1.546395639141,6.35483109762));
#11868 = CARTESIAN_POINT('',(1.579187967243,6.355884370254));
#11869 = CARTESIAN_POINT('',(1.611917300008,6.352655669909));
#11870 = CARTESIAN_POINT('',(1.644402194852,6.345313370408));
#11871 = CARTESIAN_POINT('',(1.676530885646,6.334157050844));
#11872 = CARTESIAN_POINT('',(1.708066603062,6.319673107065));
#11873 = CARTESIAN_POINT('',(1.739021423543,6.302326737204));
#11874 = CARTESIAN_POINT('',(1.769466715763,6.282523126189));
#11875 = CARTESIAN_POINT('',(1.799434753351,6.260655603308));
#11876 = CARTESIAN_POINT('',(1.828947329493,6.237089367629));
#11877 = CARTESIAN_POINT('',(1.858025523632,6.212154890949));
#11878 = CARTESIAN_POINT('',(1.88687810842,6.185964800594));
#11879 = CARTESIAN_POINT('',(1.915485384686,6.158784845156));
#11880 = CARTESIAN_POINT('',(1.943877886095,6.130811924821));
#11881 = CARTESIAN_POINT('',(1.972080118767,6.102219637312));
#11882 = CARTESIAN_POINT('',(2.000127500418,6.073146639583));
#11883 = CARTESIAN_POINT('',(2.028063357545,6.043701268795));
#11884 = CARTESIAN_POINT('',(2.055940610108,6.013962969548));
#11885 = CARTESIAN_POINT('',(2.083822622167,5.983984449169));
#11886 = CARTESIAN_POINT('',(2.11178049364,5.953797880053));
#11887 = CARTESIAN_POINT('',(2.139903002291,5.92340750447));
#11888 = CARTESIAN_POINT('',(2.168090471765,5.893015235242));
#11889 = CARTESIAN_POINT('',(2.196398911193,5.86264900525));
#11890 = CARTESIAN_POINT('',(2.224855117435,5.832364140644));
#11891 = CARTESIAN_POINT('',(2.253491354997,5.802207191142));
#11892 = CARTESIAN_POINT('',(2.282336364526,5.772226762897));
#11893 = CARTESIAN_POINT('',(2.311418030123,5.742471586109));
#11894 = CARTESIAN_POINT('',(2.340762889035,5.712991856638));
#11895 = CARTESIAN_POINT('',(2.370396461796,5.683839576341));
#11896 = CARTESIAN_POINT('',(2.400343343762,5.655069057926));
#11897 = CARTESIAN_POINT('',(2.430627347094,5.626737300228));
#11898 = CARTESIAN_POINT('',(2.461271620949,5.59890432815));
#11899 = CARTESIAN_POINT('',(2.492298768837,5.571633488066));
#11900 = CARTESIAN_POINT('',(2.523730973049,5.544991704707));
#11901 = CARTESIAN_POINT('',(2.555590075925,5.51904973809));
#11902 = CARTESIAN_POINT('',(2.587897812833,5.493882323512));
#11903 = CARTESIAN_POINT('',(2.620675467921,5.469568657225));
#11904 = CARTESIAN_POINT('',(2.653945671195,5.446191517376));
#11905 = CARTESIAN_POINT('',(2.687726188175,5.423841412303));
#11906 = CARTESIAN_POINT('',(2.722053575514,5.402601901174));
#11907 = CARTESIAN_POINT('',(2.756939229338,5.382579005551));
#11908 = CARTESIAN_POINT('',(2.792353011414,5.363902526863));
#11909 = CARTESIAN_POINT('',(2.828278177322,5.346690875208));
#11910 = CARTESIAN_POINT('',(2.864696965155,5.331060041714));
#11911 = CARTESIAN_POINT('',(2.901594863346,5.317121051913));
#11912 = CARTESIAN_POINT('',(2.938957372879,5.304980752237));
#11913 = CARTESIAN_POINT('',(2.976778179021,5.294740783004));
#11914 = CARTESIAN_POINT('',(3.01496762708,5.28651549158));
#11915 = CARTESIAN_POINT('',(3.053435242244,5.280395411003));
#11916 = CARTESIAN_POINT('',(3.092094585257,5.276447113778));
#11917 = CARTESIAN_POINT('',(3.13086068632,5.274713227701));
#11918 = CARTESIAN_POINT('',(3.169649730759,5.275212378957));
#11919 = CARTESIAN_POINT('',(3.208378028016,5.27793914897));
#11920 = CARTESIAN_POINT('',(3.24696158938,5.282864195451));
#11921 = CARTESIAN_POINT('',(3.285313987525,5.289933849426));
#11922 = CARTESIAN_POINT('',(3.323350486621,5.299071790677));
#11923 = CARTESIAN_POINT('',(3.36096882084,5.310173080013));
#11924 = CARTESIAN_POINT('',(3.39812855593,5.323130549353));
#11925 = CARTESIAN_POINT('',(3.43482226379,5.337842020676));
#11926 = CARTESIAN_POINT('',(3.471031862453,5.354197734536));
#11927 = CARTESIAN_POINT('',(3.506739414516,5.372083550245));
#11928 = CARTESIAN_POINT('',(3.541924890947,5.391380604794));
#11929 = CARTESIAN_POINT('',(3.576563651134,5.411963928326));
#11930 = CARTESIAN_POINT('',(3.610638034453,5.433708774665));
#11931 = CARTESIAN_POINT('',(3.644193586204,5.456533673264));
#11932 = CARTESIAN_POINT('',(3.677245832669,5.480344482936));
#11933 = CARTESIAN_POINT('',(3.709817601565,5.505056027655));
#11934 = CARTESIAN_POINT('',(3.741929684715,5.530586439036));
#11935 = CARTESIAN_POINT('',(3.773603473438,5.556858465126));
#11936 = CARTESIAN_POINT('',(3.804860390339,5.583798895409));
#11937 = CARTESIAN_POINT('',(3.835722183273,5.611338472032));
#11938 = CARTESIAN_POINT('',(3.866210991508,5.63941164889));
#11939 = CARTESIAN_POINT('',(3.89634947558,5.667956363738));
#11940 = CARTESIAN_POINT('',(3.926160934196,5.696913772645));
#11941 = CARTESIAN_POINT('',(3.95566942579,5.726227946136));
#11942 = CARTESIAN_POINT('',(3.98489990758,5.755845532003));
#11943 = CARTESIAN_POINT('',(4.013878334623,5.785715307348));
#11944 = CARTESIAN_POINT('',(4.042631952883,5.815787856347));
#11945 = CARTESIAN_POINT('',(4.071188930314,5.846014427087));
#11946 = CARTESIAN_POINT('',(4.099580544443,5.876348429393));
#11947 = CARTESIAN_POINT('',(4.127833942901,5.906736574525));
#11948 = CARTESIAN_POINT('',(4.156000232836,5.937148083184));
#11949 = CARTESIAN_POINT('',(4.18405090475,5.967461137093));
#11950 = CARTESIAN_POINT('',(4.211961187676,5.997552185465));
#11951 = CARTESIAN_POINT('',(4.239837097838,6.027432047602));
#11952 = CARTESIAN_POINT('',(4.267738311283,6.057051012575));
#11953 = CARTESIAN_POINT('',(4.295724498433,6.086345712558));
#11954 = CARTESIAN_POINT('',(4.323842992758,6.115222567815));
#11955 = CARTESIAN_POINT('',(4.352132901979,6.143559169537));
#11956 = CARTESIAN_POINT('',(4.380624388997,6.171200814448));
#11957 = CARTESIAN_POINT('',(4.409342909014,6.197962412561));
#11958 = CARTESIAN_POINT('',(4.438300366101,6.223618111875));
#11959 = CARTESIAN_POINT('',(4.467535424485,6.247939486743));
#11960 = CARTESIAN_POINT('',(4.49721695058,6.270753802636));
#11961 = CARTESIAN_POINT('',(4.527333089616,6.291695921647));
#11962 = CARTESIAN_POINT('',(4.558085145308,6.31049979782));
#11963 = CARTESIAN_POINT('',(4.58954856198,6.326724880143));
#11964 = CARTESIAN_POINT('',(4.621471630718,6.33977059581));
#11965 = CARTESIAN_POINT('',(4.653774876329,6.349203577884));
#11966 = CARTESIAN_POINT('',(4.68636795176,6.354675714979));
#11967 = CARTESIAN_POINT('',(4.71932987026,6.355936704075));
#11968 = CARTESIAN_POINT('',(4.752253539776,6.352865592982));
#11969 = CARTESIAN_POINT('',(4.784928929768,6.345625496949));
#11970 = CARTESIAN_POINT('',(4.817251515295,6.334515766342));
#11971 = CARTESIAN_POINT('',(4.848979308015,6.320026299417));
#11972 = CARTESIAN_POINT('',(4.880116719279,6.302633609334));
#11973 = CARTESIAN_POINT('',(4.910738592002,6.282749433231));
#11974 = CARTESIAN_POINT('',(4.940877490067,6.260774207927));
#11975 = CARTESIAN_POINT('',(4.970555667837,6.237079573004));
#11976 = CARTESIAN_POINT('',(4.99979501691,6.212001240707));
#11977 = CARTESIAN_POINT('',(5.028806440241,6.185654727794));
#11978 = CARTESIAN_POINT('',(5.057569989412,6.158309936726));
#11979 = CARTESIAN_POINT('',(5.086116778243,6.13016660377));
#11980 = CARTESIAN_POINT('',(5.114471867406,6.101400582164));
#11981 = CARTESIAN_POINT('',(5.142671497835,6.072152020851));
#11982 = CARTESIAN_POINT('',(5.17075996765,6.042530181476));
#11983 = CARTESIAN_POINT('',(5.198791638499,6.012614613549));
#11984 = CARTESIAN_POINT('',(5.226830680955,5.982458600898));
#11985 = CARTESIAN_POINT('',(5.254952444719,5.952091042517));
#11986 = CARTESIAN_POINT('',(5.28323807977,5.921525737637));
#11987 = CARTESIAN_POINT('',(5.311588695564,5.890964983074));
#11988 = CARTESIAN_POINT('',(5.340064707542,5.860433107771));
#11989 = CARTESIAN_POINT('',(5.368692259156,5.829987319378));
#11990 = CARTESIAN_POINT('',(5.397504287885,5.79967463704));
#11991 = CARTESIAN_POINT('',(5.426529827441,5.769544590642));
#11992 = CARTESIAN_POINT('',(5.455797136457,5.739646802753));
#11993 = CARTESIAN_POINT('',(5.485333088347,5.710032471823));
#11994 = CARTESIAN_POINT('',(5.515163537063,5.680754683821));
#11995 = CARTESIAN_POINT('',(5.545313402902,5.651868932124));
#11996 = CARTESIAN_POINT('',(5.575806818536,5.623433495797));
#11997 = CARTESIAN_POINT('',(5.606667255751,5.595509781862));
#11998 = CARTESIAN_POINT('',(5.637917629988,5.568162634496));
#11999 = CARTESIAN_POINT('',(5.669580487193,5.54146055865));
#12000 = CARTESIAN_POINT('',(5.701677866035,5.515476119541));
#12001 = CARTESIAN_POINT('',(5.73423236222,5.490285568463));
#12002 = CARTESIAN_POINT('',(5.767263694837,5.465971264883));
#12003 = CARTESIAN_POINT('',(5.800802045633,5.442613587196));
#12004 = CARTESIAN_POINT('',(5.834838784039,5.420322004759));
#12005 = CARTESIAN_POINT('',(5.869511031072,5.399119816943));
#12006 = CARTESIAN_POINT('',(5.904857435474,5.379113683025));
#12007 = CARTESIAN_POINT('',(5.940793049424,5.36047889744));
#12008 = CARTESIAN_POINT('',(5.97727130211,5.343357764048));
#12009 = CARTESIAN_POINT('',(6.014240099789,5.327886631812));
#12010 = CARTESIAN_POINT('',(6.051653101701,5.314188469627));
#12011 = CARTESIAN_POINT('',(6.089466223616,5.302374700888));
#12012 = CARTESIAN_POINT('',(6.127638115649,5.292544537662));
#12013 = CARTESIAN_POINT('',(6.166129578241,5.284785134438));
#12014 = CARTESIAN_POINT('',(6.204903315104,5.279171041683));
#12015 = CARTESIAN_POINT('',(6.243923463978,5.275765718318));
#12016 = CARTESIAN_POINT('',(6.270078315651,5.274998963742));
#12017 = CARTESIAN_POINT('',(6.28318530718,5.275));
#12018 = ( GEOMETRIC_REPRESENTATION_CONTEXT(2) 
PARAMETRIC_REPRESENTATION_CONTEXT() REPRESENTATION_CONTEXT('2D SPACE',''
  ) );
#12019 = PCURVE('',#12020,#12025);
#12020 = CYLINDRICAL_SURFACE('',#12021,1.725);
#12021 = AXIS2_PLACEMENT_3D('',#12022,#12023,#12024);
#12022 = CARTESIAN_POINT('',(0.,0.,9.4));
#12023 = DIRECTION('',(0.,0.,1.));
#12024 = DIRECTION('',(1.,0.,-0.));
#12025 = DEFINITIONAL_REPRESENTATION('',(#12026),#12228);
#12026 = B_SPLINE_CURVE_WITH_KNOTS('',3,(#12027,#12028,#12029,#12030,
    #12031,#12032,#12033,#12034,#12035,#12036,#12037,#12038,#12039,
    #12040,#12041,#12042,#12043,#12044,#12045,#12046,#12047,#12048,
    #12049,#12050,#12051,#12052,#12053,#12054,#12055,#12056,#12057,
    #12058,#12059,#12060,#12061,#12062,#12063,#12064,#12065,#12066,
    #12067,#12068,#12069,#12070,#12071,#12072,#12073,#12074,#12075,
    #12076,#12077,#12078,#12079,#12080,#12081,#12082,#12083,#12084,
    #12085,#12086,#12087,#12088,#12089,#12090,#12091,#12092,#12093,
    #12094,#12095,#12096,#12097,#12098,#12099,#12100,#12101,#12102,
    #12103,#12104,#12105,#12106,#12107,#12108,#12109,#12110,#12111,
    #12112,#12113,#12114,#12115,#12116,#12117,#12118,#12119,#12120,
    #12121,#12122,#12123,#12124,#12125,#12126,#12127,#12128,#12129,
    #12130,#12131,#12132,#12133,#12134,#12135,#12136,#12137,#12138,
    #12139,#12140,#12141,#12142,#12143,#12144,#12145,#12146,#12147,
    #12148,#12149,#12150,#12151,#12152,#12153,#12154,#12155,#12156,
    #12157,#12158,#12159,#12160,#12161,#12162,#12163,#12164,#12165,
    #12166,#12167,#12168,#12169,#12170,#12171,#12172,#12173,#12174,
    #12175,#12176,#12177,#12178,#12179,#12180,#12181,#12182,#12183,
    #12184,#12185,#12186,#12187,#12188,#12189,#12190,#12191,#12192,
    #12193,#12194,#12195,#12196,#12197,#12198,#12199,#12200,#12201,
    #12202,#12203,#12204,#12205,#12206,#12207,#12208,#12209,#12210,
    #12211,#12212,#12213,#12214,#12215,#12216,#12217,#12218,#12219,
    #12220,#12221,#12222,#12223,#12224,#12225,#12226,#12227),
  .UNSPECIFIED.,.T.,.F.,(4,1,1,1,1,1,1,1,1,1,1,1,1,1,1,1,1,1,1,1,1,1,1,1
    ,1,1,1,1,1,1,1,1,1,1,1,1,1,1,1,1,1,1,1,1,1,1,1,1,1,1,1,1,1,1,1,1,1,1
    ,1,1,1,1,1,1,1,1,1,1,1,1,1,1,1,1,1,1,1,1,1,1,1,1,1,1,1,1,1,1,1,1,1,1
    ,1,1,1,1,1,1,1,1,1,1,1,1,1,1,1,1,1,1,1,1,1,1,1,1,1,1,1,1,1,1,1,1,1,1
    ,1,1,1,1,1,1,1,1,1,1,1,1,1,1,1,1,1,1,1,1,1,1,1,1,1,1,1,1,1,1,1,1,1,1
    ,1,1,1,1,1,1,1,1,1,1,1,1,1,1,1,1,1,1,1,1,1,1,1,1,1,1,1,1,1,1,1,1,1,1
    ,1,1,1,1,4),(0.,5.050505050505E-03,1.010101010101E-02,
    1.515151515152E-02,2.020202020202E-02,2.525252525253E-02,
    3.030303030303E-02,3.535353535354E-02,4.040404040404E-02,
    4.545454545455E-02,5.050505050505E-02,5.555555555556E-02,
    6.060606060606E-02,6.565656565657E-02,7.070707070707E-02,
    7.575757575758E-02,8.080808080808E-02,8.585858585859E-02,
    9.090909090909E-02,9.59595959596E-02,0.10101010101,0.106060606061,
    0.111111111111,0.116161616162,0.121212121212,0.126262626263,
    0.131313131313,0.136363636364,0.141414141414,0.146464646465,
    0.151515151515,0.156565656566,0.161616161616,0.166666666667,
    0.171717171717,0.176767676768,0.181818181818,0.186868686869,
    0.191919191919,0.19696969697,0.20202020202,0.207070707071,
    0.212121212121,0.217171717172,0.222222222222,0.227272727273,
    0.232323232323,0.237373737374,0.242424242424,0.247474747475,
    0.252525252525,0.257575757576,0.262626262626,0.267676767677,
    0.272727272727,0.277777777778,0.282828282828,0.287878787879,
    0.292929292929,0.29797979798,0.30303030303,0.308080808081,
    0.313131313131,0.318181818182,0.323232323232,0.328282828283,
    0.333333333333,0.338383838384,0.343434343434,0.348484848485,
    0.353535353535,0.358585858586,0.363636363636,0.368686868687,
    0.373737373737,0.378787878788,0.383838383838,0.388888888889,
    0.393939393939,0.39898989899,0.40404040404,0.409090909091,
    0.414141414141,0.419191919192,0.424242424242,0.429292929293,
    0.434343434343,0.439393939394,0.444444444444,0.449494949495,
    0.454545454545,0.459595959596,0.464646464646,0.469696969697,
    0.474747474747,0.479797979798,0.484848484848,0.489898989899,
    0.494949494949,0.5,0.505050505051,0.510101010101,0.515151515152,
    0.520202020202,0.525252525253,0.530303030303,0.535353535354,
    0.540404040404,0.545454545455,0.550505050505,0.555555555556,
    0.560606060606,0.565656565657,0.570707070707,0.575757575758,
    0.580808080808,0.585858585859,0.590909090909,0.59595959596,
    0.60101010101,0.606060606061,0.611111111111,0.616161616162,
    0.621212121212,0.626262626263,0.631313131313,0.636363636364,
    0.641414141414,0.646464646465,0.651515151515,0.656565656566,
    0.661616161616,0.666666666667,0.671717171717,0.676767676768,
    0.681818181818,0.686868686869,0.691919191919,0.69696969697,
    0.70202020202,0.707070707071,0.712121212121,0.717171717172,
    0.722222222222,0.727272727273,0.732323232323,0.737373737374,
    0.742424242424,0.747474747475,0.752525252525,0.757575757576,
    0.762626262626,0.767676767677,0.772727272727,0.777777777778,
    0.782828282828,0.787878787879,0.792929292929,0.79797979798,
    0.80303030303,0.808080808081,0.813131313131,0.818181818182,
    0.823232323232,0.828282828283,0.833333333333,0.838383838384,
    0.843434343434,0.848484848485,0.853535353535,0.858585858586,
    0.863636363636,0.868686868687,0.873737373737,0.878787878788,
    0.883838383838,0.888888888889,0.893939393939,0.89898989899,
    0.90404040404,0.909090909091,0.914141414141,0.919191919192,
    0.924242424242,0.929292929293,0.934343434343,0.939393939394,
    0.944444444444,0.949494949495,0.954545454545,0.959595959596,
    0.964646464646,0.969696969697,0.974747474747,0.979797979798,
    0.984848484848,0.989898989899,0.994949494949,1.),
  .QUASI_UNIFORM_KNOTS.);
#12027 = CARTESIAN_POINT('',(3.14159265359,13.7));
#12028 = CARTESIAN_POINT('',(3.15361031881,13.700000988783));
#12029 = CARTESIAN_POINT('',(3.177594678905,13.699193404871));
#12030 = CARTESIAN_POINT('',(3.213378264747,13.695603279381));
#12031 = CARTESIAN_POINT('',(3.24892917911,13.689679685861));
#12032 = CARTESIAN_POINT('',(3.284206563508,13.681484192151));
#12033 = CARTESIAN_POINT('',(3.319168446882,13.67108904203));
#12034 = CARTESIAN_POINT('',(3.353771349732,13.658578694036));
#12035 = CARTESIAN_POINT('',(3.387970094083,13.644049394985));
#12036 = CARTESIAN_POINT('',(3.421717234689,13.627609547023));
#12037 = CARTESIAN_POINT('',(3.454963834898,13.609378947265));
#12038 = CARTESIAN_POINT('',(3.48765529238,13.589491825006));
#12039 = CARTESIAN_POINT('',(3.519745683114,13.568085897506));
#12040 = CARTESIAN_POINT('',(3.551143055816,13.545343635329));
#12041 = CARTESIAN_POINT('',(3.581917677757,13.521334847915));
#12042 = CARTESIAN_POINT('',(3.612149448378,13.496097847667));
#12043 = CARTESIAN_POINT('',(3.641834065152,13.469728450563));
#12044 = CARTESIAN_POINT('',(3.670989214756,13.442299887726));
#12045 = CARTESIAN_POINT('',(3.69962614005,13.413884384053));
#12046 = CARTESIAN_POINT('',(3.727757270401,13.384547466244));
#12047 = CARTESIAN_POINT('',(3.755394177493,13.354349554363));
#12048 = CARTESIAN_POINT('',(3.782548109465,13.323345582273));
#12049 = CARTESIAN_POINT('',(3.809229817299,13.291585129212));
#12050 = CARTESIAN_POINT('',(3.835449549961,13.259112399275));
#12051 = CARTESIAN_POINT('',(3.861216980283,13.2259662241));
#12052 = CARTESIAN_POINT('',(3.886541115002,13.192180048903));
#12053 = CARTESIAN_POINT('',(3.911430186795,13.157781877511));
#12054 = CARTESIAN_POINT('',(3.935891451984,13.12279429862));
#12055 = CARTESIAN_POINT('',(3.959931164496,13.087234107214));
#12056 = CARTESIAN_POINT('',(3.9835536776,13.051113315016));
#12057 = CARTESIAN_POINT('',(4.006763548446,13.014434825935));
#12058 = CARTESIAN_POINT('',(4.029556139627,12.977207837553));
#12059 = CARTESIAN_POINT('',(4.051950805699,12.93938940078));
#12060 = CARTESIAN_POINT('',(4.073863291452,12.901103801983));
#12061 = CARTESIAN_POINT('',(4.095275031126,12.862363059579));
#12062 = CARTESIAN_POINT('',(4.116215301914,12.823074065508));
#12063 = CARTESIAN_POINT('',(4.136679486188,12.783180911259));
#12064 = CARTESIAN_POINT('',(4.156649566627,12.742629320987));
#12065 = CARTESIAN_POINT('',(4.17608746614,12.701377991179));
#12066 = CARTESIAN_POINT('',(4.194936226691,12.659395813653));
#12067 = CARTESIAN_POINT('',(4.213118493681,12.616664392038));
#12068 = CARTESIAN_POINT('',(4.230539548335,12.573169351031));
#12069 = CARTESIAN_POINT('',(4.247076598322,12.5289271478));
#12070 = CARTESIAN_POINT('',(4.262620427807,12.483877165456));
#12071 = CARTESIAN_POINT('',(4.277079552757,12.437801218979));
#12072 = CARTESIAN_POINT('',(4.29024494771,12.390760905303));
#12073 = CARTESIAN_POINT('',(4.301988824603,12.342409352722));
#12074 = CARTESIAN_POINT('',(4.312036363912,12.292752591023));
#12075 = CARTESIAN_POINT('',(4.320051188844,12.242190299407));
#12076 = CARTESIAN_POINT('',(4.325789819744,12.190892245959));
#12077 = CARTESIAN_POINT('',(4.329059059276,12.139044170989));
#12078 = CARTESIAN_POINT('',(4.329717112405,12.086571130922));
#12079 = CARTESIAN_POINT('',(4.327699365609,12.03421329205));
#12080 = CARTESIAN_POINT('',(4.323104652076,11.982316371318));
#12081 = CARTESIAN_POINT('',(4.31610633252,11.93111115331));
#12082 = CARTESIAN_POINT('',(4.306989659146,11.881021011211));
#12083 = CARTESIAN_POINT('',(4.296023749002,11.832065468967));
#12084 = CARTESIAN_POINT('',(4.28343873092,11.784166297744));
#12085 = CARTESIAN_POINT('',(4.26945716061,11.737303923806));
#12086 = CARTESIAN_POINT('',(4.254284409188,11.69147242295));
#12087 = CARTESIAN_POINT('',(4.238106026256,11.64666303249));
#12088 = CARTESIAN_POINT('',(4.22096685129,11.602579789785));
#12089 = CARTESIAN_POINT('',(4.203011695387,11.559280360335));
#12090 = CARTESIAN_POINT('',(4.184342507521,11.516743404516));
#12091 = CARTESIAN_POINT('',(4.16504726866,11.474956879324));
#12092 = CARTESIAN_POINT('',(4.145192003098,11.433892630816));
#12093 = CARTESIAN_POINT('',(4.124823029501,11.393512261351));
#12094 = CARTESIAN_POINT('',(4.103967053987,11.353765802251));
#12095 = CARTESIAN_POINT('',(4.082631403672,11.314592207382));
#12096 = CARTESIAN_POINT('',(4.060807478585,11.275924197234));
#12097 = CARTESIAN_POINT('',(4.038462735143,11.237678441732));
#12098 = CARTESIAN_POINT('',(4.0157101929,11.200028943324));
#12099 = CARTESIAN_POINT('',(3.992536392078,11.162936891948));
#12100 = CARTESIAN_POINT('',(3.96894596424,11.126407767422));
#12101 = CARTESIAN_POINT('',(3.94493556596,11.090442973445));
#12102 = CARTESIAN_POINT('',(3.920501426553,11.055052529886));
#12103 = CARTESIAN_POINT('',(3.895637788001,11.020251468929));
#12104 = CARTESIAN_POINT('',(3.870337698366,10.986060651007));
#12105 = CARTESIAN_POINT('',(3.844593100323,10.952506440062));
#12106 = CARTESIAN_POINT('',(3.818395045607,10.919620719816));
#12107 = CARTESIAN_POINT('',(3.791733823014,10.88744084746));
#12108 = CARTESIAN_POINT('',(3.764599064773,10.856009646981));
#12109 = CARTESIAN_POINT('',(3.736979824665,10.825375413325));
#12110 = CARTESIAN_POINT('',(3.708864624157,10.795591923773));
#12111 = CARTESIAN_POINT('',(3.680241517263,10.766718490064));
#12112 = CARTESIAN_POINT('',(3.651097999442,10.738819917964));
#12113 = CARTESIAN_POINT('',(3.62142142866,10.711966878009));
#12114 = CARTESIAN_POINT('',(3.591197477367,10.686234816812));
#12115 = CARTESIAN_POINT('',(3.560415886174,10.661708405537));
#12116 = CARTESIAN_POINT('',(3.529048929487,10.638465434495));
#12117 = CARTESIAN_POINT('',(3.497091587605,10.616608870898));
#12118 = CARTESIAN_POINT('',(3.464576996971,10.596268084305));
#12119 = CARTESIAN_POINT('',(3.431526274618,10.577560450183));
#12120 = CARTESIAN_POINT('',(3.39796164771,10.560601303927));
#12121 = CARTESIAN_POINT('',(3.363902532503,10.545501280517));
#12122 = CARTESIAN_POINT('',(3.329368518217,10.53236729698));
#12123 = CARTESIAN_POINT('',(3.294371792444,10.521301577975));
#12124 = CARTESIAN_POINT('',(3.259001968671,10.512421040281));
#12125 = CARTESIAN_POINT('',(3.223349871598,10.505817988645));
#12126 = CARTESIAN_POINT('',(3.187502891764,10.501560152396));
#12127 = CARTESIAN_POINT('',(3.151547264077,10.499690835617));
#12128 = CARTESIAN_POINT('',(3.115568263572,10.500228943399));
#12129 = CARTESIAN_POINT('',(3.07965107366,10.503168973039));
#12130 = CARTESIAN_POINT('',(3.043881092169,10.50848113381));
#12131 = CARTESIAN_POINT('',(3.008345822214,10.516110851892));
#12132 = CARTESIAN_POINT('',(2.973130957657,10.525980470501));
#12133 = CARTESIAN_POINT('',(2.938338041235,10.537982648479));
#12134 = CARTESIAN_POINT('',(2.904010976076,10.552008658922));
#12135 = CARTESIAN_POINT('',(2.870162926454,10.567956140766));
#12136 = CARTESIAN_POINT('',(2.836816721965,10.58571541209));
#12137 = CARTESIAN_POINT('',(2.803994861325,10.605172787802));
#12138 = CARTESIAN_POINT('',(2.771721570199,10.626210085846));
#12139 = CARTESIAN_POINT('',(2.740025082885,10.648702981776));
#12140 = CARTESIAN_POINT('',(2.708926958044,10.672527781388));
#12141 = CARTESIAN_POINT('',(2.678391099714,10.69760862792));
#12142 = CARTESIAN_POINT('',(2.64840914828,10.723856500055));
#12143 = CARTESIAN_POINT('',(2.618966392049,10.751192917112));
#12144 = CARTESIAN_POINT('',(2.59005038998,10.779543817094));
#12145 = CARTESIAN_POINT('',(2.561648646747,10.808841097971));
#12146 = CARTESIAN_POINT('',(2.533749232412,10.839022131203));
#12147 = CARTESIAN_POINT('',(2.506340626872,10.870029839616));
#12148 = CARTESIAN_POINT('',(2.479411788758,10.901812642099));
#12149 = CARTESIAN_POINT('',(2.452952184804,10.934324449993));
#12150 = CARTESIAN_POINT('',(2.426951853995,10.96752466693));
#12151 = CARTESIAN_POINT('',(2.401401495259,11.001378200719));
#12152 = CARTESIAN_POINT('',(2.376292575922,11.035855508543));
#12153 = CARTESIAN_POINT('',(2.351617514986,11.070932596));
#12154 = CARTESIAN_POINT('',(2.327369765001,11.106591287686));
#12155 = CARTESIAN_POINT('',(2.303544486412,11.142818605913));
#12156 = CARTESIAN_POINT('',(2.28013726413,11.179609628238));
#12157 = CARTESIAN_POINT('',(2.257150428725,11.216957546125));
#12158 = CARTESIAN_POINT('',(2.234571344256,11.254891713212));
#12159 = CARTESIAN_POINT('',(2.212455719992,11.293336862309));
#12160 = CARTESIAN_POINT('',(2.190857583065,11.332219101149));
#12161 = CARTESIAN_POINT('',(2.169735404216,11.371649667181));
#12162 = CARTESIAN_POINT('',(2.149093993232,11.411682412654));
#12163 = CARTESIAN_POINT('',(2.128948558164,11.452374994807));
#12164 = CARTESIAN_POINT('',(2.109335556109,11.493770558895));
#12165 = CARTESIAN_POINT('',(2.09031053421,11.535902021006));
#12166 = CARTESIAN_POINT('',(2.071949671125,11.578789885801));
#12167 = CARTESIAN_POINT('',(2.054347878064,11.622447630381));
#12168 = CARTESIAN_POINT('',(2.037625165369,11.666867473004));
#12169 = CARTESIAN_POINT('',(2.021901403968,11.712081099234));
#12170 = CARTESIAN_POINT('',(2.007260305002,11.758324319272));
#12171 = CARTESIAN_POINT('',(1.993908452366,11.805552258826));
#12172 = CARTESIAN_POINT('',(1.981988098407,11.854052637318));
#12173 = CARTESIAN_POINT('',(1.971752528375,11.903916320595));
#12174 = CARTESIAN_POINT('',(1.963555056704,11.954707547301));
#12175 = CARTESIAN_POINT('',(1.957645135649,12.00625463996));
#12176 = CARTESIAN_POINT('',(1.954223338524,12.058363570552));
#12177 = CARTESIAN_POINT('',(1.953435500945,12.111107342144));
#12178 = CARTESIAN_POINT('',(1.955354695225,12.163777871425));
#12179 = CARTESIAN_POINT('',(1.959885126209,12.215982654746));
#12180 = CARTESIAN_POINT('',(1.966853583997,12.267501449448));
#12181 = CARTESIAN_POINT('',(1.975972831803,12.317901506581));
#12182 = CARTESIAN_POINT('',(1.986966986532,12.367150328247));
#12183 = CARTESIAN_POINT('',(1.999602202694,12.415331015092));
#12184 = CARTESIAN_POINT('',(2.013651875853,12.462463019666));
#12185 = CARTESIAN_POINT('',(2.028907000637,12.508552496867));
#12186 = CARTESIAN_POINT('',(2.045179120281,12.5536090523));
#12187 = CARTESIAN_POINT('',(2.062421996476,12.597931484651));
#12188 = CARTESIAN_POINT('',(2.080488571756,12.641461298631));
#12189 = CARTESIAN_POINT('',(2.099275470823,12.684220302755));
#12190 = CARTESIAN_POINT('',(2.118693643593,12.72622095758));
#12191 = CARTESIAN_POINT('',(2.138676492323,12.767492204652));
#12192 = CARTESIAN_POINT('',(2.159177511385,12.808073388743));
#12193 = CARTESIAN_POINT('',(2.180170413531,12.848015985585));
#12194 = CARTESIAN_POINT('',(2.2016479941,12.887381546725));
#12195 = CARTESIAN_POINT('',(2.223621883004,12.926242375819));
#12196 = CARTESIAN_POINT('',(2.246118411602,12.964670340473));
#12197 = CARTESIAN_POINT('',(2.269024635637,13.002492187131));
#12198 = CARTESIAN_POINT('',(2.292357368028,13.039751782272));
#12199 = CARTESIAN_POINT('',(2.316111301597,13.076441816614));
#12200 = CARTESIAN_POINT('',(2.340290208997,13.112560748728));
#12201 = CARTESIAN_POINT('',(2.364898011803,13.14809781657));
#12202 = CARTESIAN_POINT('',(2.389940705823,13.183037257542));
#12203 = CARTESIAN_POINT('',(2.415425466277,13.217357327485));
#12204 = CARTESIAN_POINT('',(2.441360584228,13.251030668942));
#12205 = CARTESIAN_POINT('',(2.467755244676,13.284024282296));
#12206 = CARTESIAN_POINT('',(2.494619399395,13.316299573228));
#12207 = CARTESIAN_POINT('',(2.52196366437,13.347812359991));
#12208 = CARTESIAN_POINT('',(2.549799228032,13.378512856838));
#12209 = CARTESIAN_POINT('',(2.578137860414,13.408345701221));
#12210 = CARTESIAN_POINT('',(2.60699164669,13.437249747281));
#12211 = CARTESIAN_POINT('',(2.636373836417,13.465158669961));
#12212 = CARTESIAN_POINT('',(2.666295599274,13.491998474767));
#12213 = CARTESIAN_POINT('',(2.696778116057,13.517696476396));
#12214 = CARTESIAN_POINT('',(2.727807484892,13.542147378698));
#12215 = CARTESIAN_POINT('',(2.759503244378,13.565339459824));
#12216 = CARTESIAN_POINT('',(2.791895979533,13.587168721853));
#12217 = CARTESIAN_POINT('',(2.824902643432,13.607456113306));
#12218 = CARTESIAN_POINT('',(2.858474680317,13.626058429922));
#12219 = CARTESIAN_POINT('',(2.892558036542,13.642838461543));
#12220 = CARTESIAN_POINT('',(2.927103557635,13.657672874185));
#12221 = CARTESIAN_POINT('',(2.962063867307,13.670449989632));
#12222 = CARTESIAN_POINT('',(2.997393856355,13.681070324093));
#12223 = CARTESIAN_POINT('',(3.033050185195,13.689446277462));
#12224 = CARTESIAN_POINT('',(3.068991070392,13.695502545476));
#12225 = CARTESIAN_POINT('',(3.105175884836,13.69917457401));
#12226 = CARTESIAN_POINT('',(3.12943542757,13.700000995551));
#12227 = CARTESIAN_POINT('',(3.14159265359,13.7));
#12228 = ( GEOMETRIC_REPRESENTATION_CONTEXT(2) 
PARAMETRIC_REPRESENTATION_CONTEXT() REPRESENTATION_CONTEXT('2D SPACE',''
  ) );
#12229 = ORIENTED_EDGE('',*,*,#11639,.F.);
#12230 = ORIENTED_EDGE('',*,*,#11429,.T.);
#12231 = ADVANCED_FACE('',(#12232,#12786),#12020,.F.);
#12232 = FACE_BOUND('',#12233,.F.);
#12233 = EDGE_LOOP('',(#12234,#12466,#12489,#12511,#12512,#12740,#12763,
    #12785));
#12234 = ORIENTED_EDGE('',*,*,#12235,.F.);
#12235 = EDGE_CURVE('',#12236,#12238,#12240,.T.);
#12236 = VERTEX_POINT('',#12237);
#12237 = CARTESIAN_POINT('',(1.725,-1.530808498934E-17,23.1));
#12238 = VERTEX_POINT('',#12239);
#12239 = CARTESIAN_POINT('',(1.725,-4.225031457058E-16,19.9));
#12240 = SURFACE_CURVE('',#12241,(#12314,#12390),.PCURVE_S1.);
#12241 = B_SPLINE_CURVE_WITH_KNOTS('',8,(#12242,#12243,#12244,#12245,
    #12246,#12247,#12248,#12249,#12250,#12251,#12252,#12253,#12254,
    #12255,#12256,#12257,#12258,#12259,#12260,#12261,#12262,#12263,
    #12264,#12265,#12266,#12267,#12268,#12269,#12270,#12271,#12272,
    #12273,#12274,#12275,#12276,#12277,#12278,#12279,#12280,#12281,
    #12282,#12283,#12284,#12285,#12286,#12287,#12288,#12289,#12290,
    #12291,#12292,#12293,#12294,#12295,#12296,#12297,#12298,#12299,
    #12300,#12301,#12302,#12303,#12304,#12305,#12306,#12307,#12308,
    #12309,#12310,#12311,#12312,#12313),.UNSPECIFIED.,.F.,.F.,(9,7,7,7,7
    ,7,7,7,7,7,9),(0.,0.11985616349,0.311722771022,0.414065557513,
    0.443800810539,0.50130774595,0.537159808824,0.587934148716,
    0.689150825852,0.878204620459,1.),.UNSPECIFIED.);
#12242 = CARTESIAN_POINT('',(1.725,0.,23.1));
#12243 = CARTESIAN_POINT('',(1.725,-9.245762784669E-02,23.1));
#12244 = CARTESIAN_POINT('',(1.719336264602,-0.18424637142,
    23.093893892878));
#12245 = CARTESIAN_POINT('',(1.708153041899,-0.274623494036,
    23.081836714303));
#12246 = CARTESIAN_POINT('',(1.691741646831,-0.362864626474,
    23.064125072353));
#12247 = CARTESIAN_POINT('',(1.670539499877,-0.448279453774,
    23.041196164557));
#12248 = CARTESIAN_POINT('',(1.645127413873,-0.530226132407,
    23.013628700406));
#12249 = CARTESIAN_POINT('',(1.616225128959,-0.608124437818,
    22.982145729333));
#12250 = CARTESIAN_POINT('',(1.534195583801,-0.798875971037,
    22.892349336761));
#12251 = CARTESIAN_POINT('',(1.47628880989,-0.906139793672,
    22.828560319299));
#12252 = CARTESIAN_POINT('',(1.412927782227,-1.003485636749,
    22.758137103236));
#12253 = CARTESIAN_POINT('',(1.34570365347,-1.091395635072,
    22.682501694247));
#12254 = CARTESIAN_POINT('',(1.275875479257,-1.170463124713,
    22.602677176374));
#12255 = CARTESIAN_POINT('',(1.204463712065,-1.241325477675,
    22.519254157928));
#12256 = CARTESIAN_POINT('',(1.132271134383,-1.304566340797,
    22.432439314903));
#12257 = CARTESIAN_POINT('',(1.022041515963,-1.390474542098,
    22.293603178894));
#12258 = CARTESIAN_POINT('',(0.984051585102,-1.418097231211,
    22.244583667049));
#12259 = CARTESIAN_POINT('',(0.946409872134,-1.443701527118,
    22.194602603725));
#12260 = CARTESIAN_POINT('',(0.909190386948,-1.467413048151,
    22.143431397099));
#12261 = CARTESIAN_POINT('',(0.872616411528,-1.489240375607,
    22.090912077222));
#12262 = CARTESIAN_POINT('',(0.837114526647,-1.509112875305,
    22.036976355613));
#12263 = CARTESIAN_POINT('',(0.803333763549,-1.526924695672,
    21.981627060759));
#12264 = CARTESIAN_POINT('',(0.76303839278,-1.547094156434,
    21.908401838246));
#12265 = CARTESIAN_POINT('',(0.75416816827,-1.551457827233,
    21.891773301601));
#12266 = CARTESIAN_POINT('',(0.745518336087,-1.55564173217,
    21.874996071111));
#12267 = CARTESIAN_POINT('',(0.737109948599,-1.559642684122,
    21.858065185301));
#12268 = CARTESIAN_POINT('',(0.728966350385,-1.563456914786,
    21.840976363265));
#12269 = CARTESIAN_POINT('',(0.721113178238,-1.567080074678,
    21.823726004671));
#12270 = CARTESIAN_POINT('',(0.713578361164,-1.570507233133,
    21.806311189762));
#12271 = CARTESIAN_POINT('',(0.692494183001,-1.579971162828,
    21.754727655457));
#12272 = CARTESIAN_POINT('',(0.679771931236,-1.585513289378,
    21.719790026354));
#12273 = CARTESIAN_POINT('',(0.668597923969,-1.59024414663,
    21.68416241616));
#12274 = CARTESIAN_POINT('',(0.659284323129,-1.594094348426,
    21.648019605749));
#12275 = CARTESIAN_POINT('',(0.652080978563,-1.59702198773,
    21.61147744555));
#12276 = CARTESIAN_POINT('',(0.647174718826,-1.59899869486,
    21.574605497539));
#12277 = CARTESIAN_POINT('',(0.644689847911,-1.6,21.53744040642));
#12278 = CARTESIAN_POINT('',(0.644689847911,-1.6,21.476658192696));
#12279 = CARTESIAN_POINT('',(0.645655666258,-1.599610706307,
    21.453352303238));
#12280 = CARTESIAN_POINT('',(0.647582209958,-1.59883460851,
    21.430109511635));
#12281 = CARTESIAN_POINT('',(0.65044979051,-1.597675495021,
    21.406958728066));
#12282 = CARTESIAN_POINT('',(0.654224016933,-1.596139531588,
    21.383933003499));
#12283 = CARTESIAN_POINT('',(0.658855688798,-1.594236339818,
    21.361071940297));
#12284 = CARTESIAN_POINT('',(0.664280689252,-1.591980075688,
    21.338424102842));
#12285 = CARTESIAN_POINT('',(0.67911430827,-1.585723115549,
    21.284362009137));
#12286 = CARTESIAN_POINT('',(0.689245838846,-1.581385839183,
    21.253205920004));
#12287 = CARTESIAN_POINT('',(0.700648899181,-1.576409836755,
    21.222545820872));
#12288 = CARTESIAN_POINT('',(0.713163839346,-1.570823067882,
    21.192361160309));
#12289 = CARTESIAN_POINT('',(0.726638914284,-1.564651350735,
    21.1626425665));
#12290 = CARTESIAN_POINT('',(0.740932268027,-1.557919418767,
    21.133388238427));
#12291 = CARTESIAN_POINT('',(0.7559139179,-1.550651977448,
    21.104600337053));
#12292 = CARTESIAN_POINT('',(0.802473677249,-1.527371181644,
    21.01982862708));
#12293 = CARTESIAN_POINT('',(0.836018796948,-1.509707876019,
    20.964755816066));
#12294 = CARTESIAN_POINT('',(0.871278042154,-1.490006010161,
    20.911084707152));
#12295 = CARTESIAN_POINT('',(0.9076096893,-1.468370356263,
    20.858817666759));
#12296 = CARTESIAN_POINT('',(0.944590709684,-1.444871137636,
    20.807887120417));
#12297 = CARTESIAN_POINT('',(0.981998717763,-1.419500810699,
    20.758136818331));
#12298 = CARTESIAN_POINT('',(1.019759545935,-1.392136683654,
    20.70934011459));
#12299 = CARTESIAN_POINT('',(1.129080396219,-1.307259717146,
    20.571456683457));
#12300 = CARTESIAN_POINT('',(1.200616884653,-1.244903127758,
    20.485310441491));
#12301 = CARTESIAN_POINT('',(1.27141411448,-1.175087022039,
    20.402499971761));
#12302 = CARTESIAN_POINT('',(1.340689264029,-1.097252373216,
    20.32321322045));
#12303 = CARTESIAN_POINT('',(1.407462702427,-1.010781242729,
    20.248003664109));
#12304 = CARTESIAN_POINT('',(1.470529837343,-0.915089448377,
    20.177838659506));
#12305 = CARTESIAN_POINT('',(1.528367871558,-0.809689780821,
    20.114071433615));
#12306 = CARTESIAN_POINT('',(1.611770237951,-0.620010418244,
    20.022707917611));
#12307 = CARTESIAN_POINT('',(1.641777761548,-0.540916869118,
    19.990005522817));
#12308 = CARTESIAN_POINT('',(1.668207232721,-0.457567855339,
    19.961326268854));
#12309 = CARTESIAN_POINT('',(1.690290527314,-0.370562208167,
    19.937441101952));
#12310 = CARTESIAN_POINT('',(1.70740553793,-0.280566030862,
    19.918969215303));
#12311 = CARTESIAN_POINT('',(1.719081103135,-0.188298651018,
    19.906381184339));
#12312 = CARTESIAN_POINT('',(1.725,-9.451722578556E-02,19.9));
#12313 = CARTESIAN_POINT('',(1.725,-2.22044604925E-16,19.9));
#12314 = PCURVE('',#12020,#12315);
#12315 = DEFINITIONAL_REPRESENTATION('',(#12316),#12389);
#12316 = B_SPLINE_CURVE_WITH_KNOTS('',8,(#12317,#12318,#12319,#12320,
    #12321,#12322,#12323,#12324,#12325,#12326,#12327,#12328,#12329,
    #12330,#12331,#12332,#12333,#12334,#12335,#12336,#12337,#12338,
    #12339,#12340,#12341,#12342,#12343,#12344,#12345,#12346,#12347,
    #12348,#12349,#12350,#12351,#12352,#12353,#12354,#12355,#12356,
    #12357,#12358,#12359,#12360,#12361,#12362,#12363,#12364,#12365,
    #12366,#12367,#12368,#12369,#12370,#12371,#12372,#12373,#12374,
    #12375,#12376,#12377,#12378,#12379,#12380,#12381,#12382,#12383,
    #12384,#12385,#12386,#12387,#12388),.UNSPECIFIED.,.F.,.F.,(9,7,7,7,7
    ,7,7,7,7,7,9),(0.,0.11985616349,0.311722771022,0.414065557513,
    0.443800810539,0.50130774595,0.537159808824,0.587934148716,
    0.689150825852,0.878204620459,1.),.UNSPECIFIED.);
#12317 = CARTESIAN_POINT('',(6.28318530718,13.7));
#12318 = CARTESIAN_POINT('',(6.229586682341,13.7));
#12319 = CARTESIAN_POINT('',(6.176375757401,13.693893892878));
#12320 = CARTESIAN_POINT('',(6.123748715341,13.681836714303));
#12321 = CARTESIAN_POINT('',(6.071904792544,13.664125072353));
#12322 = CARTESIAN_POINT('',(6.021057682428,13.641196164557));
#12323 = CARTESIAN_POINT('',(5.971445814132,13.613628700406));
#12324 = CARTESIAN_POINT('',(5.92334150628,13.582145729333));
#12325 = CARTESIAN_POINT('',(5.802969620572,13.492349336761));
#12326 = CARTESIAN_POINT('',(5.732584122542,13.428560319299));
#12327 = CARTESIAN_POINT('',(5.665611374995,13.358137103238));
#12328 = CARTESIAN_POINT('',(5.60180075255,13.282501694246));
#12329 = CARTESIAN_POINT('',(5.540925188809,13.202677176375));
#12330 = CARTESIAN_POINT('',(5.482795302679,13.119254157928));
#12331 = CARTESIAN_POINT('',(5.427249259537,13.032439314903));
#12332 = CARTESIAN_POINT('',(5.346233262397,12.893603178894));
#12333 = CARTESIAN_POINT('',(5.319019026037,12.844583667049));
#12334 = CARTESIAN_POINT('',(5.29264901928,12.794602603725));
#12335 = CARTESIAN_POINT('',(5.267088529774,12.743431397099));
#12336 = CARTESIAN_POINT('',(5.242416957127,12.690912077221));
#12337 = CARTESIAN_POINT('',(5.218843892559,12.636976355614));
#12338 = CARTESIAN_POINT('',(5.196710259903,12.581627060759));
#12339 = CARTESIAN_POINT('',(5.170587745953,12.508401838246));
#12340 = CARTESIAN_POINT('',(5.164857177615,12.491773301601));
#12341 = CARTESIAN_POINT('',(5.159287192453,12.474996071111));
#12342 = CARTESIAN_POINT('',(5.153889288444,12.458065185301));
#12343 = CARTESIAN_POINT('',(5.148676375231,12.440976363265));
#12344 = CARTESIAN_POINT('',(5.143662774125,12.423726004671));
#12345 = CARTESIAN_POINT('',(5.138864218101,12.406311189762));
#12346 = CARTESIAN_POINT('',(5.125466659688,12.354727655457));
#12347 = CARTESIAN_POINT('',(5.117422547218,12.319790026354));
#12348 = CARTESIAN_POINT('',(5.11038870843,12.28416241616));
#12349 = CARTESIAN_POINT('',(5.104546644763,12.248019605749));
#12350 = CARTESIAN_POINT('',(5.1000391288,12.21147744555));
#12351 = CARTESIAN_POINT('',(5.096972695144,12.174605497539));
#12352 = CARTESIAN_POINT('',(5.095419658421,12.13744040642));
#12353 = CARTESIAN_POINT('',(5.095419658421,12.076658192696));
#12354 = CARTESIAN_POINT('',(5.096023322048,12.053352303238));
#12355 = CARTESIAN_POINT('',(5.09722737958,12.030109511635));
#12356 = CARTESIAN_POINT('',(5.099020413926,12.006958728067));
#12357 = CARTESIAN_POINT('',(5.101382597266,11.983933003499));
#12358 = CARTESIAN_POINT('',(5.104285427688,11.961071940297));
#12359 = CARTESIAN_POINT('',(5.107691465827,11.938424102842));
#12360 = CARTESIAN_POINT('',(5.117024363527,11.884362009137));
#12361 = CARTESIAN_POINT('',(5.123413215779,11.853205920004));
#12362 = CARTESIAN_POINT('',(5.130625339611,11.822545820872));
#12363 = CARTESIAN_POINT('',(5.138569827786,11.792361160309));
#12364 = CARTESIAN_POINT('',(5.147160970579,11.7626425665));
#12365 = CARTESIAN_POINT('',(5.156319071889,11.733388238427));
#12366 = CARTESIAN_POINT('',(5.165971265339,11.704600337053));
#12367 = CARTESIAN_POINT('',(5.19614854254,11.61982862708));
#12368 = CARTESIAN_POINT('',(5.218121291028,11.564755816066));
#12369 = CARTESIAN_POINT('',(5.241523584448,11.511084707152));
#12370 = CARTESIAN_POINT('',(5.266018012694,11.458817666759));
#12371 = CARTESIAN_POINT('',(5.291396276997,11.407887120417));
#12372 = CARTESIAN_POINT('',(5.317578444443,11.358136818331));
#12373 = CARTESIAN_POINT('',(5.344597477461,11.30934011459));
#12374 = CARTESIAN_POINT('',(5.424830592452,11.171456683457));
#12375 = CARTESIAN_POINT('',(5.479755874524,11.085310441491));
#12376 = CARTESIAN_POINT('',(5.537212205627,11.002499971761));
#12377 = CARTESIAN_POINT('',(5.597349942302,10.92321322045));
#12378 = CARTESIAN_POINT('',(5.660352956722,10.848003664109));
#12379 = CARTESIAN_POINT('',(5.726444640418,10.777838659507));
#12380 = CARTESIAN_POINT('',(5.795873520576,10.714071433615));
#12381 = CARTESIAN_POINT('',(5.915992785411,10.622707917611));
#12382 = CARTESIAN_POINT('',(5.964967785851,10.590005522817));
#12383 = CARTESIAN_POINT('',(6.015524819121,10.561326268854));
#12384 = CARTESIAN_POINT('',(6.06738044261,10.537441101952));
#12385 = CARTESIAN_POINT('',(6.120287741925,10.518969215303));
#12386 = CARTESIAN_POINT('',(6.174026602022,10.506381184338));
#12387 = CARTESIAN_POINT('',(6.228392712521,10.5));
#12388 = CARTESIAN_POINT('',(6.28318530718,10.5));
#12389 = ( GEOMETRIC_REPRESENTATION_CONTEXT(2) 
PARAMETRIC_REPRESENTATION_CONTEXT() REPRESENTATION_CONTEXT('2D SPACE',''
  ) );
#12390 = PCURVE('',#11223,#12391);
#12391 = DEFINITIONAL_REPRESENTATION('',(#12392),#12465);
#12392 = B_SPLINE_CURVE_WITH_KNOTS('',8,(#12393,#12394,#12395,#12396,
    #12397,#12398,#12399,#12400,#12401,#12402,#12403,#12404,#12405,
    #12406,#12407,#12408,#12409,#12410,#12411,#12412,#12413,#12414,
    #12415,#12416,#12417,#12418,#12419,#12420,#12421,#12422,#12423,
    #12424,#12425,#12426,#12427,#12428,#12429,#12430,#12431,#12432,
    #12433,#12434,#12435,#12436,#12437,#12438,#12439,#12440,#12441,
    #12442,#12443,#12444,#12445,#12446,#12447,#12448,#12449,#12450,
    #12451,#12452,#12453,#12454,#12455,#12456,#12457,#12458,#12459,
    #12460,#12461,#12462,#12463,#12464),.UNSPECIFIED.,.F.,.F.,(9,7,7,7,7
    ,7,7,7,7,7,9),(0.,0.11985616349,0.311722771022,0.414065557513,
    0.443800810539,0.50130774595,0.537159808824,0.587934148716,
    0.689150825852,0.878204620459,1.),.UNSPECIFIED.);
#12393 = CARTESIAN_POINT('',(0.,8.725));
#12394 = CARTESIAN_POINT('',(5.778601740418E-02,8.725));
#12395 = CARTESIAN_POINT('',(0.115153984069,8.719336264602));
#12396 = CARTESIAN_POINT('',(0.171933738858,8.708153041899));
#12397 = CARTESIAN_POINT('',(0.227948603605,8.691741646831));
#12398 = CARTESIAN_POINT('',(0.283004948787,8.670539499877));
#12399 = CARTESIAN_POINT('',(0.336880412593,8.645127413873));
#12400 = CARTESIAN_POINT('',(0.389310773396,8.616225128959));
#12401 = CARTESIAN_POINT('',(0.52107989491,8.534195583801));
#12402 = CARTESIAN_POINT('',(0.598715636427,8.47628880989));
#12403 = CARTESIAN_POINT('',(0.673321555071,8.412927782227));
#12404 = CARTESIAN_POINT('',(0.745314303929,8.345703653469));
#12405 = CARTESIAN_POINT('',(0.815112126639,8.275875479257));
#12406 = CARTESIAN_POINT('',(0.88320299902,8.204463712065));
#12407 = CARTESIAN_POINT('',(0.950141243473,8.132271134383));
#12408 = CARTESIAN_POINT('',(1.052182311555,8.022041515963));
#12409 = CARTESIAN_POINT('',(1.087319398331,7.984051585102));
#12410 = CARTESIAN_POINT('',(1.122371994714,7.946409872134));
#12411 = CARTESIAN_POINT('',(1.157564958346,7.909190386948));
#12412 = CARTESIAN_POINT('',(1.19305316208,7.872616411528));
#12413 = CARTESIAN_POINT('',(1.228926677363,7.837114526647));
#12414 = CARTESIAN_POINT('',(1.265234220766,7.803333763549));
#12415 = CARTESIAN_POINT('',(1.312704360885,7.76303839278));
#12416 = CARTESIAN_POINT('',(1.323448311283,7.75416816827));
#12417 = CARTESIAN_POINT('',(1.334253866289,7.745518336087));
#12418 = CARTESIAN_POINT('',(1.345125430968,7.737109948599));
#12419 = CARTESIAN_POINT('',(1.356067020273,7.728966350385));
#12420 = CARTESIAN_POINT('',(1.367082259043,7.721113178238));
#12421 = CARTESIAN_POINT('',(1.378174381999,7.713578361164));
#12422 = CARTESIAN_POINT('',(1.410952202819,7.692494183001));
#12423 = CARTESIAN_POINT('',(1.433054790053,7.679771931236));
#12424 = CARTESIAN_POINT('',(1.455505470949,7.668597923969));
#12425 = CARTESIAN_POINT('',(1.478207185284,7.659284323129));
#12426 = CARTESIAN_POINT('',(1.501103366512,7.652080978563));
#12427 = CARTESIAN_POINT('',(1.524167908955,7.647174718826));
#12428 = CARTESIAN_POINT('',(1.547396072782,7.644689847911));
#12429 = CARTESIAN_POINT('',(1.58538495636,7.644689847911));
#12430 = CARTESIAN_POINT('',(1.599951154391,7.645655666258));
#12431 = CARTESIAN_POINT('',(1.61448261214,7.647582209958));
#12432 = CARTESIAN_POINT('',(1.628965964237,7.65044979051));
#12433 = CARTESIAN_POINT('',(1.643385113703,7.654224016933));
#12434 = CARTESIAN_POINT('',(1.657719556959,7.658855688798));
#12435 = CARTESIAN_POINT('',(1.67194270884,7.664280689252));
#12436 = CARTESIAN_POINT('',(1.705957064299,7.67911430827));
#12437 = CARTESIAN_POINT('',(1.725612191249,7.689245838846));
#12438 = CARTESIAN_POINT('',(1.74501726588,7.700648899181));
#12439 = CARTESIAN_POINT('',(1.764193803641,7.713163839346));
#12440 = CARTESIAN_POINT('',(1.783155462772,7.726638914284));
#12441 = CARTESIAN_POINT('',(1.801910329083,7.740932268027));
#12442 = CARTESIAN_POINT('',(1.820463200727,7.7559139179));
#12443 = CARTESIAN_POINT('',(1.875407200147,7.802473677249));
#12444 = CARTESIAN_POINT('',(1.911522346976,7.836018796948));
#12445 = CARTESIAN_POINT('',(1.947204652209,7.871278042154));
#12446 = CARTESIAN_POINT('',(1.982502244971,7.9076096893));
#12447 = CARTESIAN_POINT('',(2.017503896011,7.944590709684));
#12448 = CARTESIAN_POINT('',(2.05236228644,7.981998717763));
#12449 = CARTESIAN_POINT('',(2.08729931839,8.019759545935));
#12450 = CARTESIAN_POINT('',(2.188495175875,8.129080396219));
#12451 = CARTESIAN_POINT('',(2.254775922727,8.200616884653));
#12452 = CARTESIAN_POINT('',(2.322161333777,8.271414114481));
#12453 = CARTESIAN_POINT('',(2.391192313518,8.340689264028));
#12454 = CARTESIAN_POINT('',(2.462347779481,8.407462702427));
#12455 = CARTESIAN_POINT('',(2.536041309962,8.470529837343));
#12456 = CARTESIAN_POINT('',(2.612685317416,8.528367871558));
#12457 = CARTESIAN_POINT('',(2.744270533157,8.611770237951));
#12458 = CARTESIAN_POINT('',(2.797676454516,8.641777761548));
#12459 = CARTESIAN_POINT('',(2.852596190936,8.668207232721));
#12460 = CARTESIAN_POINT('',(2.908755379139,8.690290527314));
#12461 = CARTESIAN_POINT('',(2.965924735339,8.70740553793));
#12462 = CARTESIAN_POINT('',(3.023905994617,8.719081103135));
#12463 = CARTESIAN_POINT('',(3.082519387474,8.725));
#12464 = CARTESIAN_POINT('',(3.14159265359,8.725));
#12465 = ( GEOMETRIC_REPRESENTATION_CONTEXT(2) 
PARAMETRIC_REPRESENTATION_CONTEXT() REPRESENTATION_CONTEXT('2D SPACE',''
  ) );
#12466 = ORIENTED_EDGE('',*,*,#12467,.T.);
#12467 = EDGE_CURVE('',#12236,#12468,#12470,.T.);
#12468 = VERTEX_POINT('',#12469);
#12469 = CARTESIAN_POINT('',(1.725,-4.225031457058E-16,27.5));
#12470 = SEAM_CURVE('',#12471,(#12475,#12482),.PCURVE_S1.);
#12471 = LINE('',#12472,#12473);
#12472 = CARTESIAN_POINT('',(1.725,-4.225031457058E-16,9.4));
#12473 = VECTOR('',#12474,1.);
#12474 = DIRECTION('',(0.,0.,1.));
#12475 = PCURVE('',#12020,#12476);
#12476 = DEFINITIONAL_REPRESENTATION('',(#12477),#12481);
#12477 = LINE('',#12478,#12479);
#12478 = CARTESIAN_POINT('',(6.28318530718,-0.));
#12479 = VECTOR('',#12480,1.);
#12480 = DIRECTION('',(0.,1.));
#12481 = ( GEOMETRIC_REPRESENTATION_CONTEXT(2) 
PARAMETRIC_REPRESENTATION_CONTEXT() REPRESENTATION_CONTEXT('2D SPACE',''
  ) );
#12482 = PCURVE('',#12020,#12483);
#12483 = DEFINITIONAL_REPRESENTATION('',(#12484),#12488);
#12484 = LINE('',#12485,#12486);
#12485 = CARTESIAN_POINT('',(0.,-0.));
#12486 = VECTOR('',#12487,1.);
#12487 = DIRECTION('',(0.,1.));
#12488 = ( GEOMETRIC_REPRESENTATION_CONTEXT(2) 
PARAMETRIC_REPRESENTATION_CONTEXT() REPRESENTATION_CONTEXT('2D SPACE',''
  ) );
#12489 = ORIENTED_EDGE('',*,*,#12490,.F.);
#12490 = EDGE_CURVE('',#12468,#12468,#12491,.T.);
#12491 = SURFACE_CURVE('',#12492,(#12497,#12504),.PCURVE_S1.);
#12492 = CIRCLE('',#12493,1.725);
#12493 = AXIS2_PLACEMENT_3D('',#12494,#12495,#12496);
#12494 = CARTESIAN_POINT('',(0.,0.,27.5));
#12495 = DIRECTION('',(0.,0.,1.));
#12496 = DIRECTION('',(1.,0.,-0.));
#12497 = PCURVE('',#12020,#12498);
#12498 = DEFINITIONAL_REPRESENTATION('',(#12499),#12503);
#12499 = LINE('',#12500,#12501);
#12500 = CARTESIAN_POINT('',(0.,18.1));
#12501 = VECTOR('',#12502,1.);
#12502 = DIRECTION('',(1.,0.));
#12503 = ( GEOMETRIC_REPRESENTATION_CONTEXT(2) 
PARAMETRIC_REPRESENTATION_CONTEXT() REPRESENTATION_CONTEXT('2D SPACE',''
  ) );
#12504 = PCURVE('',#11296,#12505);
#12505 = DEFINITIONAL_REPRESENTATION('',(#12506),#12510);
#12506 = CIRCLE('',#12507,1.725);
#12507 = AXIS2_PLACEMENT_2D('',#12508,#12509);
#12508 = CARTESIAN_POINT('',(3.418600331349E-16,1.70226710729E-17));
#12509 = DIRECTION('',(1.,0.));
#12510 = ( GEOMETRIC_REPRESENTATION_CONTEXT(2) 
PARAMETRIC_REPRESENTATION_CONTEXT() REPRESENTATION_CONTEXT('2D SPACE',''
  ) );
#12511 = ORIENTED_EDGE('',*,*,#12467,.F.);
#12512 = ORIENTED_EDGE('',*,*,#12513,.F.);
#12513 = EDGE_CURVE('',#12238,#12236,#12514,.T.);
#12514 = SURFACE_CURVE('',#12515,(#12588,#12664),.PCURVE_S1.);
#12515 = B_SPLINE_CURVE_WITH_KNOTS('',8,(#12516,#12517,#12518,#12519,
    #12520,#12521,#12522,#12523,#12524,#12525,#12526,#12527,#12528,
    #12529,#12530,#12531,#12532,#12533,#12534,#12535,#12536,#12537,
    #12538,#12539,#12540,#12541,#12542,#12543,#12544,#12545,#12546,
    #12547,#12548,#12549,#12550,#12551,#12552,#12553,#12554,#12555,
    #12556,#12557,#12558,#12559,#12560,#12561,#12562,#12563,#12564,
    #12565,#12566,#12567,#12568,#12569,#12570,#12571,#12572,#12573,
    #12574,#12575,#12576,#12577,#12578,#12579,#12580,#12581,#12582,
    #12583,#12584,#12585,#12586,#12587),.UNSPECIFIED.,.F.,.F.,(9,7,7,7,7
    ,7,7,7,7,7,9),(0.,0.119856163489,0.311722771021,0.414065557511,
    0.443800810537,0.501307745948,0.537159808822,0.587934148715,
    0.689150825851,0.878204620459,1.),.UNSPECIFIED.);
#12516 = CARTESIAN_POINT('',(1.725,-9.797174393179E-17,19.9));
#12517 = CARTESIAN_POINT('',(1.725,9.245762784667E-02,19.9));
#12518 = CARTESIAN_POINT('',(1.719336264602,0.18424637142,
    19.906106107122));
#12519 = CARTESIAN_POINT('',(1.708153041899,0.274623494036,
    19.918163285697));
#12520 = CARTESIAN_POINT('',(1.691741646831,0.362864626474,
    19.935874927647));
#12521 = CARTESIAN_POINT('',(1.670539499877,0.448279453774,
    19.958803835443));
#12522 = CARTESIAN_POINT('',(1.645127413873,0.530226132407,
    19.986371299594));
#12523 = CARTESIAN_POINT('',(1.616225128959,0.608124437818,
    20.017854270667));
#12524 = CARTESIAN_POINT('',(1.534195583801,0.798875971038,
    20.107650663239));
#12525 = CARTESIAN_POINT('',(1.476288809888,0.906139793674,
    20.171439680703));
#12526 = CARTESIAN_POINT('',(1.41292778223,1.003485636745,
    20.241862896758));
#12527 = CARTESIAN_POINT('',(1.345703653466,1.091395635077,
    20.31749830576));
#12528 = CARTESIAN_POINT('',(1.275875479259,1.17046312471,
    20.397322823621));
#12529 = CARTESIAN_POINT('',(1.204463712065,1.241325477676,
    20.480745842073));
#12530 = CARTESIAN_POINT('',(1.132271134383,1.304566340797,
    20.567560685097));
#12531 = CARTESIAN_POINT('',(1.022041515963,1.390474542098,
    20.706396821106));
#12532 = CARTESIAN_POINT('',(0.984051585102,1.418097231211,
    20.755416332951));
#12533 = CARTESIAN_POINT('',(0.946409872133,1.443701527118,
    20.805397396276));
#12534 = CARTESIAN_POINT('',(0.909190386948,1.467413048151,
    20.856568602901));
#12535 = CARTESIAN_POINT('',(0.872616411529,1.489240375607,
    20.909087922778));
#12536 = CARTESIAN_POINT('',(0.837114526647,1.509112875305,
    20.963023644386));
#12537 = CARTESIAN_POINT('',(0.803333763548,1.526924695672,
    21.018372939241));
#12538 = CARTESIAN_POINT('',(0.76303839278,1.547094156434,
    21.091598161754));
#12539 = CARTESIAN_POINT('',(0.75416816827,1.551457827233,
    21.108226698399));
#12540 = CARTESIAN_POINT('',(0.745518336087,1.55564173217,
    21.125003928889));
#12541 = CARTESIAN_POINT('',(0.737109948599,1.559642684122,
    21.141934814699));
#12542 = CARTESIAN_POINT('',(0.728966350385,1.563456914786,
    21.159023636735));
#12543 = CARTESIAN_POINT('',(0.721113178238,1.567080074678,
    21.176273995329));
#12544 = CARTESIAN_POINT('',(0.713578361164,1.570507233133,
    21.193688810238));
#12545 = CARTESIAN_POINT('',(0.692494183001,1.579971162828,
    21.245272344543));
#12546 = CARTESIAN_POINT('',(0.679771931236,1.585513289378,
    21.280209973646));
#12547 = CARTESIAN_POINT('',(0.668597923969,1.59024414663,21.31583758384
    ));
#12548 = CARTESIAN_POINT('',(0.659284323129,1.594094348426,
    21.351980394251));
#12549 = CARTESIAN_POINT('',(0.652080978563,1.59702198773,21.38852255445
    ));
#12550 = CARTESIAN_POINT('',(0.647174718826,1.59899869486,
    21.425394502461));
#12551 = CARTESIAN_POINT('',(0.644689847911,1.6,21.46255959358));
#12552 = CARTESIAN_POINT('',(0.644689847911,1.6,21.523341807304));
#12553 = CARTESIAN_POINT('',(0.645655666258,1.599610706307,
    21.546647696762));
#12554 = CARTESIAN_POINT('',(0.647582209958,1.59883460851,
    21.569890488365));
#12555 = CARTESIAN_POINT('',(0.65044979051,1.597675495021,
    21.593041271933));
#12556 = CARTESIAN_POINT('',(0.654224016933,1.596139531588,
    21.616066996501));
#12557 = CARTESIAN_POINT('',(0.658855688798,1.594236339818,
    21.638928059703));
#12558 = CARTESIAN_POINT('',(0.664280689252,1.591980075687,
    21.661575897159));
#12559 = CARTESIAN_POINT('',(0.67911430827,1.585723115549,
    21.715637990863));
#12560 = CARTESIAN_POINT('',(0.689245838846,1.581385839183,
    21.746794079996));
#12561 = CARTESIAN_POINT('',(0.700648899181,1.576409836755,
    21.777454179128));
#12562 = CARTESIAN_POINT('',(0.713163839346,1.570823067882,
    21.807638839691));
#12563 = CARTESIAN_POINT('',(0.726638914284,1.564651350735,21.8373574335
    ));
#12564 = CARTESIAN_POINT('',(0.740932268028,1.557919418767,
    21.866611761573));
#12565 = CARTESIAN_POINT('',(0.7559139179,1.550651977448,21.895399662947
    ));
#12566 = CARTESIAN_POINT('',(0.802473677249,1.527371181644,
    21.98017137292));
#12567 = CARTESIAN_POINT('',(0.836018796948,1.509707876019,
    22.035244183934));
#12568 = CARTESIAN_POINT('',(0.871278042154,1.490006010161,
    22.088915292848));
#12569 = CARTESIAN_POINT('',(0.9076096893,1.468370356263,22.141182333241
    ));
#12570 = CARTESIAN_POINT('',(0.944590709683,1.444871137636,
    22.192112879583));
#12571 = CARTESIAN_POINT('',(0.981998717763,1.419500810699,
    22.241863181669));
#12572 = CARTESIAN_POINT('',(1.019759545936,1.392136683654,
    22.29065988541));
#12573 = CARTESIAN_POINT('',(1.129080396218,1.307259717146,
    22.428543316542));
#12574 = CARTESIAN_POINT('',(1.200616884655,1.244903127757,
    22.514689558512));
#12575 = CARTESIAN_POINT('',(1.271414114477,1.175087022043,
    22.597500028234));
#12576 = CARTESIAN_POINT('',(1.340689264032,1.097252373212,
    22.676786779555));
#12577 = CARTESIAN_POINT('',(1.407462702425,1.010781242732,
    22.751996335888));
#12578 = CARTESIAN_POINT('',(1.470529837344,0.915089448374,
    22.822161340495));
#12579 = CARTESIAN_POINT('',(1.528367871557,0.809689780822,
    22.885928566384));
#12580 = CARTESIAN_POINT('',(1.61177023795,0.620010418244,
    22.977292082389));
#12581 = CARTESIAN_POINT('',(1.641777761548,0.540916869118,
    23.009994477183));
#12582 = CARTESIAN_POINT('',(1.668207232721,0.457567855339,
    23.038673731146));
#12583 = CARTESIAN_POINT('',(1.690290527314,0.370562208167,
    23.062558898048));
#12584 = CARTESIAN_POINT('',(1.70740553793,0.280566030862,
    23.081030784697));
#12585 = CARTESIAN_POINT('',(1.719081103135,0.188298651018,
    23.093618815661));
#12586 = CARTESIAN_POINT('',(1.725,9.451722578557E-02,23.1));
#12587 = CARTESIAN_POINT('',(1.725,1.959434878636E-16,23.1));
#12588 = PCURVE('',#12020,#12589);
#12589 = DEFINITIONAL_REPRESENTATION('',(#12590),#12663);
#12590 = B_SPLINE_CURVE_WITH_KNOTS('',8,(#12591,#12592,#12593,#12594,
    #12595,#12596,#12597,#12598,#12599,#12600,#12601,#12602,#12603,
    #12604,#12605,#12606,#12607,#12608,#12609,#12610,#12611,#12612,
    #12613,#12614,#12615,#12616,#12617,#12618,#12619,#12620,#12621,
    #12622,#12623,#12624,#12625,#12626,#12627,#12628,#12629,#12630,
    #12631,#12632,#12633,#12634,#12635,#12636,#12637,#12638,#12639,
    #12640,#12641,#12642,#12643,#12644,#12645,#12646,#12647,#12648,
    #12649,#12650,#12651,#12652,#12653,#12654,#12655,#12656,#12657,
    #12658,#12659,#12660,#12661,#12662),.UNSPECIFIED.,.F.,.F.,(9,7,7,7,7
    ,7,7,7,7,7,9),(0.,0.119856163489,0.311722771021,0.414065557511,
    0.443800810537,0.501307745948,0.537159808822,0.587934148715,
    0.689150825851,0.878204620459,1.),.UNSPECIFIED.);
#12591 = CARTESIAN_POINT('',(0.,10.5));
#12592 = CARTESIAN_POINT('',(5.359862483865E-02,10.5));
#12593 = CARTESIAN_POINT('',(0.106809549778,10.506106107122));
#12594 = CARTESIAN_POINT('',(0.159436591839,10.518163285697));
#12595 = CARTESIAN_POINT('',(0.211280514635,10.535874927647));
#12596 = CARTESIAN_POINT('',(0.262127624751,10.558803835443));
#12597 = CARTESIAN_POINT('',(0.311739493048,10.586371299594));
#12598 = CARTESIAN_POINT('',(0.3598438009,10.617854270667));
#12599 = CARTESIAN_POINT('',(0.480215686608,10.707650663239));
#12600 = CARTESIAN_POINT('',(0.550601184638,10.771439680703));
#12601 = CARTESIAN_POINT('',(0.617573932182,10.841862896758));
#12602 = CARTESIAN_POINT('',(0.681384554632,10.91749830576));
#12603 = CARTESIAN_POINT('',(0.74226011837,10.997322823622));
#12604 = CARTESIAN_POINT('',(0.800390004501,11.080745842072));
#12605 = CARTESIAN_POINT('',(0.855936047642,11.167560685097));
#12606 = CARTESIAN_POINT('',(0.936952044782,11.306396821106));
#12607 = CARTESIAN_POINT('',(0.964166281143,11.355416332951));
#12608 = CARTESIAN_POINT('',(0.9905362879,11.405397396276));
#12609 = CARTESIAN_POINT('',(1.016096777406,11.456568602901));
#12610 = CARTESIAN_POINT('',(1.040768350053,11.509087922778));
#12611 = CARTESIAN_POINT('',(1.06434141462,11.563023644386));
#12612 = CARTESIAN_POINT('',(1.086475047277,11.618372939241));
#12613 = CARTESIAN_POINT('',(1.112597561227,11.691598161754));
#12614 = CARTESIAN_POINT('',(1.118328129564,11.708226698399));
#12615 = CARTESIAN_POINT('',(1.123898114727,11.725003928889));
#12616 = CARTESIAN_POINT('',(1.129296018736,11.741934814699));
#12617 = CARTESIAN_POINT('',(1.134508931948,11.759023636735));
#12618 = CARTESIAN_POINT('',(1.139522533055,11.776273995329));
#12619 = CARTESIAN_POINT('',(1.144321089079,11.793688810238));
#12620 = CARTESIAN_POINT('',(1.157718647492,11.845272344543));
#12621 = CARTESIAN_POINT('',(1.165762759961,11.880209973646));
#12622 = CARTESIAN_POINT('',(1.17279659875,11.91583758384));
#12623 = CARTESIAN_POINT('',(1.178638662417,11.951980394251));
#12624 = CARTESIAN_POINT('',(1.18314617838,11.98852255445));
#12625 = CARTESIAN_POINT('',(1.186212612036,12.025394502461));
#12626 = CARTESIAN_POINT('',(1.187765648758,12.06255959358));
#12627 = CARTESIAN_POINT('',(1.187765648758,12.123341807304));
#12628 = CARTESIAN_POINT('',(1.187161985132,12.146647696762));
#12629 = CARTESIAN_POINT('',(1.1859579276,12.169890488365));
#12630 = CARTESIAN_POINT('',(1.184164893253,12.193041271933));
#12631 = CARTESIAN_POINT('',(1.181802709913,12.216066996501));
#12632 = CARTESIAN_POINT('',(1.178899879492,12.238928059703));
#12633 = CARTESIAN_POINT('',(1.175493841353,12.261575897159));
#12634 = CARTESIAN_POINT('',(1.166160943652,12.315637990863));
#12635 = CARTESIAN_POINT('',(1.159772091401,12.346794079996));
#12636 = CARTESIAN_POINT('',(1.152559967568,12.377454179128));
#12637 = CARTESIAN_POINT('',(1.144615479393,12.407638839691));
#12638 = CARTESIAN_POINT('',(1.1360243366,12.4373574335));
#12639 = CARTESIAN_POINT('',(1.126866235291,12.466611761573));
#12640 = CARTESIAN_POINT('',(1.117214041841,12.495399662947));
#12641 = CARTESIAN_POINT('',(1.08703676464,12.58017137292));
#12642 = CARTESIAN_POINT('',(1.065064016151,12.635244183934));
#12643 = CARTESIAN_POINT('',(1.041661722732,12.688915292848));
#12644 = CARTESIAN_POINT('',(1.017167294486,12.741182333241));
#12645 = CARTESIAN_POINT('',(0.991789030183,12.792112879583));
#12646 = CARTESIAN_POINT('',(0.965606862736,12.841863181669));
#12647 = CARTESIAN_POINT('',(0.938587829719,12.89065988541));
#12648 = CARTESIAN_POINT('',(0.858354714728,13.028543316542));
#12649 = CARTESIAN_POINT('',(0.803429432654,13.114689558512));
#12650 = CARTESIAN_POINT('',(0.745973101556,13.197500028235));
#12651 = CARTESIAN_POINT('',(0.685835364874,13.276786779554));
#12652 = CARTESIAN_POINT('',(0.62283235046,13.351996335888));
#12653 = CARTESIAN_POINT('',(0.55674066676,13.422161340495));
#12654 = CARTESIAN_POINT('',(0.487311786604,13.485928566384));
#12655 = CARTESIAN_POINT('',(0.367192521769,13.577292082389));
#12656 = CARTESIAN_POINT('',(0.318217521328,13.609994477183));
#12657 = CARTESIAN_POINT('',(0.267660488059,13.638673731146));
#12658 = CARTESIAN_POINT('',(0.215804864569,13.662558898048));
#12659 = CARTESIAN_POINT('',(0.162897565255,13.681030784697));
#12660 = CARTESIAN_POINT('',(0.109158705157,13.693618815661));
#12661 = CARTESIAN_POINT('',(5.47925946583E-02,13.7));
#12662 = CARTESIAN_POINT('',(0.,13.7));
#12663 = ( GEOMETRIC_REPRESENTATION_CONTEXT(2) 
PARAMETRIC_REPRESENTATION_CONTEXT() REPRESENTATION_CONTEXT('2D SPACE',''
  ) );
#12664 = PCURVE('',#11223,#12665);
#12665 = DEFINITIONAL_REPRESENTATION('',(#12666),#12739);
#12666 = B_SPLINE_CURVE_WITH_KNOTS('',8,(#12667,#12668,#12669,#12670,
    #12671,#12672,#12673,#12674,#12675,#12676,#12677,#12678,#12679,
    #12680,#12681,#12682,#12683,#12684,#12685,#12686,#12687,#12688,
    #12689,#12690,#12691,#12692,#12693,#12694,#12695,#12696,#12697,
    #12698,#12699,#12700,#12701,#12702,#12703,#12704,#12705,#12706,
    #12707,#12708,#12709,#12710,#12711,#12712,#12713,#12714,#12715,
    #12716,#12717,#12718,#12719,#12720,#12721,#12722,#12723,#12724,
    #12725,#12726,#12727,#12728,#12729,#12730,#12731,#12732,#12733,
    #12734,#12735,#12736,#12737,#12738),.UNSPECIFIED.,.F.,.F.,(9,7,7,7,7
    ,7,7,7,7,7,9),(0.,0.119856163489,0.311722771021,0.414065557511,
    0.443800810537,0.501307745948,0.537159808822,0.587934148715,
    0.689150825851,0.878204620459,1.),.UNSPECIFIED.);
#12667 = CARTESIAN_POINT('',(3.14159265359,8.725));
#12668 = CARTESIAN_POINT('',(3.199378670994,8.725));
#12669 = CARTESIAN_POINT('',(3.256746637659,8.719336264602));
#12670 = CARTESIAN_POINT('',(3.313526392448,8.708153041899));
#12671 = CARTESIAN_POINT('',(3.369541257195,8.691741646831));
#12672 = CARTESIAN_POINT('',(3.424597602377,8.670539499877));
#12673 = CARTESIAN_POINT('',(3.478473066183,8.645127413873));
#12674 = CARTESIAN_POINT('',(3.530903426986,8.616225128959));
#12675 = CARTESIAN_POINT('',(3.6626725485,8.534195583801));
#12676 = CARTESIAN_POINT('',(3.740308290019,8.476288809889));
#12677 = CARTESIAN_POINT('',(3.814914208656,8.412927782229));
#12678 = CARTESIAN_POINT('',(3.886906957523,8.345703653467));
#12679 = CARTESIAN_POINT('',(3.956704780225,8.275875479259));
#12680 = CARTESIAN_POINT('',(4.02479565261,8.204463712065));
#12681 = CARTESIAN_POINT('',(4.091733897063,8.132271134383));
#12682 = CARTESIAN_POINT('',(4.193774965145,8.022041515963));
#12683 = CARTESIAN_POINT('',(4.228912051921,7.984051585102));
#12684 = CARTESIAN_POINT('',(4.263964648304,7.946409872133));
#12685 = CARTESIAN_POINT('',(4.299157611936,7.909190386948));
#12686 = CARTESIAN_POINT('',(4.334645815669,7.872616411529));
#12687 = CARTESIAN_POINT('',(4.370519330953,7.837114526647));
#12688 = CARTESIAN_POINT('',(4.406826874356,7.803333763548));
#12689 = CARTESIAN_POINT('',(4.454297014474,7.76303839278));
#12690 = CARTESIAN_POINT('',(4.465040964873,7.75416816827));
#12691 = CARTESIAN_POINT('',(4.475846519879,7.745518336087));
#12692 = CARTESIAN_POINT('',(4.486718084558,7.737109948599));
#12693 = CARTESIAN_POINT('',(4.497659673863,7.728966350385));
#12694 = CARTESIAN_POINT('',(4.508674912632,7.721113178238));
#12695 = CARTESIAN_POINT('',(4.519767035588,7.713578361164));
#12696 = CARTESIAN_POINT('',(4.552544856409,7.692494183001));
#12697 = CARTESIAN_POINT('',(4.574647443643,7.679771931236));
#12698 = CARTESIAN_POINT('',(4.597098124538,7.668597923969));
#12699 = CARTESIAN_POINT('',(4.619799838873,7.659284323129));
#12700 = CARTESIAN_POINT('',(4.642696020102,7.652080978563));
#12701 = CARTESIAN_POINT('',(4.665760562545,7.647174718826));
#12702 = CARTESIAN_POINT('',(4.688988726372,7.644689847911));
#12703 = CARTESIAN_POINT('',(4.72697760995,7.644689847911));
#12704 = CARTESIAN_POINT('',(4.741543807981,7.645655666258));
#12705 = CARTESIAN_POINT('',(4.756075265729,7.647582209958));
#12706 = CARTESIAN_POINT('',(4.770558617827,7.65044979051));
#12707 = CARTESIAN_POINT('',(4.784977767293,7.654224016933));
#12708 = CARTESIAN_POINT('',(4.799312210549,7.658855688798));
#12709 = CARTESIAN_POINT('',(4.81353536243,7.664280689252));
#12710 = CARTESIAN_POINT('',(4.847549717889,7.67911430827));
#12711 = CARTESIAN_POINT('',(4.867204844838,7.689245838846));
#12712 = CARTESIAN_POINT('',(4.88660991947,7.700648899181));
#12713 = CARTESIAN_POINT('',(4.905786457231,7.713163839346));
#12714 = CARTESIAN_POINT('',(4.924748116362,7.726638914284));
#12715 = CARTESIAN_POINT('',(4.943502982673,7.740932268028));
#12716 = CARTESIAN_POINT('',(4.962055854317,7.7559139179));
#12717 = CARTESIAN_POINT('',(5.016999853736,7.802473677249));
#12718 = CARTESIAN_POINT('',(5.053115000566,7.836018796948));
#12719 = CARTESIAN_POINT('',(5.088797305799,7.871278042154));
#12720 = CARTESIAN_POINT('',(5.12409489856,7.9076096893));
#12721 = CARTESIAN_POINT('',(5.159096549601,7.944590709683));
#12722 = CARTESIAN_POINT('',(5.19395494003,7.981998717763));
#12723 = CARTESIAN_POINT('',(5.22889197198,8.019759545936));
#12724 = CARTESIAN_POINT('',(5.330087829464,8.129080396218));
#12725 = CARTESIAN_POINT('',(5.396368576319,8.200616884655));
#12726 = CARTESIAN_POINT('',(5.463753987361,8.271414114477));
#12727 = CARTESIAN_POINT('',(5.532784967114,8.340689264032));
#12728 = CARTESIAN_POINT('',(5.603940433066,8.407462702425));
#12729 = CARTESIAN_POINT('',(5.677633963555,8.470529837344));
#12730 = CARTESIAN_POINT('',(5.754277971005,8.528367871557));
#12731 = CARTESIAN_POINT('',(5.885863186747,8.61177023795));
#12732 = CARTESIAN_POINT('',(5.939269108106,8.641777761548));
#12733 = CARTESIAN_POINT('',(5.994188844526,8.668207232721));
#12734 = CARTESIAN_POINT('',(6.050348032728,8.690290527314));
#12735 = CARTESIAN_POINT('',(6.107517388929,8.70740553793));
#12736 = CARTESIAN_POINT('',(6.165498648207,8.719081103135));
#12737 = CARTESIAN_POINT('',(6.224112041064,8.725));
#12738 = CARTESIAN_POINT('',(6.28318530718,8.725));
#12739 = ( GEOMETRIC_REPRESENTATION_CONTEXT(2) 
PARAMETRIC_REPRESENTATION_CONTEXT() REPRESENTATION_CONTEXT('2D SPACE',''
  ) );
#12740 = ORIENTED_EDGE('',*,*,#12741,.F.);
#12741 = EDGE_CURVE('',#12742,#12238,#12744,.T.);
#12742 = VERTEX_POINT('',#12743);
#12743 = CARTESIAN_POINT('',(1.725,-4.225031457058E-16,9.5));
#12744 = SEAM_CURVE('',#12745,(#12749,#12756),.PCURVE_S1.);
#12745 = LINE('',#12746,#12747);
#12746 = CARTESIAN_POINT('',(1.725,-4.225031457058E-16,9.4));
#12747 = VECTOR('',#12748,1.);
#12748 = DIRECTION('',(0.,0.,1.));
#12749 = PCURVE('',#12020,#12750);
#12750 = DEFINITIONAL_REPRESENTATION('',(#12751),#12755);
#12751 = LINE('',#12752,#12753);
#12752 = CARTESIAN_POINT('',(0.,-0.));
#12753 = VECTOR('',#12754,1.);
#12754 = DIRECTION('',(0.,1.));
#12755 = ( GEOMETRIC_REPRESENTATION_CONTEXT(2) 
PARAMETRIC_REPRESENTATION_CONTEXT() REPRESENTATION_CONTEXT('2D SPACE',''
  ) );
#12756 = PCURVE('',#12020,#12757);
#12757 = DEFINITIONAL_REPRESENTATION('',(#12758),#12762);
#12758 = LINE('',#12759,#12760);
#12759 = CARTESIAN_POINT('',(6.28318530718,-0.));
#12760 = VECTOR('',#12761,1.);
#12761 = DIRECTION('',(0.,1.));
#12762 = ( GEOMETRIC_REPRESENTATION_CONTEXT(2) 
PARAMETRIC_REPRESENTATION_CONTEXT() REPRESENTATION_CONTEXT('2D SPACE',''
  ) );
#12763 = ORIENTED_EDGE('',*,*,#12764,.T.);
#12764 = EDGE_CURVE('',#12742,#12742,#12765,.T.);
#12765 = SURFACE_CURVE('',#12766,(#12771,#12778),.PCURVE_S1.);
#12766 = CIRCLE('',#12767,1.725);
#12767 = AXIS2_PLACEMENT_3D('',#12768,#12769,#12770);
#12768 = CARTESIAN_POINT('',(0.,0.,9.5));
#12769 = DIRECTION('',(0.,0.,1.));
#12770 = DIRECTION('',(1.,0.,-0.));
#12771 = PCURVE('',#12020,#12772);
#12772 = DEFINITIONAL_REPRESENTATION('',(#12773),#12777);
#12773 = LINE('',#12774,#12775);
#12774 = CARTESIAN_POINT('',(0.,1.E-01));
#12775 = VECTOR('',#12776,1.);
#12776 = DIRECTION('',(1.,0.));
#12777 = ( GEOMETRIC_REPRESENTATION_CONTEXT(2) 
PARAMETRIC_REPRESENTATION_CONTEXT() REPRESENTATION_CONTEXT('2D SPACE',''
  ) );
#12778 = PCURVE('',#11415,#12779);
#12779 = DEFINITIONAL_REPRESENTATION('',(#12780),#12784);
#12780 = CIRCLE('',#12781,1.725);
#12781 = AXIS2_PLACEMENT_2D('',#12782,#12783);
#12782 = CARTESIAN_POINT('',(3.418600331349E-16,1.70226710729E-17));
#12783 = DIRECTION('',(1.,0.));
#12784 = ( GEOMETRIC_REPRESENTATION_CONTEXT(2) 
PARAMETRIC_REPRESENTATION_CONTEXT() REPRESENTATION_CONTEXT('2D SPACE',''
  ) );
#12785 = ORIENTED_EDGE('',*,*,#12741,.T.);
#12786 = FACE_BOUND('',#12787,.F.);
#12787 = EDGE_LOOP('',(#12788));
#12788 = ORIENTED_EDGE('',*,*,#11662,.T.);
#12789 = ADVANCED_FACE('',(#12790,#12793),#11415,.F.);
#12790 = FACE_BOUND('',#12791,.F.);
#12791 = EDGE_LOOP('',(#12792));
#12792 = ORIENTED_EDGE('',*,*,#11400,.T.);
#12793 = FACE_BOUND('',#12794,.F.);
#12794 = EDGE_LOOP('',(#12795));
#12795 = ORIENTED_EDGE('',*,*,#12764,.F.);
#12796 = ADVANCED_FACE('',(#12797,#12800),#11296,.T.);
#12797 = FACE_BOUND('',#12798,.T.);
#12798 = EDGE_LOOP('',(#12799));
#12799 = ORIENTED_EDGE('',*,*,#11281,.T.);
#12800 = FACE_BOUND('',#12801,.T.);
#12801 = EDGE_LOOP('',(#12802));
#12802 = ORIENTED_EDGE('',*,*,#12490,.F.);
#12803 = ADVANCED_FACE('',(#12804),#11223,.F.);
#12804 = FACE_BOUND('',#12805,.F.);
#12805 = EDGE_LOOP('',(#12806,#12807,#12828,#12829,#12830,#12831));
#12806 = ORIENTED_EDGE('',*,*,#12513,.T.);
#12807 = ORIENTED_EDGE('',*,*,#12808,.T.);
#12808 = EDGE_CURVE('',#12236,#11162,#12809,.T.);
#12809 = SEAM_CURVE('',#12810,(#12814,#12821),.PCURVE_S1.);
#12810 = LINE('',#12811,#12812);
#12811 = CARTESIAN_POINT('',(-7.,3.918869757272E-16,23.1));
#12812 = VECTOR('',#12813,1.);
#12813 = DIRECTION('',(1.,0.,0.));
#12814 = PCURVE('',#11223,#12815);
#12815 = DEFINITIONAL_REPRESENTATION('',(#12816),#12820);
#12816 = LINE('',#12817,#12818);
#12817 = CARTESIAN_POINT('',(6.28318530718,-0.));
#12818 = VECTOR('',#12819,1.);
#12819 = DIRECTION('',(0.,1.));
#12820 = ( GEOMETRIC_REPRESENTATION_CONTEXT(2) 
PARAMETRIC_REPRESENTATION_CONTEXT() REPRESENTATION_CONTEXT('2D SPACE',''
  ) );
#12821 = PCURVE('',#11223,#12822);
#12822 = DEFINITIONAL_REPRESENTATION('',(#12823),#12827);
#12823 = LINE('',#12824,#12825);
#12824 = CARTESIAN_POINT('',(0.,-0.));
#12825 = VECTOR('',#12826,1.);
#12826 = DIRECTION('',(0.,1.));
#12827 = ( GEOMETRIC_REPRESENTATION_CONTEXT(2) 
PARAMETRIC_REPRESENTATION_CONTEXT() REPRESENTATION_CONTEXT('2D SPACE',''
  ) );
#12828 = ORIENTED_EDGE('',*,*,#11161,.F.);
#12829 = ORIENTED_EDGE('',*,*,#11309,.F.);
#12830 = ORIENTED_EDGE('',*,*,#12808,.F.);
#12831 = ORIENTED_EDGE('',*,*,#12235,.T.);
#12832 = ( GEOMETRIC_REPRESENTATION_CONTEXT(3) 
GLOBAL_UNCERTAINTY_ASSIGNED_CONTEXT((#12836)) 
GLOBAL_UNIT_ASSIGNED_CONTEXT((#12833,#12834,#12835)) 
REPRESENTATION_CONTEXT('Context #1',
  '3D Context with UNIT and UNCERTAINTY') );
#12833 = ( LENGTH_UNIT() NAMED_UNIT(*) SI_UNIT(.MILLI.,.METRE.) );
#12834 = ( NAMED_UNIT(*) PLANE_ANGLE_UNIT() SI_UNIT($,.RADIAN.) );
#12835 = ( NAMED_UNIT(*) SI_UNIT($,.STERADIAN.) SOLID_ANGLE_UNIT() );
#12836 = UNCERTAINTY_MEASURE_WITH_UNIT(LENGTH_MEASURE(1.E-07),#12833,
  'distance_accuracy_value','confusion accuracy');
#12837 = CONTEXT_DEPENDENT_SHAPE_REPRESENTATION(#12838,#12840);
#12838 = ( REPRESENTATION_RELATIONSHIP('','',#10626,#10) 
REPRESENTATION_RELATIONSHIP_WITH_TRANSFORMATION(#12839) 
SHAPE_REPRESENTATION_RELATIONSHIP() );
#12839 = ITEM_DEFINED_TRANSFORMATION('','',#11,#79);
#12840 = PRODUCT_DEFINITION_SHAPE('Placement','Placement of an item',
  #12841);
#12841 = NEXT_ASSEMBLY_USAGE_OCCURRENCE('17','spoon_printed_carrier','',
  #5,#10621,$);
#12842 = PRODUCT_RELATED_PRODUCT_CATEGORY('part',$,(#10623));
#12843 = SHAPE_DEFINITION_REPRESENTATION(#12844,#12850);
#12844 = PRODUCT_DEFINITION_SHAPE('','',#12845);
#12845 = PRODUCT_DEFINITION('design','',#12846,#12849);
#12846 = PRODUCT_DEFINITION_FORMATION('','',#12847);
#12847 = PRODUCT('spoon_stainless_insert','spoon_stainless_insert','',(
    #12848));
#12848 = PRODUCT_CONTEXT('',#2,'mechanical');
#12849 = PRODUCT_DEFINITION_CONTEXT('part definition',#2,'design');
#12850 = ADVANCED_BREP_SHAPE_REPRESENTATION('',(#11,#12851),#14045);
#12851 = MANIFOLD_SOLID_BREP('',#12852);
#12852 = CLOSED_SHELL('',(#12853,#13041,#13130,#13242,#13331,#13369,
    #13978,#14033,#14037,#14041));
#12853 = ADVANCED_FACE('',(#12854),#12896,.T.);
#12854 = FACE_BOUND('',#12855,.T.);
#12855 = EDGE_LOOP('',(#12856,#13010));
#12856 = ORIENTED_EDGE('',*,*,#12857,.T.);
#12857 = EDGE_CURVE('',#12858,#12860,#12862,.T.);
#12858 = VERTEX_POINT('',#12859);
#12859 = CARTESIAN_POINT('',(0.952293024116,-1.28574414104,103.));
#12860 = VERTEX_POINT('',#12861);
#12861 = CARTESIAN_POINT('',(0.952293024116,1.28574414104,103.));
#12862 = SURFACE_CURVE('',#12863,(#12895,#12951),.PCURVE_S1.);
#12863 = B_SPLINE_CURVE_WITH_KNOTS('',7,(#12864,#12865,#12866,#12867,
    #12868,#12869,#12870,#12871,#12872,#12873,#12874,#12875,#12876,
    #12877,#12878,#12879,#12880,#12881,#12882,#12883,#12884,#12885,
    #12886,#12887,#12888,#12889,#12890,#12891,#12892,#12893,#12894),
  .UNSPECIFIED.,.F.,.F.,(8,6,6,5,6,8),(0.,0.529670358029,0.999997598026,
    1.193897863644,1.514906545394,1.999588819515),.UNSPECIFIED.);
#12864 = CARTESIAN_POINT('',(0.952293024116,-1.28574414104,103.));
#12865 = CARTESIAN_POINT('',(1.033420991346,-1.22565629403,
    102.98109873097));
#12866 = CARTESIAN_POINT('',(1.111284546149,-1.158738250416,
    102.96112564345));
#12867 = CARTESIAN_POINT('',(1.185424952797,-1.084852288952,
    102.94046953393));
#12868 = CARTESIAN_POINT('',(1.255192277843,-1.003885657746,
    102.91960500415));
#12869 = CARTESIAN_POINT('',(1.319769279637,-0.915803500641,
    102.89911761541));
#12870 = CARTESIAN_POINT('',(1.378196683892,-0.820707354255,
    102.87969088457));
#12871 = CARTESIAN_POINT('',(1.474866315538,-0.628497440117,
    102.84639523161));
#12872 = CARTESIAN_POINT('',(1.51465835187,-0.532760669797,
    102.83213990426));
#12873 = CARTESIAN_POINT('',(1.547891037337,-0.432138672254,
    102.81984527111));
#12874 = CARTESIAN_POINT('',(1.573676281322,-0.327340504185,
    102.81008059145));
#12875 = CARTESIAN_POINT('',(1.591231256902,-0.219385137838,
    102.80335777596));
#12876 = CARTESIAN_POINT('',(1.6,-0.109661346034,102.8));
#12877 = CARTESIAN_POINT('',(1.6,4.520972275407E-02,102.8));
#12878 = CARTESIAN_POINT('',(1.598509607153,9.042386816163E-02,
    102.80057069512));
#12879 = CARTESIAN_POINT('',(1.59552843228,0.135524004512,
    102.80171234145));
#12880 = CARTESIAN_POINT('',(1.591070458465,0.180398830067,
    102.80341632136));
#12881 = CARTESIAN_POINT('',(1.585162185356,0.224944308086,
    102.80566625221));
#12882 = CARTESIAN_POINT('',(1.565720046935,0.342104569183,
    102.81302957588));
#12883 = CARTESIAN_POINT('',(1.536636110632,0.455635699761,
    102.82387912388));
#12884 = CARTESIAN_POINT('',(1.514963204192,0.524614376076,
    102.8318697188));
#12885 = CARTESIAN_POINT('',(1.490007548887,0.59150688411,
    102.84092301988));
#12886 = CARTESIAN_POINT('',(1.462043165418,0.656111002588,
    102.85086243098));
#12887 = CARTESIAN_POINT('',(1.431335369722,0.718291914757,
    102.86151403021));
#12888 = CARTESIAN_POINT('',(1.347989518331,0.868076807817,
    102.88962537393));
#12889 = CARTESIAN_POINT('',(1.292175880863,0.952436315788,
    102.90777956056));
#12890 = CARTESIAN_POINT('',(1.231477717652,1.030888902347,
    102.9266314975));
#12891 = CARTESIAN_POINT('',(1.166596308601,1.103389160518,
    102.94567840963));
#12892 = CARTESIAN_POINT('',(1.09813327349,1.169972960425,
    102.96448573937));
#12893 = CARTESIAN_POINT('',(1.026578006588,1.23072458595,102.9826930159
    ));
#12894 = CARTESIAN_POINT('',(0.952293024116,1.28574414104,103.));
#12895 = PCURVE('',#12896,#12901);
#12896 = CYLINDRICAL_SURFACE('',#12897,1.6);
#12897 = AXIS2_PLACEMENT_3D('',#12898,#12899,#12900);
#12898 = CARTESIAN_POINT('',(0.,0.,12.));
#12899 = DIRECTION('',(0.,0.,1.));
#12900 = DIRECTION('',(1.,0.,-0.));
#12901 = DEFINITIONAL_REPRESENTATION('',(#12902),#12950);
#12902 = B_SPLINE_CURVE_WITH_KNOTS('',3,(#12903,#12904,#12905,#12906,
    #12907,#12908,#12909,#12910,#12911,#12912,#12913,#12914,#12915,
    #12916,#12917,#12918,#12919,#12920,#12921,#12922,#12923,#12924,
    #12925,#12926,#12927,#12928,#12929,#12930,#12931,#12932,#12933,
    #12934,#12935,#12936,#12937,#12938,#12939,#12940,#12941,#12942,
    #12943,#12944,#12945,#12946,#12947,#12948,#12949),.UNSPECIFIED.,.F.,
  .F.,(4,1,1,1,1,1,1,1,1,1,1,1,1,1,1,1,1,1,1,1,1,1,1,1,1,1,1,1,1,1,1,1,1
    ,1,1,1,1,1,1,1,1,1,1,1,4),(0.,4.544520044351E-02,9.089040088703E-02,
    0.136335601331,0.181780801774,0.227226002218,0.272671202661,
    0.318116403105,0.363561603548,0.409006803992,0.454452004435,
    0.499897204879,0.545342405322,0.590787605766,0.636232806209,
    0.681678006653,0.727123207096,0.77256840754,0.818013607983,
    0.863458808427,0.90890400887,0.954349209314,0.999794409757,
    1.045239610201,1.090684810644,1.136130011088,1.181575211531,
    1.227020411975,1.272465612418,1.317910812862,1.363356013305,
    1.408801213749,1.454246414192,1.499691614636,1.545136815079,
    1.590582015523,1.636027215967,1.68147241641,1.726917616854,
    1.772362817297,1.817808017741,1.863253218184,1.908698418628,
    1.954143619071,1.999588819515),.QUASI_UNIFORM_KNOTS.);
#12903 = CARTESIAN_POINT('',(5.34988251221,91.));
#12904 = CARTESIAN_POINT('',(5.362514430774,90.996216358567));
#12905 = CARTESIAN_POINT('',(5.387871804004,90.988537291783));
#12906 = CARTESIAN_POINT('',(5.426215723039,90.976741500711));
#12907 = CARTESIAN_POINT('',(5.464895495946,90.964724991133));
#12908 = CARTESIAN_POINT('',(5.503936514126,90.952550145074));
#12909 = CARTESIAN_POINT('',(5.543362758869,90.940283369355));
#12910 = CARTESIAN_POINT('',(5.583196743684,90.927995654408));
#12911 = CARTESIAN_POINT('',(5.623459756286,90.915762381105));
#12912 = CARTESIAN_POINT('',(5.664171983996,90.903663231549));
#12913 = CARTESIAN_POINT('',(5.705352636703,90.891781975665));
#12914 = CARTESIAN_POINT('',(5.747020032309,90.880206190313));
#12915 = CARTESIAN_POINT('',(5.789191682139,90.869026912193));
#12916 = CARTESIAN_POINT('',(5.831884279466,90.85833816272));
#12917 = CARTESIAN_POINT('',(5.875116821028,90.848235875127));
#12918 = CARTESIAN_POINT('',(5.918866034204,90.838826549106));
#12919 = CARTESIAN_POINT('',(5.963107110029,90.830214377584));
#12920 = CARTESIAN_POINT('',(6.007808578566,90.822500641733));
#12921 = CARTESIAN_POINT('',(6.05293279507,90.815781233447));
#12922 = CARTESIAN_POINT('',(6.098434621404,90.810144442883));
#12923 = CARTESIAN_POINT('',(6.144260397352,90.805668461696));
#12924 = CARTESIAN_POINT('',(6.190346042246,90.802418782155));
#12925 = CARTESIAN_POINT('',(6.23661655889,90.800445441074));
#12926 = CARTESIAN_POINT('',(6.282978670902,90.79978025295));
#12927 = CARTESIAN_POINT('',(6.329336997771,90.800433626089));
#12928 = CARTESIAN_POINT('',(6.375608758788,90.802395228436));
#12929 = CARTESIAN_POINT('',(6.421704885836,90.805634240075));
#12930 = CARTESIAN_POINT('',(6.467548352293,90.810101326815));
#12931 = CARTESIAN_POINT('',(6.513066529233,90.81573046805));
#12932 = CARTESIAN_POINT('',(6.558199151246,90.822442248438));
#12933 = CARTESIAN_POINT('',(6.602900781417,90.830147753482));
#12934 = CARTESIAN_POINT('',(6.647136964705,90.838751212863));
#12935 = CARTESIAN_POINT('',(6.690883336892,90.848152691258));
#12936 = CARTESIAN_POINT('',(6.734124160107,90.858250312024));
#12937 = CARTESIAN_POINT('',(6.776852322552,90.868942442809));
#12938 = CARTESIAN_POINT('',(6.819065802156,90.880128638994));
#12939 = CARTESIAN_POINT('',(6.860767205364,90.891710785107));
#12940 = CARTESIAN_POINT('',(6.901979106269,90.903598800177));
#12941 = CARTESIAN_POINT('',(6.942720331759,90.915705011473));
#12942 = CARTESIAN_POINT('',(6.983011336615,90.927945799549));
#12943 = CARTESIAN_POINT('',(7.022872923981,90.940241494576));
#12944 = CARTESIAN_POINT('',(7.062326769762,90.952516667536));
#12945 = CARTESIAN_POINT('',(7.101395465674,90.964700185373));
#12946 = CARTESIAN_POINT('',(7.140102786107,90.97672541016));
#12947 = CARTESIAN_POINT('',(7.178473661133,90.988529652958));
#12948 = CARTESIAN_POINT('',(7.203848043057,90.996213924035));
#12949 = CARTESIAN_POINT('',(7.21648810215,91.));
#12950 = ( GEOMETRIC_REPRESENTATION_CONTEXT(2) 
PARAMETRIC_REPRESENTATION_CONTEXT() REPRESENTATION_CONTEXT('2D SPACE',''
  ) );
#12951 = PCURVE('',#12952,#12960);
#12952 = SURFACE_OF_LINEAR_EXTRUSION('',#12953,#12958);
#12953 = ELLIPSE('',#12954,9.2,6.2);
#12954 = AXIS2_PLACEMENT_3D('',#12955,#12956,#12957);
#12955 = CARTESIAN_POINT('',(-1.7,0.,112.));
#12956 = DIRECTION('',(1.,0.,-0.));
#12957 = DIRECTION('',(0.,1.110223024625E-16,1.));
#12958 = VECTOR('',#12959,1.);
#12959 = DIRECTION('',(-1.,-0.,-0.));
#12960 = DEFINITIONAL_REPRESENTATION('',(#12961),#13009);
#12961 = B_SPLINE_CURVE_WITH_KNOTS('',3,(#12962,#12963,#12964,#12965,
    #12966,#12967,#12968,#12969,#12970,#12971,#12972,#12973,#12974,
    #12975,#12976,#12977,#12978,#12979,#12980,#12981,#12982,#12983,
    #12984,#12985,#12986,#12987,#12988,#12989,#12990,#12991,#12992,
    #12993,#12994,#12995,#12996,#12997,#12998,#12999,#13000,#13001,
    #13002,#13003,#13004,#13005,#13006,#13007,#13008),.UNSPECIFIED.,.F.,
  .F.,(4,1,1,1,1,1,1,1,1,1,1,1,1,1,1,1,1,1,1,1,1,1,1,1,1,1,1,1,1,1,1,1,1
    ,1,1,1,1,1,1,1,1,1,1,1,4),(0.,4.544520044351E-02,9.089040088703E-02,
    0.136335601331,0.181780801774,0.227226002218,0.272671202661,
    0.318116403105,0.363561603548,0.409006803992,0.454452004435,
    0.499897204879,0.545342405322,0.590787605766,0.636232806209,
    0.681678006653,0.727123207096,0.77256840754,0.818013607983,
    0.863458808427,0.90890400887,0.954349209314,0.999794409757,
    1.045239610201,1.090684810644,1.136130011088,1.181575211531,
    1.227020411975,1.272465612418,1.317910812862,1.363356013305,
    1.408801213749,1.454246414192,1.499691614636,1.545136815079,
    1.590582015523,1.636027215967,1.68147241641,1.726917616854,
    1.772362817297,1.817808017741,1.863253218184,1.908698418628,
    1.954143619071,1.999588819515),.QUASI_UNIFORM_KNOTS.);
#12962 = CARTESIAN_POINT('',(2.932698636327,-2.652293024116));
#12963 = CARTESIAN_POINT('',(2.934681961122,-2.668533961541));
#12964 = CARTESIAN_POINT('',(2.938762263119,-2.700682058833));
#12965 = CARTESIAN_POINT('',(2.945225159516,-2.747828519297));
#12966 = CARTESIAN_POINT('',(2.952032126959,-2.793828157639));
#12967 = CARTESIAN_POINT('',(2.959184297972,-2.83859858069));
#12968 = CARTESIAN_POINT('',(2.966682362665,-2.882050379679));
#12969 = CARTESIAN_POINT('',(2.974526437814,-2.924086360488));
#12970 = CARTESIAN_POINT('',(2.982715985614,-2.964602119706));
#12971 = CARTESIAN_POINT('',(2.991249718677,-3.003486264866));
#12972 = CARTESIAN_POINT('',(3.000125508551,-3.040620728868));
#12973 = CARTESIAN_POINT('',(3.009340289026,-3.075881080194));
#12974 = CARTESIAN_POINT('',(3.01888996904,-3.109136772512));
#12975 = CARTESIAN_POINT('',(3.028769302084,-3.140251657622));
#12976 = CARTESIAN_POINT('',(3.038972572777,-3.169085548837));
#12977 = CARTESIAN_POINT('',(3.049482691528,-3.195468858937));
#12978 = CARTESIAN_POINT('',(3.060280291055,-3.219238087675));
#12979 = CARTESIAN_POINT('',(3.071342547213,-3.24023438628));
#12980 = CARTESIAN_POINT('',(3.082643265474,-3.25830742326));
#12981 = CARTESIAN_POINT('',(3.094152601371,-3.273318230687));
#12982 = CARTESIAN_POINT('',(3.105836887634,-3.285142836011));
#12983 = CARTESIAN_POINT('',(3.117658299073,-3.293676283761));
#12984 = CARTESIAN_POINT('',(3.129574950646,-3.298837328343));
#12985 = CARTESIAN_POINT('',(3.141539310238,-3.300573572468));
#12986 = CARTESIAN_POINT('',(3.153502800184,-3.298868175577));
#12987 = CARTESIAN_POINT('',(3.165420097313,-3.293738001187));
#12988 = CARTESIAN_POINT('',(3.177244729976,-3.285232907292));
#12989 = CARTESIAN_POINT('',(3.188934238175,-3.273432533755));
#12990 = CARTESIAN_POINT('',(3.200448568117,-3.258443238324));
#12991 = CARTESIAN_POINT('',(3.2117523893,-3.240392312962));
#12992 = CARTESIAN_POINT('',(3.222815833794,-3.219420590443));
#12993 = CARTESIAN_POINT('',(3.233613556649,-3.195678293671));
#12994 = CARTESIAN_POINT('',(3.244124484089,-3.169320732291));
#12995 = CARTESIAN_POINT('',(3.254331361992,-3.140504838635));
#12996 = CARTESIAN_POINT('',(3.264220609662,-3.109385417293));
#12997 = CARTESIAN_POINT('',(3.273781328625,-3.076114614236));
#12998 = CARTESIAN_POINT('',(3.283005082862,-3.040840496509));
#12999 = CARTESIAN_POINT('',(3.291888964122,-3.003690613414));
#13000 = CARTESIAN_POINT('',(3.300430019208,-2.964789457132));
#13001 = CARTESIAN_POINT('',(3.3086263844,-2.924254373113));
#13002 = CARTESIAN_POINT('',(3.31647688216,-2.882196391288));
#13003 = CARTESIAN_POINT('',(3.323981030314,-2.838719706959));
#13004 = CARTESIAN_POINT('',(3.331138936828,-2.793921599238));
#13005 = CARTESIAN_POINT('',(3.337951235226,-2.747891906757));
#13006 = CARTESIAN_POINT('',(3.344418964977,-2.700713793838));
#13007 = CARTESIAN_POINT('',(3.348502069688,-2.668544434404));
#13008 = CARTESIAN_POINT('',(3.350486670852,-2.652293024116));
#13009 = ( GEOMETRIC_REPRESENTATION_CONTEXT(2) 
PARAMETRIC_REPRESENTATION_CONTEXT() REPRESENTATION_CONTEXT('2D SPACE',''
  ) );
#13010 = ORIENTED_EDGE('',*,*,#13011,.T.);
#13011 = EDGE_CURVE('',#12860,#12858,#13012,.T.);
#13012 = SURFACE_CURVE('',#13013,(#13018,#13025),.PCURVE_S1.);
#13013 = CIRCLE('',#13014,1.6);
#13014 = AXIS2_PLACEMENT_3D('',#13015,#13016,#13017);
#13015 = CARTESIAN_POINT('',(0.,0.,103.));
#13016 = DIRECTION('',(0.,0.,-1.));
#13017 = DIRECTION('',(0.595183140073,0.80359008815,0.));
#13018 = PCURVE('',#12896,#13019);
#13019 = DEFINITIONAL_REPRESENTATION('',(#13020),#13024);
#13020 = LINE('',#13021,#13022);
#13021 = CARTESIAN_POINT('',(7.21648810215,91.));
#13022 = VECTOR('',#13023,1.);
#13023 = DIRECTION('',(-1.,-0.));
#13024 = ( GEOMETRIC_REPRESENTATION_CONTEXT(2) 
PARAMETRIC_REPRESENTATION_CONTEXT() REPRESENTATION_CONTEXT('2D SPACE',''
  ) );
#13025 = PCURVE('',#13026,#13031);
#13026 = PLANE('',#13027);
#13027 = AXIS2_PLACEMENT_3D('',#13028,#13029,#13030);
#13028 = CARTESIAN_POINT('',(0.,0.,103.));
#13029 = DIRECTION('',(0.,0.,1.));
#13030 = DIRECTION('',(1.,0.,-0.));
#13031 = DEFINITIONAL_REPRESENTATION('',(#13032),#13040);
#13032 = ( BOUNDED_CURVE() B_SPLINE_CURVE(2,(#13033,#13034,#13035,#13036
    ,#13037,#13038,#13039),.UNSPECIFIED.,.T.,.F.) 
B_SPLINE_CURVE_WITH_KNOTS((1,2,2,2,2,1),(-2.094395102393,0.,
    2.094395102393,4.188790204786,6.28318530718,8.377580409573),
.UNSPECIFIED.) CURVE() GEOMETRIC_REPRESENTATION_ITEM() 
RATIONAL_B_SPLINE_CURVE((1.,0.5,1.,0.5,1.,0.5,1.)) REPRESENTATION_ITEM(
  '') );
#13033 = CARTESIAN_POINT('',(0.952293024116,1.28574414104));
#13034 = CARTESIAN_POINT('',(3.179267201932,-0.363675760423));
#13035 = CARTESIAN_POINT('',(0.63734057685,-1.467582021252));
#13036 = CARTESIAN_POINT('',(-1.904586048233,-2.57148828208));
#13037 = CARTESIAN_POINT('',(-1.589633600966,0.181837880211));
#13038 = CARTESIAN_POINT('',(-1.274681153699,2.935164042503));
#13039 = CARTESIAN_POINT('',(0.952293024116,1.28574414104));
#13040 = ( GEOMETRIC_REPRESENTATION_CONTEXT(2) 
PARAMETRIC_REPRESENTATION_CONTEXT() REPRESENTATION_CONTEXT('2D SPACE',''
  ) );
#13041 = ADVANCED_FACE('',(#13042),#13026,.T.);
#13042 = FACE_BOUND('',#13043,.T.);
#13043 = EDGE_LOOP('',(#13044,#13073,#13074,#13103));
#13044 = ORIENTED_EDGE('',*,*,#13045,.F.);
#13045 = EDGE_CURVE('',#12858,#13046,#13048,.T.);
#13046 = VERTEX_POINT('',#13047);
#13047 = CARTESIAN_POINT('',(-0.952293024116,-1.28574414104,103.));
#13048 = SURFACE_CURVE('',#13049,(#13055,#13064),.PCURVE_S1.);
#13049 = B_SPLINE_CURVE_WITH_KNOTS('',4,(#13050,#13051,#13052,#13053,
    #13054),.UNSPECIFIED.,.F.,.F.,(5,5),(0.,1.),
  .PIECEWISE_BEZIER_KNOTS.);
#13050 = CARTESIAN_POINT('',(1.6,-1.28574414104,103.));
#13051 = CARTESIAN_POINT('',(0.8,-1.28574414104,103.));
#13052 = CARTESIAN_POINT('',(1.7763568394E-14,-1.28574414104,103.));
#13053 = CARTESIAN_POINT('',(-0.8,-1.28574414104,103.));
#13054 = CARTESIAN_POINT('',(-1.6,-1.28574414104,103.));
#13055 = PCURVE('',#13026,#13056);
#13056 = DEFINITIONAL_REPRESENTATION('',(#13057),#13063);
#13057 = B_SPLINE_CURVE_WITH_KNOTS('',4,(#13058,#13059,#13060,#13061,
    #13062),.UNSPECIFIED.,.F.,.F.,(5,5),(0.,1.),
  .PIECEWISE_BEZIER_KNOTS.);
#13058 = CARTESIAN_POINT('',(1.6,-1.28574414104));
#13059 = CARTESIAN_POINT('',(0.8,-1.28574414104));
#13060 = CARTESIAN_POINT('',(1.7763568394E-14,-1.28574414104));
#13061 = CARTESIAN_POINT('',(-0.8,-1.28574414104));
#13062 = CARTESIAN_POINT('',(-1.6,-1.28574414104));
#13063 = ( GEOMETRIC_REPRESENTATION_CONTEXT(2) 
PARAMETRIC_REPRESENTATION_CONTEXT() REPRESENTATION_CONTEXT('2D SPACE',''
  ) );
#13064 = PCURVE('',#12952,#13065);
#13065 = DEFINITIONAL_REPRESENTATION('',(#13066),#13072);
#13066 = B_SPLINE_CURVE_WITH_KNOTS('',4,(#13067,#13068,#13069,#13070,
    #13071),.UNSPECIFIED.,.F.,.F.,(5,5),(0.,1.),
  .PIECEWISE_BEZIER_KNOTS.);
#13067 = CARTESIAN_POINT('',(2.932698636327,-3.3));
#13068 = CARTESIAN_POINT('',(2.932698636327,-2.5));
#13069 = CARTESIAN_POINT('',(2.932698636327,-1.7));
#13070 = CARTESIAN_POINT('',(2.932698636327,-0.9));
#13071 = CARTESIAN_POINT('',(2.932698636327,-1.E-01));
#13072 = ( GEOMETRIC_REPRESENTATION_CONTEXT(2) 
PARAMETRIC_REPRESENTATION_CONTEXT() REPRESENTATION_CONTEXT('2D SPACE',''
  ) );
#13073 = ORIENTED_EDGE('',*,*,#13011,.F.);
#13074 = ORIENTED_EDGE('',*,*,#13075,.T.);
#13075 = EDGE_CURVE('',#12860,#13076,#13078,.T.);
#13076 = VERTEX_POINT('',#13077);
#13077 = CARTESIAN_POINT('',(-0.952293024116,1.28574414104,103.));
#13078 = SURFACE_CURVE('',#13079,(#13085,#13094),.PCURVE_S1.);
#13079 = B_SPLINE_CURVE_WITH_KNOTS('',4,(#13080,#13081,#13082,#13083,
    #13084),.UNSPECIFIED.,.F.,.F.,(5,5),(0.,1.),
  .PIECEWISE_BEZIER_KNOTS.);
#13080 = CARTESIAN_POINT('',(1.6,1.28574414104,103.));
#13081 = CARTESIAN_POINT('',(0.8,1.28574414104,103.));
#13082 = CARTESIAN_POINT('',(1.7763568394E-14,1.28574414104,103.));
#13083 = CARTESIAN_POINT('',(-0.8,1.28574414104,103.));
#13084 = CARTESIAN_POINT('',(-1.6,1.28574414104,103.));
#13085 = PCURVE('',#13026,#13086);
#13086 = DEFINITIONAL_REPRESENTATION('',(#13087),#13093);
#13087 = B_SPLINE_CURVE_WITH_KNOTS('',4,(#13088,#13089,#13090,#13091,
    #13092),.UNSPECIFIED.,.F.,.F.,(5,5),(0.,1.),
  .PIECEWISE_BEZIER_KNOTS.);
#13088 = CARTESIAN_POINT('',(1.6,1.28574414104));
#13089 = CARTESIAN_POINT('',(0.8,1.28574414104));
#13090 = CARTESIAN_POINT('',(1.7763568394E-14,1.28574414104));
#13091 = CARTESIAN_POINT('',(-0.8,1.28574414104));
#13092 = CARTESIAN_POINT('',(-1.6,1.28574414104));
#13093 = ( GEOMETRIC_REPRESENTATION_CONTEXT(2) 
PARAMETRIC_REPRESENTATION_CONTEXT() REPRESENTATION_CONTEXT('2D SPACE',''
  ) );
#13094 = PCURVE('',#12952,#13095);
#13095 = DEFINITIONAL_REPRESENTATION('',(#13096),#13102);
#13096 = B_SPLINE_CURVE_WITH_KNOTS('',4,(#13097,#13098,#13099,#13100,
    #13101),.UNSPECIFIED.,.F.,.F.,(5,5),(0.,1.),
  .PIECEWISE_BEZIER_KNOTS.);
#13097 = CARTESIAN_POINT('',(3.350486670852,-3.3));
#13098 = CARTESIAN_POINT('',(3.350486670852,-2.5));
#13099 = CARTESIAN_POINT('',(3.350486670852,-1.7));
#13100 = CARTESIAN_POINT('',(3.350486670852,-0.9));
#13101 = CARTESIAN_POINT('',(3.350486670852,-1.E-01));
#13102 = ( GEOMETRIC_REPRESENTATION_CONTEXT(2) 
PARAMETRIC_REPRESENTATION_CONTEXT() REPRESENTATION_CONTEXT('2D SPACE',''
  ) );
#13103 = ORIENTED_EDGE('',*,*,#13104,.T.);
#13104 = EDGE_CURVE('',#13076,#13046,#13105,.T.);
#13105 = SURFACE_CURVE('',#13106,(#13111,#13118),.PCURVE_S1.);
#13106 = CIRCLE('',#13107,1.6);
#13107 = AXIS2_PLACEMENT_3D('',#13108,#13109,#13110);
#13108 = CARTESIAN_POINT('',(0.,0.,103.));
#13109 = DIRECTION('',(0.,0.,1.));
#13110 = DIRECTION('',(1.,0.,-0.));
#13111 = PCURVE('',#13026,#13112);
#13112 = DEFINITIONAL_REPRESENTATION('',(#13113),#13117);
#13113 = CIRCLE('',#13114,1.6);
#13114 = AXIS2_PLACEMENT_2D('',#13115,#13116);
#13115 = CARTESIAN_POINT('',(0.,0.));
#13116 = DIRECTION('',(1.,0.));
#13117 = ( GEOMETRIC_REPRESENTATION_CONTEXT(2) 
PARAMETRIC_REPRESENTATION_CONTEXT() REPRESENTATION_CONTEXT('2D SPACE',''
  ) );
#13118 = PCURVE('',#13119,#13124);
#13119 = CYLINDRICAL_SURFACE('',#13120,1.6);
#13120 = AXIS2_PLACEMENT_3D('',#13121,#13122,#13123);
#13121 = CARTESIAN_POINT('',(0.,0.,12.));
#13122 = DIRECTION('',(0.,0.,1.));
#13123 = DIRECTION('',(1.,0.,-0.));
#13124 = DEFINITIONAL_REPRESENTATION('',(#13125),#13129);
#13125 = LINE('',#13126,#13127);
#13126 = CARTESIAN_POINT('',(0.,91.));
#13127 = VECTOR('',#13128,1.);
#13128 = DIRECTION('',(1.,0.));
#13129 = ( GEOMETRIC_REPRESENTATION_CONTEXT(2) 
PARAMETRIC_REPRESENTATION_CONTEXT() REPRESENTATION_CONTEXT('2D SPACE',''
  ) );
#13130 = ADVANCED_FACE('',(#13131),#13119,.T.);
#13131 = FACE_BOUND('',#13132,.T.);
#13132 = EDGE_LOOP('',(#13133,#13134));
#13133 = ORIENTED_EDGE('',*,*,#13104,.F.);
#13134 = ORIENTED_EDGE('',*,*,#13135,.F.);
#13135 = EDGE_CURVE('',#13046,#13076,#13136,.T.);
#13136 = SURFACE_CURVE('',#13137,(#13170,#13206),.PCURVE_S1.);
#13137 = B_SPLINE_CURVE_WITH_KNOTS('',6,(#13138,#13139,#13140,#13141,
    #13142,#13143,#13144,#13145,#13146,#13147,#13148,#13149,#13150,
    #13151,#13152,#13153,#13154,#13155,#13156,#13157,#13158,#13159,
    #13160,#13161,#13162,#13163,#13164,#13165,#13166,#13167,#13168,
    #13169),.UNSPECIFIED.,.F.,.F.,(7,5,5,5,5,5,7),(0.,0.267016385163,
    0.35136879921,0.496430492027,0.64893428458,0.733413832083,1.),
  .UNSPECIFIED.);
#13138 = CARTESIAN_POINT('',(-0.952290448795,-1.285746048461,103.0000006
    ));
#13139 = CARTESIAN_POINT('',(-1.047741186069,-1.21505026406,
    102.97776245738));
#13140 = CARTESIAN_POINT('',(-1.138542781469,-1.134630580272,
    102.95399852991));
#13141 = CARTESIAN_POINT('',(-1.223874337467,-1.044238450943,
    102.92940622952));
#13142 = CARTESIAN_POINT('',(-1.302451020752,-0.943686224842,
    102.9048900277));
#13143 = CARTESIAN_POINT('',(-1.372611472313,-0.833041035067,
    102.88165470936));
#13144 = CARTESIAN_POINT('',(-1.451313248526,-0.674898633723,
    102.85449350552));
#13145 = CARTESIAN_POINT('',(-1.469166954239,-0.635996365775,
    102.84823429896));
#13146 = CARTESIAN_POINT('',(-1.485916721173,-0.59618477139,
    102.8422788828));
#13147 = CARTESIAN_POINT('',(-1.501495166614,-0.555503008221,
    102.83667125976));
#13148 = CARTESIAN_POINT('',(-1.515834707993,-0.514003843106,
    102.83145495761));
#13149 = CARTESIAN_POINT('',(-1.551289319396,-0.399102262142,
    102.81844401248));
#13150 = CARTESIAN_POINT('',(-1.56985995466,-0.324213009042,
    102.81149317984));
#13151 = CARTESIAN_POINT('',(-1.584237927074,-0.247478972699,
    102.80603288538));
#13152 = CARTESIAN_POINT('',(-1.594140393654,-0.169390156857,
    102.80224365952));
#13153 = CARTESIAN_POINT('',(-1.599382712313,-9.05454334485E-02,
    102.80023637506));
#13154 = CARTESIAN_POINT('',(-1.600561831172,7.127631442495E-02,
    102.79978486102));
#13155 = CARTESIAN_POINT('',(-1.596007820574,0.154311357095,
    102.80152855604));
#13156 = CARTESIAN_POINT('',(-1.586275016169,0.236610399001,
    102.80525868853));
#13157 = CARTESIAN_POINT('',(-1.571564676111,0.317467737506,
    102.81085546049));
#13158 = CARTESIAN_POINT('',(-1.552201696301,0.396305150671,
    102.81811067374));
#13159 = CARTESIAN_POINT('',(-1.515511801825,0.514960357778,
    102.83157262217));
#13160 = CARTESIAN_POINT('',(-1.5011262518,0.556506605412,102.8368045958
    ));
#13161 = CARTESIAN_POINT('',(-1.485499116694,0.597232063522,
    102.8424283919));
#13162 = CARTESIAN_POINT('',(-1.46869829496,0.637083909701,
    102.84840027203));
#13163 = CARTESIAN_POINT('',(-1.450791455948,0.676022988315,
    102.85467603711));
#13164 = CARTESIAN_POINT('',(-1.372047468408,0.833930040764,
    102.88184145798));
#13165 = CARTESIAN_POINT('',(-1.301945757357,0.944332381341,
    102.90504764161));
#13166 = CARTESIAN_POINT('',(-1.223463068919,1.044673963438,
    102.92952472337));
#13167 = CARTESIAN_POINT('',(-1.138251103213,1.134888902242,
    102.95407486686));
#13168 = CARTESIAN_POINT('',(-1.047587756431,1.215163902037,
    102.97779820347));
#13169 = CARTESIAN_POINT('',(-0.952290448795,1.285746048461,103.0000006)
  );
#13170 = PCURVE('',#13119,#13171);
#13171 = DEFINITIONAL_REPRESENTATION('',(#13172),#13205);
#13172 = B_SPLINE_CURVE_WITH_KNOTS('',6,(#13173,#13174,#13175,#13176,
    #13177,#13178,#13179,#13180,#13181,#13182,#13183,#13184,#13185,
    #13186,#13187,#13188,#13189,#13190,#13191,#13192,#13193,#13194,
    #13195,#13196,#13197,#13198,#13199,#13200,#13201,#13202,#13203,
    #13204),.UNSPECIFIED.,.F.,.F.,(7,5,5,5,5,5,7),(0.,0.267016385163,
    0.35136879921,0.496430492027,0.64893428458,0.733413832083,1.),
  .UNSPECIFIED.);
#13173 = CARTESIAN_POINT('',(4.07489745154,91.0000006));
#13174 = CARTESIAN_POINT('',(4.000659823208,90.977762457389));
#13175 = CARTESIAN_POINT('',(3.925140015738,90.953998529917));
#13176 = CARTESIAN_POINT('',(3.847921526911,90.929406229526));
#13177 = CARTESIAN_POINT('',(3.768715344058,90.904890027707));
#13178 = CARTESIAN_POINT('',(3.687267934046,90.88165470936));
#13179 = CARTESIAN_POINT('',(3.576865635818,90.854493505529));
#13180 = CARTESIAN_POINT('',(3.550126703294,90.848234298968));
#13181 = CARTESIAN_POINT('',(3.523152925998,90.842278882808));
#13182 = CARTESIAN_POINT('',(3.495948337114,90.836671259766));
#13183 = CARTESIAN_POINT('',(3.468521935817,90.831454957619));
#13184 = CARTESIAN_POINT('',(3.393367400291,90.818444012486));
#13185 = CARTESIAN_POINT('',(3.345220236892,90.811493179847));
#13186 = CARTESIAN_POINT('',(3.296550627727,90.806032885384));
#13187 = CARTESIAN_POINT('',(3.24748540861,90.802243659522));
#13188 = CARTESIAN_POINT('',(3.198184922828,90.800236375061));
#13189 = CARTESIAN_POINT('',(3.097043645542,90.799784861025));
#13190 = CARTESIAN_POINT('',(3.045168897661,90.801528556047));
#13191 = CARTESIAN_POINT('',(2.993526795904,90.805258688533));
#13192 = CARTESIAN_POINT('',(2.942305825746,90.810855460498));
#13193 = CARTESIAN_POINT('',(2.891656525653,90.818110673744));
#13194 = CARTESIAN_POINT('',(2.814032616315,90.831572622173));
#13195 = CARTESIAN_POINT('',(2.786569068786,90.836804595807));
#13196 = CARTESIAN_POINT('',(2.759328176189,90.842428391905));
#13197 = CARTESIAN_POINT('',(2.732318911057,90.848400272034));
#13198 = CARTESIAN_POINT('',(2.705545260286,90.854676037111));
#13199 = CARTESIAN_POINT('',(2.595262858608,90.881841457983));
#13200 = CARTESIAN_POINT('',(2.513960858794,90.905047641619));
#13201 = CARTESIAN_POINT('',(2.434891667602,90.929524723375));
#13202 = CARTESIAN_POINT('',(2.357802706169,90.954074866869));
#13203 = CARTESIAN_POINT('',(2.282406152756,90.977798203474));
#13204 = CARTESIAN_POINT('',(2.20828785564,91.0000006));
#13205 = ( GEOMETRIC_REPRESENTATION_CONTEXT(2) 
PARAMETRIC_REPRESENTATION_CONTEXT() REPRESENTATION_CONTEXT('2D SPACE',''
  ) );
#13206 = PCURVE('',#12952,#13207);
#13207 = DEFINITIONAL_REPRESENTATION('',(#13208),#13241);
#13208 = B_SPLINE_CURVE_WITH_KNOTS('',6,(#13209,#13210,#13211,#13212,
    #13213,#13214,#13215,#13216,#13217,#13218,#13219,#13220,#13221,
    #13222,#13223,#13224,#13225,#13226,#13227,#13228,#13229,#13230,
    #13231,#13232,#13233,#13234,#13235,#13236,#13237,#13238,#13239,
    #13240),.UNSPECIFIED.,.F.,.F.,(7,5,5,5,5,5,7),(0.,0.267016385163,
    0.35136879921,0.496430492027,0.64893428458,0.733413832083,1.),
  .UNSPECIFIED.);
#13209 = CARTESIAN_POINT('',(2.932698321842,-0.747709551205));
#13210 = CARTESIAN_POINT('',(2.944354258398,-0.652258813931));
#13211 = CARTESIAN_POINT('',(2.957578850252,-0.561457218531));
#13212 = CARTESIAN_POINT('',(2.972398534228,-0.476125662533));
#13213 = CARTESIAN_POINT('',(2.988828919566,-0.397548979248));
#13214 = CARTESIAN_POINT('',(3.006846934992,-0.327388527687));
#13215 = CARTESIAN_POINT('',(3.032524063637,-0.248686751474));
#13216 = CARTESIAN_POINT('',(3.038835235981,-0.230833045761));
#13217 = CARTESIAN_POINT('',(3.045288724208,-0.214083278827));
#13218 = CARTESIAN_POINT('',(3.051878231253,-0.198504833386));
#13219 = CARTESIAN_POINT('',(3.05859538215,-0.184165292007));
#13220 = CARTESIAN_POINT('',(3.077181777598,-0.148710680604));
#13221 = CARTESIAN_POINT('',(3.089283160138,-0.13014004534));
#13222 = CARTESIAN_POINT('',(3.101671819454,-0.115762072926));
#13223 = CARTESIAN_POINT('',(3.114271249062,-0.105859606346));
#13224 = CARTESIAN_POINT('',(3.126988527819,-0.100617287687));
#13225 = CARTESIAN_POINT('',(3.153088855875,-9.943816882775E-02));
#13226 = CARTESIAN_POINT('',(3.166481224903,-0.103992179426));
#13227 = CARTESIAN_POINT('',(3.179758784693,-0.113724983831));
#13228 = CARTESIAN_POINT('',(3.19281210605,-0.128435323889));
#13229 = CARTESIAN_POINT('',(3.205550933406,-0.147798303699));
#13230 = CARTESIAN_POINT('',(3.224744727571,-0.184488198175));
#13231 = CARTESIAN_POINT('',(3.231469588324,-0.1988737482));
#13232 = CARTESIAN_POINT('',(3.238066274366,-0.214500883306));
#13233 = CARTESIAN_POINT('',(3.244526400826,-0.23130170504));
#13234 = CARTESIAN_POINT('',(3.250843669468,-0.249208544052));
#13235 = CARTESIAN_POINT('',(3.276483143516,-0.327952531592));
#13236 = CARTESIAN_POINT('',(3.294461971423,-0.398054242643));
#13237 = CARTESIAN_POINT('',(3.310858175305,-0.476536931081));
#13238 = CARTESIAN_POINT('',(3.325648936524,-0.561748896787));
#13239 = CARTESIAN_POINT('',(3.338849784793,-0.652412243569));
#13240 = CARTESIAN_POINT('',(3.350486985338,-0.747709551205));
#13241 = ( GEOMETRIC_REPRESENTATION_CONTEXT(2) 
PARAMETRIC_REPRESENTATION_CONTEXT() REPRESENTATION_CONTEXT('2D SPACE',''
  ) );
#13242 = ADVANCED_FACE('',(#13243,#13325),#12952,.T.);
#13243 = FACE_BOUND('',#13244,.T.);
#13244 = EDGE_LOOP('',(#13245,#13274,#13297,#13324));
#13245 = ORIENTED_EDGE('',*,*,#13246,.F.);
#13246 = EDGE_CURVE('',#13247,#13247,#13249,.T.);
#13247 = VERTEX_POINT('',#13248);
#13248 = CARTESIAN_POINT('',(-1.7,1.021405182655E-15,121.2));
#13249 = SURFACE_CURVE('',#13250,(#13255,#13262),.PCURVE_S1.);
#13250 = ELLIPSE('',#13251,9.2,6.2);
#13251 = AXIS2_PLACEMENT_3D('',#13252,#13253,#13254);
#13252 = CARTESIAN_POINT('',(-1.7,0.,112.));
#13253 = DIRECTION('',(1.,0.,-0.));
#13254 = DIRECTION('',(0.,1.110223024625E-16,1.));
#13255 = PCURVE('',#12952,#13256);
#13256 = DEFINITIONAL_REPRESENTATION('',(#13257),#13261);
#13257 = LINE('',#13258,#13259);
#13258 = CARTESIAN_POINT('',(0.,0.));
#13259 = VECTOR('',#13260,1.);
#13260 = DIRECTION('',(1.,0.));
#13261 = ( GEOMETRIC_REPRESENTATION_CONTEXT(2) 
PARAMETRIC_REPRESENTATION_CONTEXT() REPRESENTATION_CONTEXT('2D SPACE',''
  ) );
#13262 = PCURVE('',#13263,#13268);
#13263 = PLANE('',#13264);
#13264 = AXIS2_PLACEMENT_3D('',#13265,#13266,#13267);
#13265 = CARTESIAN_POINT('',(-1.7,1.138608207262E-16,112.46383328029));
#13266 = DIRECTION('',(1.,0.,0.));
#13267 = DIRECTION('',(-0.,0.,1.));
#13268 = DEFINITIONAL_REPRESENTATION('',(#13269),#13273);
#13269 = ELLIPSE('',#13270,9.2,6.2);
#13270 = AXIS2_PLACEMENT_2D('',#13271,#13272);
#13271 = CARTESIAN_POINT('',(-0.463833280299,1.138608207262E-16));
#13272 = DIRECTION('',(1.,-1.110223024625E-16));
#13273 = ( GEOMETRIC_REPRESENTATION_CONTEXT(2) 
PARAMETRIC_REPRESENTATION_CONTEXT() REPRESENTATION_CONTEXT('2D SPACE',''
  ) );
#13274 = ORIENTED_EDGE('',*,*,#13275,.T.);
#13275 = EDGE_CURVE('',#13247,#13276,#13278,.T.);
#13276 = VERTEX_POINT('',#13277);
#13277 = CARTESIAN_POINT('',(2.5,1.021405182655E-15,121.2));
#13278 = SEAM_CURVE('',#13279,(#13283,#13290),.PCURVE_S1.);
#13279 = LINE('',#13280,#13281);
#13280 = CARTESIAN_POINT('',(-1.7,1.021405182655E-15,121.2));
#13281 = VECTOR('',#13282,1.);
#13282 = DIRECTION('',(1.,0.,0.));
#13283 = PCURVE('',#12952,#13284);
#13284 = DEFINITIONAL_REPRESENTATION('',(#13285),#13289);
#13285 = LINE('',#13286,#13287);
#13286 = CARTESIAN_POINT('',(0.,0.));
#13287 = VECTOR('',#13288,1.);
#13288 = DIRECTION('',(0.,-1.));
#13289 = ( GEOMETRIC_REPRESENTATION_CONTEXT(2) 
PARAMETRIC_REPRESENTATION_CONTEXT() REPRESENTATION_CONTEXT('2D SPACE',''
  ) );
#13290 = PCURVE('',#12952,#13291);
#13291 = DEFINITIONAL_REPRESENTATION('',(#13292),#13296);
#13292 = LINE('',#13293,#13294);
#13293 = CARTESIAN_POINT('',(6.28318530718,0.));
#13294 = VECTOR('',#13295,1.);
#13295 = DIRECTION('',(0.,-1.));
#13296 = ( GEOMETRIC_REPRESENTATION_CONTEXT(2) 
PARAMETRIC_REPRESENTATION_CONTEXT() REPRESENTATION_CONTEXT('2D SPACE',''
  ) );
#13297 = ORIENTED_EDGE('',*,*,#13298,.T.);
#13298 = EDGE_CURVE('',#13276,#13276,#13299,.T.);
#13299 = SURFACE_CURVE('',#13300,(#13305,#13312),.PCURVE_S1.);
#13300 = ELLIPSE('',#13301,9.2,6.2);
#13301 = AXIS2_PLACEMENT_3D('',#13302,#13303,#13304);
#13302 = CARTESIAN_POINT('',(2.5,0.,112.));
#13303 = DIRECTION('',(1.,0.,-0.));
#13304 = DIRECTION('',(0.,1.110223024625E-16,1.));
#13305 = PCURVE('',#12952,#13306);
#13306 = DEFINITIONAL_REPRESENTATION('',(#13307),#13311);
#13307 = LINE('',#13308,#13309);
#13308 = CARTESIAN_POINT('',(0.,-4.2));
#13309 = VECTOR('',#13310,1.);
#13310 = DIRECTION('',(1.,0.));
#13311 = ( GEOMETRIC_REPRESENTATION_CONTEXT(2) 
PARAMETRIC_REPRESENTATION_CONTEXT() REPRESENTATION_CONTEXT('2D SPACE',''
  ) );
#13312 = PCURVE('',#13313,#13318);
#13313 = PLANE('',#13314);
#13314 = AXIS2_PLACEMENT_3D('',#13315,#13316,#13317);
#13315 = CARTESIAN_POINT('',(2.5,-1.252537957282E-16,112.45573020385));
#13316 = DIRECTION('',(1.,0.,0.));
#13317 = DIRECTION('',(-0.,0.,1.));
#13318 = DEFINITIONAL_REPRESENTATION('',(#13319),#13323);
#13319 = ELLIPSE('',#13320,9.2,6.2);
#13320 = AXIS2_PLACEMENT_2D('',#13321,#13322);
#13321 = CARTESIAN_POINT('',(-0.455730203853,-1.252537957282E-16));
#13322 = DIRECTION('',(1.,-1.110223024625E-16));
#13323 = ( GEOMETRIC_REPRESENTATION_CONTEXT(2) 
PARAMETRIC_REPRESENTATION_CONTEXT() REPRESENTATION_CONTEXT('2D SPACE',''
  ) );
#13324 = ORIENTED_EDGE('',*,*,#13275,.F.);
#13325 = FACE_BOUND('',#13326,.T.);
#13326 = EDGE_LOOP('',(#13327,#13328,#13329,#13330));
#13327 = ORIENTED_EDGE('',*,*,#13075,.F.);
#13328 = ORIENTED_EDGE('',*,*,#12857,.F.);
#13329 = ORIENTED_EDGE('',*,*,#13045,.T.);
#13330 = ORIENTED_EDGE('',*,*,#13135,.T.);
#13331 = ADVANCED_FACE('',(#13332,#13366),#13313,.T.);
#13332 = FACE_BOUND('',#13333,.T.);
#13333 = EDGE_LOOP('',(#13334));
#13334 = ORIENTED_EDGE('',*,*,#13335,.T.);
#13335 = EDGE_CURVE('',#13336,#13336,#13338,.T.);
#13336 = VERTEX_POINT('',#13337);
#13337 = CARTESIAN_POINT('',(2.5,1.110223024625E-15,122.));
#13338 = SURFACE_CURVE('',#13339,(#13344,#13351),.PCURVE_S1.);
#13339 = ELLIPSE('',#13340,10.,7.);
#13340 = AXIS2_PLACEMENT_3D('',#13341,#13342,#13343);
#13341 = CARTESIAN_POINT('',(2.5,0.,112.));
#13342 = DIRECTION('',(1.,0.,-0.));
#13343 = DIRECTION('',(0.,1.110223024625E-16,1.));
#13344 = PCURVE('',#13313,#13345);
#13345 = DEFINITIONAL_REPRESENTATION('',(#13346),#13350);
#13346 = ELLIPSE('',#13347,10.,7.);
#13347 = AXIS2_PLACEMENT_2D('',#13348,#13349);
#13348 = CARTESIAN_POINT('',(-0.455730203853,-1.252537957282E-16));
#13349 = DIRECTION('',(1.,-1.110223024625E-16));
#13350 = ( GEOMETRIC_REPRESENTATION_CONTEXT(2) 
PARAMETRIC_REPRESENTATION_CONTEXT() REPRESENTATION_CONTEXT('2D SPACE',''
  ) );
#13351 = PCURVE('',#13352,#13360);
#13352 = SURFACE_OF_LINEAR_EXTRUSION('',#13353,#13358);
#13353 = ELLIPSE('',#13354,10.,7.);
#13354 = AXIS2_PLACEMENT_3D('',#13355,#13356,#13357);
#13355 = CARTESIAN_POINT('',(-2.5,0.,112.));
#13356 = DIRECTION('',(1.,0.,-0.));
#13357 = DIRECTION('',(0.,1.110223024625E-16,1.));
#13358 = VECTOR('',#13359,1.);
#13359 = DIRECTION('',(-1.,-0.,-0.));
#13360 = DEFINITIONAL_REPRESENTATION('',(#13361),#13365);
#13361 = LINE('',#13362,#13363);
#13362 = CARTESIAN_POINT('',(0.,-5.));
#13363 = VECTOR('',#13364,1.);
#13364 = DIRECTION('',(1.,0.));
#13365 = ( GEOMETRIC_REPRESENTATION_CONTEXT(2) 
PARAMETRIC_REPRESENTATION_CONTEXT() REPRESENTATION_CONTEXT('2D SPACE',''
  ) );
#13366 = FACE_BOUND('',#13367,.T.);
#13367 = EDGE_LOOP('',(#13368));
#13368 = ORIENTED_EDGE('',*,*,#13298,.F.);
#13369 = ADVANCED_FACE('',(#13370,#13424),#13352,.F.);
#13370 = FACE_BOUND('',#13371,.F.);
#13371 = EDGE_LOOP('',(#13372,#13401,#13422,#13423));
#13372 = ORIENTED_EDGE('',*,*,#13373,.F.);
#13373 = EDGE_CURVE('',#13374,#13374,#13376,.T.);
#13374 = VERTEX_POINT('',#13375);
#13375 = CARTESIAN_POINT('',(-2.5,1.110223024625E-15,122.));
#13376 = SURFACE_CURVE('',#13377,(#13382,#13389),.PCURVE_S1.);
#13377 = ELLIPSE('',#13378,10.,7.);
#13378 = AXIS2_PLACEMENT_3D('',#13379,#13380,#13381);
#13379 = CARTESIAN_POINT('',(-2.5,0.,112.));
#13380 = DIRECTION('',(1.,0.,-0.));
#13381 = DIRECTION('',(0.,1.110223024625E-16,1.));
#13382 = PCURVE('',#13352,#13383);
#13383 = DEFINITIONAL_REPRESENTATION('',(#13384),#13388);
#13384 = LINE('',#13385,#13386);
#13385 = CARTESIAN_POINT('',(0.,0.));
#13386 = VECTOR('',#13387,1.);
#13387 = DIRECTION('',(1.,0.));
#13388 = ( GEOMETRIC_REPRESENTATION_CONTEXT(2) 
PARAMETRIC_REPRESENTATION_CONTEXT() REPRESENTATION_CONTEXT('2D SPACE',''
  ) );
#13389 = PCURVE('',#13390,#13395);
#13390 = PLANE('',#13391);
#13391 = AXIS2_PLACEMENT_3D('',#13392,#13393,#13394);
#13392 = CARTESIAN_POINT('',(-2.5,-1.252537957282E-16,112.45573020385));
#13393 = DIRECTION('',(1.,0.,0.));
#13394 = DIRECTION('',(-0.,0.,1.));
#13395 = DEFINITIONAL_REPRESENTATION('',(#13396),#13400);
#13396 = ELLIPSE('',#13397,10.,7.);
#13397 = AXIS2_PLACEMENT_2D('',#13398,#13399);
#13398 = CARTESIAN_POINT('',(-0.455730203853,-1.252537957282E-16));
#13399 = DIRECTION('',(1.,-1.110223024625E-16));
#13400 = ( GEOMETRIC_REPRESENTATION_CONTEXT(2) 
PARAMETRIC_REPRESENTATION_CONTEXT() REPRESENTATION_CONTEXT('2D SPACE',''
  ) );
#13401 = ORIENTED_EDGE('',*,*,#13402,.T.);
#13402 = EDGE_CURVE('',#13374,#13336,#13403,.T.);
#13403 = SEAM_CURVE('',#13404,(#13408,#13415),.PCURVE_S1.);
#13404 = LINE('',#13405,#13406);
#13405 = CARTESIAN_POINT('',(-2.5,1.110223024625E-15,122.));
#13406 = VECTOR('',#13407,1.);
#13407 = DIRECTION('',(1.,0.,0.));
#13408 = PCURVE('',#13352,#13409);
#13409 = DEFINITIONAL_REPRESENTATION('',(#13410),#13414);
#13410 = LINE('',#13411,#13412);
#13411 = CARTESIAN_POINT('',(0.,0.));
#13412 = VECTOR('',#13413,1.);
#13413 = DIRECTION('',(0.,-1.));
#13414 = ( GEOMETRIC_REPRESENTATION_CONTEXT(2) 
PARAMETRIC_REPRESENTATION_CONTEXT() REPRESENTATION_CONTEXT('2D SPACE',''
  ) );
#13415 = PCURVE('',#13352,#13416);
#13416 = DEFINITIONAL_REPRESENTATION('',(#13417),#13421);
#13417 = LINE('',#13418,#13419);
#13418 = CARTESIAN_POINT('',(6.28318530718,0.));
#13419 = VECTOR('',#13420,1.);
#13420 = DIRECTION('',(0.,-1.));
#13421 = ( GEOMETRIC_REPRESENTATION_CONTEXT(2) 
PARAMETRIC_REPRESENTATION_CONTEXT() REPRESENTATION_CONTEXT('2D SPACE',''
  ) );
#13422 = ORIENTED_EDGE('',*,*,#13335,.T.);
#13423 = ORIENTED_EDGE('',*,*,#13402,.F.);
#13424 = FACE_BOUND('',#13425,.F.);
#13425 = EDGE_LOOP('',(#13426));
#13426 = ORIENTED_EDGE('',*,*,#13427,.F.);
#13427 = EDGE_CURVE('',#13428,#13428,#13430,.T.);
#13428 = VERTEX_POINT('',#13429);
#13429 = CARTESIAN_POINT('',(1.6,-3.918869757272E-16,102.));
#13430 = SURFACE_CURVE('',#13431,(#13563,#13768),.PCURVE_S1.);
#13431 = B_SPLINE_CURVE_WITH_KNOTS('',6,(#13432,#13433,#13434,#13435,
    #13436,#13437,#13438,#13439,#13440,#13441,#13442,#13443,#13444,
    #13445,#13446,#13447,#13448,#13449,#13450,#13451,#13452,#13453,
    #13454,#13455,#13456,#13457,#13458,#13459,#13460,#13461,#13462,
    #13463,#13464,#13465,#13466,#13467,#13468,#13469,#13470,#13471,
    #13472,#13473,#13474,#13475,#13476,#13477,#13478,#13479,#13480,
    #13481,#13482,#13483,#13484,#13485,#13486,#13487,#13488,#13489,
    #13490,#13491,#13492,#13493,#13494,#13495,#13496,#13497,#13498,
    #13499,#13500,#13501,#13502,#13503,#13504,#13505,#13506,#13507,
    #13508,#13509,#13510,#13511,#13512,#13513,#13514,#13515,#13516,
    #13517,#13518,#13519,#13520,#13521,#13522,#13523,#13524,#13525,
    #13526,#13527,#13528,#13529,#13530,#13531,#13532,#13533,#13534,
    #13535,#13536,#13537,#13538,#13539,#13540,#13541,#13542,#13543,
    #13544,#13545,#13546,#13547,#13548,#13549,#13550,#13551,#13552,
    #13553,#13554,#13555,#13556,#13557,#13558,#13559,#13560,#13561,
    #13562),.UNSPECIFIED.,.T.,.F.,(7,4,5,5,5,5,5,5,5,5,5,5,5,5,5,5,5,5,5
    ,5,5,5,5,5,5,5,7),(0.,1.,2.615097510207,3.703473440809,
    4.581217929695,5.335903899254,7.858487969051,9.900690224299,
    10.553981963087,11.319225854998,12.23985893881,13.385927578277,
    14.289837015758,15.737654496391,17.191131326159,18.081946699965,
    19.222387161709,20.14097019184,20.905207974509,23.578018409147,
    25.620116861154,26.273303712365,27.038355906006,27.958596497712,
    29.103610128691,30.005245120892,31.444664646534),.UNSPECIFIED.);
#13432 = CARTESIAN_POINT('',(1.6,3.746308545975E-16,102.));
#13433 = CARTESIAN_POINT('',(1.6,6.204278385169E-02,102.));
#13434 = CARTESIAN_POINT('',(1.597112887725,0.124096567344,
    102.00094265022));
#13435 = CARTESIAN_POINT('',(1.591337378708,0.185829201715,
    102.00282875997));
#13436 = CARTESIAN_POINT('',(1.582734236357,0.246941645847,
    102.00562559183));
#13437 = CARTESIAN_POINT('',(1.553124467025,0.404441665308,
    102.01516813992));
#13438 = CARTESIAN_POINT('',(1.505884089428,0.554296644902,
    102.03001420801));
#13439 = CARTESIAN_POINT('',(1.470568870242,0.643017620176,
    102.04088788223));
#13440 = CARTESIAN_POINT('',(1.429856124588,0.727376874419,
    102.05304969304));
#13441 = CARTESIAN_POINT('',(1.384441767582,0.807088507525,
    102.06610452456));
#13442 = CARTESIAN_POINT('',(1.301542074582,0.932552027225,
    102.08887050022));
#13443 = CARTESIAN_POINT('',(1.266300096437,0.980902300996,
    102.09828391649));
#13444 = CARTESIAN_POINT('',(1.229367435685,1.02706363467,
    102.10783998151));
#13445 = CARTESIAN_POINT('',(1.190905915655,1.07102701262,
    102.11744160197));
#13446 = CARTESIAN_POINT('',(1.151059219617,1.112798453804,
    102.12700125762));
#13447 = CARTESIAN_POINT('',(1.076796770889,1.184325769593,
    102.14405591687));
#13448 = CARTESIAN_POINT('',(1.042823653905,1.214841238458,
    102.15159211445));
#13449 = CARTESIAN_POINT('',(1.008096062574,1.24394765912,
    102.15901017088));
#13450 = CARTESIAN_POINT('',(0.972674135172,1.271653544442,
    102.16627300777));
#13451 = CARTESIAN_POINT('',(0.936612843756,1.297968157478,
    102.17334701445));
#13452 = CARTESIAN_POINT('',(0.868449541157,1.344339244974,
    102.18609601565));
#13453 = CARTESIAN_POINT('',(0.836501645254,1.364755571604,
    102.19182801299));
#13454 = CARTESIAN_POINT('',(0.804150171105,1.384156543543,
    102.19737882009));
#13455 = CARTESIAN_POINT('',(0.77142530496,1.40254781312,102.20273082189
    ));
#13456 = CARTESIAN_POINT('',(0.73835555467,1.419934632816,
    102.20786800822));
#13457 = CARTESIAN_POINT('',(0.59336696688,1.491097149831,
    102.22918114932));
#13458 = CARTESIAN_POINT('',(0.478228870659,1.534696654125,
    102.24302283182));
#13459 = CARTESIAN_POINT('',(0.360528868113,1.567320867117,
    102.25376802765));
#13460 = CARTESIAN_POINT('',(0.241156174158,1.5890493698,102.26105566813
    ));
#13461 = CARTESIAN_POINT('',(0.120957317618,1.599944200317,
    102.26470983429));
#13462 = CARTESIAN_POINT('',(-9.658336630587E-02,1.600044863639,
    102.26474359776));
#13463 = CARTESIAN_POINT('',(-0.19390516469,1.592985939418,
    102.26237597827));
#13464 = CARTESIAN_POINT('',(-0.290789424878,1.578824428632,
    102.25762569564));
#13465 = CARTESIAN_POINT('',(-0.386789176629,1.557536587802,
    102.25056842482));
#13466 = CARTESIAN_POINT('',(-0.4814430049,1.52908544395,102.24135836236
    ));
#13467 = CARTESIAN_POINT('',(-0.60395661253,1.481974511106,
    102.2266618265));
#13468 = CARTESIAN_POINT('',(-0.633461479431,1.46981559288,
    102.22290302212));
#13469 = CARTESIAN_POINT('',(-0.662762094296,1.456913354342,
    102.21895483986));
#13470 = CARTESIAN_POINT('',(-0.691841647936,1.443265077841,
    102.21482562851));
#13471 = CARTESIAN_POINT('',(-0.720682705993,1.428867742331,
    102.21052457594));
#13472 = CARTESIAN_POINT('',(-0.78275013085,1.395972153947,
    102.20083405754));
#13473 = CARTESIAN_POINT('',(-0.815880824159,1.377194024974,
    102.19538442207));
#13474 = CARTESIAN_POINT('',(-0.84863041632,1.357378184749,
    102.18972887693));
#13475 = CARTESIAN_POINT('',(-0.880968032354,1.336518859862,
    102.18388524565));
#13476 = CARTESIAN_POINT('',(-0.912860794844,1.314609955205,
    102.17787310101));
#13477 = CARTESIAN_POINT('',(-0.982065532106,1.264016936876,
    102.16430372432));
#13478 = CARTESIAN_POINT('',(-1.019162217142,1.23486105334,
    102.15668081129));
#13479 = CARTESIAN_POINT('',(-1.0555035715,1.204165432843,102.1488820334
    ));
#13480 = CARTESIAN_POINT('',(-1.091022341865,1.171919859712,
    102.14094878302));
#13481 = CARTESIAN_POINT('',(-1.125644329157,1.138115873113,
    102.13292683751));
#13482 = CARTESIAN_POINT('',(-1.201170873547,1.058716822893,
    102.11483211036));
#13483 = CARTESIAN_POINT('',(-1.241535278683,1.012264272189,
    102.10473885222));
#13484 = CARTESIAN_POINT('',(-1.280227496113,0.963375631172,
    102.09468256596));
#13485 = CARTESIAN_POINT('',(-1.317064728186,0.912053621129,
    102.08477343219));
#13486 = CARTESIAN_POINT('',(-1.351841300392,0.8583266181,
    102.07513317448));
#13487 = CARTESIAN_POINT('',(-1.409961985272,0.758036614804,
    102.0586041654));
#13488 = CARTESIAN_POINT('',(-1.434167765112,0.712360826751,
    102.05156479084));
#13489 = CARTESIAN_POINT('',(-1.456841571292,0.665265218898,
    102.0448383592));
#13490 = CARTESIAN_POINT('',(-1.477863248815,0.616804356478,
    102.03849337788));
#13491 = CARTESIAN_POINT('',(-1.497109905792,0.567058800633,
    102.03259893968));
#13492 = CARTESIAN_POINT('',(-1.542258176574,0.434584559993,
    102.0186066904));
#13493 = CARTESIAN_POINT('',(-1.565208224712,0.349984177457,
    102.01131333584));
#13494 = CARTESIAN_POINT('',(-1.582793705277,0.262872637265,
    102.00562028931));
#13495 = CARTESIAN_POINT('',(-1.594587726577,0.17393838411,
    102.00176716012));
#13496 = CARTESIAN_POINT('',(-1.600313951623,8.404132481746E-02,
    101.99989748582));
#13497 = CARTESIAN_POINT('',(-1.599663911637,-9.594921787418E-02,
    102.00010974247));
#13498 = CARTESIAN_POINT('',(-1.593239978969,-0.186113755242,
    102.00220722919));
#13499 = CARTESIAN_POINT('',(-1.580718237015,-0.275222189162,
    102.00629457002));
#13500 = CARTESIAN_POINT('',(-1.562394487445,-0.362416605977,
    102.01221746926));
#13501 = CARTESIAN_POINT('',(-1.538710086069,-0.447017727544,
    102.01972828194));
#13502 = CARTESIAN_POINT('',(-1.492714526955,-0.578448892637,
    102.03394480859));
#13503 = CARTESIAN_POINT('',(-1.473416318348,-0.627235785327,
    102.03983810119));
#13504 = CARTESIAN_POINT('',(-1.452411832307,-0.674762831243,
    102.04615907396));
#13505 = CARTESIAN_POINT('',(-1.429818465546,-0.720955787875,
    102.05284162392));
#13506 = CARTESIAN_POINT('',(-1.405750604313,-0.765764483552,
    102.05982043466));
#13507 = CARTESIAN_POINT('',(-1.34774757388,-0.864709818067,
    102.07626995725));
#13508 = CARTESIAN_POINT('',(-1.312939412008,-0.917938226962,
    102.08589037282));
#13509 = CARTESIAN_POINT('',(-1.276106875903,-0.968782765063,
    102.09576755529));
#13510 = CARTESIAN_POINT('',(-1.237451225437,-1.017217155515,
    102.10578225285));
#13511 = CARTESIAN_POINT('',(-1.197151296481,-1.063239639377,
    102.11582657002));
#13512 = CARTESIAN_POINT('',(-1.12169509388,-1.14200173996,
    102.13384487022));
#13513 = CARTESIAN_POINT('',(-1.087064962582,-1.175581860707,
    102.14184104092));
#13514 = CARTESIAN_POINT('',(-1.051547750553,-1.207611199065,
    102.14974541118));
#13515 = CARTESIAN_POINT('',(-1.015216741562,-1.238098299151,
    102.15751276421));
#13516 = CARTESIAN_POINT('',(-0.978138394027,-1.267053365271,
    102.16510221311));
#13517 = CARTESIAN_POINT('',(-0.908951942772,-1.317313400102,
    102.17861300368));
#13518 = CARTESIAN_POINT('',(-0.877055992672,-1.339085881378,
    102.18460024788));
#13519 = CARTESIAN_POINT('',(-0.844719076443,-1.359812092482,
    102.1904178124));
#13520 = CARTESIAN_POINT('',(-0.811973808853,-1.379498089922,
    102.19604631114));
#13521 = CARTESIAN_POINT('',(-0.7788508337,-1.398149599983,
    102.20146809299));
#13522 = CARTESIAN_POINT('',(-0.628315340003,-1.477403863911,
    102.22485050831));
#13523 = CARTESIAN_POINT('',(-0.507005526722,-1.526436847744,
    102.24030695994));
#13524 = CARTESIAN_POINT('',(-0.382636698683,-1.56313094032,
    102.25236347417));
#13525 = CARTESIAN_POINT('',(-0.256275245718,-1.587583191922,
    102.26056394047));
#13526 = CARTESIAN_POINT('',(-0.128930172078,-1.599875357328,
    102.26468674369));
#13527 = CARTESIAN_POINT('',(9.576094027018E-02,-1.600093895338,
    102.26476004346));
#13528 = CARTESIAN_POINT('',(0.193078613429,-1.593085547779,
    102.26240939058));
#13529 = CARTESIAN_POINT('',(0.289961308926,-1.578975659877,
    102.25767607776));
#13530 = CARTESIAN_POINT('',(0.385962187605,-1.557740586897,
    102.25063543875));
#13531 = CARTESIAN_POINT('',(0.480620022529,-1.529343463868,
    102.24144130876));
#13532 = CARTESIAN_POINT('',(0.603139821023,-1.482306954377,
    102.22676476292));
#13533 = CARTESIAN_POINT('',(0.632644084665,-1.470167328322,
    102.22301103129));
#13534 = CARTESIAN_POINT('',(0.661944476114,-1.457284694486,
    102.21906783881));
#13535 = CARTESIAN_POINT('',(0.691024203025,-1.443656340954,
    102.21494351827));
#13536 = CARTESIAN_POINT('',(0.719865849873,-1.42927925247,
    102.2106472407));
#13537 = CARTESIAN_POINT('',(0.781932488175,-1.396429938512,
    102.20096727056));
#13538 = CARTESIAN_POINT('',(0.81506203232,-1.377678144801,
    102.19552339848));
#13539 = CARTESIAN_POINT('',(0.847811178766,-1.357889289064,
    102.18987344074));
#13540 = CARTESIAN_POINT('',(0.880149099976,-1.337057607524,
    102.18403518533));
#13541 = CARTESIAN_POINT('',(0.9120429725,-1.31517701287,102.17802816657
    ));
#13542 = CARTESIAN_POINT('',(0.981245414932,-1.264652697687,
    102.16447074274));
#13543 = CARTESIAN_POINT('',(1.018339327767,-1.235538041633,
    102.15685460094));
#13544 = CARTESIAN_POINT('',(1.054679544816,-1.204885176627,
    102.14906215556));
#13545 = CARTESIAN_POINT('',(1.090198974153,-1.172683888226,
    102.14113469634));
#13546 = CARTESIAN_POINT('',(1.124823602592,-1.138925697017,
    102.1331178869));
#13547 = CARTESIAN_POINT('',(1.200340287213,-1.059654497107,
    102.11503789739));
#13548 = CARTESIAN_POINT('',(1.240694901806,-1.013287189707,
    102.10495386893));
#13549 = CARTESIAN_POINT('',(1.279382853515,-0.964488393721,
    102.09490528407));
#13550 = CARTESIAN_POINT('',(1.31622212327,-0.913260627749,
    102.08500187571));
#13551 = CARTESIAN_POINT('',(1.351007901183,-0.859631835915,
    102.07536488511));
#13552 = CARTESIAN_POINT('',(1.409118494986,-0.759593764795,
    102.05884810317));
#13553 = CARTESIAN_POINT('',(1.433306458565,-0.71407511073,
    102.05181801067));
#13554 = CARTESIAN_POINT('',(1.455972942961,-0.667142702308,
    102.04509770317));
#13555 = CARTESIAN_POINT('',(1.476998826851,-0.618850262714,
    102.03875511889));
#13556 = CARTESIAN_POINT('',(1.496262189602,-0.569277155977,
    102.03285882466));
#13557 = CARTESIAN_POINT('',(1.541396797458,-0.437525407754,
    102.01887800738));
#13558 = CARTESIAN_POINT('',(1.564368115393,-0.353501219279,
    102.01158227636));
#13559 = CARTESIAN_POINT('',(1.582049960602,-0.266978560973,
    102.00586153738));
#13560 = CARTESIAN_POINT('',(1.594019648203,-0.178629089932,
    102.00195269206));
#13561 = CARTESIAN_POINT('',(1.6,-8.929554747639E-02,102.));
#13562 = CARTESIAN_POINT('',(1.6,4.440892098501E-16,102.));
#13563 = PCURVE('',#13352,#13564);
#13564 = DEFINITIONAL_REPRESENTATION('',(#13565),#13767);
#13565 = B_SPLINE_CURVE_WITH_KNOTS('',3,(#13566,#13567,#13568,#13569,
    #13570,#13571,#13572,#13573,#13574,#13575,#13576,#13577,#13578,
    #13579,#13580,#13581,#13582,#13583,#13584,#13585,#13586,#13587,
    #13588,#13589,#13590,#13591,#13592,#13593,#13594,#13595,#13596,
    #13597,#13598,#13599,#13600,#13601,#13602,#13603,#13604,#13605,
    #13606,#13607,#13608,#13609,#13610,#13611,#13612,#13613,#13614,
    #13615,#13616,#13617,#13618,#13619,#13620,#13621,#13622,#13623,
    #13624,#13625,#13626,#13627,#13628,#13629,#13630,#13631,#13632,
    #13633,#13634,#13635,#13636,#13637,#13638,#13639,#13640,#13641,
    #13642,#13643,#13644,#13645,#13646,#13647,#13648,#13649,#13650,
    #13651,#13652,#13653,#13654,#13655,#13656,#13657,#13658,#13659,
    #13660,#13661,#13662,#13663,#13664,#13665,#13666,#13667,#13668,
    #13669,#13670,#13671,#13672,#13673,#13674,#13675,#13676,#13677,
    #13678,#13679,#13680,#13681,#13682,#13683,#13684,#13685,#13686,
    #13687,#13688,#13689,#13690,#13691,#13692,#13693,#13694,#13695,
    #13696,#13697,#13698,#13699,#13700,#13701,#13702,#13703,#13704,
    #13705,#13706,#13707,#13708,#13709,#13710,#13711,#13712,#13713,
    #13714,#13715,#13716,#13717,#13718,#13719,#13720,#13721,#13722,
    #13723,#13724,#13725,#13726,#13727,#13728,#13729,#13730,#13731,
    #13732,#13733,#13734,#13735,#13736,#13737,#13738,#13739,#13740,
    #13741,#13742,#13743,#13744,#13745,#13746,#13747,#13748,#13749,
    #13750,#13751,#13752,#13753,#13754,#13755,#13756,#13757,#13758,
    #13759,#13760,#13761,#13762,#13763,#13764,#13765,#13766),
  .UNSPECIFIED.,.T.,.F.,(4,1,1,1,1,1,1,1,1,1,1,1,1,1,1,1,1,1,1,1,1,1,1,1
    ,1,1,1,1,1,1,1,1,1,1,1,1,1,1,1,1,1,1,1,1,1,1,1,1,1,1,1,1,1,1,1,1,1,1
    ,1,1,1,1,1,1,1,1,1,1,1,1,1,1,1,1,1,1,1,1,1,1,1,1,1,1,1,1,1,1,1,1,1,1
    ,1,1,1,1,1,1,1,1,1,1,1,1,1,1,1,1,1,1,1,1,1,1,1,1,1,1,1,1,1,1,1,1,1,1
    ,1,1,1,1,1,1,1,1,1,1,1,1,1,1,1,1,1,1,1,1,1,1,1,1,1,1,1,1,1,1,1,1,1,1
    ,1,1,1,1,1,1,1,1,1,1,1,1,1,1,1,1,1,1,1,1,1,1,1,1,1,1,1,1,1,1,1,1,1,1
    ,1,1,1,1,4),(0.,0.158811437609,0.317622875218,0.476434312826,
    0.635245750435,0.794057188044,0.952868625653,1.111680063261,
    1.27049150087,1.429302938479,1.588114376088,1.746925813696,
    1.905737251305,2.064548688914,2.223360126523,2.382171564131,
    2.54098300174,2.699794439349,2.858605876958,3.017417314566,
    3.176228752175,3.335040189784,3.493851627393,3.652663065001,
    3.81147450261,3.970285940219,4.129097377828,4.287908815436,
    4.446720253045,4.605531690654,4.764343128263,4.923154565872,
    5.08196600348,5.240777441089,5.399588878698,5.558400316307,
    5.717211753915,5.876023191524,6.034834629133,6.193646066742,
    6.35245750435,6.511268941959,6.670080379568,6.828891817177,
    6.987703254785,7.146514692394,7.305326130003,7.464137567612,
    7.62294900522,7.781760442829,7.940571880438,8.099383318047,
    8.258194755655,8.417006193264,8.575817630873,8.734629068482,
    8.89344050609,9.052251943699,9.211063381308,9.369874818917,
    9.528686256525,9.687497694134,9.846309131743,10.005120569352,
    10.163932006961,10.322743444569,10.481554882178,10.640366319787,
    10.799177757396,10.957989195004,11.116800632613,11.275612070222,
    11.434423507831,11.593234945439,11.752046383048,11.910857820657,
    12.069669258266,12.228480695874,12.387292133483,12.546103571092,
    12.704915008701,12.863726446309,13.022537883918,13.181349321527,
    13.340160759136,13.498972196744,13.657783634353,13.816595071962,
    13.975406509571,14.134217947179,14.293029384788,14.451840822397,
    14.610652260006,14.769463697615,14.928275135223,15.087086572832,
    15.245898010441,15.40470944805,15.563520885658,15.722332323267,
    15.881143760876,16.039955198485,16.198766636093,16.357578073702,
    16.516389511311,16.67520094892,16.834012386528,16.992823824137,
    17.151635261746,17.310446699355,17.469258136963,17.628069574572,
    17.786881012181,17.94569244979,18.104503887398,18.263315325007,
    18.422126762616,18.580938200225,18.739749637833,18.898561075442,
    19.057372513051,19.21618395066,19.374995388269,19.533806825877,
    19.692618263486,19.851429701095,20.010241138704,20.169052576312,
    20.327864013921,20.48667545153,20.645486889139,20.804298326747,
    20.963109764356,21.121921201965,21.280732639574,21.439544077182,
    21.598355514791,21.7571669524,21.915978390009,22.074789827617,
    22.233601265226,22.392412702835,22.551224140444,22.710035578052,
    22.868847015661,23.02765845327,23.186469890879,23.345281328487,
    23.504092766096,23.662904203705,23.821715641314,23.980527078922,
    24.139338516531,24.29814995414,24.456961391749,24.615772829358,
    24.774584266966,24.933395704575,25.092207142184,25.251018579793,
    25.409830017401,25.56864145501,25.727452892619,25.886264330228,
    26.045075767836,26.203887205445,26.362698643054,26.521510080663,
    26.680321518271,26.83913295588,26.997944393489,27.156755831098,
    27.315567268706,27.474378706315,27.633190143924,27.792001581533,
    27.950813019141,28.10962445675,28.268435894359,28.427247331968,
    28.586058769576,28.744870207185,28.903681644794,29.062493082403,
    29.221304520012,29.38011595762,29.538927395229,29.697738832838,
    29.856550270447,30.015361708055,30.174173145664,30.332984583273,
    30.491796020882,30.65060745849,30.809418896099,30.968230333708,
    31.127041771317,31.285853208925,31.444664646534),
  .QUASI_UNIFORM_KNOTS.);
#13566 = CARTESIAN_POINT('',(3.14159265359,-4.1));
#13567 = CARTESIAN_POINT('',(3.144407915506,-4.100001077874));
#13568 = CARTESIAN_POINT('',(3.150038495762,-4.099270951268));
#13569 = CARTESIAN_POINT('',(3.158464050959,-4.095999489127));
#13570 = CARTESIAN_POINT('',(3.166848387023,-4.090567500848));
#13571 = CARTESIAN_POINT('',(3.175172068237,-4.083007633099));
#13572 = CARTESIAN_POINT('',(3.183416590362,-4.073362298747));
#13573 = CARTESIAN_POINT('',(3.191564560472,-4.06168418314));
#13574 = CARTESIAN_POINT('',(3.199599420174,-4.048035089978));
#13575 = CARTESIAN_POINT('',(3.207506685564,-4.032483273484));
#13576 = CARTESIAN_POINT('',(3.215273931151,-4.015100892914));
#13577 = CARTESIAN_POINT('',(3.222890197375,-3.995963329103));
#13578 = CARTESIAN_POINT('',(3.230345994064,-3.975147913174));
#13579 = CARTESIAN_POINT('',(3.237633161285,-3.952732922859));
#13580 = CARTESIAN_POINT('',(3.244744777713,-3.928796626288));
#13581 = CARTESIAN_POINT('',(3.251675066517,-3.903416424316));
#13582 = CARTESIAN_POINT('',(3.258419307163,-3.876668107263));
#13583 = CARTESIAN_POINT('',(3.264973767708,-3.848625111511));
#13584 = CARTESIAN_POINT('',(3.271335589069,-3.819358218266));
#13585 = CARTESIAN_POINT('',(3.277502997863,-3.788933362906));
#13586 = CARTESIAN_POINT('',(3.283474646854,-3.757413892702));
#13587 = CARTESIAN_POINT('',(3.289249572174,-3.724860512457));
#13588 = CARTESIAN_POINT('',(3.294827173885,-3.691331067346));
#13589 = CARTESIAN_POINT('',(3.300207178348,-3.65688043112));
#13590 = CARTESIAN_POINT('',(3.305389607569,-3.621560375559));
#13591 = CARTESIAN_POINT('',(3.310374741297,-3.585419409555));
#13592 = CARTESIAN_POINT('',(3.315162826173,-3.548504799175));
#13593 = CARTESIAN_POINT('',(3.319754368094,-3.51086038591));
#13594 = CARTESIAN_POINT('',(3.3241498668,-3.472528292253));
#13595 = CARTESIAN_POINT('',(3.328349870125,-3.433548610707));
#13596 = CARTESIAN_POINT('',(3.332354983403,-3.393959314108));
#13597 = CARTESIAN_POINT('',(3.336165789072,-3.353796962976));
#13598 = CARTESIAN_POINT('',(3.339782849034,-3.313096572711));
#13599 = CARTESIAN_POINT('',(3.343206716816,-3.271891755211));
#13600 = CARTESIAN_POINT('',(3.346437901967,-3.230215085913));
#13601 = CARTESIAN_POINT('',(3.349476908168,-3.188097580554));
#13602 = CARTESIAN_POINT('',(3.352324071114,-3.145571304841));
#13603 = CARTESIAN_POINT('',(3.354979870473,-3.102664891428));
#13604 = CARTESIAN_POINT('',(3.357444698688,-3.059406711737));
#13605 = CARTESIAN_POINT('',(3.359718892599,-3.015824669618));
#13606 = CARTESIAN_POINT('',(3.361802736743,-2.971946289914));
#13607 = CARTESIAN_POINT('',(3.363696472812,-2.92779872577));
#13608 = CARTESIAN_POINT('',(3.365400306039,-2.883408785493));
#13609 = CARTESIAN_POINT('',(3.366914411003,-2.838802951915));
#13610 = CARTESIAN_POINT('',(3.368238936189,-2.7940074016));
#13611 = CARTESIAN_POINT('',(3.369374007499,-2.749048021642));
#13612 = CARTESIAN_POINT('',(3.370319730681,-2.703950425667));
#13613 = CARTESIAN_POINT('',(3.37107619264,-2.658739964882));
#13614 = CARTESIAN_POINT('',(3.371643461828,-2.613441749147));
#13615 = CARTESIAN_POINT('',(3.372021587016,-2.56808062237));
#13616 = CARTESIAN_POINT('',(3.372210597035,-2.52268130001));
#13617 = CARTESIAN_POINT('',(3.372210491848,-2.477267893253));
#13618 = CARTESIAN_POINT('',(3.372021266771,-2.431867779612));
#13619 = CARTESIAN_POINT('',(3.371642913712,-2.38650540722));
#13620 = CARTESIAN_POINT('',(3.371075401538,-2.341205751667));
#13621 = CARTESIAN_POINT('',(3.370318682608,-2.295993860046));
#13622 = CARTESIAN_POINT('',(3.369372691847,-2.250894985799));
#13623 = CARTESIAN_POINT('',(3.368237346541,-2.205934566944));
#13624 = CARTESIAN_POINT('',(3.366912544656,-2.161138247922));
#13625 = CARTESIAN_POINT('',(3.365398162271,-2.116531891488));
#13626 = CARTESIAN_POINT('',(3.363694049934,-2.072141594764));
#13627 = CARTESIAN_POINT('',(3.361800028106,-2.027993706514));
#13628 = CARTESIAN_POINT('',(3.359715881163,-1.984114843313));
#13629 = CARTESIAN_POINT('',(3.357441351891,-1.940531916831));
#13630 = CARTESIAN_POINT('',(3.354976129197,-1.897272125704));
#13631 = CARTESIAN_POINT('',(3.352319925551,-1.854364314181));
#13632 = CARTESIAN_POINT('',(3.349472371194,-1.811837145803));
#13633 = CARTESIAN_POINT('',(3.346433064601,-1.769720257756));
#13634 = CARTESIAN_POINT('',(3.343201560465,-1.728044007407));
#13635 = CARTESIAN_POINT('',(3.339777382941,-1.686839839533));
#13636 = CARTESIAN_POINT('',(3.33616000367,-1.646140055624));
#13637 = CARTESIAN_POINT('',(3.3323488799,-1.605978378616));
#13638 = CARTESIAN_POINT('',(3.328343439003,-1.566389821457));
#13639 = CARTESIAN_POINT('',(3.324143100454,-1.527410838672));
#13640 = CARTESIAN_POINT('',(3.319747298729,-1.489079771845));
#13641 = CARTESIAN_POINT('',(3.31515542744,-1.45143633821));
#13642 = CARTESIAN_POINT('',(3.310366984777,-1.414522639947));
#13643 = CARTESIAN_POINT('',(3.30538154792,-1.378383004299));
#13644 = CARTESIAN_POINT('',(3.300198734678,-1.343063758118));
#13645 = CARTESIAN_POINT('',(3.294818366382,-1.308614289542));
#13646 = CARTESIAN_POINT('',(3.289240476704,-1.275086540958));
#13647 = CARTESIAN_POINT('',(3.283465218075,-1.242534655903));
#13648 = CARTESIAN_POINT('',(3.277493187392,-1.211016545135));
#13649 = CARTESIAN_POINT('',(3.271325395627,-1.180593200975));
#13650 = CARTESIAN_POINT('',(3.264963331742,-1.151328614052));
#13651 = CARTESIAN_POINT('',(3.258409006141,-1.123289508956));
#13652 = CARTESIAN_POINT('',(3.251664985335,-1.096545201826));
#13653 = CARTESIAN_POINT('',(3.244735070717,-1.071169319956));
#13654 = CARTESIAN_POINT('',(3.237623780516,-1.047236890044));
#13655 = CARTESIAN_POINT('',(3.230336828087,-1.024825215643));
#13656 = CARTESIAN_POINT('',(3.22288100064,-1.004012317094));
#13657 = CARTESIAN_POINT('',(3.215264808739,-0.984877399306));
#13658 = CARTESIAN_POINT('',(3.207496594829,-0.967495345714));
#13659 = CARTESIAN_POINT('',(3.199587743785,-0.951943390284));
#13660 = CARTESIAN_POINT('',(3.191552116444,-0.938296343581));
#13661 = CARTESIAN_POINT('',(3.183404346314,-0.926621792749));
#13662 = CARTESIAN_POINT('',(3.175160332881,-0.916980236051));
#13663 = CARTESIAN_POINT('',(3.166837133178,-0.90942375874));
#13664 = CARTESIAN_POINT('',(3.158453068403,-0.90399496907));
#13665 = CARTESIAN_POINT('',(3.150027576189,-0.900725712447));
#13666 = CARTESIAN_POINT('',(3.141581869005,-0.899635772923));
#13667 = CARTESIAN_POINT('',(3.133136626037,-0.900731207168));
#13668 = CARTESIAN_POINT('',(3.124711269152,-0.904005837683));
#13669 = CARTESIAN_POINT('',(3.116327479655,-0.909439877848));
#13670 = CARTESIAN_POINT('',(3.108004657596,-0.917001364551));
#13671 = CARTESIAN_POINT('',(3.099761156836,-0.926647595704));
#13672 = CARTESIAN_POINT('',(3.091613997279,-0.938326427627));
#13673 = CARTESIAN_POINT('',(3.083578989468,-0.951977463474));
#13674 = CARTESIAN_POINT('',(3.075670727061,-0.967533153334));
#13675 = CARTESIAN_POINT('',(3.067902689741,-0.984919692366));
#13676 = CARTESIAN_POINT('',(3.060287030438,-1.004058150841));
#13677 = CARTESIAN_POINT('',(3.052831763149,-1.024874272988));
#13678 = CARTESIAN_POINT('',(3.045545384102,-1.047288894204));
#13679 = CARTESIAN_POINT('',(3.038434670466,-1.071224022462));
#13680 = CARTESIAN_POINT('',(3.031505332737,-1.096602380384));
#13681 = CARTESIAN_POINT('',(3.024761879356,-1.123348958989));
#13682 = CARTESIAN_POINT('',(3.018208096139,-1.151390229127));
#13683 = CARTESIAN_POINT('',(3.011846602356,-1.180656645302));
#13684 = CARTESIAN_POINT('',(3.005679373045,-1.211081625423));
#13685 = CARTESIAN_POINT('',(2.999707894658,-1.242601204427));
#13686 = CARTESIAN_POINT('',(2.993933176471,-1.275154408688));
#13687 = CARTESIAN_POINT('',(2.98835581582,-1.308683341174));
#13688 = CARTESIAN_POINT('',(2.982975988826,-1.343133702835));
#13689 = CARTESIAN_POINT('',(2.977793681217,-1.378453858311));
#13690 = CARTESIAN_POINT('',(2.972808755032,-1.414594189064));
#13691 = CARTESIAN_POINT('',(2.968020809334,-1.451508476699));
#13692 = CARTESIAN_POINT('',(2.963429423037,-1.489152388685));
#13693 = CARTESIAN_POINT('',(2.959034094479,-1.527483827002));
#13694 = CARTESIAN_POINT('',(2.954834225118,-1.56646304114));
#13695 = CARTESIAN_POINT('',(2.950829237625,-1.606051769227));
#13696 = CARTESIAN_POINT('',(2.947018559695,-1.646213499829));
#13697 = CARTESIAN_POINT('',(2.943401613782,-1.68691328022));
#13698 = CARTESIAN_POINT('',(2.939977864348,-1.728117289871));
#13699 = CARTESIAN_POINT('',(2.936746761146,-1.76979355941));
#13700 = CARTESIAN_POINT('',(2.933707971306,-1.81190859913));
#13701 = CARTESIAN_POINT('',(2.930860956077,-1.854433062482));
#13702 = CARTESIAN_POINT('',(2.928205267512,-1.897337996034));
#13703 = CARTESIAN_POINT('',(2.925740521095,-1.940594942327));
#13704 = CARTESIAN_POINT('',(2.923466390255,-1.984175875802));
#13705 = CARTESIAN_POINT('',(2.92138259649,-2.028053185882));
#13706 = CARTESIAN_POINT('',(2.919488902126,-2.072199649845));
#13707 = CARTESIAN_POINT('',(2.917785103811,-2.116588410865));
#13708 = CARTESIAN_POINT('',(2.916271027248,-2.161192957103));
#13709 = CARTESIAN_POINT('',(2.914946523013,-2.205987102892));
#13710 = CARTESIAN_POINT('',(2.913811463496,-2.25094497201));
#13711 = CARTESIAN_POINT('',(2.91286574093,-2.296040981986));
#13712 = CARTESIAN_POINT('',(2.912109266559,-2.341249833682));
#13713 = CARTESIAN_POINT('',(2.911541970726,-2.386546490238));
#13714 = CARTESIAN_POINT('',(2.91116380471,-2.431906204761));
#13715 = CARTESIAN_POINT('',(2.91097474117,-2.477304375186));
#13716 = CARTESIAN_POINT('',(2.910974784961,-2.522717053184));
#13717 = CARTESIAN_POINT('',(2.911163942538,-2.568116389864));
#13718 = CARTESIAN_POINT('',(2.911542221624,-2.613478017854));
#13719 = CARTESIAN_POINT('',(2.912109653496,-2.658776938308));
#13720 = CARTESIAN_POINT('',(2.91286628575,-2.703988109506));
#13721 = CARTESIAN_POINT('',(2.913812183437,-2.749086276439));
#13722 = CARTESIAN_POINT('',(2.914947429225,-2.7940460021));
#13723 = CARTESIAN_POINT('',(2.916272125111,-2.838841643054));
#13724 = CARTESIAN_POINT('',(2.917786394989,-2.883447338279));
#13725 = CARTESIAN_POINT('',(2.919490388303,-2.927836992763));
#13726 = CARTESIAN_POINT('',(2.921384284642,-2.971984260881));
#13727 = CARTESIAN_POINT('',(2.923468299628,-3.015862528006));
#13728 = CARTESIAN_POINT('',(2.925742690873,-3.059444891489));
#13729 = CARTESIAN_POINT('',(2.928207768631,-3.10270413805));
#13730 = CARTESIAN_POINT('',(2.930863820452,-3.14561142913));
#13731 = CARTESIAN_POINT('',(2.933711216358,-3.188138106886));
#13732 = CARTESIAN_POINT('',(2.936750357815,-3.230254535783));
#13733 = CARTESIAN_POINT('',(2.939981689884,-3.271930359008));
#13734 = CARTESIAN_POINT('',(2.943405688689,-3.313134137395));
#13735 = CARTESIAN_POINT('',(2.947022882387,-3.35383357005));
#13736 = CARTESIAN_POINT('',(2.950833813465,-3.393994933979));
#13737 = CARTESIAN_POINT('',(2.954839055179,-3.433583224983));
#13738 = CARTESIAN_POINT('',(2.959039186492,-3.472561980829));
#13739 = CARTESIAN_POINT('',(2.963434775223,-3.510892876724));
#13740 = CARTESIAN_POINT('',(2.968026426252,-3.548536191771));
#13741 = CARTESIAN_POINT('',(2.972814641284,-3.585449826361));
#13742 = CARTESIAN_POINT('',(2.977799842788,-3.621589454487));
#13743 = CARTESIAN_POINT('',(2.982982416783,-3.656908773925));
#13744 = CARTESIAN_POINT('',(2.988362533917,-3.691358353194));
#13745 = CARTESIAN_POINT('',(2.993940169981,-3.724886313693));
#13746 = CARTESIAN_POINT('',(2.999715168223,-3.757438485331));
#13747 = CARTESIAN_POINT('',(3.005686931679,-3.788956962562));
#13748 = CARTESIAN_POINT('',(3.011854449869,-3.819380760091));
#13749 = CARTESIAN_POINT('',(3.018216234723,-3.848645896504));
#13750 = CARTESIAN_POINT('',(3.024770282646,-3.876685677327));
#13751 = CARTESIAN_POINT('',(3.031514019174,-3.903430752449));
#13752 = CARTESIAN_POINT('',(3.038443643963,-3.928807508179));
#13753 = CARTESIAN_POINT('',(3.045554642842,-3.952740930536));
#13754 = CARTESIAN_POINT('',(3.052841303184,-3.975153722304));
#13755 = CARTESIAN_POINT('',(3.060296841557,-3.99596787516));
#13756 = CARTESIAN_POINT('',(3.067912747948,-4.015104185025));
#13757 = CARTESIAN_POINT('',(3.07568071538,-4.03248782998));
#13758 = CARTESIAN_POINT('',(3.083589185678,-4.048041233988));
#13759 = CARTESIAN_POINT('',(3.091624435984,-4.061689929094));
#13760 = CARTESIAN_POINT('',(3.099771856862,-4.073366338993));
#13761 = CARTESIAN_POINT('',(3.108015571645,-4.083009990502));
#13762 = CARTESIAN_POINT('',(3.116338513783,-4.090568674122));
#13763 = CARTESIAN_POINT('',(3.124722327689,-4.096000017816));
#13764 = CARTESIAN_POINT('',(3.13314751483,-4.099271096351));
#13765 = CARTESIAN_POINT('',(3.13877768689,-4.100001113886));
#13766 = CARTESIAN_POINT('',(3.14159265359,-4.1));
#13767 = ( GEOMETRIC_REPRESENTATION_CONTEXT(2) 
PARAMETRIC_REPRESENTATION_CONTEXT() REPRESENTATION_CONTEXT('2D SPACE',''
  ) );
#13768 = PCURVE('',#13769,#13774);
#13769 = CYLINDRICAL_SURFACE('',#13770,1.6);
#13770 = AXIS2_PLACEMENT_3D('',#13771,#13772,#13773);
#13771 = CARTESIAN_POINT('',(0.,0.,12.));
#13772 = DIRECTION('',(0.,0.,1.));
#13773 = DIRECTION('',(1.,0.,-0.));
#13774 = DEFINITIONAL_REPRESENTATION('',(#13775),#13977);
#13775 = B_SPLINE_CURVE_WITH_KNOTS('',3,(#13776,#13777,#13778,#13779,
    #13780,#13781,#13782,#13783,#13784,#13785,#13786,#13787,#13788,
    #13789,#13790,#13791,#13792,#13793,#13794,#13795,#13796,#13797,
    #13798,#13799,#13800,#13801,#13802,#13803,#13804,#13805,#13806,
    #13807,#13808,#13809,#13810,#13811,#13812,#13813,#13814,#13815,
    #13816,#13817,#13818,#13819,#13820,#13821,#13822,#13823,#13824,
    #13825,#13826,#13827,#13828,#13829,#13830,#13831,#13832,#13833,
    #13834,#13835,#13836,#13837,#13838,#13839,#13840,#13841,#13842,
    #13843,#13844,#13845,#13846,#13847,#13848,#13849,#13850,#13851,
    #13852,#13853,#13854,#13855,#13856,#13857,#13858,#13859,#13860,
    #13861,#13862,#13863,#13864,#13865,#13866,#13867,#13868,#13869,
    #13870,#13871,#13872,#13873,#13874,#13875,#13876,#13877,#13878,
    #13879,#13880,#13881,#13882,#13883,#13884,#13885,#13886,#13887,
    #13888,#13889,#13890,#13891,#13892,#13893,#13894,#13895,#13896,
    #13897,#13898,#13899,#13900,#13901,#13902,#13903,#13904,#13905,
    #13906,#13907,#13908,#13909,#13910,#13911,#13912,#13913,#13914,
    #13915,#13916,#13917,#13918,#13919,#13920,#13921,#13922,#13923,
    #13924,#13925,#13926,#13927,#13928,#13929,#13930,#13931,#13932,
    #13933,#13934,#13935,#13936,#13937,#13938,#13939,#13940,#13941,
    #13942,#13943,#13944,#13945,#13946,#13947,#13948,#13949,#13950,
    #13951,#13952,#13953,#13954,#13955,#13956,#13957,#13958,#13959,
    #13960,#13961,#13962,#13963,#13964,#13965,#13966,#13967,#13968,
    #13969,#13970,#13971,#13972,#13973,#13974,#13975,#13976),
  .UNSPECIFIED.,.F.,.F.,(4,1,1,1,1,1,1,1,1,1,1,1,1,1,1,1,1,1,1,1,1,1,1,1
    ,1,1,1,1,1,1,1,1,1,1,1,1,1,1,1,1,1,1,1,1,1,1,1,1,1,1,1,1,1,1,1,1,1,1
    ,1,1,1,1,1,1,1,1,1,1,1,1,1,1,1,1,1,1,1,1,1,1,1,1,1,1,1,1,1,1,1,1,1,1
    ,1,1,1,1,1,1,1,1,1,1,1,1,1,1,1,1,1,1,1,1,1,1,1,1,1,1,1,1,1,1,1,1,1,1
    ,1,1,1,1,1,1,1,1,1,1,1,1,1,1,1,1,1,1,1,1,1,1,1,1,1,1,1,1,1,1,1,1,1,1
    ,1,1,1,1,1,1,1,1,1,1,1,1,1,1,1,1,1,1,1,1,1,1,1,1,1,1,1,1,1,1,1,1,1,1
    ,1,1,1,1,4),(0.,0.158811437609,0.317622875218,0.476434312826,
    0.635245750435,0.794057188044,0.952868625653,1.111680063261,
    1.27049150087,1.429302938479,1.588114376088,1.746925813696,
    1.905737251305,2.064548688914,2.223360126523,2.382171564131,
    2.54098300174,2.699794439349,2.858605876958,3.017417314566,
    3.176228752175,3.335040189784,3.493851627393,3.652663065001,
    3.81147450261,3.970285940219,4.129097377828,4.287908815436,
    4.446720253045,4.605531690654,4.764343128263,4.923154565872,
    5.08196600348,5.240777441089,5.399588878698,5.558400316307,
    5.717211753915,5.876023191524,6.034834629133,6.193646066742,
    6.35245750435,6.511268941959,6.670080379568,6.828891817177,
    6.987703254785,7.146514692394,7.305326130003,7.464137567612,
    7.62294900522,7.781760442829,7.940571880438,8.099383318047,
    8.258194755655,8.417006193264,8.575817630873,8.734629068482,
    8.89344050609,9.052251943699,9.211063381308,9.369874818917,
    9.528686256525,9.687497694134,9.846309131743,10.005120569352,
    10.163932006961,10.322743444569,10.481554882178,10.640366319787,
    10.799177757396,10.957989195004,11.116800632613,11.275612070222,
    11.434423507831,11.593234945439,11.752046383048,11.910857820657,
    12.069669258266,12.228480695874,12.387292133483,12.546103571092,
    12.704915008701,12.863726446309,13.022537883918,13.181349321527,
    13.340160759136,13.498972196744,13.657783634353,13.816595071962,
    13.975406509571,14.134217947179,14.293029384788,14.451840822397,
    14.610652260006,14.769463697615,14.928275135223,15.087086572832,
    15.245898010441,15.40470944805,15.563520885658,15.722332323267,
    15.881143760876,16.039955198485,16.198766636093,16.357578073702,
    16.516389511311,16.67520094892,16.834012386528,16.992823824137,
    17.151635261746,17.310446699355,17.469258136963,17.628069574572,
    17.786881012181,17.94569244979,18.104503887398,18.263315325007,
    18.422126762616,18.580938200225,18.739749637833,18.898561075442,
    19.057372513051,19.21618395066,19.374995388269,19.533806825877,
    19.692618263486,19.851429701095,20.010241138704,20.169052576312,
    20.327864013921,20.48667545153,20.645486889139,20.804298326747,
    20.963109764356,21.121921201965,21.280732639574,21.439544077182,
    21.598355514791,21.7571669524,21.915978390009,22.074789827617,
    22.233601265226,22.392412702835,22.551224140444,22.710035578052,
    22.868847015661,23.02765845327,23.186469890879,23.345281328487,
    23.504092766096,23.662904203705,23.821715641314,23.980527078922,
    24.139338516531,24.29814995414,24.456961391749,24.615772829358,
    24.774584266966,24.933395704575,25.092207142184,25.251018579793,
    25.409830017401,25.56864145501,25.727452892619,25.886264330228,
    26.045075767836,26.203887205445,26.362698643054,26.521510080663,
    26.680321518271,26.83913295588,26.997944393489,27.156755831098,
    27.315567268706,27.474378706315,27.633190143924,27.792001581533,
    27.950813019141,28.10962445675,28.268435894359,28.427247331968,
    28.586058769576,28.744870207185,28.903681644794,29.062493082403,
    29.221304520012,29.38011595762,29.538927395229,29.697738832838,
    29.856550270447,30.015361708055,30.174173145664,30.332984583273,
    30.491796020882,30.65060745849,30.809418896099,30.968230333708,
    31.127041771317,31.285853208925,31.444664646534),
  .QUASI_UNIFORM_KNOTS.);
#13776 = CARTESIAN_POINT('',(2.341442841234E-16,90.));
#13777 = CARTESIAN_POINT('',(1.231671310315E-02,89.999999416127));
#13778 = CARTESIAN_POINT('',(3.69505900559E-02,90.000238227232));
#13779 = CARTESIAN_POINT('',(7.386013158961E-02,90.001305295633));
#13780 = CARTESIAN_POINT('',(0.110684336403,90.00307274923));
#13781 = CARTESIAN_POINT('',(0.147384170087,90.005522957545));
#13782 = CARTESIAN_POINT('',(0.183923124189,90.00863298558));
#13783 = CARTESIAN_POINT('',(0.220267495569,90.01237430348));
#13784 = CARTESIAN_POINT('',(0.256384833851,90.016713446426));
#13785 = CARTESIAN_POINT('',(0.292249168907,90.021613258973));
#13786 = CARTESIAN_POINT('',(0.327840936966,90.027034015048));
#13787 = CARTESIAN_POINT('',(0.363144338133,90.032933894764));
#13788 = CARTESIAN_POINT('',(0.398147379329,90.039269704456));
#13789 = CARTESIAN_POINT('',(0.432841341438,90.045997458226));
#13790 = CARTESIAN_POINT('',(0.467220502608,90.053072919433));
#13791 = CARTESIAN_POINT('',(0.501281891408,90.060452077545));
#13792 = CARTESIAN_POINT('',(0.535025091278,90.068091560238));
#13793 = CARTESIAN_POINT('',(0.568452177356,90.075949005784));
#13794 = CARTESIAN_POINT('',(0.601567374969,90.083983295669));
#13795 = CARTESIAN_POINT('',(0.634378595399,90.09215521098));
#13796 = CARTESIAN_POINT('',(0.666894338849,90.100426856634));
#13797 = CARTESIAN_POINT('',(0.699123638909,90.10876179678));
#13798 = CARTESIAN_POINT('',(0.731076165291,90.117125110421));
#13799 = CARTESIAN_POINT('',(0.762762229618,90.125483445072));
#13800 = CARTESIAN_POINT('',(0.794192829456,90.133805067392));
#13801 = CARTESIAN_POINT('',(0.825379690418,90.142059927879));
#13802 = CARTESIAN_POINT('',(0.856333592818,90.150219137817));
#13803 = CARTESIAN_POINT('',(0.887066319013,90.158255514485));
#13804 = CARTESIAN_POINT('',(0.917589192594,90.16614314248));
#13805 = CARTESIAN_POINT('',(0.94791347698,90.173857454425));
#13806 = CARTESIAN_POINT('',(0.978050532627,90.181375250501));
#13807 = CARTESIAN_POINT('',(1.00801134142,90.188674530714));
#13808 = CARTESIAN_POINT('',(1.03780666685,90.19573450596));
#13809 = CARTESIAN_POINT('',(1.067447094195,90.202535569599));
#13810 = CARTESIAN_POINT('',(1.096942827226,90.20905922164));
#13811 = CARTESIAN_POINT('',(1.126304128987,90.215288150707));
#13812 = CARTESIAN_POINT('',(1.155539625513,90.221205848615));
#13813 = CARTESIAN_POINT('',(1.184659472266,90.226797261869));
#13814 = CARTESIAN_POINT('',(1.213673205596,90.232048287928));
#13815 = CARTESIAN_POINT('',(1.242589977781,90.236945824922));
#13816 = CARTESIAN_POINT('',(1.271418568942,90.241477766526));
#13817 = CARTESIAN_POINT('',(1.300167452212,90.245633010138));
#13818 = CARTESIAN_POINT('',(1.328844838771,90.2494014601));
#13819 = CARTESIAN_POINT('',(1.357458723203,90.252774030854));
#13820 = CARTESIAN_POINT('',(1.386016924453,90.255742648727));
#13821 = CARTESIAN_POINT('',(1.414527124669,90.258300252684));
#13822 = CARTESIAN_POINT('',(1.442996905583,90.260440793985));
#13823 = CARTESIAN_POINT('',(1.47143378574,90.262159234678));
#13824 = CARTESIAN_POINT('',(1.499845249931,90.26345154525));
#13825 = CARTESIAN_POINT('',(1.528238806382,90.264314700236));
#13826 = CARTESIAN_POINT('',(1.556621942414,90.264746676237));
#13827 = CARTESIAN_POINT('',(1.58500246432,90.264746435767));
#13828 = CARTESIAN_POINT('',(1.613386120491,90.264313965866));
#13829 = CARTESIAN_POINT('',(1.641780508849,90.263450291398));
#13830 = CARTESIAN_POINT('',(1.67019295733,90.262157432213));
#13831 = CARTESIAN_POINT('',(1.698630849867,90.260438417093));
#13832 = CARTESIAN_POINT('',(1.727101583076,90.258297283377));
#13833 = CARTESIAN_POINT('',(1.755612621577,90.255739078938));
#13834 = CARTESIAN_POINT('',(1.784171527402,90.252769862029));
#13835 = CARTESIAN_POINT('',(1.812785997638,90.249396700218));
#13836 = CARTESIAN_POINT('',(1.841463902138,90.245627668034));
#13837 = CARTESIAN_POINT('',(1.87021332361,90.241471843633));
#13838 = CARTESIAN_POINT('',(1.899042602796,90.236939303607));
#13839 = CARTESIAN_POINT('',(1.927960379177,90.23204111914));
#13840 = CARTESIAN_POINT('',(1.95697566619,90.226789341563));
#13841 = CARTESIAN_POINT('',(1.986096995553,90.221197179232));
#13842 = CARTESIAN_POINT('',(2.015333701222,90.215278782226));
#13843 = CARTESIAN_POINT('',(2.044695232565,90.209049377146));
#13844 = CARTESIAN_POINT('',(2.074191382442,90.202525238052));
#13845 = CARTESIAN_POINT('',(2.103832123092,90.19572374474));
#13846 = CARTESIAN_POINT('',(2.133627847719,90.188663343999));
#13847 = CARTESIAN_POINT('',(2.163589058855,90.1813636691));
#13848 = CARTESIAN_POINT('',(2.193726551238,90.173845510436));
#13849 = CARTESIAN_POINT('',(2.22405135681,90.166130852151));
#13850 = CARTESIAN_POINT('',(2.254574548665,90.158242975251));
#13851 = CARTESIAN_POINT('',(2.285307734701,90.150206353123));
#13852 = CARTESIAN_POINT('',(2.316262259514,90.142046898465));
#13853 = CARTESIAN_POINT('',(2.347449440899,90.133791926083));
#13854 = CARTESIAN_POINT('',(2.378880885351,90.125470089931));
#13855 = CARTESIAN_POINT('',(2.410567632654,90.117111672168));
#13856 = CARTESIAN_POINT('',(2.442520429493,90.108748425018));
#13857 = CARTESIAN_POINT('',(2.47475028287,90.100413511883));
#13858 = CARTESIAN_POINT('',(2.507266853515,90.09214189354));
#13859 = CARTESIAN_POINT('',(2.540078910661,90.083970101692));
#13860 = CARTESIAN_POINT('',(2.573194221862,90.075936178592));
#13861 = CARTESIAN_POINT('',(2.606619564026,90.068079558693));
#13862 = CARTESIAN_POINT('',(2.640360723949,90.060441016084));
#13863 = CARTESIAN_POINT('',(2.674419443761,90.053062933074));
#13864 = CARTESIAN_POINT('',(2.708796301037,90.045988457906));
#13865 = CARTESIAN_POINT('',(2.743488595599,90.039261575954));
#13866 = CARTESIAN_POINT('',(2.778491201702,90.032926430246));
#13867 = CARTESIAN_POINT('',(2.813793758302,90.027027273346));
#13868 = CARTESIAN_POINT('',(2.849389506811,90.021606558905));
#13869 = CARTESIAN_POINT('',(2.885260548912,90.016706631322));
#13870 = CARTESIAN_POINT('',(2.921380866451,90.012368086694));
#13871 = CARTESIAN_POINT('',(2.957723954841,90.0086278839));
#13872 = CARTESIAN_POINT('',(2.994260343233,90.005519039231));
#13873 = CARTESIAN_POINT('',(3.030957828327,90.003069897615));
#13874 = CARTESIAN_POINT('',(3.067780677279,90.001303520597));
#13875 = CARTESIAN_POINT('',(3.104689884621,90.000237037332));
#13876 = CARTESIAN_POINT('',(3.141639826083,89.999881033409));
#13877 = CARTESIAN_POINT('',(3.178587796998,90.000238832017));
#13878 = CARTESIAN_POINT('',(3.215496590579,90.001307059587));
#13879 = CARTESIAN_POINT('',(3.252318527041,90.003075132261));
#13880 = CARTESIAN_POINT('',(3.289014756296,90.005525872366));
#13881 = CARTESIAN_POINT('',(3.325549389685,90.008636180725));
#13882 = CARTESIAN_POINT('',(3.361890370819,90.012377690016));
#13883 = CARTESIAN_POINT('',(3.398008613617,90.016717415841));
#13884 = CARTESIAN_POINT('',(3.433877776897,90.021618413609));
#13885 = CARTESIAN_POINT('',(3.469473606948,90.027040392068));
#13886 = CARTESIAN_POINT('',(3.504774685032,90.032940472116));
#13887 = CARTESIAN_POINT('',(3.53977572966,90.039276409027));
#13888 = CARTESIAN_POINT('',(3.574466439215,90.046003951773));
#13889 = CARTESIAN_POINT('',(3.608841726984,90.053078971702));
#13890 = CARTESIAN_POINT('',(3.642898903081,90.060457497483));
#13891 = CARTESIAN_POINT('',(3.676638581863,90.068096378682));
#13892 = CARTESIAN_POINT('',(3.71006258631,90.075953269649));
#13893 = CARTESIAN_POINT('',(3.743176426621,90.083987334604));
#13894 = CARTESIAN_POINT('',(3.775987051114,90.092159176673));
#13895 = CARTESIAN_POINT('',(3.808502238506,90.100430764947));
#13896 = CARTESIAN_POINT('',(3.840730764455,90.108765577909));
#13897 = CARTESIAN_POINT('',(3.872682287531,90.117128663281));
#13898 = CARTESIAN_POINT('',(3.904367669037,90.125486815786));
#13899 = CARTESIAN_POINT('',(3.935797931873,90.133808366852));
#13900 = CARTESIAN_POINT('',(3.966983884138,90.14206297773));
#13901 = CARTESIAN_POINT('',(3.997937233186,90.150222025907));
#13902 = CARTESIAN_POINT('',(4.028669284329,90.158258198114));
#13903 = CARTESIAN_POINT('',(4.059191378914,90.166145585427));
#13904 = CARTESIAN_POINT('',(4.08951508325,90.173859708042));
#13905 = CARTESIAN_POINT('',(4.119651537254,90.181377306926));
#13906 = CARTESIAN_POINT('',(4.149611719123,90.188676387697));
#13907 = CARTESIAN_POINT('',(4.179406463205,90.195736174501));
#13908 = CARTESIAN_POINT('',(4.209046200058,90.202537022057));
#13909 = CARTESIAN_POINT('',(4.238541546923,90.209060532447));
#13910 = CARTESIAN_POINT('',(4.2679010567,90.215289029008));
#13911 = CARTESIAN_POINT('',(4.297135259758,90.221206431496));
#13912 = CARTESIAN_POINT('',(4.326254069722,90.226797621206));
#13913 = CARTESIAN_POINT('',(4.355266957927,90.232048478611));
#13914 = CARTESIAN_POINT('',(4.384182987277,90.236945881481));
#13915 = CARTESIAN_POINT('',(4.413010876602,90.241477712221));
#13916 = CARTESIAN_POINT('',(4.441759050361,90.245632861383));
#13917 = CARTESIAN_POINT('',(4.47043568652,90.249401230833));
#13918 = CARTESIAN_POINT('',(4.499048760014,90.252773735649));
#13919 = CARTESIAN_POINT('',(4.527606083287,90.255742304993));
#13920 = CARTESIAN_POINT('',(4.556115344594,90.258299881896));
#13921 = CARTESIAN_POINT('',(4.584584144138,90.260440421983));
#13922 = CARTESIAN_POINT('',(4.613020031443,90.262158891046));
#13923 = CARTESIAN_POINT('',(4.641430534728,90.263451261843));
#13924 = CARTESIAN_POINT('',(4.669823220189,90.264314508696));
#13925 = CARTESIAN_POINT('',(4.698205643242,90.264746605205));
#13926 = CARTESIAN_POINT('',(4.726585709811,90.264746505247));
#13927 = CARTESIAN_POINT('',(4.754968872553,90.264314189456));
#13928 = CARTESIAN_POINT('',(4.78336277868,90.263450683353));
#13929 = CARTESIAN_POINT('',(4.811774740418,90.262158005945));
#13930 = CARTESIAN_POINT('',(4.840212143857,90.260439185573));
#13931 = CARTESIAN_POINT('',(4.868682383394,90.258298259));
#13932 = CARTESIAN_POINT('',(4.897192923004,90.255740273497));
#13933 = CARTESIAN_POINT('',(4.925751324034,90.252771286635));
#13934 = CARTESIAN_POINT('',(4.954365283303,90.249398365204));
#13935 = CARTESIAN_POINT('',(4.9830426706,90.245629582843));
#13936 = CARTESIAN_POINT('',(5.011791569207,90.241474016618));
#13937 = CARTESIAN_POINT('',(5.040620319623,90.236941742065));
#13938 = CARTESIAN_POINT('',(5.069537565753,90.232043828326));
#13939 = CARTESIAN_POINT('',(5.098552309732,90.226792327409));
#13940 = CARTESIAN_POINT('',(5.127673085054,90.221200446122));
#13941 = CARTESIAN_POINT('',(5.156909227798,90.215282332845));
#13942 = CARTESIAN_POINT('',(5.186270186508,90.209053212736));
#13943 = CARTESIAN_POINT('',(5.215765752157,90.202529358789));
#13944 = CARTESIAN_POINT('',(5.245405898816,90.195728148411));
#13945 = CARTESIAN_POINT('',(5.275201017741,90.188668027282));
#13946 = CARTESIAN_POINT('',(5.305161608899,90.18136862749));
#13947 = CARTESIAN_POINT('',(5.335298471078,90.173850736135));
#13948 = CARTESIAN_POINT('',(5.365622626221,90.166136337921));
#13949 = CARTESIAN_POINT('',(5.396145159649,90.158248708413));
#13950 = CARTESIAN_POINT('',(5.426877671128,90.150212320755));
#13951 = CARTESIAN_POINT('',(5.457831503703,90.1420530856));
#13952 = CARTESIAN_POINT('',(5.489017972145,90.133798315991));
#13953 = CARTESIAN_POINT('',(5.520448703031,90.125476657899));
#13954 = CARTESIAN_POINT('',(5.552134689686,90.117118403199));
#13955 = CARTESIAN_POINT('',(5.58408673282,90.108755285647));
#13956 = CARTESIAN_POINT('',(5.616315811658,90.100420474916));
#13957 = CARTESIAN_POINT('',(5.64883158559,90.092148928395));
#13958 = CARTESIAN_POINT('',(5.681642824863,90.083977173799));
#13959 = CARTESIAN_POINT('',(5.714757300016,90.075943248934));
#13960 = CARTESIAN_POINT('',(5.748181819586,90.068086579083));
#13961 = CARTESIAN_POINT('',(5.781922126361,90.060447946757));
#13962 = CARTESIAN_POINT('',(5.815979966541,90.053069727152));
#13963 = CARTESIAN_POINT('',(5.850355933412,90.045995065681));
#13964 = CARTESIAN_POINT('',(5.885047327285,90.039267943789));
#13965 = CARTESIAN_POINT('',(5.920049036326,90.032932499037));
#13966 = CARTESIAN_POINT('',(5.955350697728,90.027032984963));
#13967 = CARTESIAN_POINT('',(5.990945708038,90.02161183386));
#13968 = CARTESIAN_POINT('',(6.026815378777,90.016711498132));
#13969 = CARTESIAN_POINT('',(6.062934323852,90.012372468475));
#13970 = CARTESIAN_POINT('',(6.099276136687,90.008631700365));
#13971 = CARTESIAN_POINT('',(6.135811440655,90.005522197832));
#13972 = CARTESIAN_POINT('',(6.17250797782,90.003072363008));
#13973 = CARTESIAN_POINT('',(6.209329873319,90.00130512511));
#13974 = CARTESIAN_POINT('',(6.246237795147,90.000238185757));
#13975 = CARTESIAN_POINT('',(6.270869886048,89.99999940817));
#13976 = CARTESIAN_POINT('',(6.28318530718,90.));
#13977 = ( GEOMETRIC_REPRESENTATION_CONTEXT(2) 
PARAMETRIC_REPRESENTATION_CONTEXT() REPRESENTATION_CONTEXT('2D SPACE',''
  ) );
#13978 = ADVANCED_FACE('',(#13979),#13769,.T.);
#13979 = FACE_BOUND('',#13980,.T.);
#13980 = EDGE_LOOP('',(#13981,#13982,#14005,#14032));
#13981 = ORIENTED_EDGE('',*,*,#13427,.F.);
#13982 = ORIENTED_EDGE('',*,*,#13983,.F.);
#13983 = EDGE_CURVE('',#13984,#13428,#13986,.T.);
#13984 = VERTEX_POINT('',#13985);
#13985 = CARTESIAN_POINT('',(1.6,-3.918869757272E-16,12.));
#13986 = SEAM_CURVE('',#13987,(#13991,#13998),.PCURVE_S1.);
#13987 = LINE('',#13988,#13989);
#13988 = CARTESIAN_POINT('',(1.6,-3.918869757272E-16,12.));
#13989 = VECTOR('',#13990,1.);
#13990 = DIRECTION('',(0.,0.,1.));
#13991 = PCURVE('',#13769,#13992);
#13992 = DEFINITIONAL_REPRESENTATION('',(#13993),#13997);
#13993 = LINE('',#13994,#13995);
#13994 = CARTESIAN_POINT('',(0.,-0.));
#13995 = VECTOR('',#13996,1.);
#13996 = DIRECTION('',(0.,1.));
#13997 = ( GEOMETRIC_REPRESENTATION_CONTEXT(2) 
PARAMETRIC_REPRESENTATION_CONTEXT() REPRESENTATION_CONTEXT('2D SPACE',''
  ) );
#13998 = PCURVE('',#13769,#13999);
#13999 = DEFINITIONAL_REPRESENTATION('',(#14000),#14004);
#14000 = LINE('',#14001,#14002);
#14001 = CARTESIAN_POINT('',(6.28318530718,-0.));
#14002 = VECTOR('',#14003,1.);
#14003 = DIRECTION('',(0.,1.));
#14004 = ( GEOMETRIC_REPRESENTATION_CONTEXT(2) 
PARAMETRIC_REPRESENTATION_CONTEXT() REPRESENTATION_CONTEXT('2D SPACE',''
  ) );
#14005 = ORIENTED_EDGE('',*,*,#14006,.T.);
#14006 = EDGE_CURVE('',#13984,#13984,#14007,.T.);
#14007 = SURFACE_CURVE('',#14008,(#14013,#14020),.PCURVE_S1.);
#14008 = CIRCLE('',#14009,1.6);
#14009 = AXIS2_PLACEMENT_3D('',#14010,#14011,#14012);
#14010 = CARTESIAN_POINT('',(0.,0.,12.));
#14011 = DIRECTION('',(0.,0.,1.));
#14012 = DIRECTION('',(1.,0.,-0.));
#14013 = PCURVE('',#13769,#14014);
#14014 = DEFINITIONAL_REPRESENTATION('',(#14015),#14019);
#14015 = LINE('',#14016,#14017);
#14016 = CARTESIAN_POINT('',(0.,0.));
#14017 = VECTOR('',#14018,1.);
#14018 = DIRECTION('',(1.,0.));
#14019 = ( GEOMETRIC_REPRESENTATION_CONTEXT(2) 
PARAMETRIC_REPRESENTATION_CONTEXT() REPRESENTATION_CONTEXT('2D SPACE',''
  ) );
#14020 = PCURVE('',#14021,#14026);
#14021 = PLANE('',#14022);
#14022 = AXIS2_PLACEMENT_3D('',#14023,#14024,#14025);
#14023 = CARTESIAN_POINT('',(0.,0.,12.));
#14024 = DIRECTION('',(0.,0.,1.));
#14025 = DIRECTION('',(1.,0.,-0.));
#14026 = DEFINITIONAL_REPRESENTATION('',(#14027),#14031);
#14027 = CIRCLE('',#14028,1.6);
#14028 = AXIS2_PLACEMENT_2D('',#14029,#14030);
#14029 = CARTESIAN_POINT('',(0.,0.));
#14030 = DIRECTION('',(1.,0.));
#14031 = ( GEOMETRIC_REPRESENTATION_CONTEXT(2) 
PARAMETRIC_REPRESENTATION_CONTEXT() REPRESENTATION_CONTEXT('2D SPACE',''
  ) );
#14032 = ORIENTED_EDGE('',*,*,#13983,.T.);
#14033 = ADVANCED_FACE('',(#14034),#14021,.F.);
#14034 = FACE_BOUND('',#14035,.T.);
#14035 = EDGE_LOOP('',(#14036));
#14036 = ORIENTED_EDGE('',*,*,#14006,.F.);
#14037 = ADVANCED_FACE('',(#14038),#13390,.F.);
#14038 = FACE_BOUND('',#14039,.F.);
#14039 = EDGE_LOOP('',(#14040));
#14040 = ORIENTED_EDGE('',*,*,#13373,.T.);
#14041 = ADVANCED_FACE('',(#14042),#13263,.T.);
#14042 = FACE_BOUND('',#14043,.T.);
#14043 = EDGE_LOOP('',(#14044));
#14044 = ORIENTED_EDGE('',*,*,#13246,.T.);
#14045 = ( GEOMETRIC_REPRESENTATION_CONTEXT(3) 
GLOBAL_UNCERTAINTY_ASSIGNED_CONTEXT((#14049)) 
GLOBAL_UNIT_ASSIGNED_CONTEXT((#14046,#14047,#14048)) 
REPRESENTATION_CONTEXT('Context #1',
  '3D Context with UNIT and UNCERTAINTY') );
#14046 = ( LENGTH_UNIT() NAMED_UNIT(*) SI_UNIT(.MILLI.,.METRE.) );
#14047 = ( NAMED_UNIT(*) PLANE_ANGLE_UNIT() SI_UNIT($,.RADIAN.) );
#14048 = ( NAMED_UNIT(*) SI_UNIT($,.STERADIAN.) SOLID_ANGLE_UNIT() );
#14049 = UNCERTAINTY_MEASURE_WITH_UNIT(LENGTH_MEASURE(2.E-06),#14046,
  'distance_accuracy_value','confusion accuracy');
#14050 = CONTEXT_DEPENDENT_SHAPE_REPRESENTATION(#14051,#14053);
#14051 = ( REPRESENTATION_RELATIONSHIP('','',#12850,#10) 
REPRESENTATION_RELATIONSHIP_WITH_TRANSFORMATION(#14052) 
SHAPE_REPRESENTATION_RELATIONSHIP() );
#14052 = ITEM_DEFINED_TRANSFORMATION('','',#11,#83);
#14053 = PRODUCT_DEFINITION_SHAPE('Placement','Placement of an item',
  #14054);
#14054 = NEXT_ASSEMBLY_USAGE_OCCURRENCE('18','spoon_stainless_insert',''
  ,#5,#12845,$);
#14055 = PRODUCT_RELATED_PRODUCT_CATEGORY('part',$,(#12847));
#14056 = SHAPE_DEFINITION_REPRESENTATION(#14057,#14063);
#14057 = PRODUCT_DEFINITION_SHAPE('','',#14058);
#14058 = PRODUCT_DEFINITION('design','',#14059,#14062);
#14059 = PRODUCT_DEFINITION_FORMATION('','',#14060);
#14060 = PRODUCT('spoon_set_screw_x_minus_M3x6',
  'spoon_set_screw_x_minus_M3x6','',(#14061));
#14061 = PRODUCT_CONTEXT('',#2,'mechanical');
#14062 = PRODUCT_DEFINITION_CONTEXT('part definition',#2,'design');
#14063 = ADVANCED_BREP_SHAPE_REPRESENTATION('',(#11,#14064),#14162);
#14064 = MANIFOLD_SOLID_BREP('',#14065);
#14065 = CLOSED_SHELL('',(#14066,#14154,#14158));
#14066 = ADVANCED_FACE('',(#14067),#14080,.T.);
#14067 = FACE_BOUND('',#14068,.T.);
#14068 = EDGE_LOOP('',(#14069,#14103,#14126,#14153));
#14069 = ORIENTED_EDGE('',*,*,#14070,.F.);
#14070 = EDGE_CURVE('',#14071,#14071,#14073,.T.);
#14071 = VERTEX_POINT('',#14072);
#14072 = CARTESIAN_POINT('',(0.,-3.673940397442E-16,20.));
#14073 = SURFACE_CURVE('',#14074,(#14079,#14091),.PCURVE_S1.);
#14074 = CIRCLE('',#14075,1.5);
#14075 = AXIS2_PLACEMENT_3D('',#14076,#14077,#14078);
#14076 = CARTESIAN_POINT('',(0.,0.,21.5));
#14077 = DIRECTION('',(1.,-0.,1.110223024625E-16));
#14078 = DIRECTION('',(1.110223024625E-16,0.,-1.));
#14079 = PCURVE('',#14080,#14085);
#14080 = CYLINDRICAL_SURFACE('',#14081,1.5);
#14081 = AXIS2_PLACEMENT_3D('',#14082,#14083,#14084);
#14082 = CARTESIAN_POINT('',(-7.,0.,21.5));
#14083 = DIRECTION('',(1.,0.,1.110223024625E-16));
#14084 = DIRECTION('',(1.110223024625E-16,0.,-1.));
#14085 = DEFINITIONAL_REPRESENTATION('',(#14086),#14090);
#14086 = LINE('',#14087,#14088);
#14087 = CARTESIAN_POINT('',(0.,7.));
#14088 = VECTOR('',#14089,1.);
#14089 = DIRECTION('',(1.,0.));
#14090 = ( GEOMETRIC_REPRESENTATION_CONTEXT(2) 
PARAMETRIC_REPRESENTATION_CONTEXT() REPRESENTATION_CONTEXT('2D SPACE',''
  ) );
#14091 = PCURVE('',#14092,#14097);
#14092 = PLANE('',#14093);
#14093 = AXIS2_PLACEMENT_3D('',#14094,#14095,#14096);
#14094 = CARTESIAN_POINT('',(0.,0.,21.5));
#14095 = DIRECTION('',(1.,0.,1.110223024625E-16));
#14096 = DIRECTION('',(1.110223024625E-16,0.,-1.));
#14097 = DEFINITIONAL_REPRESENTATION('',(#14098),#14102);
#14098 = CIRCLE('',#14099,1.5);
#14099 = AXIS2_PLACEMENT_2D('',#14100,#14101);
#14100 = CARTESIAN_POINT('',(0.,0.));
#14101 = DIRECTION('',(1.,0.));
#14102 = ( GEOMETRIC_REPRESENTATION_CONTEXT(2) 
PARAMETRIC_REPRESENTATION_CONTEXT() REPRESENTATION_CONTEXT('2D SPACE',''
  ) );
#14103 = ORIENTED_EDGE('',*,*,#14104,.F.);
#14104 = EDGE_CURVE('',#14105,#14071,#14107,.T.);
#14105 = VERTEX_POINT('',#14106);
#14106 = CARTESIAN_POINT('',(-7.,-3.673940397442E-16,20.));
#14107 = SEAM_CURVE('',#14108,(#14112,#14119),.PCURVE_S1.);
#14108 = LINE('',#14109,#14110);
#14109 = CARTESIAN_POINT('',(-7.,-3.673940397442E-16,20.));
#14110 = VECTOR('',#14111,1.);
#14111 = DIRECTION('',(1.,0.,1.110223024625E-16));
#14112 = PCURVE('',#14080,#14113);
#14113 = DEFINITIONAL_REPRESENTATION('',(#14114),#14118);
#14114 = LINE('',#14115,#14116);
#14115 = CARTESIAN_POINT('',(6.28318530718,-0.));
#14116 = VECTOR('',#14117,1.);
#14117 = DIRECTION('',(0.,1.));
#14118 = ( GEOMETRIC_REPRESENTATION_CONTEXT(2) 
PARAMETRIC_REPRESENTATION_CONTEXT() REPRESENTATION_CONTEXT('2D SPACE',''
  ) );
#14119 = PCURVE('',#14080,#14120);
#14120 = DEFINITIONAL_REPRESENTATION('',(#14121),#14125);
#14121 = LINE('',#14122,#14123);
#14122 = CARTESIAN_POINT('',(0.,-0.));
#14123 = VECTOR('',#14124,1.);
#14124 = DIRECTION('',(0.,1.));
#14125 = ( GEOMETRIC_REPRESENTATION_CONTEXT(2) 
PARAMETRIC_REPRESENTATION_CONTEXT() REPRESENTATION_CONTEXT('2D SPACE',''
  ) );
#14126 = ORIENTED_EDGE('',*,*,#14127,.T.);
#14127 = EDGE_CURVE('',#14105,#14105,#14128,.T.);
#14128 = SURFACE_CURVE('',#14129,(#14134,#14141),.PCURVE_S1.);
#14129 = CIRCLE('',#14130,1.5);
#14130 = AXIS2_PLACEMENT_3D('',#14131,#14132,#14133);
#14131 = CARTESIAN_POINT('',(-7.,0.,21.5));
#14132 = DIRECTION('',(1.,-0.,1.110223024625E-16));
#14133 = DIRECTION('',(1.110223024625E-16,0.,-1.));
#14134 = PCURVE('',#14080,#14135);
#14135 = DEFINITIONAL_REPRESENTATION('',(#14136),#14140);
#14136 = LINE('',#14137,#14138);
#14137 = CARTESIAN_POINT('',(0.,0.));
#14138 = VECTOR('',#14139,1.);
#14139 = DIRECTION('',(1.,0.));
#14140 = ( GEOMETRIC_REPRESENTATION_CONTEXT(2) 
PARAMETRIC_REPRESENTATION_CONTEXT() REPRESENTATION_CONTEXT('2D SPACE',''
  ) );
#14141 = PCURVE('',#14142,#14147);
#14142 = PLANE('',#14143);
#14143 = AXIS2_PLACEMENT_3D('',#14144,#14145,#14146);
#14144 = CARTESIAN_POINT('',(-7.,0.,21.5));
#14145 = DIRECTION('',(1.,0.,1.110223024625E-16));
#14146 = DIRECTION('',(1.110223024625E-16,0.,-1.));
#14147 = DEFINITIONAL_REPRESENTATION('',(#14148),#14152);
#14148 = CIRCLE('',#14149,1.5);
#14149 = AXIS2_PLACEMENT_2D('',#14150,#14151);
#14150 = CARTESIAN_POINT('',(0.,0.));
#14151 = DIRECTION('',(1.,0.));
#14152 = ( GEOMETRIC_REPRESENTATION_CONTEXT(2) 
PARAMETRIC_REPRESENTATION_CONTEXT() REPRESENTATION_CONTEXT('2D SPACE',''
  ) );
#14153 = ORIENTED_EDGE('',*,*,#14104,.T.);
#14154 = ADVANCED_FACE('',(#14155),#14092,.T.);
#14155 = FACE_BOUND('',#14156,.T.);
#14156 = EDGE_LOOP('',(#14157));
#14157 = ORIENTED_EDGE('',*,*,#14070,.T.);
#14158 = ADVANCED_FACE('',(#14159),#14142,.F.);
#14159 = FACE_BOUND('',#14160,.T.);
#14160 = EDGE_LOOP('',(#14161));
#14161 = ORIENTED_EDGE('',*,*,#14127,.F.);
#14162 = ( GEOMETRIC_REPRESENTATION_CONTEXT(3) 
GLOBAL_UNCERTAINTY_ASSIGNED_CONTEXT((#14166)) 
GLOBAL_UNIT_ASSIGNED_CONTEXT((#14163,#14164,#14165)) 
REPRESENTATION_CONTEXT('Context #1',
  '3D Context with UNIT and UNCERTAINTY') );
#14163 = ( LENGTH_UNIT() NAMED_UNIT(*) SI_UNIT(.MILLI.,.METRE.) );
#14164 = ( NAMED_UNIT(*) PLANE_ANGLE_UNIT() SI_UNIT($,.RADIAN.) );
#14165 = ( NAMED_UNIT(*) SI_UNIT($,.STERADIAN.) SOLID_ANGLE_UNIT() );
#14166 = UNCERTAINTY_MEASURE_WITH_UNIT(LENGTH_MEASURE(1.E-07),#14163,
  'distance_accuracy_value','confusion accuracy');
#14167 = CONTEXT_DEPENDENT_SHAPE_REPRESENTATION(#14168,#14170);
#14168 = ( REPRESENTATION_RELATIONSHIP('','',#14063,#10) 
REPRESENTATION_RELATIONSHIP_WITH_TRANSFORMATION(#14169) 
SHAPE_REPRESENTATION_RELATIONSHIP() );
#14169 = ITEM_DEFINED_TRANSFORMATION('','',#11,#87);
#14170 = PRODUCT_DEFINITION_SHAPE('Placement','Placement of an item',
  #14171);
#14171 = NEXT_ASSEMBLY_USAGE_OCCURRENCE('19',
  'spoon_set_screw_x_minus_M3x6','',#5,#14058,$);
#14172 = PRODUCT_RELATED_PRODUCT_CATEGORY('part',$,(#14060));
#14173 = SHAPE_DEFINITION_REPRESENTATION(#14174,#14180);
#14174 = PRODUCT_DEFINITION_SHAPE('','',#14175);
#14175 = PRODUCT_DEFINITION('design','',#14176,#14179);
#14176 = PRODUCT_DEFINITION_FORMATION('','',#14177);
#14177 = PRODUCT('spoon_set_screw_x_plus_M3x6',
  'spoon_set_screw_x_plus_M3x6','',(#14178));
#14178 = PRODUCT_CONTEXT('',#2,'mechanical');
#14179 = PRODUCT_DEFINITION_CONTEXT('part definition',#2,'design');
#14180 = ADVANCED_BREP_SHAPE_REPRESENTATION('',(#11,#14181),#14279);
#14181 = MANIFOLD_SOLID_BREP('',#14182);
#14182 = CLOSED_SHELL('',(#14183,#14271,#14275));
#14183 = ADVANCED_FACE('',(#14184),#14197,.T.);
#14184 = FACE_BOUND('',#14185,.T.);
#14185 = EDGE_LOOP('',(#14186,#14220,#14243,#14270));
#14186 = ORIENTED_EDGE('',*,*,#14187,.F.);
#14187 = EDGE_CURVE('',#14188,#14188,#14190,.T.);
#14188 = VERTEX_POINT('',#14189);
#14189 = CARTESIAN_POINT('',(0.,-3.673940397442E-16,23.));
#14190 = SURFACE_CURVE('',#14191,(#14196,#14208),.PCURVE_S1.);
#14191 = CIRCLE('',#14192,1.5);
#14192 = AXIS2_PLACEMENT_3D('',#14193,#14194,#14195);
#14193 = CARTESIAN_POINT('',(0.,0.,21.5));
#14194 = DIRECTION('',(-1.,0.,1.110223024625E-16));
#14195 = DIRECTION('',(1.110223024625E-16,0.,1.));
#14196 = PCURVE('',#14197,#14202);
#14197 = CYLINDRICAL_SURFACE('',#14198,1.5);
#14198 = AXIS2_PLACEMENT_3D('',#14199,#14200,#14201);
#14199 = CARTESIAN_POINT('',(7.,0.,21.5));
#14200 = DIRECTION('',(-1.,0.,1.110223024625E-16));
#14201 = DIRECTION('',(1.110223024625E-16,0.,1.));
#14202 = DEFINITIONAL_REPRESENTATION('',(#14203),#14207);
#14203 = LINE('',#14204,#14205);
#14204 = CARTESIAN_POINT('',(0.,7.));
#14205 = VECTOR('',#14206,1.);
#14206 = DIRECTION('',(1.,0.));
#14207 = ( GEOMETRIC_REPRESENTATION_CONTEXT(2) 
PARAMETRIC_REPRESENTATION_CONTEXT() REPRESENTATION_CONTEXT('2D SPACE',''
  ) );
#14208 = PCURVE('',#14209,#14214);
#14209 = PLANE('',#14210);
#14210 = AXIS2_PLACEMENT_3D('',#14211,#14212,#14213);
#14211 = CARTESIAN_POINT('',(0.,0.,21.5));
#14212 = DIRECTION('',(-1.,0.,1.110223024625E-16));
#14213 = DIRECTION('',(1.110223024625E-16,0.,1.));
#14214 = DEFINITIONAL_REPRESENTATION('',(#14215),#14219);
#14215 = CIRCLE('',#14216,1.5);
#14216 = AXIS2_PLACEMENT_2D('',#14217,#14218);
#14217 = CARTESIAN_POINT('',(0.,0.));
#14218 = DIRECTION('',(1.,0.));
#14219 = ( GEOMETRIC_REPRESENTATION_CONTEXT(2) 
PARAMETRIC_REPRESENTATION_CONTEXT() REPRESENTATION_CONTEXT('2D SPACE',''
  ) );
#14220 = ORIENTED_EDGE('',*,*,#14221,.F.);
#14221 = EDGE_CURVE('',#14222,#14188,#14224,.T.);
#14222 = VERTEX_POINT('',#14223);
#14223 = CARTESIAN_POINT('',(7.,-3.673940397442E-16,23.));
#14224 = SEAM_CURVE('',#14225,(#14229,#14236),.PCURVE_S1.);
#14225 = LINE('',#14226,#14227);
#14226 = CARTESIAN_POINT('',(7.,-3.673940397442E-16,23.));
#14227 = VECTOR('',#14228,1.);
#14228 = DIRECTION('',(-1.,0.,1.110223024625E-16));
#14229 = PCURVE('',#14197,#14230);
#14230 = DEFINITIONAL_REPRESENTATION('',(#14231),#14235);
#14231 = LINE('',#14232,#14233);
#14232 = CARTESIAN_POINT('',(6.28318530718,-0.));
#14233 = VECTOR('',#14234,1.);
#14234 = DIRECTION('',(0.,1.));
#14235 = ( GEOMETRIC_REPRESENTATION_CONTEXT(2) 
PARAMETRIC_REPRESENTATION_CONTEXT() REPRESENTATION_CONTEXT('2D SPACE',''
  ) );
#14236 = PCURVE('',#14197,#14237);
#14237 = DEFINITIONAL_REPRESENTATION('',(#14238),#14242);
#14238 = LINE('',#14239,#14240);
#14239 = CARTESIAN_POINT('',(0.,-0.));
#14240 = VECTOR('',#14241,1.);
#14241 = DIRECTION('',(0.,1.));
#14242 = ( GEOMETRIC_REPRESENTATION_CONTEXT(2) 
PARAMETRIC_REPRESENTATION_CONTEXT() REPRESENTATION_CONTEXT('2D SPACE',''
  ) );
#14243 = ORIENTED_EDGE('',*,*,#14244,.T.);
#14244 = EDGE_CURVE('',#14222,#14222,#14245,.T.);
#14245 = SURFACE_CURVE('',#14246,(#14251,#14258),.PCURVE_S1.);
#14246 = CIRCLE('',#14247,1.5);
#14247 = AXIS2_PLACEMENT_3D('',#14248,#14249,#14250);
#14248 = CARTESIAN_POINT('',(7.,0.,21.5));
#14249 = DIRECTION('',(-1.,0.,1.110223024625E-16));
#14250 = DIRECTION('',(1.110223024625E-16,0.,1.));
#14251 = PCURVE('',#14197,#14252);
#14252 = DEFINITIONAL_REPRESENTATION('',(#14253),#14257);
#14253 = LINE('',#14254,#14255);
#14254 = CARTESIAN_POINT('',(0.,0.));
#14255 = VECTOR('',#14256,1.);
#14256 = DIRECTION('',(1.,0.));
#14257 = ( GEOMETRIC_REPRESENTATION_CONTEXT(2) 
PARAMETRIC_REPRESENTATION_CONTEXT() REPRESENTATION_CONTEXT('2D SPACE',''
  ) );
#14258 = PCURVE('',#14259,#14264);
#14259 = PLANE('',#14260);
#14260 = AXIS2_PLACEMENT_3D('',#14261,#14262,#14263);
#14261 = CARTESIAN_POINT('',(7.,0.,21.5));
#14262 = DIRECTION('',(-1.,0.,1.110223024625E-16));
#14263 = DIRECTION('',(1.110223024625E-16,0.,1.));
#14264 = DEFINITIONAL_REPRESENTATION('',(#14265),#14269);
#14265 = CIRCLE('',#14266,1.5);
#14266 = AXIS2_PLACEMENT_2D('',#14267,#14268);
#14267 = CARTESIAN_POINT('',(0.,0.));
#14268 = DIRECTION('',(1.,0.));
#14269 = ( GEOMETRIC_REPRESENTATION_CONTEXT(2) 
PARAMETRIC_REPRESENTATION_CONTEXT() REPRESENTATION_CONTEXT('2D SPACE',''
  ) );
#14270 = ORIENTED_EDGE('',*,*,#14221,.T.);
#14271 = ADVANCED_FACE('',(#14272),#14209,.T.);
#14272 = FACE_BOUND('',#14273,.T.);
#14273 = EDGE_LOOP('',(#14274));
#14274 = ORIENTED_EDGE('',*,*,#14187,.T.);
#14275 = ADVANCED_FACE('',(#14276),#14259,.F.);
#14276 = FACE_BOUND('',#14277,.T.);
#14277 = EDGE_LOOP('',(#14278));
#14278 = ORIENTED_EDGE('',*,*,#14244,.F.);
#14279 = ( GEOMETRIC_REPRESENTATION_CONTEXT(3) 
GLOBAL_UNCERTAINTY_ASSIGNED_CONTEXT((#14283)) 
GLOBAL_UNIT_ASSIGNED_CONTEXT((#14280,#14281,#14282)) 
REPRESENTATION_CONTEXT('Context #1',
  '3D Context with UNIT and UNCERTAINTY') );
#14280 = ( LENGTH_UNIT() NAMED_UNIT(*) SI_UNIT(.MILLI.,.METRE.) );
#14281 = ( NAMED_UNIT(*) PLANE_ANGLE_UNIT() SI_UNIT($,.RADIAN.) );
#14282 = ( NAMED_UNIT(*) SI_UNIT($,.STERADIAN.) SOLID_ANGLE_UNIT() );
#14283 = UNCERTAINTY_MEASURE_WITH_UNIT(LENGTH_MEASURE(1.E-07),#14280,
  'distance_accuracy_value','confusion accuracy');
#14284 = CONTEXT_DEPENDENT_SHAPE_REPRESENTATION(#14285,#14287);
#14285 = ( REPRESENTATION_RELATIONSHIP('','',#14180,#10) 
REPRESENTATION_RELATIONSHIP_WITH_TRANSFORMATION(#14286) 
SHAPE_REPRESENTATION_RELATIONSHIP() );
#14286 = ITEM_DEFINED_TRANSFORMATION('','',#11,#91);
#14287 = PRODUCT_DEFINITION_SHAPE('Placement','Placement of an item',
  #14288);
#14288 = NEXT_ASSEMBLY_USAGE_OCCURRENCE('20',
  'spoon_set_screw_x_plus_M3x6','',#5,#14175,$);
#14289 = PRODUCT_RELATED_PRODUCT_CATEGORY('part',$,(#14177));
#14290 = SHAPE_DEFINITION_REPRESENTATION(#14291,#14297);
#14291 = PRODUCT_DEFINITION_SHAPE('','',#14292);
#14292 = PRODUCT_DEFINITION('design','',#14293,#14296);
#14293 = PRODUCT_DEFINITION_FORMATION('','',#14294);
#14294 = PRODUCT('tool_id_21_resistor_0603','tool_id_21_resistor_0603',
  '',(#14295));
#14295 = PRODUCT_CONTEXT('',#2,'mechanical');
#14296 = PRODUCT_DEFINITION_CONTEXT('part definition',#2,'design');
#14297 = ADVANCED_BREP_SHAPE_REPRESENTATION('',(#11,#14298),#14628);
#14298 = MANIFOLD_SOLID_BREP('',#14299);
#14299 = CLOSED_SHELL('',(#14300,#14420,#14520,#14567,#14614,#14621));
#14300 = ADVANCED_FACE('',(#14301),#14315,.F.);
#14301 = FACE_BOUND('',#14302,.F.);
#14302 = EDGE_LOOP('',(#14303,#14338,#14366,#14394));
#14303 = ORIENTED_EDGE('',*,*,#14304,.F.);
#14304 = EDGE_CURVE('',#14305,#14307,#14309,.T.);
#14305 = VERTEX_POINT('',#14306);
#14306 = CARTESIAN_POINT('',(-33.2,8.4,1.));
#14307 = VERTEX_POINT('',#14308);
#14308 = CARTESIAN_POINT('',(-33.2,8.4,1.55));
#14309 = SURFACE_CURVE('',#14310,(#14314,#14326),.PCURVE_S1.);
#14310 = LINE('',#14311,#14312);
#14311 = CARTESIAN_POINT('',(-33.2,8.4,1.));
#14312 = VECTOR('',#14313,1.);
#14313 = DIRECTION('',(0.,0.,1.));
#14314 = PCURVE('',#14315,#14320);
#14315 = PLANE('',#14316);
#14316 = AXIS2_PLACEMENT_3D('',#14317,#14318,#14319);
#14317 = CARTESIAN_POINT('',(-33.2,8.4,1.));
#14318 = DIRECTION('',(1.,0.,0.));
#14319 = DIRECTION('',(0.,0.,1.));
#14320 = DEFINITIONAL_REPRESENTATION('',(#14321),#14325);
#14321 = LINE('',#14322,#14323);
#14322 = CARTESIAN_POINT('',(0.,0.));
#14323 = VECTOR('',#14324,1.);
#14324 = DIRECTION('',(1.,0.));
#14325 = ( GEOMETRIC_REPRESENTATION_CONTEXT(2) 
PARAMETRIC_REPRESENTATION_CONTEXT() REPRESENTATION_CONTEXT('2D SPACE',''
  ) );
#14326 = PCURVE('',#14327,#14332);
#14327 = PLANE('',#14328);
#14328 = AXIS2_PLACEMENT_3D('',#14329,#14330,#14331);
#14329 = CARTESIAN_POINT('',(-33.2,8.4,1.));
#14330 = DIRECTION('',(0.,1.,0.));
#14331 = DIRECTION('',(0.,0.,1.));
#14332 = DEFINITIONAL_REPRESENTATION('',(#14333),#14337);
#14333 = LINE('',#14334,#14335);
#14334 = CARTESIAN_POINT('',(0.,0.));
#14335 = VECTOR('',#14336,1.);
#14336 = DIRECTION('',(1.,0.));
#14337 = ( GEOMETRIC_REPRESENTATION_CONTEXT(2) 
PARAMETRIC_REPRESENTATION_CONTEXT() REPRESENTATION_CONTEXT('2D SPACE',''
  ) );
#14338 = ORIENTED_EDGE('',*,*,#14339,.T.);
#14339 = EDGE_CURVE('',#14305,#14340,#14342,.T.);
#14340 = VERTEX_POINT('',#14341);
#14341 = CARTESIAN_POINT('',(-33.2,9.2,1.));
#14342 = SURFACE_CURVE('',#14343,(#14347,#14354),.PCURVE_S1.);
#14343 = LINE('',#14344,#14345);
#14344 = CARTESIAN_POINT('',(-33.2,8.4,1.));
#14345 = VECTOR('',#14346,1.);
#14346 = DIRECTION('',(0.,1.,0.));
#14347 = PCURVE('',#14315,#14348);
#14348 = DEFINITIONAL_REPRESENTATION('',(#14349),#14353);
#14349 = LINE('',#14350,#14351);
#14350 = CARTESIAN_POINT('',(0.,0.));
#14351 = VECTOR('',#14352,1.);
#14352 = DIRECTION('',(0.,-1.));
#14353 = ( GEOMETRIC_REPRESENTATION_CONTEXT(2) 
PARAMETRIC_REPRESENTATION_CONTEXT() REPRESENTATION_CONTEXT('2D SPACE',''
  ) );
#14354 = PCURVE('',#14355,#14360);
#14355 = PLANE('',#14356);
#14356 = AXIS2_PLACEMENT_3D('',#14357,#14358,#14359);
#14357 = CARTESIAN_POINT('',(-33.2,8.4,1.));
#14358 = DIRECTION('',(0.,0.,1.));
#14359 = DIRECTION('',(1.,0.,0.));
#14360 = DEFINITIONAL_REPRESENTATION('',(#14361),#14365);
#14361 = LINE('',#14362,#14363);
#14362 = CARTESIAN_POINT('',(0.,0.));
#14363 = VECTOR('',#14364,1.);
#14364 = DIRECTION('',(0.,1.));
#14365 = ( GEOMETRIC_REPRESENTATION_CONTEXT(2) 
PARAMETRIC_REPRESENTATION_CONTEXT() REPRESENTATION_CONTEXT('2D SPACE',''
  ) );
#14366 = ORIENTED_EDGE('',*,*,#14367,.T.);
#14367 = EDGE_CURVE('',#14340,#14368,#14370,.T.);
#14368 = VERTEX_POINT('',#14369);
#14369 = CARTESIAN_POINT('',(-33.2,9.2,1.55));
#14370 = SURFACE_CURVE('',#14371,(#14375,#14382),.PCURVE_S1.);
#14371 = LINE('',#14372,#14373);
#14372 = CARTESIAN_POINT('',(-33.2,9.2,1.));
#14373 = VECTOR('',#14374,1.);
#14374 = DIRECTION('',(0.,0.,1.));
#14375 = PCURVE('',#14315,#14376);
#14376 = DEFINITIONAL_REPRESENTATION('',(#14377),#14381);
#14377 = LINE('',#14378,#14379);
#14378 = CARTESIAN_POINT('',(0.,-0.8));
#14379 = VECTOR('',#14380,1.);
#14380 = DIRECTION('',(1.,0.));
#14381 = ( GEOMETRIC_REPRESENTATION_CONTEXT(2) 
PARAMETRIC_REPRESENTATION_CONTEXT() REPRESENTATION_CONTEXT('2D SPACE',''
  ) );
#14382 = PCURVE('',#14383,#14388);
#14383 = PLANE('',#14384);
#14384 = AXIS2_PLACEMENT_3D('',#14385,#14386,#14387);
#14385 = CARTESIAN_POINT('',(-33.2,9.2,1.));
#14386 = DIRECTION('',(0.,1.,0.));
#14387 = DIRECTION('',(0.,0.,1.));
#14388 = DEFINITIONAL_REPRESENTATION('',(#14389),#14393);
#14389 = LINE('',#14390,#14391);
#14390 = CARTESIAN_POINT('',(0.,0.));
#14391 = VECTOR('',#14392,1.);
#14392 = DIRECTION('',(1.,0.));
#14393 = ( GEOMETRIC_REPRESENTATION_CONTEXT(2) 
PARAMETRIC_REPRESENTATION_CONTEXT() REPRESENTATION_CONTEXT('2D SPACE',''
  ) );
#14394 = ORIENTED_EDGE('',*,*,#14395,.F.);
#14395 = EDGE_CURVE('',#14307,#14368,#14396,.T.);
#14396 = SURFACE_CURVE('',#14397,(#14401,#14408),.PCURVE_S1.);
#14397 = LINE('',#14398,#14399);
#14398 = CARTESIAN_POINT('',(-33.2,8.4,1.55));
#14399 = VECTOR('',#14400,1.);
#14400 = DIRECTION('',(0.,1.,0.));
#14401 = PCURVE('',#14315,#14402);
#14402 = DEFINITIONAL_REPRESENTATION('',(#14403),#14407);
#14403 = LINE('',#14404,#14405);
#14404 = CARTESIAN_POINT('',(0.55,0.));
#14405 = VECTOR('',#14406,1.);
#14406 = DIRECTION('',(0.,-1.));
#14407 = ( GEOMETRIC_REPRESENTATION_CONTEXT(2) 
PARAMETRIC_REPRESENTATION_CONTEXT() REPRESENTATION_CONTEXT('2D SPACE',''
  ) );
#14408 = PCURVE('',#14409,#14414);
#14409 = PLANE('',#14410);
#14410 = AXIS2_PLACEMENT_3D('',#14411,#14412,#14413);
#14411 = CARTESIAN_POINT('',(-33.2,8.4,1.55));
#14412 = DIRECTION('',(0.,0.,1.));
#14413 = DIRECTION('',(1.,0.,0.));
#14414 = DEFINITIONAL_REPRESENTATION('',(#14415),#14419);
#14415 = LINE('',#14416,#14417);
#14416 = CARTESIAN_POINT('',(0.,0.));
#14417 = VECTOR('',#14418,1.);
#14418 = DIRECTION('',(0.,1.));
#14419 = ( GEOMETRIC_REPRESENTATION_CONTEXT(2) 
PARAMETRIC_REPRESENTATION_CONTEXT() REPRESENTATION_CONTEXT('2D SPACE',''
  ) );
#14420 = ADVANCED_FACE('',(#14421),#14435,.T.);
#14421 = FACE_BOUND('',#14422,.T.);
#14422 = EDGE_LOOP('',(#14423,#14453,#14476,#14499));
#14423 = ORIENTED_EDGE('',*,*,#14424,.F.);
#14424 = EDGE_CURVE('',#14425,#14427,#14429,.T.);
#14425 = VERTEX_POINT('',#14426);
#14426 = CARTESIAN_POINT('',(-31.6,8.4,1.));
#14427 = VERTEX_POINT('',#14428);
#14428 = CARTESIAN_POINT('',(-31.6,8.4,1.55));
#14429 = SURFACE_CURVE('',#14430,(#14434,#14446),.PCURVE_S1.);
#14430 = LINE('',#14431,#14432);
#14431 = CARTESIAN_POINT('',(-31.6,8.4,1.));
#14432 = VECTOR('',#14433,1.);
#14433 = DIRECTION('',(0.,0.,1.));
#14434 = PCURVE('',#14435,#14440);
#14435 = PLANE('',#14436);
#14436 = AXIS2_PLACEMENT_3D('',#14437,#14438,#14439);
#14437 = CARTESIAN_POINT('',(-31.6,8.4,1.));
#14438 = DIRECTION('',(1.,0.,0.));
#14439 = DIRECTION('',(0.,0.,1.));
#14440 = DEFINITIONAL_REPRESENTATION('',(#14441),#14445);
#14441 = LINE('',#14442,#14443);
#14442 = CARTESIAN_POINT('',(0.,0.));
#14443 = VECTOR('',#14444,1.);
#14444 = DIRECTION('',(1.,0.));
#14445 = ( GEOMETRIC_REPRESENTATION_CONTEXT(2) 
PARAMETRIC_REPRESENTATION_CONTEXT() REPRESENTATION_CONTEXT('2D SPACE',''
  ) );
#14446 = PCURVE('',#14327,#14447);
#14447 = DEFINITIONAL_REPRESENTATION('',(#14448),#14452);
#14448 = LINE('',#14449,#14450);
#14449 = CARTESIAN_POINT('',(0.,1.6));
#14450 = VECTOR('',#14451,1.);
#14451 = DIRECTION('',(1.,0.));
#14452 = ( GEOMETRIC_REPRESENTATION_CONTEXT(2) 
PARAMETRIC_REPRESENTATION_CONTEXT() REPRESENTATION_CONTEXT('2D SPACE',''
  ) );
#14453 = ORIENTED_EDGE('',*,*,#14454,.T.);
#14454 = EDGE_CURVE('',#14425,#14455,#14457,.T.);
#14455 = VERTEX_POINT('',#14456);
#14456 = CARTESIAN_POINT('',(-31.6,9.2,1.));
#14457 = SURFACE_CURVE('',#14458,(#14462,#14469),.PCURVE_S1.);
#14458 = LINE('',#14459,#14460);
#14459 = CARTESIAN_POINT('',(-31.6,8.4,1.));
#14460 = VECTOR('',#14461,1.);
#14461 = DIRECTION('',(0.,1.,0.));
#14462 = PCURVE('',#14435,#14463);
#14463 = DEFINITIONAL_REPRESENTATION('',(#14464),#14468);
#14464 = LINE('',#14465,#14466);
#14465 = CARTESIAN_POINT('',(0.,0.));
#14466 = VECTOR('',#14467,1.);
#14467 = DIRECTION('',(0.,-1.));
#14468 = ( GEOMETRIC_REPRESENTATION_CONTEXT(2) 
PARAMETRIC_REPRESENTATION_CONTEXT() REPRESENTATION_CONTEXT('2D SPACE',''
  ) );
#14469 = PCURVE('',#14355,#14470);
#14470 = DEFINITIONAL_REPRESENTATION('',(#14471),#14475);
#14471 = LINE('',#14472,#14473);
#14472 = CARTESIAN_POINT('',(1.6,0.));
#14473 = VECTOR('',#14474,1.);
#14474 = DIRECTION('',(0.,1.));
#14475 = ( GEOMETRIC_REPRESENTATION_CONTEXT(2) 
PARAMETRIC_REPRESENTATION_CONTEXT() REPRESENTATION_CONTEXT('2D SPACE',''
  ) );
#14476 = ORIENTED_EDGE('',*,*,#14477,.T.);
#14477 = EDGE_CURVE('',#14455,#14478,#14480,.T.);
#14478 = VERTEX_POINT('',#14479);
#14479 = CARTESIAN_POINT('',(-31.6,9.2,1.55));
#14480 = SURFACE_CURVE('',#14481,(#14485,#14492),.PCURVE_S1.);
#14481 = LINE('',#14482,#14483);
#14482 = CARTESIAN_POINT('',(-31.6,9.2,1.));
#14483 = VECTOR('',#14484,1.);
#14484 = DIRECTION('',(0.,0.,1.));
#14485 = PCURVE('',#14435,#14486);
#14486 = DEFINITIONAL_REPRESENTATION('',(#14487),#14491);
#14487 = LINE('',#14488,#14489);
#14488 = CARTESIAN_POINT('',(0.,-0.8));
#14489 = VECTOR('',#14490,1.);
#14490 = DIRECTION('',(1.,0.));
#14491 = ( GEOMETRIC_REPRESENTATION_CONTEXT(2) 
PARAMETRIC_REPRESENTATION_CONTEXT() REPRESENTATION_CONTEXT('2D SPACE',''
  ) );
#14492 = PCURVE('',#14383,#14493);
#14493 = DEFINITIONAL_REPRESENTATION('',(#14494),#14498);
#14494 = LINE('',#14495,#14496);
#14495 = CARTESIAN_POINT('',(0.,1.6));
#14496 = VECTOR('',#14497,1.);
#14497 = DIRECTION('',(1.,0.));
#14498 = ( GEOMETRIC_REPRESENTATION_CONTEXT(2) 
PARAMETRIC_REPRESENTATION_CONTEXT() REPRESENTATION_CONTEXT('2D SPACE',''
  ) );
#14499 = ORIENTED_EDGE('',*,*,#14500,.F.);
#14500 = EDGE_CURVE('',#14427,#14478,#14501,.T.);
#14501 = SURFACE_CURVE('',#14502,(#14506,#14513),.PCURVE_S1.);
#14502 = LINE('',#14503,#14504);
#14503 = CARTESIAN_POINT('',(-31.6,8.4,1.55));
#14504 = VECTOR('',#14505,1.);
#14505 = DIRECTION('',(0.,1.,0.));
#14506 = PCURVE('',#14435,#14507);
#14507 = DEFINITIONAL_REPRESENTATION('',(#14508),#14512);
#14508 = LINE('',#14509,#14510);
#14509 = CARTESIAN_POINT('',(0.55,0.));
#14510 = VECTOR('',#14511,1.);
#14511 = DIRECTION('',(0.,-1.));
#14512 = ( GEOMETRIC_REPRESENTATION_CONTEXT(2) 
PARAMETRIC_REPRESENTATION_CONTEXT() REPRESENTATION_CONTEXT('2D SPACE',''
  ) );
#14513 = PCURVE('',#14409,#14514);
#14514 = DEFINITIONAL_REPRESENTATION('',(#14515),#14519);
#14515 = LINE('',#14516,#14517);
#14516 = CARTESIAN_POINT('',(1.6,0.));
#14517 = VECTOR('',#14518,1.);
#14518 = DIRECTION('',(0.,1.));
#14519 = ( GEOMETRIC_REPRESENTATION_CONTEXT(2) 
PARAMETRIC_REPRESENTATION_CONTEXT() REPRESENTATION_CONTEXT('2D SPACE',''
  ) );
#14520 = ADVANCED_FACE('',(#14521),#14327,.F.);
#14521 = FACE_BOUND('',#14522,.F.);
#14522 = EDGE_LOOP('',(#14523,#14544,#14545,#14566));
#14523 = ORIENTED_EDGE('',*,*,#14524,.F.);
#14524 = EDGE_CURVE('',#14305,#14425,#14525,.T.);
#14525 = SURFACE_CURVE('',#14526,(#14530,#14537),.PCURVE_S1.);
#14526 = LINE('',#14527,#14528);
#14527 = CARTESIAN_POINT('',(-33.2,8.4,1.));
#14528 = VECTOR('',#14529,1.);
#14529 = DIRECTION('',(1.,0.,0.));
#14530 = PCURVE('',#14327,#14531);
#14531 = DEFINITIONAL_REPRESENTATION('',(#14532),#14536);
#14532 = LINE('',#14533,#14534);
#14533 = CARTESIAN_POINT('',(0.,0.));
#14534 = VECTOR('',#14535,1.);
#14535 = DIRECTION('',(0.,1.));
#14536 = ( GEOMETRIC_REPRESENTATION_CONTEXT(2) 
PARAMETRIC_REPRESENTATION_CONTEXT() REPRESENTATION_CONTEXT('2D SPACE',''
  ) );
#14537 = PCURVE('',#14355,#14538);
#14538 = DEFINITIONAL_REPRESENTATION('',(#14539),#14543);
#14539 = LINE('',#14540,#14541);
#14540 = CARTESIAN_POINT('',(0.,0.));
#14541 = VECTOR('',#14542,1.);
#14542 = DIRECTION('',(1.,0.));
#14543 = ( GEOMETRIC_REPRESENTATION_CONTEXT(2) 
PARAMETRIC_REPRESENTATION_CONTEXT() REPRESENTATION_CONTEXT('2D SPACE',''
  ) );
#14544 = ORIENTED_EDGE('',*,*,#14304,.T.);
#14545 = ORIENTED_EDGE('',*,*,#14546,.T.);
#14546 = EDGE_CURVE('',#14307,#14427,#14547,.T.);
#14547 = SURFACE_CURVE('',#14548,(#14552,#14559),.PCURVE_S1.);
#14548 = LINE('',#14549,#14550);
#14549 = CARTESIAN_POINT('',(-33.2,8.4,1.55));
#14550 = VECTOR('',#14551,1.);
#14551 = DIRECTION('',(1.,0.,0.));
#14552 = PCURVE('',#14327,#14553);
#14553 = DEFINITIONAL_REPRESENTATION('',(#14554),#14558);
#14554 = LINE('',#14555,#14556);
#14555 = CARTESIAN_POINT('',(0.55,0.));
#14556 = VECTOR('',#14557,1.);
#14557 = DIRECTION('',(0.,1.));
#14558 = ( GEOMETRIC_REPRESENTATION_CONTEXT(2) 
PARAMETRIC_REPRESENTATION_CONTEXT() REPRESENTATION_CONTEXT('2D SPACE',''
  ) );
#14559 = PCURVE('',#14409,#14560);
#14560 = DEFINITIONAL_REPRESENTATION('',(#14561),#14565);
#14561 = LINE('',#14562,#14563);
#14562 = CARTESIAN_POINT('',(0.,0.));
#14563 = VECTOR('',#14564,1.);
#14564 = DIRECTION('',(1.,0.));
#14565 = ( GEOMETRIC_REPRESENTATION_CONTEXT(2) 
PARAMETRIC_REPRESENTATION_CONTEXT() REPRESENTATION_CONTEXT('2D SPACE',''
  ) );
#14566 = ORIENTED_EDGE('',*,*,#14424,.F.);
#14567 = ADVANCED_FACE('',(#14568),#14383,.T.);
#14568 = FACE_BOUND('',#14569,.T.);
#14569 = EDGE_LOOP('',(#14570,#14591,#14592,#14613));
#14570 = ORIENTED_EDGE('',*,*,#14571,.F.);
#14571 = EDGE_CURVE('',#14340,#14455,#14572,.T.);
#14572 = SURFACE_CURVE('',#14573,(#14577,#14584),.PCURVE_S1.);
#14573 = LINE('',#14574,#14575);
#14574 = CARTESIAN_POINT('',(-33.2,9.2,1.));
#14575 = VECTOR('',#14576,1.);
#14576 = DIRECTION('',(1.,0.,0.));
#14577 = PCURVE('',#14383,#14578);
#14578 = DEFINITIONAL_REPRESENTATION('',(#14579),#14583);
#14579 = LINE('',#14580,#14581);
#14580 = CARTESIAN_POINT('',(0.,0.));
#14581 = VECTOR('',#14582,1.);
#14582 = DIRECTION('',(0.,1.));
#14583 = ( GEOMETRIC_REPRESENTATION_CONTEXT(2) 
PARAMETRIC_REPRESENTATION_CONTEXT() REPRESENTATION_CONTEXT('2D SPACE',''
  ) );
#14584 = PCURVE('',#14355,#14585);
#14585 = DEFINITIONAL_REPRESENTATION('',(#14586),#14590);
#14586 = LINE('',#14587,#14588);
#14587 = CARTESIAN_POINT('',(0.,0.8));
#14588 = VECTOR('',#14589,1.);
#14589 = DIRECTION('',(1.,0.));
#14590 = ( GEOMETRIC_REPRESENTATION_CONTEXT(2) 
PARAMETRIC_REPRESENTATION_CONTEXT() REPRESENTATION_CONTEXT('2D SPACE',''
  ) );
#14591 = ORIENTED_EDGE('',*,*,#14367,.T.);
#14592 = ORIENTED_EDGE('',*,*,#14593,.T.);
#14593 = EDGE_CURVE('',#14368,#14478,#14594,.T.);
#14594 = SURFACE_CURVE('',#14595,(#14599,#14606),.PCURVE_S1.);
#14595 = LINE('',#14596,#14597);
#14596 = CARTESIAN_POINT('',(-33.2,9.2,1.55));
#14597 = VECTOR('',#14598,1.);
#14598 = DIRECTION('',(1.,0.,0.));
#14599 = PCURVE('',#14383,#14600);
#14600 = DEFINITIONAL_REPRESENTATION('',(#14601),#14605);
#14601 = LINE('',#14602,#14603);
#14602 = CARTESIAN_POINT('',(0.55,0.));
#14603 = VECTOR('',#14604,1.);
#14604 = DIRECTION('',(0.,1.));
#14605 = ( GEOMETRIC_REPRESENTATION_CONTEXT(2) 
PARAMETRIC_REPRESENTATION_CONTEXT() REPRESENTATION_CONTEXT('2D SPACE',''
  ) );
#14606 = PCURVE('',#14409,#14607);
#14607 = DEFINITIONAL_REPRESENTATION('',(#14608),#14612);
#14608 = LINE('',#14609,#14610);
#14609 = CARTESIAN_POINT('',(0.,0.8));
#14610 = VECTOR('',#14611,1.);
#14611 = DIRECTION('',(1.,0.));
#14612 = ( GEOMETRIC_REPRESENTATION_CONTEXT(2) 
PARAMETRIC_REPRESENTATION_CONTEXT() REPRESENTATION_CONTEXT('2D SPACE',''
  ) );
#14613 = ORIENTED_EDGE('',*,*,#14477,.F.);
#14614 = ADVANCED_FACE('',(#14615),#14355,.F.);
#14615 = FACE_BOUND('',#14616,.F.);
#14616 = EDGE_LOOP('',(#14617,#14618,#14619,#14620));
#14617 = ORIENTED_EDGE('',*,*,#14339,.F.);
#14618 = ORIENTED_EDGE('',*,*,#14524,.T.);
#14619 = ORIENTED_EDGE('',*,*,#14454,.T.);
#14620 = ORIENTED_EDGE('',*,*,#14571,.F.);
#14621 = ADVANCED_FACE('',(#14622),#14409,.T.);
#14622 = FACE_BOUND('',#14623,.T.);
#14623 = EDGE_LOOP('',(#14624,#14625,#14626,#14627));
#14624 = ORIENTED_EDGE('',*,*,#14395,.F.);
#14625 = ORIENTED_EDGE('',*,*,#14546,.T.);
#14626 = ORIENTED_EDGE('',*,*,#14500,.T.);
#14627 = ORIENTED_EDGE('',*,*,#14593,.F.);
#14628 = ( GEOMETRIC_REPRESENTATION_CONTEXT(3) 
GLOBAL_UNCERTAINTY_ASSIGNED_CONTEXT((#14632)) 
GLOBAL_UNIT_ASSIGNED_CONTEXT((#14629,#14630,#14631)) 
REPRESENTATION_CONTEXT('Context #1',
  '3D Context with UNIT and UNCERTAINTY') );
#14629 = ( LENGTH_UNIT() NAMED_UNIT(*) SI_UNIT(.MILLI.,.METRE.) );
#14630 = ( NAMED_UNIT(*) PLANE_ANGLE_UNIT() SI_UNIT($,.RADIAN.) );
#14631 = ( NAMED_UNIT(*) SI_UNIT($,.STERADIAN.) SOLID_ANGLE_UNIT() );
#14632 = UNCERTAINTY_MEASURE_WITH_UNIT(LENGTH_MEASURE(1.E-07),#14629,
  'distance_accuracy_value','confusion accuracy');
#14633 = CONTEXT_DEPENDENT_SHAPE_REPRESENTATION(#14634,#14636);
#14634 = ( REPRESENTATION_RELATIONSHIP('','',#14297,#10) 
REPRESENTATION_RELATIONSHIP_WITH_TRANSFORMATION(#14635) 
SHAPE_REPRESENTATION_RELATIONSHIP() );
#14635 = ITEM_DEFINED_TRANSFORMATION('','',#11,#95);
#14636 = PRODUCT_DEFINITION_SHAPE('Placement','Placement of an item',
  #14637);
#14637 = NEXT_ASSEMBLY_USAGE_OCCURRENCE('21','tool_id_21_resistor_0603',
  '',#5,#14292,$);
#14638 = PRODUCT_RELATED_PRODUCT_CATEGORY('part',$,(#14294));
#14639 = SHAPE_DEFINITION_REPRESENTATION(#14640,#14646);
#14640 = PRODUCT_DEFINITION_SHAPE('','',#14641);
#14641 = PRODUCT_DEFINITION('design','',#14642,#14645);
#14642 = PRODUCT_DEFINITION_FORMATION('','',#14643);
#14643 = PRODUCT('spoon_balance_slug_steel','spoon_balance_slug_steel',
  '',(#14644));
#14644 = PRODUCT_CONTEXT('',#2,'mechanical');
#14645 = PRODUCT_DEFINITION_CONTEXT('part definition',#2,'design');
#14646 = ADVANCED_BREP_SHAPE_REPRESENTATION('',(#11,#14647),#14745);
#14647 = MANIFOLD_SOLID_BREP('',#14648);
#14648 = CLOSED_SHELL('',(#14649,#14737,#14741));
#14649 = ADVANCED_FACE('',(#14650),#14663,.T.);
#14650 = FACE_BOUND('',#14651,.T.);
#14651 = EDGE_LOOP('',(#14652,#14686,#14709,#14736));
#14652 = ORIENTED_EDGE('',*,*,#14653,.F.);
#14653 = EDGE_CURVE('',#14654,#14654,#14656,.T.);
#14654 = VERTEX_POINT('',#14655);
#14655 = CARTESIAN_POINT('',(22.85,-1.089935651241E-15,16.828069587522)
  );
#14656 = SURFACE_CURVE('',#14657,(#14662,#14674),.PCURVE_S1.);
#14657 = CIRCLE('',#14658,4.45);
#14658 = AXIS2_PLACEMENT_3D('',#14659,#14660,#14661);
#14659 = CARTESIAN_POINT('',(18.4,0.,16.828069587522));
#14660 = DIRECTION('',(0.,0.,1.));
#14661 = DIRECTION('',(1.,0.,-0.));
#14662 = PCURVE('',#14663,#14668);
#14663 = CYLINDRICAL_SURFACE('',#14664,4.45);
#14664 = AXIS2_PLACEMENT_3D('',#14665,#14666,#14667);
#14665 = CARTESIAN_POINT('',(18.4,0.,9.6));
#14666 = DIRECTION('',(0.,0.,1.));
#14667 = DIRECTION('',(1.,0.,-0.));
#14668 = DEFINITIONAL_REPRESENTATION('',(#14669),#14673);
#14669 = LINE('',#14670,#14671);
#14670 = CARTESIAN_POINT('',(0.,7.228069587522));
#14671 = VECTOR('',#14672,1.);
#14672 = DIRECTION('',(1.,0.));
#14673 = ( GEOMETRIC_REPRESENTATION_CONTEXT(2) 
PARAMETRIC_REPRESENTATION_CONTEXT() REPRESENTATION_CONTEXT('2D SPACE',''
  ) );
#14674 = PCURVE('',#14675,#14680);
#14675 = PLANE('',#14676);
#14676 = AXIS2_PLACEMENT_3D('',#14677,#14678,#14679);
#14677 = CARTESIAN_POINT('',(18.4,0.,16.828069587522));
#14678 = DIRECTION('',(0.,0.,1.));
#14679 = DIRECTION('',(1.,0.,-0.));
#14680 = DEFINITIONAL_REPRESENTATION('',(#14681),#14685);
#14681 = CIRCLE('',#14682,4.45);
#14682 = AXIS2_PLACEMENT_2D('',#14683,#14684);
#14683 = CARTESIAN_POINT('',(0.,0.));
#14684 = DIRECTION('',(1.,0.));
#14685 = ( GEOMETRIC_REPRESENTATION_CONTEXT(2) 
PARAMETRIC_REPRESENTATION_CONTEXT() REPRESENTATION_CONTEXT('2D SPACE',''
  ) );
#14686 = ORIENTED_EDGE('',*,*,#14687,.F.);
#14687 = EDGE_CURVE('',#14688,#14654,#14690,.T.);
#14688 = VERTEX_POINT('',#14689);
#14689 = CARTESIAN_POINT('',(22.85,-1.089935651241E-15,9.6));
#14690 = SEAM_CURVE('',#14691,(#14695,#14702),.PCURVE_S1.);
#14691 = LINE('',#14692,#14693);
#14692 = CARTESIAN_POINT('',(22.85,-1.089935651241E-15,9.6));
#14693 = VECTOR('',#14694,1.);
#14694 = DIRECTION('',(0.,0.,1.));
#14695 = PCURVE('',#14663,#14696);
#14696 = DEFINITIONAL_REPRESENTATION('',(#14697),#14701);
#14697 = LINE('',#14698,#14699);
#14698 = CARTESIAN_POINT('',(6.28318530718,-0.));
#14699 = VECTOR('',#14700,1.);
#14700 = DIRECTION('',(0.,1.));
#14701 = ( GEOMETRIC_REPRESENTATION_CONTEXT(2) 
PARAMETRIC_REPRESENTATION_CONTEXT() REPRESENTATION_CONTEXT('2D SPACE',''
  ) );
#14702 = PCURVE('',#14663,#14703);
#14703 = DEFINITIONAL_REPRESENTATION('',(#14704),#14708);
#14704 = LINE('',#14705,#14706);
#14705 = CARTESIAN_POINT('',(0.,-0.));
#14706 = VECTOR('',#14707,1.);
#14707 = DIRECTION('',(0.,1.));
#14708 = ( GEOMETRIC_REPRESENTATION_CONTEXT(2) 
PARAMETRIC_REPRESENTATION_CONTEXT() REPRESENTATION_CONTEXT('2D SPACE',''
  ) );
#14709 = ORIENTED_EDGE('',*,*,#14710,.T.);
#14710 = EDGE_CURVE('',#14688,#14688,#14711,.T.);
#14711 = SURFACE_CURVE('',#14712,(#14717,#14724),.PCURVE_S1.);
#14712 = CIRCLE('',#14713,4.45);
#14713 = AXIS2_PLACEMENT_3D('',#14714,#14715,#14716);
#14714 = CARTESIAN_POINT('',(18.4,0.,9.6));
#14715 = DIRECTION('',(0.,0.,1.));
#14716 = DIRECTION('',(1.,0.,-0.));
#14717 = PCURVE('',#14663,#14718);
#14718 = DEFINITIONAL_REPRESENTATION('',(#14719),#14723);
#14719 = LINE('',#14720,#14721);
#14720 = CARTESIAN_POINT('',(0.,0.));
#14721 = VECTOR('',#14722,1.);
#14722 = DIRECTION('',(1.,0.));
#14723 = ( GEOMETRIC_REPRESENTATION_CONTEXT(2) 
PARAMETRIC_REPRESENTATION_CONTEXT() REPRESENTATION_CONTEXT('2D SPACE',''
  ) );
#14724 = PCURVE('',#14725,#14730);
#14725 = PLANE('',#14726);
#14726 = AXIS2_PLACEMENT_3D('',#14727,#14728,#14729);
#14727 = CARTESIAN_POINT('',(18.4,0.,9.6));
#14728 = DIRECTION('',(0.,0.,1.));
#14729 = DIRECTION('',(1.,0.,-0.));
#14730 = DEFINITIONAL_REPRESENTATION('',(#14731),#14735);
#14731 = CIRCLE('',#14732,4.45);
#14732 = AXIS2_PLACEMENT_2D('',#14733,#14734);
#14733 = CARTESIAN_POINT('',(0.,0.));
#14734 = DIRECTION('',(1.,0.));
#14735 = ( GEOMETRIC_REPRESENTATION_CONTEXT(2) 
PARAMETRIC_REPRESENTATION_CONTEXT() REPRESENTATION_CONTEXT('2D SPACE',''
  ) );
#14736 = ORIENTED_EDGE('',*,*,#14687,.T.);
#14737 = ADVANCED_FACE('',(#14738),#14675,.T.);
#14738 = FACE_BOUND('',#14739,.T.);
#14739 = EDGE_LOOP('',(#14740));
#14740 = ORIENTED_EDGE('',*,*,#14653,.T.);
#14741 = ADVANCED_FACE('',(#14742),#14725,.F.);
#14742 = FACE_BOUND('',#14743,.T.);
#14743 = EDGE_LOOP('',(#14744));
#14744 = ORIENTED_EDGE('',*,*,#14710,.F.);
#14745 = ( GEOMETRIC_REPRESENTATION_CONTEXT(3) 
GLOBAL_UNCERTAINTY_ASSIGNED_CONTEXT((#14749)) 
GLOBAL_UNIT_ASSIGNED_CONTEXT((#14746,#14747,#14748)) 
REPRESENTATION_CONTEXT('Context #1',
  '3D Context with UNIT and UNCERTAINTY') );
#14746 = ( LENGTH_UNIT() NAMED_UNIT(*) SI_UNIT(.MILLI.,.METRE.) );
#14747 = ( NAMED_UNIT(*) PLANE_ANGLE_UNIT() SI_UNIT($,.RADIAN.) );
#14748 = ( NAMED_UNIT(*) SI_UNIT($,.STERADIAN.) SOLID_ANGLE_UNIT() );
#14749 = UNCERTAINTY_MEASURE_WITH_UNIT(LENGTH_MEASURE(1.E-07),#14746,
  'distance_accuracy_value','confusion accuracy');
#14750 = CONTEXT_DEPENDENT_SHAPE_REPRESENTATION(#14751,#14753);
#14751 = ( REPRESENTATION_RELATIONSHIP('','',#14646,#10) 
REPRESENTATION_RELATIONSHIP_WITH_TRANSFORMATION(#14752) 
SHAPE_REPRESENTATION_RELATIONSHIP() );
#14752 = ITEM_DEFINED_TRANSFORMATION('','',#11,#99);
#14753 = PRODUCT_DEFINITION_SHAPE('Placement','Placement of an item',
  #14754);
#14754 = NEXT_ASSEMBLY_USAGE_OCCURRENCE('22','spoon_balance_slug_steel',
  '',#5,#14641,$);
#14755 = PRODUCT_RELATED_PRODUCT_CATEGORY('part',$,(#14643));
ENDSEC;
END-ISO-10303-21;
