ISO-10303-21;
HEADER;
FILE_DESCRIPTION(('Open CASCADE Model'),'2;1');
FILE_NAME('Open CASCADE Shape Model','1970-01-01T00:00:00',('Author'),(
    'Open CASCADE'),'Open CASCADE STEP processor 7.9','Open CASCADE 7.9'
  ,'Unknown');
FILE_SCHEMA(('AUTOMOTIVE_DESIGN { 1 0 10303 214 1 1 1 1 }'));
ENDSEC;
DATA;
#1 = APPLICATION_PROTOCOL_DEFINITION('international standard',
  'automotive_design',2000,#2);
#2 = APPLICATION_CONTEXT(
  'core data for automotive mechanical design processes');
#3 = SHAPE_DEFINITION_REPRESENTATION(#4,#10);
#4 = PRODUCT_DEFINITION_SHAPE('','',#5);
#5 = PRODUCT_DEFINITION('design','',#6,#9);
#6 = PRODUCT_DEFINITION_FORMATION('','',#7);
#7 = PRODUCT('Open CASCADE STEP translator 7.9 5',
  'Open CASCADE STEP translator 7.9 5','',(#8));
#8 = PRODUCT_CONTEXT('',#2,'mechanical');
#9 = PRODUCT_DEFINITION_CONTEXT('part definition',#2,'design');
#10 = ADVANCED_BREP_SHAPE_REPRESENTATION('',(#11,#15),#3517);
#11 = AXIS2_PLACEMENT_3D('',#12,#13,#14);
#12 = CARTESIAN_POINT('',(0.,0.,0.));
#13 = DIRECTION('',(0.,0.,1.));
#14 = DIRECTION('',(1.,0.,-0.));
#15 = MANIFOLD_SOLID_BREP('',#16);
#16 = CLOSED_SHELL('',(#17,#137,#387,#646,#696,#898,#945,#994,#1043,
    #1090,#1117,#1167,#1217,#1245,#1323,#1616,#1665,#1966,#2020,#2048,
    #2059,#2086,#2114,#2142,#2170,#2175,#2200,#2463,#2470,#2498,#2526,
    #2554,#2559,#2635,#2684,#2733,#2760,#2815,#2870,#2925,#2980,#3201,
    #3228,#3255,#3282,#3309,#3385,#3434,#3483,#3510));
#17 = ADVANCED_FACE('',(#18),#32,.F.);
#18 = FACE_BOUND('',#19,.F.);
#19 = EDGE_LOOP('',(#20,#55,#83,#111));
#20 = ORIENTED_EDGE('',*,*,#21,.F.);
#21 = EDGE_CURVE('',#22,#24,#26,.T.);
#22 = VERTEX_POINT('',#23);
#23 = CARTESIAN_POINT('',(-32.,32.,0.5));
#24 = VERTEX_POINT('',#25);
#25 = CARTESIAN_POINT('',(-32.,32.,9.));
#26 = SURFACE_CURVE('',#27,(#31,#43),.PCURVE_S1.);
#27 = LINE('',#28,#29);
#28 = CARTESIAN_POINT('',(-32.,32.,0.5));
#29 = VECTOR('',#30,1.);
#30 = DIRECTION('',(0.,0.,1.));
#31 = PCURVE('',#32,#37);
#32 = PLANE('',#33);
#33 = AXIS2_PLACEMENT_3D('',#34,#35,#36);
#34 = CARTESIAN_POINT('',(-32.,32.,0.5));
#35 = DIRECTION('',(1.,0.,0.));
#36 = DIRECTION('',(0.,0.,1.));
#37 = DEFINITIONAL_REPRESENTATION('',(#38),#42);
#38 = LINE('',#39,#40);
#39 = CARTESIAN_POINT('',(0.,0.));
#40 = VECTOR('',#41,1.);
#41 = DIRECTION('',(1.,0.));
#42 = ( GEOMETRIC_REPRESENTATION_CONTEXT(2) 
PARAMETRIC_REPRESENTATION_CONTEXT() REPRESENTATION_CONTEXT('2D SPACE',''
  ) );
#43 = PCURVE('',#44,#49);
#44 = PLANE('',#45);
#45 = AXIS2_PLACEMENT_3D('',#46,#47,#48);
#46 = CARTESIAN_POINT('',(-32.,32.,0.5));
#47 = DIRECTION('',(0.,1.,0.));
#48 = DIRECTION('',(0.,0.,1.));
#49 = DEFINITIONAL_REPRESENTATION('',(#50),#54);
#50 = LINE('',#51,#52);
#51 = CARTESIAN_POINT('',(0.,0.));
#52 = VECTOR('',#53,1.);
#53 = DIRECTION('',(1.,0.));
#54 = ( GEOMETRIC_REPRESENTATION_CONTEXT(2) 
PARAMETRIC_REPRESENTATION_CONTEXT() REPRESENTATION_CONTEXT('2D SPACE',''
  ) );
#55 = ORIENTED_EDGE('',*,*,#56,.T.);
#56 = EDGE_CURVE('',#22,#57,#59,.T.);
#57 = VERTEX_POINT('',#58);
#58 = CARTESIAN_POINT('',(-32.,40.,0.5));
#59 = SURFACE_CURVE('',#60,(#64,#71),.PCURVE_S1.);
#60 = LINE('',#61,#62);
#61 = CARTESIAN_POINT('',(-32.,32.,0.5));
#62 = VECTOR('',#63,1.);
#63 = DIRECTION('',(0.,1.,0.));
#64 = PCURVE('',#32,#65);
#65 = DEFINITIONAL_REPRESENTATION('',(#66),#70);
#66 = LINE('',#67,#68);
#67 = CARTESIAN_POINT('',(0.,0.));
#68 = VECTOR('',#69,1.);
#69 = DIRECTION('',(0.,-1.));
#70 = ( GEOMETRIC_REPRESENTATION_CONTEXT(2) 
PARAMETRIC_REPRESENTATION_CONTEXT() REPRESENTATION_CONTEXT('2D SPACE',''
  ) );
#71 = PCURVE('',#72,#77);
#72 = PLANE('',#73);
#73 = AXIS2_PLACEMENT_3D('',#74,#75,#76);
#74 = CARTESIAN_POINT('',(-32.,32.,0.5));
#75 = DIRECTION('',(0.,0.,1.));
#76 = DIRECTION('',(1.,0.,0.));
#77 = DEFINITIONAL_REPRESENTATION('',(#78),#82);
#78 = LINE('',#79,#80);
#79 = CARTESIAN_POINT('',(0.,0.));
#80 = VECTOR('',#81,1.);
#81 = DIRECTION('',(0.,1.));
#82 = ( GEOMETRIC_REPRESENTATION_CONTEXT(2) 
PARAMETRIC_REPRESENTATION_CONTEXT() REPRESENTATION_CONTEXT('2D SPACE',''
  ) );
#83 = ORIENTED_EDGE('',*,*,#84,.T.);
#84 = EDGE_CURVE('',#57,#85,#87,.T.);
#85 = VERTEX_POINT('',#86);
#86 = CARTESIAN_POINT('',(-32.,40.,9.));
#87 = SURFACE_CURVE('',#88,(#92,#99),.PCURVE_S1.);
#88 = LINE('',#89,#90);
#89 = CARTESIAN_POINT('',(-32.,40.,0.5));
#90 = VECTOR('',#91,1.);
#91 = DIRECTION('',(0.,0.,1.));
#92 = PCURVE('',#32,#93);
#93 = DEFINITIONAL_REPRESENTATION('',(#94),#98);
#94 = LINE('',#95,#96);
#95 = CARTESIAN_POINT('',(0.,-8.));
#96 = VECTOR('',#97,1.);
#97 = DIRECTION('',(1.,0.));
#98 = ( GEOMETRIC_REPRESENTATION_CONTEXT(2) 
PARAMETRIC_REPRESENTATION_CONTEXT() REPRESENTATION_CONTEXT('2D SPACE',''
  ) );
#99 = PCURVE('',#100,#105);
#100 = PLANE('',#101);
#101 = AXIS2_PLACEMENT_3D('',#102,#103,#104);
#102 = CARTESIAN_POINT('',(-32.,40.,0.5));
#103 = DIRECTION('',(0.,1.,0.));
#104 = DIRECTION('',(0.,0.,1.));
#105 = DEFINITIONAL_REPRESENTATION('',(#106),#110);
#106 = LINE('',#107,#108);
#107 = CARTESIAN_POINT('',(0.,0.));
#108 = VECTOR('',#109,1.);
#109 = DIRECTION('',(1.,0.));
#110 = ( GEOMETRIC_REPRESENTATION_CONTEXT(2) 
PARAMETRIC_REPRESENTATION_CONTEXT() REPRESENTATION_CONTEXT('2D SPACE',''
  ) );
#111 = ORIENTED_EDGE('',*,*,#112,.F.);
#112 = EDGE_CURVE('',#24,#85,#113,.T.);
#113 = SURFACE_CURVE('',#114,(#118,#125),.PCURVE_S1.);
#114 = LINE('',#115,#116);
#115 = CARTESIAN_POINT('',(-32.,32.,9.));
#116 = VECTOR('',#117,1.);
#117 = DIRECTION('',(0.,1.,0.));
#118 = PCURVE('',#32,#119);
#119 = DEFINITIONAL_REPRESENTATION('',(#120),#124);
#120 = LINE('',#121,#122);
#121 = CARTESIAN_POINT('',(8.5,0.));
#122 = VECTOR('',#123,1.);
#123 = DIRECTION('',(0.,-1.));
#124 = ( GEOMETRIC_REPRESENTATION_CONTEXT(2) 
PARAMETRIC_REPRESENTATION_CONTEXT() REPRESENTATION_CONTEXT('2D SPACE',''
  ) );
#125 = PCURVE('',#126,#131);
#126 = PLANE('',#127);
#127 = AXIS2_PLACEMENT_3D('',#128,#129,#130);
#128 = CARTESIAN_POINT('',(-32.,32.,9.));
#129 = DIRECTION('',(0.,0.,1.));
#130 = DIRECTION('',(1.,0.,0.));
#131 = DEFINITIONAL_REPRESENTATION('',(#132),#136);
#132 = LINE('',#133,#134);
#133 = CARTESIAN_POINT('',(0.,0.));
#134 = VECTOR('',#135,1.);
#135 = DIRECTION('',(0.,1.));
#136 = ( GEOMETRIC_REPRESENTATION_CONTEXT(2) 
PARAMETRIC_REPRESENTATION_CONTEXT() REPRESENTATION_CONTEXT('2D SPACE',''
  ) );
#137 = ADVANCED_FACE('',(#138,#325,#356),#44,.F.);
#138 = FACE_BOUND('',#139,.F.);
#139 = EDGE_LOOP('',(#140,#170,#191,#192,#215,#243,#271,#299));
#140 = ORIENTED_EDGE('',*,*,#141,.F.);
#141 = EDGE_CURVE('',#142,#144,#146,.T.);
#142 = VERTEX_POINT('',#143);
#143 = CARTESIAN_POINT('',(24.,32.,0.5));
#144 = VERTEX_POINT('',#145);
#145 = CARTESIAN_POINT('',(24.,32.,1.));
#146 = SURFACE_CURVE('',#147,(#151,#158),.PCURVE_S1.);
#147 = LINE('',#148,#149);
#148 = CARTESIAN_POINT('',(24.,32.,0.5));
#149 = VECTOR('',#150,1.);
#150 = DIRECTION('',(0.,0.,1.));
#151 = PCURVE('',#44,#152);
#152 = DEFINITIONAL_REPRESENTATION('',(#153),#157);
#153 = LINE('',#154,#155);
#154 = CARTESIAN_POINT('',(0.,56.));
#155 = VECTOR('',#156,1.);
#156 = DIRECTION('',(1.,0.));
#157 = ( GEOMETRIC_REPRESENTATION_CONTEXT(2) 
PARAMETRIC_REPRESENTATION_CONTEXT() REPRESENTATION_CONTEXT('2D SPACE',''
  ) );
#158 = PCURVE('',#159,#164);
#159 = PLANE('',#160);
#160 = AXIS2_PLACEMENT_3D('',#161,#162,#163);
#161 = CARTESIAN_POINT('',(24.,32.,0.5));
#162 = DIRECTION('',(1.,0.,0.));
#163 = DIRECTION('',(0.,0.,1.));
#164 = DEFINITIONAL_REPRESENTATION('',(#165),#169);
#165 = LINE('',#166,#167);
#166 = CARTESIAN_POINT('',(0.,0.));
#167 = VECTOR('',#168,1.);
#168 = DIRECTION('',(1.,0.));
#169 = ( GEOMETRIC_REPRESENTATION_CONTEXT(2) 
PARAMETRIC_REPRESENTATION_CONTEXT() REPRESENTATION_CONTEXT('2D SPACE',''
  ) );
#170 = ORIENTED_EDGE('',*,*,#171,.F.);
#171 = EDGE_CURVE('',#22,#142,#172,.T.);
#172 = SURFACE_CURVE('',#173,(#177,#184),.PCURVE_S1.);
#173 = LINE('',#174,#175);
#174 = CARTESIAN_POINT('',(-32.,32.,0.5));
#175 = VECTOR('',#176,1.);
#176 = DIRECTION('',(1.,0.,0.));
#177 = PCURVE('',#44,#178);
#178 = DEFINITIONAL_REPRESENTATION('',(#179),#183);
#179 = LINE('',#180,#181);
#180 = CARTESIAN_POINT('',(0.,0.));
#181 = VECTOR('',#182,1.);
#182 = DIRECTION('',(0.,1.));
#183 = ( GEOMETRIC_REPRESENTATION_CONTEXT(2) 
PARAMETRIC_REPRESENTATION_CONTEXT() REPRESENTATION_CONTEXT('2D SPACE',''
  ) );
#184 = PCURVE('',#72,#185);
#185 = DEFINITIONAL_REPRESENTATION('',(#186),#190);
#186 = LINE('',#187,#188);
#187 = CARTESIAN_POINT('',(0.,0.));
#188 = VECTOR('',#189,1.);
#189 = DIRECTION('',(1.,0.));
#190 = ( GEOMETRIC_REPRESENTATION_CONTEXT(2) 
PARAMETRIC_REPRESENTATION_CONTEXT() REPRESENTATION_CONTEXT('2D SPACE',''
  ) );
#191 = ORIENTED_EDGE('',*,*,#21,.T.);
#192 = ORIENTED_EDGE('',*,*,#193,.T.);
#193 = EDGE_CURVE('',#24,#194,#196,.T.);
#194 = VERTEX_POINT('',#195);
#195 = CARTESIAN_POINT('',(24.,32.,9.));
#196 = SURFACE_CURVE('',#197,(#201,#208),.PCURVE_S1.);
#197 = LINE('',#198,#199);
#198 = CARTESIAN_POINT('',(-32.,32.,9.));
#199 = VECTOR('',#200,1.);
#200 = DIRECTION('',(1.,0.,0.));
#201 = PCURVE('',#44,#202);
#202 = DEFINITIONAL_REPRESENTATION('',(#203),#207);
#203 = LINE('',#204,#205);
#204 = CARTESIAN_POINT('',(8.5,0.));
#205 = VECTOR('',#206,1.);
#206 = DIRECTION('',(0.,1.));
#207 = ( GEOMETRIC_REPRESENTATION_CONTEXT(2) 
PARAMETRIC_REPRESENTATION_CONTEXT() REPRESENTATION_CONTEXT('2D SPACE',''
  ) );
#208 = PCURVE('',#126,#209);
#209 = DEFINITIONAL_REPRESENTATION('',(#210),#214);
#210 = LINE('',#211,#212);
#211 = CARTESIAN_POINT('',(0.,0.));
#212 = VECTOR('',#213,1.);
#213 = DIRECTION('',(1.,0.));
#214 = ( GEOMETRIC_REPRESENTATION_CONTEXT(2) 
PARAMETRIC_REPRESENTATION_CONTEXT() REPRESENTATION_CONTEXT('2D SPACE',''
  ) );
#215 = ORIENTED_EDGE('',*,*,#216,.F.);
#216 = EDGE_CURVE('',#217,#194,#219,.T.);
#217 = VERTEX_POINT('',#218);
#218 = CARTESIAN_POINT('',(24.,32.,8.5));
#219 = SURFACE_CURVE('',#220,(#224,#231),.PCURVE_S1.);
#220 = LINE('',#221,#222);
#221 = CARTESIAN_POINT('',(24.,32.,0.5));
#222 = VECTOR('',#223,1.);
#223 = DIRECTION('',(0.,0.,1.));
#224 = PCURVE('',#44,#225);
#225 = DEFINITIONAL_REPRESENTATION('',(#226),#230);
#226 = LINE('',#227,#228);
#227 = CARTESIAN_POINT('',(0.,56.));
#228 = VECTOR('',#229,1.);
#229 = DIRECTION('',(1.,0.));
#230 = ( GEOMETRIC_REPRESENTATION_CONTEXT(2) 
PARAMETRIC_REPRESENTATION_CONTEXT() REPRESENTATION_CONTEXT('2D SPACE',''
  ) );
#231 = PCURVE('',#232,#237);
#232 = PLANE('',#233);
#233 = AXIS2_PLACEMENT_3D('',#234,#235,#236);
#234 = CARTESIAN_POINT('',(24.,32.,0.5));
#235 = DIRECTION('',(1.,0.,0.));
#236 = DIRECTION('',(0.,0.,1.));
#237 = DEFINITIONAL_REPRESENTATION('',(#238),#242);
#238 = LINE('',#239,#240);
#239 = CARTESIAN_POINT('',(0.,0.));
#240 = VECTOR('',#241,1.);
#241 = DIRECTION('',(1.,0.));
#242 = ( GEOMETRIC_REPRESENTATION_CONTEXT(2) 
PARAMETRIC_REPRESENTATION_CONTEXT() REPRESENTATION_CONTEXT('2D SPACE',''
  ) );
#243 = ORIENTED_EDGE('',*,*,#244,.T.);
#244 = EDGE_CURVE('',#217,#245,#247,.T.);
#245 = VERTEX_POINT('',#246);
#246 = CARTESIAN_POINT('',(27.,32.,8.5));
#247 = SURFACE_CURVE('',#248,(#252,#259),.PCURVE_S1.);
#248 = LINE('',#249,#250);
#249 = CARTESIAN_POINT('',(23.,32.,8.5));
#250 = VECTOR('',#251,1.);
#251 = DIRECTION('',(1.,0.,0.));
#252 = PCURVE('',#44,#253);
#253 = DEFINITIONAL_REPRESENTATION('',(#254),#258);
#254 = LINE('',#255,#256);
#255 = CARTESIAN_POINT('',(8.,55.));
#256 = VECTOR('',#257,1.);
#257 = DIRECTION('',(0.,1.));
#258 = ( GEOMETRIC_REPRESENTATION_CONTEXT(2) 
PARAMETRIC_REPRESENTATION_CONTEXT() REPRESENTATION_CONTEXT('2D SPACE',''
  ) );
#259 = PCURVE('',#260,#265);
#260 = PLANE('',#261);
#261 = AXIS2_PLACEMENT_3D('',#262,#263,#264);
#262 = CARTESIAN_POINT('',(23.,32.,8.5));
#263 = DIRECTION('',(0.,0.,1.));
#264 = DIRECTION('',(1.,0.,0.));
#265 = DEFINITIONAL_REPRESENTATION('',(#266),#270);
#266 = LINE('',#267,#268);
#267 = CARTESIAN_POINT('',(0.,0.));
#268 = VECTOR('',#269,1.);
#269 = DIRECTION('',(1.,0.));
#270 = ( GEOMETRIC_REPRESENTATION_CONTEXT(2) 
PARAMETRIC_REPRESENTATION_CONTEXT() REPRESENTATION_CONTEXT('2D SPACE',''
  ) );
#271 = ORIENTED_EDGE('',*,*,#272,.F.);
#272 = EDGE_CURVE('',#273,#245,#275,.T.);
#273 = VERTEX_POINT('',#274);
#274 = CARTESIAN_POINT('',(27.,32.,1.));
#275 = SURFACE_CURVE('',#276,(#280,#287),.PCURVE_S1.);
#276 = LINE('',#277,#278);
#277 = CARTESIAN_POINT('',(27.,32.,1.));
#278 = VECTOR('',#279,1.);
#279 = DIRECTION('',(0.,0.,1.));
#280 = PCURVE('',#44,#281);
#281 = DEFINITIONAL_REPRESENTATION('',(#282),#286);
#282 = LINE('',#283,#284);
#283 = CARTESIAN_POINT('',(0.5,59.));
#284 = VECTOR('',#285,1.);
#285 = DIRECTION('',(1.,0.));
#286 = ( GEOMETRIC_REPRESENTATION_CONTEXT(2) 
PARAMETRIC_REPRESENTATION_CONTEXT() REPRESENTATION_CONTEXT('2D SPACE',''
  ) );
#287 = PCURVE('',#288,#293);
#288 = PLANE('',#289);
#289 = AXIS2_PLACEMENT_3D('',#290,#291,#292);
#290 = CARTESIAN_POINT('',(27.,32.,1.));
#291 = DIRECTION('',(1.,0.,0.));
#292 = DIRECTION('',(0.,0.,1.));
#293 = DEFINITIONAL_REPRESENTATION('',(#294),#298);
#294 = LINE('',#295,#296);
#295 = CARTESIAN_POINT('',(0.,0.));
#296 = VECTOR('',#297,1.);
#297 = DIRECTION('',(1.,0.));
#298 = ( GEOMETRIC_REPRESENTATION_CONTEXT(2) 
PARAMETRIC_REPRESENTATION_CONTEXT() REPRESENTATION_CONTEXT('2D SPACE',''
  ) );
#299 = ORIENTED_EDGE('',*,*,#300,.F.);
#300 = EDGE_CURVE('',#144,#273,#301,.T.);
#301 = SURFACE_CURVE('',#302,(#306,#313),.PCURVE_S1.);
#302 = LINE('',#303,#304);
#303 = CARTESIAN_POINT('',(23.,32.,1.));
#304 = VECTOR('',#305,1.);
#305 = DIRECTION('',(1.,0.,0.));
#306 = PCURVE('',#44,#307);
#307 = DEFINITIONAL_REPRESENTATION('',(#308),#312);
#308 = LINE('',#309,#310);
#309 = CARTESIAN_POINT('',(0.5,55.));
#310 = VECTOR('',#311,1.);
#311 = DIRECTION('',(0.,1.));
#312 = ( GEOMETRIC_REPRESENTATION_CONTEXT(2) 
PARAMETRIC_REPRESENTATION_CONTEXT() REPRESENTATION_CONTEXT('2D SPACE',''
  ) );
#313 = PCURVE('',#314,#319);
#314 = PLANE('',#315);
#315 = AXIS2_PLACEMENT_3D('',#316,#317,#318);
#316 = CARTESIAN_POINT('',(23.,32.,1.));
#317 = DIRECTION('',(0.,0.,1.));
#318 = DIRECTION('',(1.,0.,0.));
#319 = DEFINITIONAL_REPRESENTATION('',(#320),#324);
#320 = LINE('',#321,#322);
#321 = CARTESIAN_POINT('',(0.,0.));
#322 = VECTOR('',#323,1.);
#323 = DIRECTION('',(1.,0.));
#324 = ( GEOMETRIC_REPRESENTATION_CONTEXT(2) 
PARAMETRIC_REPRESENTATION_CONTEXT() REPRESENTATION_CONTEXT('2D SPACE',''
  ) );
#325 = FACE_BOUND('',#326,.F.);
#326 = EDGE_LOOP('',(#327));
#327 = ORIENTED_EDGE('',*,*,#328,.F.);
#328 = EDGE_CURVE('',#329,#329,#331,.T.);
#329 = VERTEX_POINT('',#330);
#330 = CARTESIAN_POINT('',(-25.,32.,6.95));
#331 = SURFACE_CURVE('',#332,(#337,#344),.PCURVE_S1.);
#332 = CIRCLE('',#333,2.2);
#333 = AXIS2_PLACEMENT_3D('',#334,#335,#336);
#334 = CARTESIAN_POINT('',(-25.,32.,4.75));
#335 = DIRECTION('',(0.,1.,0.));
#336 = DIRECTION('',(0.,-0.,1.));
#337 = PCURVE('',#44,#338);
#338 = DEFINITIONAL_REPRESENTATION('',(#339),#343);
#339 = CIRCLE('',#340,2.2);
#340 = AXIS2_PLACEMENT_2D('',#341,#342);
#341 = CARTESIAN_POINT('',(4.25,7.));
#342 = DIRECTION('',(1.,0.));
#343 = ( GEOMETRIC_REPRESENTATION_CONTEXT(2) 
PARAMETRIC_REPRESENTATION_CONTEXT() REPRESENTATION_CONTEXT('2D SPACE',''
  ) );
#344 = PCURVE('',#345,#350);
#345 = CYLINDRICAL_SURFACE('',#346,2.2);
#346 = AXIS2_PLACEMENT_3D('',#347,#348,#349);
#347 = CARTESIAN_POINT('',(-25.,31.9,4.75));
#348 = DIRECTION('',(0.,1.,0.));
#349 = DIRECTION('',(0.,-0.,1.));
#350 = DEFINITIONAL_REPRESENTATION('',(#351),#355);
#351 = LINE('',#352,#353);
#352 = CARTESIAN_POINT('',(0.,0.1));
#353 = VECTOR('',#354,1.);
#354 = DIRECTION('',(1.,0.));
#355 = ( GEOMETRIC_REPRESENTATION_CONTEXT(2) 
PARAMETRIC_REPRESENTATION_CONTEXT() REPRESENTATION_CONTEXT('2D SPACE',''
  ) );
#356 = FACE_BOUND('',#357,.F.);
#357 = EDGE_LOOP('',(#358));
#358 = ORIENTED_EDGE('',*,*,#359,.F.);
#359 = EDGE_CURVE('',#360,#360,#362,.T.);
#360 = VERTEX_POINT('',#361);
#361 = CARTESIAN_POINT('',(21.,32.,6.95));
#362 = SURFACE_CURVE('',#363,(#368,#375),.PCURVE_S1.);
#363 = CIRCLE('',#364,2.2);
#364 = AXIS2_PLACEMENT_3D('',#365,#366,#367);
#365 = CARTESIAN_POINT('',(21.,32.,4.75));
#366 = DIRECTION('',(0.,1.,0.));
#367 = DIRECTION('',(0.,-0.,1.));
#368 = PCURVE('',#44,#369);
#369 = DEFINITIONAL_REPRESENTATION('',(#370),#374);
#370 = CIRCLE('',#371,2.2);
#371 = AXIS2_PLACEMENT_2D('',#372,#373);
#372 = CARTESIAN_POINT('',(4.25,53.));
#373 = DIRECTION('',(1.,0.));
#374 = ( GEOMETRIC_REPRESENTATION_CONTEXT(2) 
PARAMETRIC_REPRESENTATION_CONTEXT() REPRESENTATION_CONTEXT('2D SPACE',''
  ) );
#375 = PCURVE('',#376,#381);
#376 = CYLINDRICAL_SURFACE('',#377,2.2);
#377 = AXIS2_PLACEMENT_3D('',#378,#379,#380);
#378 = CARTESIAN_POINT('',(21.,31.9,4.75));
#379 = DIRECTION('',(0.,1.,0.));
#380 = DIRECTION('',(0.,-0.,1.));
#381 = DEFINITIONAL_REPRESENTATION('',(#382),#386);
#382 = LINE('',#383,#384);
#383 = CARTESIAN_POINT('',(0.,0.1));
#384 = VECTOR('',#385,1.);
#385 = DIRECTION('',(1.,0.));
#386 = ( GEOMETRIC_REPRESENTATION_CONTEXT(2) 
PARAMETRIC_REPRESENTATION_CONTEXT() REPRESENTATION_CONTEXT('2D SPACE',''
  ) );
#387 = ADVANCED_FACE('',(#388),#126,.T.);
#388 = FACE_BOUND('',#389,.T.);
#389 = EDGE_LOOP('',(#390,#413,#414,#415,#438,#466,#492,#518,#544,#570,
    #596,#622));
#390 = ORIENTED_EDGE('',*,*,#391,.F.);
#391 = EDGE_CURVE('',#85,#392,#394,.T.);
#392 = VERTEX_POINT('',#393);
#393 = CARTESIAN_POINT('',(-27.12132034356,40.,9.));
#394 = SURFACE_CURVE('',#395,(#399,#406),.PCURVE_S1.);
#395 = LINE('',#396,#397);
#396 = CARTESIAN_POINT('',(-32.,40.,9.));
#397 = VECTOR('',#398,1.);
#398 = DIRECTION('',(1.,0.,0.));
#399 = PCURVE('',#126,#400);
#400 = DEFINITIONAL_REPRESENTATION('',(#401),#405);
#401 = LINE('',#402,#403);
#402 = CARTESIAN_POINT('',(0.,8.));
#403 = VECTOR('',#404,1.);
#404 = DIRECTION('',(1.,0.));
#405 = ( GEOMETRIC_REPRESENTATION_CONTEXT(2) 
PARAMETRIC_REPRESENTATION_CONTEXT() REPRESENTATION_CONTEXT('2D SPACE',''
  ) );
#406 = PCURVE('',#100,#407);
#407 = DEFINITIONAL_REPRESENTATION('',(#408),#412);
#408 = LINE('',#409,#410);
#409 = CARTESIAN_POINT('',(8.5,0.));
#410 = VECTOR('',#411,1.);
#411 = DIRECTION('',(0.,1.));
#412 = ( GEOMETRIC_REPRESENTATION_CONTEXT(2) 
PARAMETRIC_REPRESENTATION_CONTEXT() REPRESENTATION_CONTEXT('2D SPACE',''
  ) );
#413 = ORIENTED_EDGE('',*,*,#112,.F.);
#414 = ORIENTED_EDGE('',*,*,#193,.T.);
#415 = ORIENTED_EDGE('',*,*,#416,.T.);
#416 = EDGE_CURVE('',#194,#417,#419,.T.);
#417 = VERTEX_POINT('',#418);
#418 = CARTESIAN_POINT('',(24.,40.,9.));
#419 = SURFACE_CURVE('',#420,(#424,#431),.PCURVE_S1.);
#420 = LINE('',#421,#422);
#421 = CARTESIAN_POINT('',(24.,32.,9.));
#422 = VECTOR('',#423,1.);
#423 = DIRECTION('',(0.,1.,0.));
#424 = PCURVE('',#126,#425);
#425 = DEFINITIONAL_REPRESENTATION('',(#426),#430);
#426 = LINE('',#427,#428);
#427 = CARTESIAN_POINT('',(56.,0.));
#428 = VECTOR('',#429,1.);
#429 = DIRECTION('',(0.,1.));
#430 = ( GEOMETRIC_REPRESENTATION_CONTEXT(2) 
PARAMETRIC_REPRESENTATION_CONTEXT() REPRESENTATION_CONTEXT('2D SPACE',''
  ) );
#431 = PCURVE('',#232,#432);
#432 = DEFINITIONAL_REPRESENTATION('',(#433),#437);
#433 = LINE('',#434,#435);
#434 = CARTESIAN_POINT('',(8.5,0.));
#435 = VECTOR('',#436,1.);
#436 = DIRECTION('',(0.,-1.));
#437 = ( GEOMETRIC_REPRESENTATION_CONTEXT(2) 
PARAMETRIC_REPRESENTATION_CONTEXT() REPRESENTATION_CONTEXT('2D SPACE',''
  ) );
#438 = ORIENTED_EDGE('',*,*,#439,.F.);
#439 = EDGE_CURVE('',#440,#417,#442,.T.);
#440 = VERTEX_POINT('',#441);
#441 = CARTESIAN_POINT('',(23.12132034356,40.,9.));
#442 = SURFACE_CURVE('',#443,(#447,#454),.PCURVE_S1.);
#443 = LINE('',#444,#445);
#444 = CARTESIAN_POINT('',(-32.,40.,9.));
#445 = VECTOR('',#446,1.);
#446 = DIRECTION('',(1.,0.,0.));
#447 = PCURVE('',#126,#448);
#448 = DEFINITIONAL_REPRESENTATION('',(#449),#453);
#449 = LINE('',#450,#451);
#450 = CARTESIAN_POINT('',(0.,8.));
#451 = VECTOR('',#452,1.);
#452 = DIRECTION('',(1.,0.));
#453 = ( GEOMETRIC_REPRESENTATION_CONTEXT(2) 
PARAMETRIC_REPRESENTATION_CONTEXT() REPRESENTATION_CONTEXT('2D SPACE',''
  ) );
#454 = PCURVE('',#455,#460);
#455 = PLANE('',#456);
#456 = AXIS2_PLACEMENT_3D('',#457,#458,#459);
#457 = CARTESIAN_POINT('',(-32.,40.,0.5));
#458 = DIRECTION('',(0.,1.,0.));
#459 = DIRECTION('',(0.,0.,1.));
#460 = DEFINITIONAL_REPRESENTATION('',(#461),#465);
#461 = LINE('',#462,#463);
#462 = CARTESIAN_POINT('',(8.5,0.));
#463 = VECTOR('',#464,1.);
#464 = DIRECTION('',(0.,1.));
#465 = ( GEOMETRIC_REPRESENTATION_CONTEXT(2) 
PARAMETRIC_REPRESENTATION_CONTEXT() REPRESENTATION_CONTEXT('2D SPACE',''
  ) );
#466 = ORIENTED_EDGE('',*,*,#467,.F.);
#467 = EDGE_CURVE('',#468,#440,#470,.T.);
#468 = VERTEX_POINT('',#469);
#469 = CARTESIAN_POINT('',(23.12132034356,39.8,9.));
#470 = SURFACE_CURVE('',#471,(#475,#481),.PCURVE_S1.);
#471 = LINE('',#472,#473);
#472 = CARTESIAN_POINT('',(23.12132034356,39.8,9.));
#473 = VECTOR('',#474,1.);
#474 = DIRECTION('',(0.,1.,0.));
#475 = PCURVE('',#126,#476);
#476 = DEFINITIONAL_REPRESENTATION('',(#477),#480);
#477 = B_SPLINE_CURVE_WITH_KNOTS('',1,(#478,#479),.UNSPECIFIED.,.F.,.F.,
  (2,2),(-5.999999999062E-07,1.),.PIECEWISE_BEZIER_KNOTS.);
#478 = CARTESIAN_POINT('',(55.12132034356,7.7999994));
#479 = CARTESIAN_POINT('',(55.12132034356,8.8));
#480 = ( GEOMETRIC_REPRESENTATION_CONTEXT(2) 
PARAMETRIC_REPRESENTATION_CONTEXT() REPRESENTATION_CONTEXT('2D SPACE',''
  ) );
#481 = PCURVE('',#482,#487);
#482 = CYLINDRICAL_SURFACE('',#483,4.75);
#483 = AXIS2_PLACEMENT_3D('',#484,#485,#486);
#484 = CARTESIAN_POINT('',(21.,39.8,4.75));
#485 = DIRECTION('',(0.,1.,0.));
#486 = DIRECTION('',(0.,-0.,1.));
#487 = DEFINITIONAL_REPRESENTATION('',(#488),#491);
#488 = B_SPLINE_CURVE_WITH_KNOTS('',1,(#489,#490),.UNSPECIFIED.,.F.,.F.,
  (2,2),(-5.999999999062E-07,1.),.PIECEWISE_BEZIER_KNOTS.);
#489 = CARTESIAN_POINT('',(0.46295472794,-5.999999999062E-07));
#490 = CARTESIAN_POINT('',(0.46295472794,1.));
#491 = ( GEOMETRIC_REPRESENTATION_CONTEXT(2) 
PARAMETRIC_REPRESENTATION_CONTEXT() REPRESENTATION_CONTEXT('2D SPACE',''
  ) );
#492 = ORIENTED_EDGE('',*,*,#493,.T.);
#493 = EDGE_CURVE('',#468,#494,#496,.T.);
#494 = VERTEX_POINT('',#495);
#495 = CARTESIAN_POINT('',(19.5,39.8,9.));
#496 = SURFACE_CURVE('',#497,(#501,#507),.PCURVE_S1.);
#497 = LINE('',#498,#499);
#498 = CARTESIAN_POINT('',(-5.5,39.8,9.));
#499 = VECTOR('',#500,1.);
#500 = DIRECTION('',(-1.,0.,0.));
#501 = PCURVE('',#126,#502);
#502 = DEFINITIONAL_REPRESENTATION('',(#503),#506);
#503 = B_SPLINE_CURVE_WITH_KNOTS('',1,(#504,#505),.UNSPECIFIED.,.F.,.F.,
  (2,2),(-29.5,-21.75),.PIECEWISE_BEZIER_KNOTS.);
#504 = CARTESIAN_POINT('',(56.,7.8));
#505 = CARTESIAN_POINT('',(48.25,7.8));
#506 = ( GEOMETRIC_REPRESENTATION_CONTEXT(2) 
PARAMETRIC_REPRESENTATION_CONTEXT() REPRESENTATION_CONTEXT('2D SPACE',''
  ) );
#507 = PCURVE('',#508,#513);
#508 = PLANE('',#509);
#509 = AXIS2_PLACEMENT_3D('',#510,#511,#512);
#510 = CARTESIAN_POINT('',(21.,39.8,4.75));
#511 = DIRECTION('',(0.,1.,0.));
#512 = DIRECTION('',(0.,-0.,1.));
#513 = DEFINITIONAL_REPRESENTATION('',(#514),#517);
#514 = B_SPLINE_CURVE_WITH_KNOTS('',1,(#515,#516),.UNSPECIFIED.,.F.,.F.,
  (2,2),(-29.5,-21.75),.PIECEWISE_BEZIER_KNOTS.);
#515 = CARTESIAN_POINT('',(4.25,3.));
#516 = CARTESIAN_POINT('',(4.25,-4.75));
#517 = ( GEOMETRIC_REPRESENTATION_CONTEXT(2) 
PARAMETRIC_REPRESENTATION_CONTEXT() REPRESENTATION_CONTEXT('2D SPACE',''
  ) );
#518 = ORIENTED_EDGE('',*,*,#519,.F.);
#519 = EDGE_CURVE('',#520,#494,#522,.T.);
#520 = VERTEX_POINT('',#521);
#521 = CARTESIAN_POINT('',(19.5,38.,9.));
#522 = SURFACE_CURVE('',#523,(#527,#533),.PCURVE_S1.);
#523 = LINE('',#524,#525);
#524 = CARTESIAN_POINT('',(19.5,35.,9.));
#525 = VECTOR('',#526,1.);
#526 = DIRECTION('',(0.,1.,0.));
#527 = PCURVE('',#126,#528);
#528 = DEFINITIONAL_REPRESENTATION('',(#529),#532);
#529 = B_SPLINE_CURVE_WITH_KNOTS('',1,(#530,#531),.UNSPECIFIED.,.F.,.F.,
  (2,2),(3.,5.),.PIECEWISE_BEZIER_KNOTS.);
#530 = CARTESIAN_POINT('',(51.5,6.));
#531 = CARTESIAN_POINT('',(51.5,8.));
#532 = ( GEOMETRIC_REPRESENTATION_CONTEXT(2) 
PARAMETRIC_REPRESENTATION_CONTEXT() REPRESENTATION_CONTEXT('2D SPACE',''
  ) );
#533 = PCURVE('',#534,#539);
#534 = PLANE('',#535);
#535 = AXIS2_PLACEMENT_3D('',#536,#537,#538);
#536 = CARTESIAN_POINT('',(19.5,38.,-16.75));
#537 = DIRECTION('',(1.,0.,0.));
#538 = DIRECTION('',(0.,0.,1.));
#539 = DEFINITIONAL_REPRESENTATION('',(#540),#543);
#540 = B_SPLINE_CURVE_WITH_KNOTS('',1,(#541,#542),.UNSPECIFIED.,.F.,.F.,
  (2,2),(3.,5.),.PIECEWISE_BEZIER_KNOTS.);
#541 = CARTESIAN_POINT('',(25.75,0.));
#542 = CARTESIAN_POINT('',(25.75,-2.));
#543 = ( GEOMETRIC_REPRESENTATION_CONTEXT(2) 
PARAMETRIC_REPRESENTATION_CONTEXT() REPRESENTATION_CONTEXT('2D SPACE',''
  ) );
#544 = ORIENTED_EDGE('',*,*,#545,.T.);
#545 = EDGE_CURVE('',#520,#546,#548,.T.);
#546 = VERTEX_POINT('',#547);
#547 = CARTESIAN_POINT('',(-23.5,38.,9.));
#548 = SURFACE_CURVE('',#549,(#553,#559),.PCURVE_S1.);
#549 = LINE('',#550,#551);
#550 = CARTESIAN_POINT('',(-27.75,38.,9.));
#551 = VECTOR('',#552,1.);
#552 = DIRECTION('',(-1.,0.,0.));
#553 = PCURVE('',#126,#554);
#554 = DEFINITIONAL_REPRESENTATION('',(#555),#558);
#555 = B_SPLINE_CURVE_WITH_KNOTS('',1,(#556,#557),.UNSPECIFIED.,.F.,.F.,
  (2,2),(-47.25,-4.25),.PIECEWISE_BEZIER_KNOTS.);
#556 = CARTESIAN_POINT('',(51.5,6.));
#557 = CARTESIAN_POINT('',(8.5,6.));
#558 = ( GEOMETRIC_REPRESENTATION_CONTEXT(2) 
PARAMETRIC_REPRESENTATION_CONTEXT() REPRESENTATION_CONTEXT('2D SPACE',''
  ) );
#559 = PCURVE('',#560,#565);
#560 = PLANE('',#561);
#561 = AXIS2_PLACEMENT_3D('',#562,#563,#564);
#562 = CARTESIAN_POINT('',(-23.5,38.,-16.75));
#563 = DIRECTION('',(0.,1.,0.));
#564 = DIRECTION('',(0.,0.,1.));
#565 = DEFINITIONAL_REPRESENTATION('',(#566),#569);
#566 = B_SPLINE_CURVE_WITH_KNOTS('',1,(#567,#568),.UNSPECIFIED.,.F.,.F.,
  (2,2),(-47.25,-4.25),.PIECEWISE_BEZIER_KNOTS.);
#567 = CARTESIAN_POINT('',(25.75,43.));
#568 = CARTESIAN_POINT('',(25.75,0.));
#569 = ( GEOMETRIC_REPRESENTATION_CONTEXT(2) 
PARAMETRIC_REPRESENTATION_CONTEXT() REPRESENTATION_CONTEXT('2D SPACE',''
  ) );
#570 = ORIENTED_EDGE('',*,*,#571,.T.);
#571 = EDGE_CURVE('',#546,#572,#574,.T.);
#572 = VERTEX_POINT('',#573);
#573 = CARTESIAN_POINT('',(-23.5,39.8,9.));
#574 = SURFACE_CURVE('',#575,(#579,#585),.PCURVE_S1.);
#575 = LINE('',#576,#577);
#576 = CARTESIAN_POINT('',(-23.5,35.,9.));
#577 = VECTOR('',#578,1.);
#578 = DIRECTION('',(0.,1.,0.));
#579 = PCURVE('',#126,#580);
#580 = DEFINITIONAL_REPRESENTATION('',(#581),#584);
#581 = B_SPLINE_CURVE_WITH_KNOTS('',1,(#582,#583),.UNSPECIFIED.,.F.,.F.,
  (2,2),(3.,5.),.PIECEWISE_BEZIER_KNOTS.);
#582 = CARTESIAN_POINT('',(8.5,6.));
#583 = CARTESIAN_POINT('',(8.5,8.));
#584 = ( GEOMETRIC_REPRESENTATION_CONTEXT(2) 
PARAMETRIC_REPRESENTATION_CONTEXT() REPRESENTATION_CONTEXT('2D SPACE',''
  ) );
#585 = PCURVE('',#586,#591);
#586 = PLANE('',#587);
#587 = AXIS2_PLACEMENT_3D('',#588,#589,#590);
#588 = CARTESIAN_POINT('',(-23.5,38.,-16.75));
#589 = DIRECTION('',(1.,0.,0.));
#590 = DIRECTION('',(0.,0.,1.));
#591 = DEFINITIONAL_REPRESENTATION('',(#592),#595);
#592 = B_SPLINE_CURVE_WITH_KNOTS('',1,(#593,#594),.UNSPECIFIED.,.F.,.F.,
  (2,2),(3.,5.),.PIECEWISE_BEZIER_KNOTS.);
#593 = CARTESIAN_POINT('',(25.75,0.));
#594 = CARTESIAN_POINT('',(25.75,-2.));
#595 = ( GEOMETRIC_REPRESENTATION_CONTEXT(2) 
PARAMETRIC_REPRESENTATION_CONTEXT() REPRESENTATION_CONTEXT('2D SPACE',''
  ) );
#596 = ORIENTED_EDGE('',*,*,#597,.T.);
#597 = EDGE_CURVE('',#572,#598,#600,.T.);
#598 = VERTEX_POINT('',#599);
#599 = CARTESIAN_POINT('',(-27.12132034356,39.8,9.));
#600 = SURFACE_CURVE('',#601,(#605,#611),.PCURVE_S1.);
#601 = LINE('',#602,#603);
#602 = CARTESIAN_POINT('',(-28.5,39.8,9.));
#603 = VECTOR('',#604,1.);
#604 = DIRECTION('',(-1.,0.,0.));
#605 = PCURVE('',#126,#606);
#606 = DEFINITIONAL_REPRESENTATION('',(#607),#610);
#607 = B_SPLINE_CURVE_WITH_KNOTS('',1,(#608,#609),.UNSPECIFIED.,.F.,.F.,
  (2,2),(-8.25,1.25),.PIECEWISE_BEZIER_KNOTS.);
#608 = CARTESIAN_POINT('',(11.75,7.8));
#609 = CARTESIAN_POINT('',(2.25,7.8));
#610 = ( GEOMETRIC_REPRESENTATION_CONTEXT(2) 
PARAMETRIC_REPRESENTATION_CONTEXT() REPRESENTATION_CONTEXT('2D SPACE',''
  ) );
#611 = PCURVE('',#612,#617);
#612 = PLANE('',#613);
#613 = AXIS2_PLACEMENT_3D('',#614,#615,#616);
#614 = CARTESIAN_POINT('',(-25.,39.8,4.75));
#615 = DIRECTION('',(0.,1.,0.));
#616 = DIRECTION('',(0.,-0.,1.));
#617 = DEFINITIONAL_REPRESENTATION('',(#618),#621);
#618 = B_SPLINE_CURVE_WITH_KNOTS('',1,(#619,#620),.UNSPECIFIED.,.F.,.F.,
  (2,2),(-8.25,1.25),.PIECEWISE_BEZIER_KNOTS.);
#619 = CARTESIAN_POINT('',(4.25,4.75));
#620 = CARTESIAN_POINT('',(4.25,-4.75));
#621 = ( GEOMETRIC_REPRESENTATION_CONTEXT(2) 
PARAMETRIC_REPRESENTATION_CONTEXT() REPRESENTATION_CONTEXT('2D SPACE',''
  ) );
#622 = ORIENTED_EDGE('',*,*,#623,.T.);
#623 = EDGE_CURVE('',#598,#392,#624,.T.);
#624 = SURFACE_CURVE('',#625,(#629,#635),.PCURVE_S1.);
#625 = LINE('',#626,#627);
#626 = CARTESIAN_POINT('',(-27.12132034356,39.8,9.));
#627 = VECTOR('',#628,1.);
#628 = DIRECTION('',(0.,1.,0.));
#629 = PCURVE('',#126,#630);
#630 = DEFINITIONAL_REPRESENTATION('',(#631),#634);
#631 = B_SPLINE_CURVE_WITH_KNOTS('',1,(#632,#633),.UNSPECIFIED.,.F.,.F.,
  (2,2),(-5.999999999062E-07,1.),.PIECEWISE_BEZIER_KNOTS.);
#632 = CARTESIAN_POINT('',(4.87867965644,7.7999994));
#633 = CARTESIAN_POINT('',(4.87867965644,8.8));
#634 = ( GEOMETRIC_REPRESENTATION_CONTEXT(2) 
PARAMETRIC_REPRESENTATION_CONTEXT() REPRESENTATION_CONTEXT('2D SPACE',''
  ) );
#635 = PCURVE('',#636,#641);
#636 = CYLINDRICAL_SURFACE('',#637,4.75);
#637 = AXIS2_PLACEMENT_3D('',#638,#639,#640);
#638 = CARTESIAN_POINT('',(-25.,39.8,4.75));
#639 = DIRECTION('',(0.,1.,0.));
#640 = DIRECTION('',(0.,-0.,1.));
#641 = DEFINITIONAL_REPRESENTATION('',(#642),#645);
#642 = B_SPLINE_CURVE_WITH_KNOTS('',1,(#643,#644),.UNSPECIFIED.,.F.,.F.,
  (2,2),(-5.999999999062E-07,1.),.PIECEWISE_BEZIER_KNOTS.);
#643 = CARTESIAN_POINT('',(5.820230579239,-5.999999999062E-07));
#644 = CARTESIAN_POINT('',(5.820230579239,1.));
#645 = ( GEOMETRIC_REPRESENTATION_CONTEXT(2) 
PARAMETRIC_REPRESENTATION_CONTEXT() REPRESENTATION_CONTEXT('2D SPACE',''
  ) );
#646 = ADVANCED_FACE('',(#647),#100,.T.);
#647 = FACE_BOUND('',#648,.T.);
#648 = EDGE_LOOP('',(#649,#650,#651,#675));
#649 = ORIENTED_EDGE('',*,*,#84,.T.);
#650 = ORIENTED_EDGE('',*,*,#391,.T.);
#651 = ORIENTED_EDGE('',*,*,#652,.F.);
#652 = EDGE_CURVE('',#653,#392,#655,.T.);
#653 = VERTEX_POINT('',#654);
#654 = CARTESIAN_POINT('',(-27.12132034356,40.,0.5));
#655 = SURFACE_CURVE('',#656,(#661,#668),.PCURVE_S1.);
#656 = CIRCLE('',#657,4.75);
#657 = AXIS2_PLACEMENT_3D('',#658,#659,#660);
#658 = CARTESIAN_POINT('',(-25.,40.,4.75));
#659 = DIRECTION('',(0.,1.,0.));
#660 = DIRECTION('',(0.,-0.,1.));
#661 = PCURVE('',#100,#662);
#662 = DEFINITIONAL_REPRESENTATION('',(#663),#667);
#663 = CIRCLE('',#664,4.75);
#664 = AXIS2_PLACEMENT_2D('',#665,#666);
#665 = CARTESIAN_POINT('',(4.25,7.));
#666 = DIRECTION('',(1.,0.));
#667 = ( GEOMETRIC_REPRESENTATION_CONTEXT(2) 
PARAMETRIC_REPRESENTATION_CONTEXT() REPRESENTATION_CONTEXT('2D SPACE',''
  ) );
#668 = PCURVE('',#636,#669);
#669 = DEFINITIONAL_REPRESENTATION('',(#670),#674);
#670 = LINE('',#671,#672);
#671 = CARTESIAN_POINT('',(0.,0.2));
#672 = VECTOR('',#673,1.);
#673 = DIRECTION('',(1.,0.));
#674 = ( GEOMETRIC_REPRESENTATION_CONTEXT(2) 
PARAMETRIC_REPRESENTATION_CONTEXT() REPRESENTATION_CONTEXT('2D SPACE',''
  ) );
#675 = ORIENTED_EDGE('',*,*,#676,.F.);
#676 = EDGE_CURVE('',#57,#653,#677,.T.);
#677 = SURFACE_CURVE('',#678,(#682,#689),.PCURVE_S1.);
#678 = LINE('',#679,#680);
#679 = CARTESIAN_POINT('',(-32.,40.,0.5));
#680 = VECTOR('',#681,1.);
#681 = DIRECTION('',(1.,0.,0.));
#682 = PCURVE('',#100,#683);
#683 = DEFINITIONAL_REPRESENTATION('',(#684),#688);
#684 = LINE('',#685,#686);
#685 = CARTESIAN_POINT('',(0.,0.));
#686 = VECTOR('',#687,1.);
#687 = DIRECTION('',(0.,1.));
#688 = ( GEOMETRIC_REPRESENTATION_CONTEXT(2) 
PARAMETRIC_REPRESENTATION_CONTEXT() REPRESENTATION_CONTEXT('2D SPACE',''
  ) );
#689 = PCURVE('',#72,#690);
#690 = DEFINITIONAL_REPRESENTATION('',(#691),#695);
#691 = LINE('',#692,#693);
#692 = CARTESIAN_POINT('',(0.,8.));
#693 = VECTOR('',#694,1.);
#694 = DIRECTION('',(1.,0.));
#695 = ( GEOMETRIC_REPRESENTATION_CONTEXT(2) 
PARAMETRIC_REPRESENTATION_CONTEXT() REPRESENTATION_CONTEXT('2D SPACE',''
  ) );
#696 = ADVANCED_FACE('',(#697),#72,.F.);
#697 = FACE_BOUND('',#698,.F.);
#698 = EDGE_LOOP('',(#699,#700,#701,#702,#725,#748,#769,#790,#811,#837,
    #858,#879));
#699 = ORIENTED_EDGE('',*,*,#676,.F.);
#700 = ORIENTED_EDGE('',*,*,#56,.F.);
#701 = ORIENTED_EDGE('',*,*,#171,.T.);
#702 = ORIENTED_EDGE('',*,*,#703,.T.);
#703 = EDGE_CURVE('',#142,#704,#706,.T.);
#704 = VERTEX_POINT('',#705);
#705 = CARTESIAN_POINT('',(24.,40.,0.5));
#706 = SURFACE_CURVE('',#707,(#711,#718),.PCURVE_S1.);
#707 = LINE('',#708,#709);
#708 = CARTESIAN_POINT('',(24.,32.,0.5));
#709 = VECTOR('',#710,1.);
#710 = DIRECTION('',(0.,1.,0.));
#711 = PCURVE('',#72,#712);
#712 = DEFINITIONAL_REPRESENTATION('',(#713),#717);
#713 = LINE('',#714,#715);
#714 = CARTESIAN_POINT('',(56.,0.));
#715 = VECTOR('',#716,1.);
#716 = DIRECTION('',(0.,1.));
#717 = ( GEOMETRIC_REPRESENTATION_CONTEXT(2) 
PARAMETRIC_REPRESENTATION_CONTEXT() REPRESENTATION_CONTEXT('2D SPACE',''
  ) );
#718 = PCURVE('',#159,#719);
#719 = DEFINITIONAL_REPRESENTATION('',(#720),#724);
#720 = LINE('',#721,#722);
#721 = CARTESIAN_POINT('',(0.,0.));
#722 = VECTOR('',#723,1.);
#723 = DIRECTION('',(0.,-1.));
#724 = ( GEOMETRIC_REPRESENTATION_CONTEXT(2) 
PARAMETRIC_REPRESENTATION_CONTEXT() REPRESENTATION_CONTEXT('2D SPACE',''
  ) );
#725 = ORIENTED_EDGE('',*,*,#726,.F.);
#726 = EDGE_CURVE('',#727,#704,#729,.T.);
#727 = VERTEX_POINT('',#728);
#728 = CARTESIAN_POINT('',(23.12132034356,40.,0.5));
#729 = SURFACE_CURVE('',#730,(#734,#741),.PCURVE_S1.);
#730 = LINE('',#731,#732);
#731 = CARTESIAN_POINT('',(-32.,40.,0.5));
#732 = VECTOR('',#733,1.);
#733 = DIRECTION('',(1.,0.,0.));
#734 = PCURVE('',#72,#735);
#735 = DEFINITIONAL_REPRESENTATION('',(#736),#740);
#736 = LINE('',#737,#738);
#737 = CARTESIAN_POINT('',(0.,8.));
#738 = VECTOR('',#739,1.);
#739 = DIRECTION('',(1.,0.));
#740 = ( GEOMETRIC_REPRESENTATION_CONTEXT(2) 
PARAMETRIC_REPRESENTATION_CONTEXT() REPRESENTATION_CONTEXT('2D SPACE',''
  ) );
#741 = PCURVE('',#455,#742);
#742 = DEFINITIONAL_REPRESENTATION('',(#743),#747);
#743 = LINE('',#744,#745);
#744 = CARTESIAN_POINT('',(0.,0.));
#745 = VECTOR('',#746,1.);
#746 = DIRECTION('',(0.,1.));
#747 = ( GEOMETRIC_REPRESENTATION_CONTEXT(2) 
PARAMETRIC_REPRESENTATION_CONTEXT() REPRESENTATION_CONTEXT('2D SPACE',''
  ) );
#748 = ORIENTED_EDGE('',*,*,#749,.F.);
#749 = EDGE_CURVE('',#750,#727,#752,.T.);
#750 = VERTEX_POINT('',#751);
#751 = CARTESIAN_POINT('',(23.12132034356,39.8,0.5));
#752 = SURFACE_CURVE('',#753,(#757,#763),.PCURVE_S1.);
#753 = LINE('',#754,#755);
#754 = CARTESIAN_POINT('',(23.12132034356,39.8,0.5));
#755 = VECTOR('',#756,1.);
#756 = DIRECTION('',(0.,1.,0.));
#757 = PCURVE('',#72,#758);
#758 = DEFINITIONAL_REPRESENTATION('',(#759),#762);
#759 = B_SPLINE_CURVE_WITH_KNOTS('',1,(#760,#761),.UNSPECIFIED.,.F.,.F.,
  (2,2),(-5.999999999062E-07,1.),.PIECEWISE_BEZIER_KNOTS.);
#760 = CARTESIAN_POINT('',(55.12132034356,7.7999994));
#761 = CARTESIAN_POINT('',(55.12132034356,8.8));
#762 = ( GEOMETRIC_REPRESENTATION_CONTEXT(2) 
PARAMETRIC_REPRESENTATION_CONTEXT() REPRESENTATION_CONTEXT('2D SPACE',''
  ) );
#763 = PCURVE('',#482,#764);
#764 = DEFINITIONAL_REPRESENTATION('',(#765),#768);
#765 = B_SPLINE_CURVE_WITH_KNOTS('',1,(#766,#767),.UNSPECIFIED.,.F.,.F.,
  (2,2),(-5.999999999062E-07,1.),.PIECEWISE_BEZIER_KNOTS.);
#766 = CARTESIAN_POINT('',(2.678637925649,-5.999999999062E-07));
#767 = CARTESIAN_POINT('',(2.678637925649,1.));
#768 = ( GEOMETRIC_REPRESENTATION_CONTEXT(2) 
PARAMETRIC_REPRESENTATION_CONTEXT() REPRESENTATION_CONTEXT('2D SPACE',''
  ) );
#769 = ORIENTED_EDGE('',*,*,#770,.T.);
#770 = EDGE_CURVE('',#750,#771,#773,.T.);
#771 = VERTEX_POINT('',#772);
#772 = CARTESIAN_POINT('',(19.5,39.8,0.5));
#773 = SURFACE_CURVE('',#774,(#778,#784),.PCURVE_S1.);
#774 = LINE('',#775,#776);
#775 = CARTESIAN_POINT('',(-5.5,39.8,0.5));
#776 = VECTOR('',#777,1.);
#777 = DIRECTION('',(-1.,0.,0.));
#778 = PCURVE('',#72,#779);
#779 = DEFINITIONAL_REPRESENTATION('',(#780),#783);
#780 = B_SPLINE_CURVE_WITH_KNOTS('',1,(#781,#782),.UNSPECIFIED.,.F.,.F.,
  (2,2),(-29.5,-21.75),.PIECEWISE_BEZIER_KNOTS.);
#781 = CARTESIAN_POINT('',(56.,7.8));
#782 = CARTESIAN_POINT('',(48.25,7.8));
#783 = ( GEOMETRIC_REPRESENTATION_CONTEXT(2) 
PARAMETRIC_REPRESENTATION_CONTEXT() REPRESENTATION_CONTEXT('2D SPACE',''
  ) );
#784 = PCURVE('',#508,#785);
#785 = DEFINITIONAL_REPRESENTATION('',(#786),#789);
#786 = B_SPLINE_CURVE_WITH_KNOTS('',1,(#787,#788),.UNSPECIFIED.,.F.,.F.,
  (2,2),(-29.5,-21.75),.PIECEWISE_BEZIER_KNOTS.);
#787 = CARTESIAN_POINT('',(-4.25,3.));
#788 = CARTESIAN_POINT('',(-4.25,-4.75));
#789 = ( GEOMETRIC_REPRESENTATION_CONTEXT(2) 
PARAMETRIC_REPRESENTATION_CONTEXT() REPRESENTATION_CONTEXT('2D SPACE',''
  ) );
#790 = ORIENTED_EDGE('',*,*,#791,.F.);
#791 = EDGE_CURVE('',#792,#771,#794,.T.);
#792 = VERTEX_POINT('',#793);
#793 = CARTESIAN_POINT('',(19.5,38.,0.5));
#794 = SURFACE_CURVE('',#795,(#799,#805),.PCURVE_S1.);
#795 = LINE('',#796,#797);
#796 = CARTESIAN_POINT('',(19.5,35.,0.5));
#797 = VECTOR('',#798,1.);
#798 = DIRECTION('',(0.,1.,0.));
#799 = PCURVE('',#72,#800);
#800 = DEFINITIONAL_REPRESENTATION('',(#801),#804);
#801 = B_SPLINE_CURVE_WITH_KNOTS('',1,(#802,#803),.UNSPECIFIED.,.F.,.F.,
  (2,2),(3.,5.),.PIECEWISE_BEZIER_KNOTS.);
#802 = CARTESIAN_POINT('',(51.5,6.));
#803 = CARTESIAN_POINT('',(51.5,8.));
#804 = ( GEOMETRIC_REPRESENTATION_CONTEXT(2) 
PARAMETRIC_REPRESENTATION_CONTEXT() REPRESENTATION_CONTEXT('2D SPACE',''
  ) );
#805 = PCURVE('',#534,#806);
#806 = DEFINITIONAL_REPRESENTATION('',(#807),#810);
#807 = B_SPLINE_CURVE_WITH_KNOTS('',1,(#808,#809),.UNSPECIFIED.,.F.,.F.,
  (2,2),(3.,5.),.PIECEWISE_BEZIER_KNOTS.);
#808 = CARTESIAN_POINT('',(17.25,0.));
#809 = CARTESIAN_POINT('',(17.25,-2.));
#810 = ( GEOMETRIC_REPRESENTATION_CONTEXT(2) 
PARAMETRIC_REPRESENTATION_CONTEXT() REPRESENTATION_CONTEXT('2D SPACE',''
  ) );
#811 = ORIENTED_EDGE('',*,*,#812,.T.);
#812 = EDGE_CURVE('',#792,#813,#815,.T.);
#813 = VERTEX_POINT('',#814);
#814 = CARTESIAN_POINT('',(-23.5,38.,0.5));
#815 = SURFACE_CURVE('',#816,(#820,#826),.PCURVE_S1.);
#816 = LINE('',#817,#818);
#817 = CARTESIAN_POINT('',(-27.75,38.,0.5));
#818 = VECTOR('',#819,1.);
#819 = DIRECTION('',(-1.,0.,0.));
#820 = PCURVE('',#72,#821);
#821 = DEFINITIONAL_REPRESENTATION('',(#822),#825);
#822 = B_SPLINE_CURVE_WITH_KNOTS('',1,(#823,#824),.UNSPECIFIED.,.F.,.F.,
  (2,2),(-47.25,-4.25),.PIECEWISE_BEZIER_KNOTS.);
#823 = CARTESIAN_POINT('',(51.5,6.));
#824 = CARTESIAN_POINT('',(8.5,6.));
#825 = ( GEOMETRIC_REPRESENTATION_CONTEXT(2) 
PARAMETRIC_REPRESENTATION_CONTEXT() REPRESENTATION_CONTEXT('2D SPACE',''
  ) );
#826 = PCURVE('',#827,#832);
#827 = PLANE('',#828);
#828 = AXIS2_PLACEMENT_3D('',#829,#830,#831);
#829 = CARTESIAN_POINT('',(-23.5,38.,-16.75));
#830 = DIRECTION('',(0.,1.,0.));
#831 = DIRECTION('',(0.,0.,1.));
#832 = DEFINITIONAL_REPRESENTATION('',(#833),#836);
#833 = B_SPLINE_CURVE_WITH_KNOTS('',1,(#834,#835),.UNSPECIFIED.,.F.,.F.,
  (2,2),(-47.25,-4.25),.PIECEWISE_BEZIER_KNOTS.);
#834 = CARTESIAN_POINT('',(17.25,43.));
#835 = CARTESIAN_POINT('',(17.25,0.));
#836 = ( GEOMETRIC_REPRESENTATION_CONTEXT(2) 
PARAMETRIC_REPRESENTATION_CONTEXT() REPRESENTATION_CONTEXT('2D SPACE',''
  ) );
#837 = ORIENTED_EDGE('',*,*,#838,.T.);
#838 = EDGE_CURVE('',#813,#839,#841,.T.);
#839 = VERTEX_POINT('',#840);
#840 = CARTESIAN_POINT('',(-23.5,39.8,0.5));
#841 = SURFACE_CURVE('',#842,(#846,#852),.PCURVE_S1.);
#842 = LINE('',#843,#844);
#843 = CARTESIAN_POINT('',(-23.5,35.,0.5));
#844 = VECTOR('',#845,1.);
#845 = DIRECTION('',(0.,1.,0.));
#846 = PCURVE('',#72,#847);
#847 = DEFINITIONAL_REPRESENTATION('',(#848),#851);
#848 = B_SPLINE_CURVE_WITH_KNOTS('',1,(#849,#850),.UNSPECIFIED.,.F.,.F.,
  (2,2),(3.,5.),.PIECEWISE_BEZIER_KNOTS.);
#849 = CARTESIAN_POINT('',(8.5,6.));
#850 = CARTESIAN_POINT('',(8.5,8.));
#851 = ( GEOMETRIC_REPRESENTATION_CONTEXT(2) 
PARAMETRIC_REPRESENTATION_CONTEXT() REPRESENTATION_CONTEXT('2D SPACE',''
  ) );
#852 = PCURVE('',#586,#853);
#853 = DEFINITIONAL_REPRESENTATION('',(#854),#857);
#854 = B_SPLINE_CURVE_WITH_KNOTS('',1,(#855,#856),.UNSPECIFIED.,.F.,.F.,
  (2,2),(3.,5.),.PIECEWISE_BEZIER_KNOTS.);
#855 = CARTESIAN_POINT('',(17.25,0.));
#856 = CARTESIAN_POINT('',(17.25,-2.));
#857 = ( GEOMETRIC_REPRESENTATION_CONTEXT(2) 
PARAMETRIC_REPRESENTATION_CONTEXT() REPRESENTATION_CONTEXT('2D SPACE',''
  ) );
#858 = ORIENTED_EDGE('',*,*,#859,.T.);
#859 = EDGE_CURVE('',#839,#860,#862,.T.);
#860 = VERTEX_POINT('',#861);
#861 = CARTESIAN_POINT('',(-27.12132034356,39.8,0.5));
#862 = SURFACE_CURVE('',#863,(#867,#873),.PCURVE_S1.);
#863 = LINE('',#864,#865);
#864 = CARTESIAN_POINT('',(-28.5,39.8,0.5));
#865 = VECTOR('',#866,1.);
#866 = DIRECTION('',(-1.,0.,0.));
#867 = PCURVE('',#72,#868);
#868 = DEFINITIONAL_REPRESENTATION('',(#869),#872);
#869 = B_SPLINE_CURVE_WITH_KNOTS('',1,(#870,#871),.UNSPECIFIED.,.F.,.F.,
  (2,2),(-8.25,1.25),.PIECEWISE_BEZIER_KNOTS.);
#870 = CARTESIAN_POINT('',(11.75,7.8));
#871 = CARTESIAN_POINT('',(2.25,7.8));
#872 = ( GEOMETRIC_REPRESENTATION_CONTEXT(2) 
PARAMETRIC_REPRESENTATION_CONTEXT() REPRESENTATION_CONTEXT('2D SPACE',''
  ) );
#873 = PCURVE('',#612,#874);
#874 = DEFINITIONAL_REPRESENTATION('',(#875),#878);
#875 = B_SPLINE_CURVE_WITH_KNOTS('',1,(#876,#877),.UNSPECIFIED.,.F.,.F.,
  (2,2),(-8.25,1.25),.PIECEWISE_BEZIER_KNOTS.);
#876 = CARTESIAN_POINT('',(-4.25,4.75));
#877 = CARTESIAN_POINT('',(-4.25,-4.75));
#878 = ( GEOMETRIC_REPRESENTATION_CONTEXT(2) 
PARAMETRIC_REPRESENTATION_CONTEXT() REPRESENTATION_CONTEXT('2D SPACE',''
  ) );
#879 = ORIENTED_EDGE('',*,*,#880,.T.);
#880 = EDGE_CURVE('',#860,#653,#881,.T.);
#881 = SURFACE_CURVE('',#882,(#886,#892),.PCURVE_S1.);
#882 = LINE('',#883,#884);
#883 = CARTESIAN_POINT('',(-27.12132034356,39.8,0.5));
#884 = VECTOR('',#885,1.);
#885 = DIRECTION('',(0.,1.,0.));
#886 = PCURVE('',#72,#887);
#887 = DEFINITIONAL_REPRESENTATION('',(#888),#891);
#888 = B_SPLINE_CURVE_WITH_KNOTS('',1,(#889,#890),.UNSPECIFIED.,.F.,.F.,
  (2,2),(-5.999999999062E-07,1.),.PIECEWISE_BEZIER_KNOTS.);
#889 = CARTESIAN_POINT('',(4.87867965644,7.7999994));
#890 = CARTESIAN_POINT('',(4.87867965644,8.8));
#891 = ( GEOMETRIC_REPRESENTATION_CONTEXT(2) 
PARAMETRIC_REPRESENTATION_CONTEXT() REPRESENTATION_CONTEXT('2D SPACE',''
  ) );
#892 = PCURVE('',#636,#893);
#893 = DEFINITIONAL_REPRESENTATION('',(#894),#897);
#894 = B_SPLINE_CURVE_WITH_KNOTS('',1,(#895,#896),.UNSPECIFIED.,.F.,.F.,
  (2,2),(-5.999999999062E-07,1.),.PIECEWISE_BEZIER_KNOTS.);
#895 = CARTESIAN_POINT('',(3.60454738153,-5.999999999062E-07));
#896 = CARTESIAN_POINT('',(3.60454738153,1.));
#897 = ( GEOMETRIC_REPRESENTATION_CONTEXT(2) 
PARAMETRIC_REPRESENTATION_CONTEXT() REPRESENTATION_CONTEXT('2D SPACE',''
  ) );
#898 = ADVANCED_FACE('',(#899),#159,.T.);
#899 = FACE_BOUND('',#900,.T.);
#900 = EDGE_LOOP('',(#901,#902,#903,#926));
#901 = ORIENTED_EDGE('',*,*,#141,.F.);
#902 = ORIENTED_EDGE('',*,*,#703,.T.);
#903 = ORIENTED_EDGE('',*,*,#904,.T.);
#904 = EDGE_CURVE('',#704,#905,#907,.T.);
#905 = VERTEX_POINT('',#906);
#906 = CARTESIAN_POINT('',(24.,40.,1.));
#907 = SURFACE_CURVE('',#908,(#912,#919),.PCURVE_S1.);
#908 = LINE('',#909,#910);
#909 = CARTESIAN_POINT('',(24.,40.,0.5));
#910 = VECTOR('',#911,1.);
#911 = DIRECTION('',(0.,0.,1.));
#912 = PCURVE('',#159,#913);
#913 = DEFINITIONAL_REPRESENTATION('',(#914),#918);
#914 = LINE('',#915,#916);
#915 = CARTESIAN_POINT('',(0.,-8.));
#916 = VECTOR('',#917,1.);
#917 = DIRECTION('',(1.,0.));
#918 = ( GEOMETRIC_REPRESENTATION_CONTEXT(2) 
PARAMETRIC_REPRESENTATION_CONTEXT() REPRESENTATION_CONTEXT('2D SPACE',''
  ) );
#919 = PCURVE('',#455,#920);
#920 = DEFINITIONAL_REPRESENTATION('',(#921),#925);
#921 = LINE('',#922,#923);
#922 = CARTESIAN_POINT('',(0.,56.));
#923 = VECTOR('',#924,1.);
#924 = DIRECTION('',(1.,0.));
#925 = ( GEOMETRIC_REPRESENTATION_CONTEXT(2) 
PARAMETRIC_REPRESENTATION_CONTEXT() REPRESENTATION_CONTEXT('2D SPACE',''
  ) );
#926 = ORIENTED_EDGE('',*,*,#927,.T.);
#927 = EDGE_CURVE('',#905,#144,#928,.T.);
#928 = SURFACE_CURVE('',#929,(#933,#939),.PCURVE_S1.);
#929 = LINE('',#930,#931);
#930 = CARTESIAN_POINT('',(24.,32.,1.));
#931 = VECTOR('',#932,1.);
#932 = DIRECTION('',(0.,-1.,0.));
#933 = PCURVE('',#159,#934);
#934 = DEFINITIONAL_REPRESENTATION('',(#935),#938);
#935 = B_SPLINE_CURVE_WITH_KNOTS('',1,(#936,#937),.UNSPECIFIED.,.F.,.F.,
  (2,2),(-8.,0.),.PIECEWISE_BEZIER_KNOTS.);
#936 = CARTESIAN_POINT('',(0.5,-8.));
#937 = CARTESIAN_POINT('',(0.5,0.));
#938 = ( GEOMETRIC_REPRESENTATION_CONTEXT(2) 
PARAMETRIC_REPRESENTATION_CONTEXT() REPRESENTATION_CONTEXT('2D SPACE',''
  ) );
#939 = PCURVE('',#314,#940);
#940 = DEFINITIONAL_REPRESENTATION('',(#941),#944);
#941 = B_SPLINE_CURVE_WITH_KNOTS('',1,(#942,#943),.UNSPECIFIED.,.F.,.F.,
  (2,2),(-8.,0.),.PIECEWISE_BEZIER_KNOTS.);
#942 = CARTESIAN_POINT('',(1.,8.));
#943 = CARTESIAN_POINT('',(1.,0.));
#944 = ( GEOMETRIC_REPRESENTATION_CONTEXT(2) 
PARAMETRIC_REPRESENTATION_CONTEXT() REPRESENTATION_CONTEXT('2D SPACE',''
  ) );
#945 = ADVANCED_FACE('',(#946),#314,.F.);
#946 = FACE_BOUND('',#947,.F.);
#947 = EDGE_LOOP('',(#948,#971,#972,#973));
#948 = ORIENTED_EDGE('',*,*,#949,.F.);
#949 = EDGE_CURVE('',#905,#950,#952,.T.);
#950 = VERTEX_POINT('',#951);
#951 = CARTESIAN_POINT('',(27.,40.,1.));
#952 = SURFACE_CURVE('',#953,(#957,#964),.PCURVE_S1.);
#953 = LINE('',#954,#955);
#954 = CARTESIAN_POINT('',(23.,40.,1.));
#955 = VECTOR('',#956,1.);
#956 = DIRECTION('',(1.,0.,0.));
#957 = PCURVE('',#314,#958);
#958 = DEFINITIONAL_REPRESENTATION('',(#959),#963);
#959 = LINE('',#960,#961);
#960 = CARTESIAN_POINT('',(0.,8.));
#961 = VECTOR('',#962,1.);
#962 = DIRECTION('',(1.,0.));
#963 = ( GEOMETRIC_REPRESENTATION_CONTEXT(2) 
PARAMETRIC_REPRESENTATION_CONTEXT() REPRESENTATION_CONTEXT('2D SPACE',''
  ) );
#964 = PCURVE('',#455,#965);
#965 = DEFINITIONAL_REPRESENTATION('',(#966),#970);
#966 = LINE('',#967,#968);
#967 = CARTESIAN_POINT('',(0.5,55.));
#968 = VECTOR('',#969,1.);
#969 = DIRECTION('',(0.,1.));
#970 = ( GEOMETRIC_REPRESENTATION_CONTEXT(2) 
PARAMETRIC_REPRESENTATION_CONTEXT() REPRESENTATION_CONTEXT('2D SPACE',''
  ) );
#971 = ORIENTED_EDGE('',*,*,#927,.T.);
#972 = ORIENTED_EDGE('',*,*,#300,.T.);
#973 = ORIENTED_EDGE('',*,*,#974,.T.);
#974 = EDGE_CURVE('',#273,#950,#975,.T.);
#975 = SURFACE_CURVE('',#976,(#980,#987),.PCURVE_S1.);
#976 = LINE('',#977,#978);
#977 = CARTESIAN_POINT('',(27.,32.,1.));
#978 = VECTOR('',#979,1.);
#979 = DIRECTION('',(0.,1.,0.));
#980 = PCURVE('',#314,#981);
#981 = DEFINITIONAL_REPRESENTATION('',(#982),#986);
#982 = LINE('',#983,#984);
#983 = CARTESIAN_POINT('',(4.,0.));
#984 = VECTOR('',#985,1.);
#985 = DIRECTION('',(0.,1.));
#986 = ( GEOMETRIC_REPRESENTATION_CONTEXT(2) 
PARAMETRIC_REPRESENTATION_CONTEXT() REPRESENTATION_CONTEXT('2D SPACE',''
  ) );
#987 = PCURVE('',#288,#988);
#988 = DEFINITIONAL_REPRESENTATION('',(#989),#993);
#989 = LINE('',#990,#991);
#990 = CARTESIAN_POINT('',(0.,0.));
#991 = VECTOR('',#992,1.);
#992 = DIRECTION('',(0.,-1.));
#993 = ( GEOMETRIC_REPRESENTATION_CONTEXT(2) 
PARAMETRIC_REPRESENTATION_CONTEXT() REPRESENTATION_CONTEXT('2D SPACE',''
  ) );
#994 = ADVANCED_FACE('',(#995),#288,.T.);
#995 = FACE_BOUND('',#996,.T.);
#996 = EDGE_LOOP('',(#997,#998,#999,#1022));
#997 = ORIENTED_EDGE('',*,*,#272,.F.);
#998 = ORIENTED_EDGE('',*,*,#974,.T.);
#999 = ORIENTED_EDGE('',*,*,#1000,.T.);
#1000 = EDGE_CURVE('',#950,#1001,#1003,.T.);
#1001 = VERTEX_POINT('',#1002);
#1002 = CARTESIAN_POINT('',(27.,40.,8.5));
#1003 = SURFACE_CURVE('',#1004,(#1008,#1015),.PCURVE_S1.);
#1004 = LINE('',#1005,#1006);
#1005 = CARTESIAN_POINT('',(27.,40.,1.));
#1006 = VECTOR('',#1007,1.);
#1007 = DIRECTION('',(0.,0.,1.));
#1008 = PCURVE('',#288,#1009);
#1009 = DEFINITIONAL_REPRESENTATION('',(#1010),#1014);
#1010 = LINE('',#1011,#1012);
#1011 = CARTESIAN_POINT('',(0.,-8.));
#1012 = VECTOR('',#1013,1.);
#1013 = DIRECTION('',(1.,0.));
#1014 = ( GEOMETRIC_REPRESENTATION_CONTEXT(2) 
PARAMETRIC_REPRESENTATION_CONTEXT() REPRESENTATION_CONTEXT('2D SPACE',''
  ) );
#1015 = PCURVE('',#455,#1016);
#1016 = DEFINITIONAL_REPRESENTATION('',(#1017),#1021);
#1017 = LINE('',#1018,#1019);
#1018 = CARTESIAN_POINT('',(0.5,59.));
#1019 = VECTOR('',#1020,1.);
#1020 = DIRECTION('',(1.,0.));
#1021 = ( GEOMETRIC_REPRESENTATION_CONTEXT(2) 
PARAMETRIC_REPRESENTATION_CONTEXT() REPRESENTATION_CONTEXT('2D SPACE',''
  ) );
#1022 = ORIENTED_EDGE('',*,*,#1023,.F.);
#1023 = EDGE_CURVE('',#245,#1001,#1024,.T.);
#1024 = SURFACE_CURVE('',#1025,(#1029,#1036),.PCURVE_S1.);
#1025 = LINE('',#1026,#1027);
#1026 = CARTESIAN_POINT('',(27.,32.,8.5));
#1027 = VECTOR('',#1028,1.);
#1028 = DIRECTION('',(0.,1.,0.));
#1029 = PCURVE('',#288,#1030);
#1030 = DEFINITIONAL_REPRESENTATION('',(#1031),#1035);
#1031 = LINE('',#1032,#1033);
#1032 = CARTESIAN_POINT('',(7.5,0.));
#1033 = VECTOR('',#1034,1.);
#1034 = DIRECTION('',(0.,-1.));
#1035 = ( GEOMETRIC_REPRESENTATION_CONTEXT(2) 
PARAMETRIC_REPRESENTATION_CONTEXT() REPRESENTATION_CONTEXT('2D SPACE',''
  ) );
#1036 = PCURVE('',#260,#1037);
#1037 = DEFINITIONAL_REPRESENTATION('',(#1038),#1042);
#1038 = LINE('',#1039,#1040);
#1039 = CARTESIAN_POINT('',(4.,0.));
#1040 = VECTOR('',#1041,1.);
#1041 = DIRECTION('',(0.,1.));
#1042 = ( GEOMETRIC_REPRESENTATION_CONTEXT(2) 
PARAMETRIC_REPRESENTATION_CONTEXT() REPRESENTATION_CONTEXT('2D SPACE',''
  ) );
#1043 = ADVANCED_FACE('',(#1044),#260,.T.);
#1044 = FACE_BOUND('',#1045,.T.);
#1045 = EDGE_LOOP('',(#1046,#1069,#1088,#1089));
#1046 = ORIENTED_EDGE('',*,*,#1047,.F.);
#1047 = EDGE_CURVE('',#1048,#1001,#1050,.T.);
#1048 = VERTEX_POINT('',#1049);
#1049 = CARTESIAN_POINT('',(24.,40.,8.5));
#1050 = SURFACE_CURVE('',#1051,(#1055,#1062),.PCURVE_S1.);
#1051 = LINE('',#1052,#1053);
#1052 = CARTESIAN_POINT('',(23.,40.,8.5));
#1053 = VECTOR('',#1054,1.);
#1054 = DIRECTION('',(1.,0.,0.));
#1055 = PCURVE('',#260,#1056);
#1056 = DEFINITIONAL_REPRESENTATION('',(#1057),#1061);
#1057 = LINE('',#1058,#1059);
#1058 = CARTESIAN_POINT('',(0.,8.));
#1059 = VECTOR('',#1060,1.);
#1060 = DIRECTION('',(1.,0.));
#1061 = ( GEOMETRIC_REPRESENTATION_CONTEXT(2) 
PARAMETRIC_REPRESENTATION_CONTEXT() REPRESENTATION_CONTEXT('2D SPACE',''
  ) );
#1062 = PCURVE('',#455,#1063);
#1063 = DEFINITIONAL_REPRESENTATION('',(#1064),#1068);
#1064 = LINE('',#1065,#1066);
#1065 = CARTESIAN_POINT('',(8.,55.));
#1066 = VECTOR('',#1067,1.);
#1067 = DIRECTION('',(0.,1.));
#1068 = ( GEOMETRIC_REPRESENTATION_CONTEXT(2) 
PARAMETRIC_REPRESENTATION_CONTEXT() REPRESENTATION_CONTEXT('2D SPACE',''
  ) );
#1069 = ORIENTED_EDGE('',*,*,#1070,.T.);
#1070 = EDGE_CURVE('',#1048,#217,#1071,.T.);
#1071 = SURFACE_CURVE('',#1072,(#1076,#1082),.PCURVE_S1.);
#1072 = LINE('',#1073,#1074);
#1073 = CARTESIAN_POINT('',(24.,32.,8.5));
#1074 = VECTOR('',#1075,1.);
#1075 = DIRECTION('',(0.,-1.,0.));
#1076 = PCURVE('',#260,#1077);
#1077 = DEFINITIONAL_REPRESENTATION('',(#1078),#1081);
#1078 = B_SPLINE_CURVE_WITH_KNOTS('',1,(#1079,#1080),.UNSPECIFIED.,.F.,
  .F.,(2,2),(-8.,0.),.PIECEWISE_BEZIER_KNOTS.);
#1079 = CARTESIAN_POINT('',(1.,8.));
#1080 = CARTESIAN_POINT('',(1.,0.));
#1081 = ( GEOMETRIC_REPRESENTATION_CONTEXT(2) 
PARAMETRIC_REPRESENTATION_CONTEXT() REPRESENTATION_CONTEXT('2D SPACE',''
  ) );
#1082 = PCURVE('',#232,#1083);
#1083 = DEFINITIONAL_REPRESENTATION('',(#1084),#1087);
#1084 = B_SPLINE_CURVE_WITH_KNOTS('',1,(#1085,#1086),.UNSPECIFIED.,.F.,
  .F.,(2,2),(-8.,0.),.PIECEWISE_BEZIER_KNOTS.);
#1085 = CARTESIAN_POINT('',(8.,-8.));
#1086 = CARTESIAN_POINT('',(8.,0.));
#1087 = ( GEOMETRIC_REPRESENTATION_CONTEXT(2) 
PARAMETRIC_REPRESENTATION_CONTEXT() REPRESENTATION_CONTEXT('2D SPACE',''
  ) );
#1088 = ORIENTED_EDGE('',*,*,#244,.T.);
#1089 = ORIENTED_EDGE('',*,*,#1023,.T.);
#1090 = ADVANCED_FACE('',(#1091),#232,.T.);
#1091 = FACE_BOUND('',#1092,.T.);
#1092 = EDGE_LOOP('',(#1093,#1094,#1095,#1116));
#1093 = ORIENTED_EDGE('',*,*,#216,.F.);
#1094 = ORIENTED_EDGE('',*,*,#1070,.F.);
#1095 = ORIENTED_EDGE('',*,*,#1096,.T.);
#1096 = EDGE_CURVE('',#1048,#417,#1097,.T.);
#1097 = SURFACE_CURVE('',#1098,(#1102,#1109),.PCURVE_S1.);
#1098 = LINE('',#1099,#1100);
#1099 = CARTESIAN_POINT('',(24.,40.,0.5));
#1100 = VECTOR('',#1101,1.);
#1101 = DIRECTION('',(0.,0.,1.));
#1102 = PCURVE('',#232,#1103);
#1103 = DEFINITIONAL_REPRESENTATION('',(#1104),#1108);
#1104 = LINE('',#1105,#1106);
#1105 = CARTESIAN_POINT('',(0.,-8.));
#1106 = VECTOR('',#1107,1.);
#1107 = DIRECTION('',(1.,0.));
#1108 = ( GEOMETRIC_REPRESENTATION_CONTEXT(2) 
PARAMETRIC_REPRESENTATION_CONTEXT() REPRESENTATION_CONTEXT('2D SPACE',''
  ) );
#1109 = PCURVE('',#455,#1110);
#1110 = DEFINITIONAL_REPRESENTATION('',(#1111),#1115);
#1111 = LINE('',#1112,#1113);
#1112 = CARTESIAN_POINT('',(0.,56.));
#1113 = VECTOR('',#1114,1.);
#1114 = DIRECTION('',(1.,0.));
#1115 = ( GEOMETRIC_REPRESENTATION_CONTEXT(2) 
PARAMETRIC_REPRESENTATION_CONTEXT() REPRESENTATION_CONTEXT('2D SPACE',''
  ) );
#1116 = ORIENTED_EDGE('',*,*,#416,.F.);
#1117 = ADVANCED_FACE('',(#1118),#345,.F.);
#1118 = FACE_BOUND('',#1119,.F.);
#1119 = EDGE_LOOP('',(#1120,#1144,#1165,#1166));
#1120 = ORIENTED_EDGE('',*,*,#1121,.F.);
#1121 = EDGE_CURVE('',#1122,#1122,#1124,.T.);
#1122 = VERTEX_POINT('',#1123);
#1123 = CARTESIAN_POINT('',(-25.,39.8,6.95));
#1124 = SURFACE_CURVE('',#1125,(#1130,#1137),.PCURVE_S1.);
#1125 = CIRCLE('',#1126,2.2);
#1126 = AXIS2_PLACEMENT_3D('',#1127,#1128,#1129);
#1127 = CARTESIAN_POINT('',(-25.,39.8,4.75));
#1128 = DIRECTION('',(0.,1.,0.));
#1129 = DIRECTION('',(0.,-0.,1.));
#1130 = PCURVE('',#345,#1131);
#1131 = DEFINITIONAL_REPRESENTATION('',(#1132),#1136);
#1132 = LINE('',#1133,#1134);
#1133 = CARTESIAN_POINT('',(0.,7.9));
#1134 = VECTOR('',#1135,1.);
#1135 = DIRECTION('',(1.,0.));
#1136 = ( GEOMETRIC_REPRESENTATION_CONTEXT(2) 
PARAMETRIC_REPRESENTATION_CONTEXT() REPRESENTATION_CONTEXT('2D SPACE',''
  ) );
#1137 = PCURVE('',#612,#1138);
#1138 = DEFINITIONAL_REPRESENTATION('',(#1139),#1143);
#1139 = CIRCLE('',#1140,2.2);
#1140 = AXIS2_PLACEMENT_2D('',#1141,#1142);
#1141 = CARTESIAN_POINT('',(0.,0.));
#1142 = DIRECTION('',(1.,0.));
#1143 = ( GEOMETRIC_REPRESENTATION_CONTEXT(2) 
PARAMETRIC_REPRESENTATION_CONTEXT() REPRESENTATION_CONTEXT('2D SPACE',''
  ) );
#1144 = ORIENTED_EDGE('',*,*,#1145,.F.);
#1145 = EDGE_CURVE('',#329,#1122,#1146,.T.);
#1146 = SEAM_CURVE('',#1147,(#1151,#1158),.PCURVE_S1.);
#1147 = LINE('',#1148,#1149);
#1148 = CARTESIAN_POINT('',(-25.,31.9,6.95));
#1149 = VECTOR('',#1150,1.);
#1150 = DIRECTION('',(0.,1.,0.));
#1151 = PCURVE('',#345,#1152);
#1152 = DEFINITIONAL_REPRESENTATION('',(#1153),#1157);
#1153 = LINE('',#1154,#1155);
#1154 = CARTESIAN_POINT('',(6.28318530718,-0.));
#1155 = VECTOR('',#1156,1.);
#1156 = DIRECTION('',(0.,1.));
#1157 = ( GEOMETRIC_REPRESENTATION_CONTEXT(2) 
PARAMETRIC_REPRESENTATION_CONTEXT() REPRESENTATION_CONTEXT('2D SPACE',''
  ) );
#1158 = PCURVE('',#345,#1159);
#1159 = DEFINITIONAL_REPRESENTATION('',(#1160),#1164);
#1160 = LINE('',#1161,#1162);
#1161 = CARTESIAN_POINT('',(0.,-0.));
#1162 = VECTOR('',#1163,1.);
#1163 = DIRECTION('',(0.,1.));
#1164 = ( GEOMETRIC_REPRESENTATION_CONTEXT(2) 
PARAMETRIC_REPRESENTATION_CONTEXT() REPRESENTATION_CONTEXT('2D SPACE',''
  ) );
#1165 = ORIENTED_EDGE('',*,*,#328,.T.);
#1166 = ORIENTED_EDGE('',*,*,#1145,.T.);
#1167 = ADVANCED_FACE('',(#1168),#376,.F.);
#1168 = FACE_BOUND('',#1169,.F.);
#1169 = EDGE_LOOP('',(#1170,#1194,#1215,#1216));
#1170 = ORIENTED_EDGE('',*,*,#1171,.F.);
#1171 = EDGE_CURVE('',#1172,#1172,#1174,.T.);
#1172 = VERTEX_POINT('',#1173);
#1173 = CARTESIAN_POINT('',(21.,39.8,6.95));
#1174 = SURFACE_CURVE('',#1175,(#1180,#1187),.PCURVE_S1.);
#1175 = CIRCLE('',#1176,2.2);
#1176 = AXIS2_PLACEMENT_3D('',#1177,#1178,#1179);
#1177 = CARTESIAN_POINT('',(21.,39.8,4.75));
#1178 = DIRECTION('',(0.,1.,0.));
#1179 = DIRECTION('',(0.,-0.,1.));
#1180 = PCURVE('',#376,#1181);
#1181 = DEFINITIONAL_REPRESENTATION('',(#1182),#1186);
#1182 = LINE('',#1183,#1184);
#1183 = CARTESIAN_POINT('',(0.,7.9));
#1184 = VECTOR('',#1185,1.);
#1185 = DIRECTION('',(1.,0.));
#1186 = ( GEOMETRIC_REPRESENTATION_CONTEXT(2) 
PARAMETRIC_REPRESENTATION_CONTEXT() REPRESENTATION_CONTEXT('2D SPACE',''
  ) );
#1187 = PCURVE('',#508,#1188);
#1188 = DEFINITIONAL_REPRESENTATION('',(#1189),#1193);
#1189 = CIRCLE('',#1190,2.2);
#1190 = AXIS2_PLACEMENT_2D('',#1191,#1192);
#1191 = CARTESIAN_POINT('',(0.,0.));
#1192 = DIRECTION('',(1.,0.));
#1193 = ( GEOMETRIC_REPRESENTATION_CONTEXT(2) 
PARAMETRIC_REPRESENTATION_CONTEXT() REPRESENTATION_CONTEXT('2D SPACE',''
  ) );
#1194 = ORIENTED_EDGE('',*,*,#1195,.F.);
#1195 = EDGE_CURVE('',#360,#1172,#1196,.T.);
#1196 = SEAM_CURVE('',#1197,(#1201,#1208),.PCURVE_S1.);
#1197 = LINE('',#1198,#1199);
#1198 = CARTESIAN_POINT('',(21.,31.9,6.95));
#1199 = VECTOR('',#1200,1.);
#1200 = DIRECTION('',(0.,1.,0.));
#1201 = PCURVE('',#376,#1202);
#1202 = DEFINITIONAL_REPRESENTATION('',(#1203),#1207);
#1203 = LINE('',#1204,#1205);
#1204 = CARTESIAN_POINT('',(6.28318530718,-0.));
#1205 = VECTOR('',#1206,1.);
#1206 = DIRECTION('',(0.,1.));
#1207 = ( GEOMETRIC_REPRESENTATION_CONTEXT(2) 
PARAMETRIC_REPRESENTATION_CONTEXT() REPRESENTATION_CONTEXT('2D SPACE',''
  ) );
#1208 = PCURVE('',#376,#1209);
#1209 = DEFINITIONAL_REPRESENTATION('',(#1210),#1214);
#1210 = LINE('',#1211,#1212);
#1211 = CARTESIAN_POINT('',(0.,-0.));
#1212 = VECTOR('',#1213,1.);
#1213 = DIRECTION('',(0.,1.));
#1214 = ( GEOMETRIC_REPRESENTATION_CONTEXT(2) 
PARAMETRIC_REPRESENTATION_CONTEXT() REPRESENTATION_CONTEXT('2D SPACE',''
  ) );
#1215 = ORIENTED_EDGE('',*,*,#359,.T.);
#1216 = ORIENTED_EDGE('',*,*,#1195,.T.);
#1217 = ADVANCED_FACE('',(#1218),#636,.F.);
#1218 = FACE_BOUND('',#1219,.F.);
#1219 = EDGE_LOOP('',(#1220,#1242,#1243,#1244));
#1220 = ORIENTED_EDGE('',*,*,#1221,.T.);
#1221 = EDGE_CURVE('',#860,#598,#1222,.T.);
#1222 = SURFACE_CURVE('',#1223,(#1228,#1235),.PCURVE_S1.);
#1223 = CIRCLE('',#1224,4.75);
#1224 = AXIS2_PLACEMENT_3D('',#1225,#1226,#1227);
#1225 = CARTESIAN_POINT('',(-25.,39.8,4.75));
#1226 = DIRECTION('',(0.,1.,0.));
#1227 = DIRECTION('',(0.,-0.,1.));
#1228 = PCURVE('',#636,#1229);
#1229 = DEFINITIONAL_REPRESENTATION('',(#1230),#1234);
#1230 = LINE('',#1231,#1232);
#1231 = CARTESIAN_POINT('',(0.,0.));
#1232 = VECTOR('',#1233,1.);
#1233 = DIRECTION('',(1.,0.));
#1234 = ( GEOMETRIC_REPRESENTATION_CONTEXT(2) 
PARAMETRIC_REPRESENTATION_CONTEXT() REPRESENTATION_CONTEXT('2D SPACE',''
  ) );
#1235 = PCURVE('',#612,#1236);
#1236 = DEFINITIONAL_REPRESENTATION('',(#1237),#1241);
#1237 = CIRCLE('',#1238,4.75);
#1238 = AXIS2_PLACEMENT_2D('',#1239,#1240);
#1239 = CARTESIAN_POINT('',(0.,0.));
#1240 = DIRECTION('',(1.,0.));
#1241 = ( GEOMETRIC_REPRESENTATION_CONTEXT(2) 
PARAMETRIC_REPRESENTATION_CONTEXT() REPRESENTATION_CONTEXT('2D SPACE',''
  ) );
#1242 = ORIENTED_EDGE('',*,*,#623,.T.);
#1243 = ORIENTED_EDGE('',*,*,#652,.F.);
#1244 = ORIENTED_EDGE('',*,*,#880,.F.);
#1245 = ADVANCED_FACE('',(#1246,#1320),#612,.T.);
#1246 = FACE_BOUND('',#1247,.T.);
#1247 = EDGE_LOOP('',(#1248,#1269,#1298,#1317,#1318,#1319));
#1248 = ORIENTED_EDGE('',*,*,#1249,.T.);
#1249 = EDGE_CURVE('',#572,#1250,#1252,.T.);
#1250 = VERTEX_POINT('',#1251);
#1251 = CARTESIAN_POINT('',(-23.5,39.8,9.25693909433));
#1252 = SURFACE_CURVE('',#1253,(#1257,#1263),.PCURVE_S1.);
#1253 = LINE('',#1254,#1255);
#1254 = CARTESIAN_POINT('',(-23.5,39.8,-6.));
#1255 = VECTOR('',#1256,1.);
#1256 = DIRECTION('',(0.,0.,1.));
#1257 = PCURVE('',#612,#1258);
#1258 = DEFINITIONAL_REPRESENTATION('',(#1259),#1262);
#1259 = B_SPLINE_CURVE_WITH_KNOTS('',1,(#1260,#1261),.UNSPECIFIED.,.F.,
  .F.,(2,2),(6.,15.5),.PIECEWISE_BEZIER_KNOTS.);
#1260 = CARTESIAN_POINT('',(-4.75,1.5));
#1261 = CARTESIAN_POINT('',(4.75,1.5));
#1262 = ( GEOMETRIC_REPRESENTATION_CONTEXT(2) 
PARAMETRIC_REPRESENTATION_CONTEXT() REPRESENTATION_CONTEXT('2D SPACE',''
  ) );
#1263 = PCURVE('',#586,#1264);
#1264 = DEFINITIONAL_REPRESENTATION('',(#1265),#1268);
#1265 = B_SPLINE_CURVE_WITH_KNOTS('',1,(#1266,#1267),.UNSPECIFIED.,.F.,
  .F.,(2,2),(6.,15.5),.PIECEWISE_BEZIER_KNOTS.);
#1266 = CARTESIAN_POINT('',(16.75,-1.8));
#1267 = CARTESIAN_POINT('',(26.25,-1.8));
#1268 = ( GEOMETRIC_REPRESENTATION_CONTEXT(2) 
PARAMETRIC_REPRESENTATION_CONTEXT() REPRESENTATION_CONTEXT('2D SPACE',''
  ) );
#1269 = ORIENTED_EDGE('',*,*,#1270,.T.);
#1270 = EDGE_CURVE('',#1250,#1271,#1273,.T.);
#1271 = VERTEX_POINT('',#1272);
#1272 = CARTESIAN_POINT('',(-23.5,39.8,0.24306090567));
#1273 = SURFACE_CURVE('',#1274,(#1279,#1286),.PCURVE_S1.);
#1274 = CIRCLE('',#1275,4.75);
#1275 = AXIS2_PLACEMENT_3D('',#1276,#1277,#1278);
#1276 = CARTESIAN_POINT('',(-25.,39.8,4.75));
#1277 = DIRECTION('',(0.,1.,0.));
#1278 = DIRECTION('',(0.,-0.,1.));
#1279 = PCURVE('',#612,#1280);
#1280 = DEFINITIONAL_REPRESENTATION('',(#1281),#1285);
#1281 = CIRCLE('',#1282,4.75);
#1282 = AXIS2_PLACEMENT_2D('',#1283,#1284);
#1283 = CARTESIAN_POINT('',(0.,0.));
#1284 = DIRECTION('',(1.,0.));
#1285 = ( GEOMETRIC_REPRESENTATION_CONTEXT(2) 
PARAMETRIC_REPRESENTATION_CONTEXT() REPRESENTATION_CONTEXT('2D SPACE',''
  ) );
#1286 = PCURVE('',#1287,#1292);
#1287 = CYLINDRICAL_SURFACE('',#1288,4.75);
#1288 = AXIS2_PLACEMENT_3D('',#1289,#1290,#1291);
#1289 = CARTESIAN_POINT('',(-25.,39.8,4.75));
#1290 = DIRECTION('',(0.,1.,0.));
#1291 = DIRECTION('',(0.,-0.,1.));
#1292 = DEFINITIONAL_REPRESENTATION('',(#1293),#1297);
#1293 = LINE('',#1294,#1295);
#1294 = CARTESIAN_POINT('',(0.,0.));
#1295 = VECTOR('',#1296,1.);
#1296 = DIRECTION('',(1.,0.));
#1297 = ( GEOMETRIC_REPRESENTATION_CONTEXT(2) 
PARAMETRIC_REPRESENTATION_CONTEXT() REPRESENTATION_CONTEXT('2D SPACE',''
  ) );
#1298 = ORIENTED_EDGE('',*,*,#1299,.T.);
#1299 = EDGE_CURVE('',#1271,#839,#1300,.T.);
#1300 = SURFACE_CURVE('',#1301,(#1305,#1311),.PCURVE_S1.);
#1301 = LINE('',#1302,#1303);
#1302 = CARTESIAN_POINT('',(-23.5,39.8,-6.));
#1303 = VECTOR('',#1304,1.);
#1304 = DIRECTION('',(0.,0.,1.));
#1305 = PCURVE('',#612,#1306);
#1306 = DEFINITIONAL_REPRESENTATION('',(#1307),#1310);
#1307 = B_SPLINE_CURVE_WITH_KNOTS('',1,(#1308,#1309),.UNSPECIFIED.,.F.,
  .F.,(2,2),(6.,15.5),.PIECEWISE_BEZIER_KNOTS.);
#1308 = CARTESIAN_POINT('',(-4.75,1.5));
#1309 = CARTESIAN_POINT('',(4.75,1.5));
#1310 = ( GEOMETRIC_REPRESENTATION_CONTEXT(2) 
PARAMETRIC_REPRESENTATION_CONTEXT() REPRESENTATION_CONTEXT('2D SPACE',''
  ) );
#1311 = PCURVE('',#586,#1312);
#1312 = DEFINITIONAL_REPRESENTATION('',(#1313),#1316);
#1313 = B_SPLINE_CURVE_WITH_KNOTS('',1,(#1314,#1315),.UNSPECIFIED.,.F.,
  .F.,(2,2),(6.,15.5),.PIECEWISE_BEZIER_KNOTS.);
#1314 = CARTESIAN_POINT('',(16.75,-1.8));
#1315 = CARTESIAN_POINT('',(26.25,-1.8));
#1316 = ( GEOMETRIC_REPRESENTATION_CONTEXT(2) 
PARAMETRIC_REPRESENTATION_CONTEXT() REPRESENTATION_CONTEXT('2D SPACE',''
  ) );
#1317 = ORIENTED_EDGE('',*,*,#859,.T.);
#1318 = ORIENTED_EDGE('',*,*,#1221,.T.);
#1319 = ORIENTED_EDGE('',*,*,#597,.F.);
#1320 = FACE_BOUND('',#1321,.T.);
#1321 = EDGE_LOOP('',(#1322));
#1322 = ORIENTED_EDGE('',*,*,#1121,.F.);
#1323 = ADVANCED_FACE('',(#1324),#586,.F.);
#1324 = FACE_BOUND('',#1325,.F.);
#1325 = EDGE_LOOP('',(#1326,#1349,#1377,#1403,#1431,#1452,#1453,#1454,
    #1475,#1501,#1527,#1553,#1574,#1595,#1614,#1615));
#1326 = ORIENTED_EDGE('',*,*,#1327,.F.);
#1327 = EDGE_CURVE('',#1328,#813,#1330,.T.);
#1328 = VERTEX_POINT('',#1329);
#1329 = CARTESIAN_POINT('',(-23.5,38.,-16.75));
#1330 = SURFACE_CURVE('',#1331,(#1335,#1342),.PCURVE_S1.);
#1331 = LINE('',#1332,#1333);
#1332 = CARTESIAN_POINT('',(-23.5,38.,-16.75));
#1333 = VECTOR('',#1334,1.);
#1334 = DIRECTION('',(0.,0.,1.));
#1335 = PCURVE('',#586,#1336);
#1336 = DEFINITIONAL_REPRESENTATION('',(#1337),#1341);
#1337 = LINE('',#1338,#1339);
#1338 = CARTESIAN_POINT('',(0.,0.));
#1339 = VECTOR('',#1340,1.);
#1340 = DIRECTION('',(1.,0.));
#1341 = ( GEOMETRIC_REPRESENTATION_CONTEXT(2) 
PARAMETRIC_REPRESENTATION_CONTEXT() REPRESENTATION_CONTEXT('2D SPACE',''
  ) );
#1342 = PCURVE('',#827,#1343);
#1343 = DEFINITIONAL_REPRESENTATION('',(#1344),#1348);
#1344 = LINE('',#1345,#1346);
#1345 = CARTESIAN_POINT('',(0.,0.));
#1346 = VECTOR('',#1347,1.);
#1347 = DIRECTION('',(1.,0.));
#1348 = ( GEOMETRIC_REPRESENTATION_CONTEXT(2) 
PARAMETRIC_REPRESENTATION_CONTEXT() REPRESENTATION_CONTEXT('2D SPACE',''
  ) );
#1349 = ORIENTED_EDGE('',*,*,#1350,.T.);
#1350 = EDGE_CURVE('',#1328,#1351,#1353,.T.);
#1351 = VERTEX_POINT('',#1352);
#1352 = CARTESIAN_POINT('',(-23.5,185.91545793775,-16.75));
#1353 = SURFACE_CURVE('',#1354,(#1358,#1365),.PCURVE_S1.);
#1354 = LINE('',#1355,#1356);
#1355 = CARTESIAN_POINT('',(-23.5,38.,-16.75));
#1356 = VECTOR('',#1357,1.);
#1357 = DIRECTION('',(0.,1.,0.));
#1358 = PCURVE('',#586,#1359);
#1359 = DEFINITIONAL_REPRESENTATION('',(#1360),#1364);
#1360 = LINE('',#1361,#1362);
#1361 = CARTESIAN_POINT('',(0.,0.));
#1362 = VECTOR('',#1363,1.);
#1363 = DIRECTION('',(0.,-1.));
#1364 = ( GEOMETRIC_REPRESENTATION_CONTEXT(2) 
PARAMETRIC_REPRESENTATION_CONTEXT() REPRESENTATION_CONTEXT('2D SPACE',''
  ) );
#1365 = PCURVE('',#1366,#1371);
#1366 = PLANE('',#1367);
#1367 = AXIS2_PLACEMENT_3D('',#1368,#1369,#1370);
#1368 = CARTESIAN_POINT('',(-23.5,38.,-16.75));
#1369 = DIRECTION('',(0.,0.,1.));
#1370 = DIRECTION('',(1.,0.,0.));
#1371 = DEFINITIONAL_REPRESENTATION('',(#1372),#1376);
#1372 = LINE('',#1373,#1374);
#1373 = CARTESIAN_POINT('',(0.,0.));
#1374 = VECTOR('',#1375,1.);
#1375 = DIRECTION('',(0.,1.));
#1376 = ( GEOMETRIC_REPRESENTATION_CONTEXT(2) 
PARAMETRIC_REPRESENTATION_CONTEXT() REPRESENTATION_CONTEXT('2D SPACE',''
  ) );
#1377 = ORIENTED_EDGE('',*,*,#1378,.T.);
#1378 = EDGE_CURVE('',#1351,#1379,#1381,.T.);
#1379 = VERTEX_POINT('',#1380);
#1380 = CARTESIAN_POINT('',(-23.5,185.91545793775,26.25));
#1381 = SURFACE_CURVE('',#1382,(#1386,#1392),.PCURVE_S1.);
#1382 = LINE('',#1383,#1384);
#1383 = CARTESIAN_POINT('',(-23.5,185.91545793775,-26.));
#1384 = VECTOR('',#1385,1.);
#1385 = DIRECTION('',(0.,0.,1.));
#1386 = PCURVE('',#586,#1387);
#1387 = DEFINITIONAL_REPRESENTATION('',(#1388),#1391);
#1388 = B_SPLINE_CURVE_WITH_KNOTS('',1,(#1389,#1390),.UNSPECIFIED.,.F.,
  .F.,(2,2),(9.25,52.25),.PIECEWISE_BEZIER_KNOTS.);
#1389 = CARTESIAN_POINT('',(0.,-147.9154579377));
#1390 = CARTESIAN_POINT('',(43.,-147.9154579377));
#1391 = ( GEOMETRIC_REPRESENTATION_CONTEXT(2) 
PARAMETRIC_REPRESENTATION_CONTEXT() REPRESENTATION_CONTEXT('2D SPACE',''
  ) );
#1392 = PCURVE('',#1393,#1398);
#1393 = PLANE('',#1394);
#1394 = AXIS2_PLACEMENT_3D('',#1395,#1396,#1397);
#1395 = CARTESIAN_POINT('',(-52.,185.91545793775,-35.25));
#1396 = DIRECTION('',(0.,1.,0.));
#1397 = DIRECTION('',(0.,0.,1.));
#1398 = DEFINITIONAL_REPRESENTATION('',(#1399),#1402);
#1399 = B_SPLINE_CURVE_WITH_KNOTS('',1,(#1400,#1401),.UNSPECIFIED.,.F.,
  .F.,(2,2),(9.25,52.25),.PIECEWISE_BEZIER_KNOTS.);
#1400 = CARTESIAN_POINT('',(18.5,28.5));
#1401 = CARTESIAN_POINT('',(61.5,28.5));
#1402 = ( GEOMETRIC_REPRESENTATION_CONTEXT(2) 
PARAMETRIC_REPRESENTATION_CONTEXT() REPRESENTATION_CONTEXT('2D SPACE',''
  ) );
#1403 = ORIENTED_EDGE('',*,*,#1404,.F.);
#1404 = EDGE_CURVE('',#1405,#1379,#1407,.T.);
#1405 = VERTEX_POINT('',#1406);
#1406 = CARTESIAN_POINT('',(-23.5,38.,26.25));
#1407 = SURFACE_CURVE('',#1408,(#1412,#1419),.PCURVE_S1.);
#1408 = LINE('',#1409,#1410);
#1409 = CARTESIAN_POINT('',(-23.5,38.,26.25));
#1410 = VECTOR('',#1411,1.);
#1411 = DIRECTION('',(0.,1.,0.));
#1412 = PCURVE('',#586,#1413);
#1413 = DEFINITIONAL_REPRESENTATION('',(#1414),#1418);
#1414 = LINE('',#1415,#1416);
#1415 = CARTESIAN_POINT('',(43.,0.));
#1416 = VECTOR('',#1417,1.);
#1417 = DIRECTION('',(0.,-1.));
#1418 = ( GEOMETRIC_REPRESENTATION_CONTEXT(2) 
PARAMETRIC_REPRESENTATION_CONTEXT() REPRESENTATION_CONTEXT('2D SPACE',''
  ) );
#1419 = PCURVE('',#1420,#1425);
#1420 = PLANE('',#1421);
#1421 = AXIS2_PLACEMENT_3D('',#1422,#1423,#1424);
#1422 = CARTESIAN_POINT('',(-23.5,38.,26.25));
#1423 = DIRECTION('',(0.,0.,1.));
#1424 = DIRECTION('',(1.,0.,0.));
#1425 = DEFINITIONAL_REPRESENTATION('',(#1426),#1430);
#1426 = LINE('',#1427,#1428);
#1427 = CARTESIAN_POINT('',(0.,0.));
#1428 = VECTOR('',#1429,1.);
#1429 = DIRECTION('',(0.,1.));
#1430 = ( GEOMETRIC_REPRESENTATION_CONTEXT(2) 
PARAMETRIC_REPRESENTATION_CONTEXT() REPRESENTATION_CONTEXT('2D SPACE',''
  ) );
#1431 = ORIENTED_EDGE('',*,*,#1432,.F.);
#1432 = EDGE_CURVE('',#546,#1405,#1433,.T.);
#1433 = SURFACE_CURVE('',#1434,(#1438,#1445),.PCURVE_S1.);
#1434 = LINE('',#1435,#1436);
#1435 = CARTESIAN_POINT('',(-23.5,38.,-16.75));
#1436 = VECTOR('',#1437,1.);
#1437 = DIRECTION('',(0.,0.,1.));
#1438 = PCURVE('',#586,#1439);
#1439 = DEFINITIONAL_REPRESENTATION('',(#1440),#1444);
#1440 = LINE('',#1441,#1442);
#1441 = CARTESIAN_POINT('',(0.,0.));
#1442 = VECTOR('',#1443,1.);
#1443 = DIRECTION('',(1.,0.));
#1444 = ( GEOMETRIC_REPRESENTATION_CONTEXT(2) 
PARAMETRIC_REPRESENTATION_CONTEXT() REPRESENTATION_CONTEXT('2D SPACE',''
  ) );
#1445 = PCURVE('',#560,#1446);
#1446 = DEFINITIONAL_REPRESENTATION('',(#1447),#1451);
#1447 = LINE('',#1448,#1449);
#1448 = CARTESIAN_POINT('',(0.,0.));
#1449 = VECTOR('',#1450,1.);
#1450 = DIRECTION('',(1.,0.));
#1451 = ( GEOMETRIC_REPRESENTATION_CONTEXT(2) 
PARAMETRIC_REPRESENTATION_CONTEXT() REPRESENTATION_CONTEXT('2D SPACE',''
  ) );
#1452 = ORIENTED_EDGE('',*,*,#571,.T.);
#1453 = ORIENTED_EDGE('',*,*,#1249,.T.);
#1454 = ORIENTED_EDGE('',*,*,#1455,.T.);
#1455 = EDGE_CURVE('',#1250,#1456,#1458,.T.);
#1456 = VERTEX_POINT('',#1457);
#1457 = CARTESIAN_POINT('',(-23.5,46.5,9.25693909433));
#1458 = SURFACE_CURVE('',#1459,(#1463,#1469),.PCURVE_S1.);
#1459 = LINE('',#1460,#1461);
#1460 = CARTESIAN_POINT('',(-23.5,39.8,9.25693909433));
#1461 = VECTOR('',#1462,1.);
#1462 = DIRECTION('',(0.,1.,0.));
#1463 = PCURVE('',#586,#1464);
#1464 = DEFINITIONAL_REPRESENTATION('',(#1465),#1468);
#1465 = B_SPLINE_CURVE_WITH_KNOTS('',1,(#1466,#1467),.UNSPECIFIED.,.F.,
  .F.,(2,2),(-5.999999999062E-07,6.7000006),.PIECEWISE_BEZIER_KNOTS.);
#1466 = CARTESIAN_POINT('',(26.00693909433,-1.7999994));
#1467 = CARTESIAN_POINT('',(26.00693909433,-8.5000006));
#1468 = ( GEOMETRIC_REPRESENTATION_CONTEXT(2) 
PARAMETRIC_REPRESENTATION_CONTEXT() REPRESENTATION_CONTEXT('2D SPACE',''
  ) );
#1469 = PCURVE('',#1287,#1470);
#1470 = DEFINITIONAL_REPRESENTATION('',(#1471),#1474);
#1471 = B_SPLINE_CURVE_WITH_KNOTS('',1,(#1472,#1473),.UNSPECIFIED.,.F.,
  .F.,(2,2),(-5.999999999062E-07,6.7000006),.PIECEWISE_BEZIER_KNOTS.);
#1472 = CARTESIAN_POINT('',(0.321288589265,-5.999999999062E-07));
#1473 = CARTESIAN_POINT('',(0.321288589265,6.7000006));
#1474 = ( GEOMETRIC_REPRESENTATION_CONTEXT(2) 
PARAMETRIC_REPRESENTATION_CONTEXT() REPRESENTATION_CONTEXT('2D SPACE',''
  ) );
#1475 = ORIENTED_EDGE('',*,*,#1476,.F.);
#1476 = EDGE_CURVE('',#1477,#1456,#1479,.T.);
#1477 = VERTEX_POINT('',#1478);
#1478 = CARTESIAN_POINT('',(-23.5,46.5,6.493559577416));
#1479 = SURFACE_CURVE('',#1480,(#1484,#1490),.PCURVE_S1.);
#1480 = LINE('',#1481,#1482);
#1481 = CARTESIAN_POINT('',(-23.5,46.5,-6.));
#1482 = VECTOR('',#1483,1.);
#1483 = DIRECTION('',(0.,0.,1.));
#1484 = PCURVE('',#586,#1485);
#1485 = DEFINITIONAL_REPRESENTATION('',(#1486),#1489);
#1486 = B_SPLINE_CURVE_WITH_KNOTS('',1,(#1487,#1488),.UNSPECIFIED.,.F.,
  .F.,(2,2),(6.,15.5),.PIECEWISE_BEZIER_KNOTS.);
#1487 = CARTESIAN_POINT('',(16.75,-8.5));
#1488 = CARTESIAN_POINT('',(26.25,-8.5));
#1489 = ( GEOMETRIC_REPRESENTATION_CONTEXT(2) 
PARAMETRIC_REPRESENTATION_CONTEXT() REPRESENTATION_CONTEXT('2D SPACE',''
  ) );
#1490 = PCURVE('',#1491,#1496);
#1491 = PLANE('',#1492);
#1492 = AXIS2_PLACEMENT_3D('',#1493,#1494,#1495);
#1493 = CARTESIAN_POINT('',(-25.,46.5,4.75));
#1494 = DIRECTION('',(0.,1.,0.));
#1495 = DIRECTION('',(0.,-0.,1.));
#1496 = DEFINITIONAL_REPRESENTATION('',(#1497),#1500);
#1497 = B_SPLINE_CURVE_WITH_KNOTS('',1,(#1498,#1499),.UNSPECIFIED.,.F.,
  .F.,(2,2),(6.,15.5),.PIECEWISE_BEZIER_KNOTS.);
#1498 = CARTESIAN_POINT('',(-4.75,1.5));
#1499 = CARTESIAN_POINT('',(4.75,1.5));
#1500 = ( GEOMETRIC_REPRESENTATION_CONTEXT(2) 
PARAMETRIC_REPRESENTATION_CONTEXT() REPRESENTATION_CONTEXT('2D SPACE',''
  ) );
#1501 = ORIENTED_EDGE('',*,*,#1502,.T.);
#1502 = EDGE_CURVE('',#1477,#1503,#1505,.T.);
#1503 = VERTEX_POINT('',#1504);
#1504 = CARTESIAN_POINT('',(-23.5,51.2,6.493559577416));
#1505 = SURFACE_CURVE('',#1506,(#1510,#1516),.PCURVE_S1.);
#1506 = LINE('',#1507,#1508);
#1507 = CARTESIAN_POINT('',(-23.5,46.5,6.493559577416));
#1508 = VECTOR('',#1509,1.);
#1509 = DIRECTION('',(0.,1.,0.));
#1510 = PCURVE('',#586,#1511);
#1511 = DEFINITIONAL_REPRESENTATION('',(#1512),#1515);
#1512 = B_SPLINE_CURVE_WITH_KNOTS('',1,(#1513,#1514),.UNSPECIFIED.,.F.,
  .F.,(2,2),(-5.999999999062E-07,4.7000006),.PIECEWISE_BEZIER_KNOTS.);
#1513 = CARTESIAN_POINT('',(23.243559577416,-8.4999994));
#1514 = CARTESIAN_POINT('',(23.243559577416,-13.2000006));
#1515 = ( GEOMETRIC_REPRESENTATION_CONTEXT(2) 
PARAMETRIC_REPRESENTATION_CONTEXT() REPRESENTATION_CONTEXT('2D SPACE',''
  ) );
#1516 = PCURVE('',#1517,#1522);
#1517 = CYLINDRICAL_SURFACE('',#1518,2.3);
#1518 = AXIS2_PLACEMENT_3D('',#1519,#1520,#1521);
#1519 = CARTESIAN_POINT('',(-25.,46.5,4.75));
#1520 = DIRECTION('',(0.,1.,0.));
#1521 = DIRECTION('',(0.,-0.,1.));
#1522 = DEFINITIONAL_REPRESENTATION('',(#1523),#1526);
#1523 = B_SPLINE_CURVE_WITH_KNOTS('',1,(#1524,#1525),.UNSPECIFIED.,.F.,
  .F.,(2,2),(-5.999999999062E-07,4.7000006),.PIECEWISE_BEZIER_KNOTS.);
#1524 = CARTESIAN_POINT('',(0.710448608553,-5.999999999062E-07));
#1525 = CARTESIAN_POINT('',(0.710448608553,4.7000006));
#1526 = ( GEOMETRIC_REPRESENTATION_CONTEXT(2) 
PARAMETRIC_REPRESENTATION_CONTEXT() REPRESENTATION_CONTEXT('2D SPACE',''
  ) );
#1527 = ORIENTED_EDGE('',*,*,#1528,.F.);
#1528 = EDGE_CURVE('',#1529,#1503,#1531,.T.);
#1529 = VERTEX_POINT('',#1530);
#1530 = CARTESIAN_POINT('',(-23.5,51.2,3.006440422584));
#1531 = SURFACE_CURVE('',#1532,(#1536,#1542),.PCURVE_S1.);
#1532 = LINE('',#1533,#1534);
#1533 = CARTESIAN_POINT('',(-23.5,51.2,-6.));
#1534 = VECTOR('',#1535,1.);
#1535 = DIRECTION('',(0.,0.,1.));
#1536 = PCURVE('',#586,#1537);
#1537 = DEFINITIONAL_REPRESENTATION('',(#1538),#1541);
#1538 = B_SPLINE_CURVE_WITH_KNOTS('',1,(#1539,#1540),.UNSPECIFIED.,.F.,
  .F.,(2,2),(8.45,13.05),.PIECEWISE_BEZIER_KNOTS.);
#1539 = CARTESIAN_POINT('',(19.2,-13.2));
#1540 = CARTESIAN_POINT('',(23.8,-13.2));
#1541 = ( GEOMETRIC_REPRESENTATION_CONTEXT(2) 
PARAMETRIC_REPRESENTATION_CONTEXT() REPRESENTATION_CONTEXT('2D SPACE',''
  ) );
#1542 = PCURVE('',#1543,#1548);
#1543 = PLANE('',#1544);
#1544 = AXIS2_PLACEMENT_3D('',#1545,#1546,#1547);
#1545 = CARTESIAN_POINT('',(-25.,51.2,4.75));
#1546 = DIRECTION('',(0.,1.,0.));
#1547 = DIRECTION('',(0.,-0.,1.));
#1548 = DEFINITIONAL_REPRESENTATION('',(#1549),#1552);
#1549 = B_SPLINE_CURVE_WITH_KNOTS('',1,(#1550,#1551),.UNSPECIFIED.,.F.,
  .F.,(2,2),(8.45,13.05),.PIECEWISE_BEZIER_KNOTS.);
#1550 = CARTESIAN_POINT('',(-2.3,1.5));
#1551 = CARTESIAN_POINT('',(2.3,1.5));
#1552 = ( GEOMETRIC_REPRESENTATION_CONTEXT(2) 
PARAMETRIC_REPRESENTATION_CONTEXT() REPRESENTATION_CONTEXT('2D SPACE',''
  ) );
#1553 = ORIENTED_EDGE('',*,*,#1554,.F.);
#1554 = EDGE_CURVE('',#1555,#1529,#1557,.T.);
#1555 = VERTEX_POINT('',#1556);
#1556 = CARTESIAN_POINT('',(-23.5,46.5,3.006440422584));
#1557 = SURFACE_CURVE('',#1558,(#1562,#1568),.PCURVE_S1.);
#1558 = LINE('',#1559,#1560);
#1559 = CARTESIAN_POINT('',(-23.5,46.5,3.006440422584));
#1560 = VECTOR('',#1561,1.);
#1561 = DIRECTION('',(0.,1.,0.));
#1562 = PCURVE('',#586,#1563);
#1563 = DEFINITIONAL_REPRESENTATION('',(#1564),#1567);
#1564 = B_SPLINE_CURVE_WITH_KNOTS('',1,(#1565,#1566),.UNSPECIFIED.,.F.,
  .F.,(2,2),(-5.999999999062E-07,4.7000006),.PIECEWISE_BEZIER_KNOTS.);
#1565 = CARTESIAN_POINT('',(19.756440422584,-8.4999994));
#1566 = CARTESIAN_POINT('',(19.756440422584,-13.2000006));
#1567 = ( GEOMETRIC_REPRESENTATION_CONTEXT(2) 
PARAMETRIC_REPRESENTATION_CONTEXT() REPRESENTATION_CONTEXT('2D SPACE',''
  ) );
#1568 = PCURVE('',#1517,#1569);
#1569 = DEFINITIONAL_REPRESENTATION('',(#1570),#1573);
#1570 = B_SPLINE_CURVE_WITH_KNOTS('',1,(#1571,#1572),.UNSPECIFIED.,.F.,
  .F.,(2,2),(-5.999999999062E-07,4.7000006),.PIECEWISE_BEZIER_KNOTS.);
#1571 = CARTESIAN_POINT('',(2.431144045037,-5.999999999062E-07));
#1572 = CARTESIAN_POINT('',(2.431144045037,4.7000006));
#1573 = ( GEOMETRIC_REPRESENTATION_CONTEXT(2) 
PARAMETRIC_REPRESENTATION_CONTEXT() REPRESENTATION_CONTEXT('2D SPACE',''
  ) );
#1574 = ORIENTED_EDGE('',*,*,#1575,.F.);
#1575 = EDGE_CURVE('',#1576,#1555,#1578,.T.);
#1576 = VERTEX_POINT('',#1577);
#1577 = CARTESIAN_POINT('',(-23.5,46.5,0.24306090567));
#1578 = SURFACE_CURVE('',#1579,(#1583,#1589),.PCURVE_S1.);
#1579 = LINE('',#1580,#1581);
#1580 = CARTESIAN_POINT('',(-23.5,46.5,-6.));
#1581 = VECTOR('',#1582,1.);
#1582 = DIRECTION('',(0.,0.,1.));
#1583 = PCURVE('',#586,#1584);
#1584 = DEFINITIONAL_REPRESENTATION('',(#1585),#1588);
#1585 = B_SPLINE_CURVE_WITH_KNOTS('',1,(#1586,#1587),.UNSPECIFIED.,.F.,
  .F.,(2,2),(6.,15.5),.PIECEWISE_BEZIER_KNOTS.);
#1586 = CARTESIAN_POINT('',(16.75,-8.5));
#1587 = CARTESIAN_POINT('',(26.25,-8.5));
#1588 = ( GEOMETRIC_REPRESENTATION_CONTEXT(2) 
PARAMETRIC_REPRESENTATION_CONTEXT() REPRESENTATION_CONTEXT('2D SPACE',''
  ) );
#1589 = PCURVE('',#1491,#1590);
#1590 = DEFINITIONAL_REPRESENTATION('',(#1591),#1594);
#1591 = B_SPLINE_CURVE_WITH_KNOTS('',1,(#1592,#1593),.UNSPECIFIED.,.F.,
  .F.,(2,2),(6.,15.5),.PIECEWISE_BEZIER_KNOTS.);
#1592 = CARTESIAN_POINT('',(-4.75,1.5));
#1593 = CARTESIAN_POINT('',(4.75,1.5));
#1594 = ( GEOMETRIC_REPRESENTATION_CONTEXT(2) 
PARAMETRIC_REPRESENTATION_CONTEXT() REPRESENTATION_CONTEXT('2D SPACE',''
  ) );
#1595 = ORIENTED_EDGE('',*,*,#1596,.F.);
#1596 = EDGE_CURVE('',#1271,#1576,#1597,.T.);
#1597 = SURFACE_CURVE('',#1598,(#1602,#1608),.PCURVE_S1.);
#1598 = LINE('',#1599,#1600);
#1599 = CARTESIAN_POINT('',(-23.5,39.8,0.24306090567));
#1600 = VECTOR('',#1601,1.);
#1601 = DIRECTION('',(0.,1.,0.));
#1602 = PCURVE('',#586,#1603);
#1603 = DEFINITIONAL_REPRESENTATION('',(#1604),#1607);
#1604 = B_SPLINE_CURVE_WITH_KNOTS('',1,(#1605,#1606),.UNSPECIFIED.,.F.,
  .F.,(2,2),(-5.999999999062E-07,6.7000006),.PIECEWISE_BEZIER_KNOTS.);
#1605 = CARTESIAN_POINT('',(16.99306090567,-1.7999994));
#1606 = CARTESIAN_POINT('',(16.99306090567,-8.5000006));
#1607 = ( GEOMETRIC_REPRESENTATION_CONTEXT(2) 
PARAMETRIC_REPRESENTATION_CONTEXT() REPRESENTATION_CONTEXT('2D SPACE',''
  ) );
#1608 = PCURVE('',#1287,#1609);
#1609 = DEFINITIONAL_REPRESENTATION('',(#1610),#1613);
#1610 = B_SPLINE_CURVE_WITH_KNOTS('',1,(#1611,#1612),.UNSPECIFIED.,.F.,
  .F.,(2,2),(-5.999999999062E-07,6.7000006),.PIECEWISE_BEZIER_KNOTS.);
#1611 = CARTESIAN_POINT('',(2.820304064325,-5.999999999062E-07));
#1612 = CARTESIAN_POINT('',(2.820304064325,6.7000006));
#1613 = ( GEOMETRIC_REPRESENTATION_CONTEXT(2) 
PARAMETRIC_REPRESENTATION_CONTEXT() REPRESENTATION_CONTEXT('2D SPACE',''
  ) );
#1614 = ORIENTED_EDGE('',*,*,#1299,.T.);
#1615 = ORIENTED_EDGE('',*,*,#838,.F.);
#1616 = ADVANCED_FACE('',(#1617),#560,.F.);
#1617 = FACE_BOUND('',#1618,.F.);
#1618 = EDGE_LOOP('',(#1619,#1642,#1643,#1644));
#1619 = ORIENTED_EDGE('',*,*,#1620,.F.);
#1620 = EDGE_CURVE('',#520,#1621,#1623,.T.);
#1621 = VERTEX_POINT('',#1622);
#1622 = CARTESIAN_POINT('',(19.5,38.,26.25));
#1623 = SURFACE_CURVE('',#1624,(#1628,#1635),.PCURVE_S1.);
#1624 = LINE('',#1625,#1626);
#1625 = CARTESIAN_POINT('',(19.5,38.,-16.75));
#1626 = VECTOR('',#1627,1.);
#1627 = DIRECTION('',(0.,0.,1.));
#1628 = PCURVE('',#560,#1629);
#1629 = DEFINITIONAL_REPRESENTATION('',(#1630),#1634);
#1630 = LINE('',#1631,#1632);
#1631 = CARTESIAN_POINT('',(0.,43.));
#1632 = VECTOR('',#1633,1.);
#1633 = DIRECTION('',(1.,0.));
#1634 = ( GEOMETRIC_REPRESENTATION_CONTEXT(2) 
PARAMETRIC_REPRESENTATION_CONTEXT() REPRESENTATION_CONTEXT('2D SPACE',''
  ) );
#1635 = PCURVE('',#534,#1636);
#1636 = DEFINITIONAL_REPRESENTATION('',(#1637),#1641);
#1637 = LINE('',#1638,#1639);
#1638 = CARTESIAN_POINT('',(0.,0.));
#1639 = VECTOR('',#1640,1.);
#1640 = DIRECTION('',(1.,0.));
#1641 = ( GEOMETRIC_REPRESENTATION_CONTEXT(2) 
PARAMETRIC_REPRESENTATION_CONTEXT() REPRESENTATION_CONTEXT('2D SPACE',''
  ) );
#1642 = ORIENTED_EDGE('',*,*,#545,.T.);
#1643 = ORIENTED_EDGE('',*,*,#1432,.T.);
#1644 = ORIENTED_EDGE('',*,*,#1645,.T.);
#1645 = EDGE_CURVE('',#1405,#1621,#1646,.T.);
#1646 = SURFACE_CURVE('',#1647,(#1651,#1658),.PCURVE_S1.);
#1647 = LINE('',#1648,#1649);
#1648 = CARTESIAN_POINT('',(-23.5,38.,26.25));
#1649 = VECTOR('',#1650,1.);
#1650 = DIRECTION('',(1.,0.,0.));
#1651 = PCURVE('',#560,#1652);
#1652 = DEFINITIONAL_REPRESENTATION('',(#1653),#1657);
#1653 = LINE('',#1654,#1655);
#1654 = CARTESIAN_POINT('',(43.,0.));
#1655 = VECTOR('',#1656,1.);
#1656 = DIRECTION('',(0.,1.));
#1657 = ( GEOMETRIC_REPRESENTATION_CONTEXT(2) 
PARAMETRIC_REPRESENTATION_CONTEXT() REPRESENTATION_CONTEXT('2D SPACE',''
  ) );
#1658 = PCURVE('',#1420,#1659);
#1659 = DEFINITIONAL_REPRESENTATION('',(#1660),#1664);
#1660 = LINE('',#1661,#1662);
#1661 = CARTESIAN_POINT('',(0.,0.));
#1662 = VECTOR('',#1663,1.);
#1663 = DIRECTION('',(1.,0.));
#1664 = ( GEOMETRIC_REPRESENTATION_CONTEXT(2) 
PARAMETRIC_REPRESENTATION_CONTEXT() REPRESENTATION_CONTEXT('2D SPACE',''
  ) );
#1665 = ADVANCED_FACE('',(#1666),#534,.T.);
#1666 = FACE_BOUND('',#1667,.T.);
#1667 = EDGE_LOOP('',(#1668,#1691,#1714,#1735,#1756,#1757,#1758,#1779,
    #1805,#1831,#1857,#1883,#1904,#1925,#1946,#1965));
#1668 = ORIENTED_EDGE('',*,*,#1669,.F.);
#1669 = EDGE_CURVE('',#1670,#792,#1672,.T.);
#1670 = VERTEX_POINT('',#1671);
#1671 = CARTESIAN_POINT('',(19.5,38.,-16.75));
#1672 = SURFACE_CURVE('',#1673,(#1677,#1684),.PCURVE_S1.);
#1673 = LINE('',#1674,#1675);
#1674 = CARTESIAN_POINT('',(19.5,38.,-16.75));
#1675 = VECTOR('',#1676,1.);
#1676 = DIRECTION('',(0.,0.,1.));
#1677 = PCURVE('',#534,#1678);
#1678 = DEFINITIONAL_REPRESENTATION('',(#1679),#1683);
#1679 = LINE('',#1680,#1681);
#1680 = CARTESIAN_POINT('',(0.,0.));
#1681 = VECTOR('',#1682,1.);
#1682 = DIRECTION('',(1.,0.));
#1683 = ( GEOMETRIC_REPRESENTATION_CONTEXT(2) 
PARAMETRIC_REPRESENTATION_CONTEXT() REPRESENTATION_CONTEXT('2D SPACE',''
  ) );
#1684 = PCURVE('',#827,#1685);
#1685 = DEFINITIONAL_REPRESENTATION('',(#1686),#1690);
#1686 = LINE('',#1687,#1688);
#1687 = CARTESIAN_POINT('',(0.,43.));
#1688 = VECTOR('',#1689,1.);
#1689 = DIRECTION('',(1.,0.));
#1690 = ( GEOMETRIC_REPRESENTATION_CONTEXT(2) 
PARAMETRIC_REPRESENTATION_CONTEXT() REPRESENTATION_CONTEXT('2D SPACE',''
  ) );
#1691 = ORIENTED_EDGE('',*,*,#1692,.T.);
#1692 = EDGE_CURVE('',#1670,#1693,#1695,.T.);
#1693 = VERTEX_POINT('',#1694);
#1694 = CARTESIAN_POINT('',(19.5,185.91545793775,-16.75));
#1695 = SURFACE_CURVE('',#1696,(#1700,#1707),.PCURVE_S1.);
#1696 = LINE('',#1697,#1698);
#1697 = CARTESIAN_POINT('',(19.5,38.,-16.75));
#1698 = VECTOR('',#1699,1.);
#1699 = DIRECTION('',(0.,1.,0.));
#1700 = PCURVE('',#534,#1701);
#1701 = DEFINITIONAL_REPRESENTATION('',(#1702),#1706);
#1702 = LINE('',#1703,#1704);
#1703 = CARTESIAN_POINT('',(0.,0.));
#1704 = VECTOR('',#1705,1.);
#1705 = DIRECTION('',(0.,-1.));
#1706 = ( GEOMETRIC_REPRESENTATION_CONTEXT(2) 
PARAMETRIC_REPRESENTATION_CONTEXT() REPRESENTATION_CONTEXT('2D SPACE',''
  ) );
#1707 = PCURVE('',#1366,#1708);
#1708 = DEFINITIONAL_REPRESENTATION('',(#1709),#1713);
#1709 = LINE('',#1710,#1711);
#1710 = CARTESIAN_POINT('',(43.,0.));
#1711 = VECTOR('',#1712,1.);
#1712 = DIRECTION('',(0.,1.));
#1713 = ( GEOMETRIC_REPRESENTATION_CONTEXT(2) 
PARAMETRIC_REPRESENTATION_CONTEXT() REPRESENTATION_CONTEXT('2D SPACE',''
  ) );
#1714 = ORIENTED_EDGE('',*,*,#1715,.T.);
#1715 = EDGE_CURVE('',#1693,#1716,#1718,.T.);
#1716 = VERTEX_POINT('',#1717);
#1717 = CARTESIAN_POINT('',(19.5,185.91545793775,26.25));
#1718 = SURFACE_CURVE('',#1719,(#1723,#1729),.PCURVE_S1.);
#1719 = LINE('',#1720,#1721);
#1720 = CARTESIAN_POINT('',(19.5,185.91545793775,-26.));
#1721 = VECTOR('',#1722,1.);
#1722 = DIRECTION('',(0.,0.,1.));
#1723 = PCURVE('',#534,#1724);
#1724 = DEFINITIONAL_REPRESENTATION('',(#1725),#1728);
#1725 = B_SPLINE_CURVE_WITH_KNOTS('',1,(#1726,#1727),.UNSPECIFIED.,.F.,
  .F.,(2,2),(9.25,52.25),.PIECEWISE_BEZIER_KNOTS.);
#1726 = CARTESIAN_POINT('',(0.,-147.9154579377));
#1727 = CARTESIAN_POINT('',(43.,-147.9154579377));
#1728 = ( GEOMETRIC_REPRESENTATION_CONTEXT(2) 
PARAMETRIC_REPRESENTATION_CONTEXT() REPRESENTATION_CONTEXT('2D SPACE',''
  ) );
#1729 = PCURVE('',#1393,#1730);
#1730 = DEFINITIONAL_REPRESENTATION('',(#1731),#1734);
#1731 = B_SPLINE_CURVE_WITH_KNOTS('',1,(#1732,#1733),.UNSPECIFIED.,.F.,
  .F.,(2,2),(9.25,52.25),.PIECEWISE_BEZIER_KNOTS.);
#1732 = CARTESIAN_POINT('',(18.5,71.5));
#1733 = CARTESIAN_POINT('',(61.5,71.5));
#1734 = ( GEOMETRIC_REPRESENTATION_CONTEXT(2) 
PARAMETRIC_REPRESENTATION_CONTEXT() REPRESENTATION_CONTEXT('2D SPACE',''
  ) );
#1735 = ORIENTED_EDGE('',*,*,#1736,.F.);
#1736 = EDGE_CURVE('',#1621,#1716,#1737,.T.);
#1737 = SURFACE_CURVE('',#1738,(#1742,#1749),.PCURVE_S1.);
#1738 = LINE('',#1739,#1740);
#1739 = CARTESIAN_POINT('',(19.5,38.,26.25));
#1740 = VECTOR('',#1741,1.);
#1741 = DIRECTION('',(0.,1.,0.));
#1742 = PCURVE('',#534,#1743);
#1743 = DEFINITIONAL_REPRESENTATION('',(#1744),#1748);
#1744 = LINE('',#1745,#1746);
#1745 = CARTESIAN_POINT('',(43.,0.));
#1746 = VECTOR('',#1747,1.);
#1747 = DIRECTION('',(0.,-1.));
#1748 = ( GEOMETRIC_REPRESENTATION_CONTEXT(2) 
PARAMETRIC_REPRESENTATION_CONTEXT() REPRESENTATION_CONTEXT('2D SPACE',''
  ) );
#1749 = PCURVE('',#1420,#1750);
#1750 = DEFINITIONAL_REPRESENTATION('',(#1751),#1755);
#1751 = LINE('',#1752,#1753);
#1752 = CARTESIAN_POINT('',(43.,0.));
#1753 = VECTOR('',#1754,1.);
#1754 = DIRECTION('',(0.,1.));
#1755 = ( GEOMETRIC_REPRESENTATION_CONTEXT(2) 
PARAMETRIC_REPRESENTATION_CONTEXT() REPRESENTATION_CONTEXT('2D SPACE',''
  ) );
#1756 = ORIENTED_EDGE('',*,*,#1620,.F.);
#1757 = ORIENTED_EDGE('',*,*,#519,.T.);
#1758 = ORIENTED_EDGE('',*,*,#1759,.T.);
#1759 = EDGE_CURVE('',#494,#1760,#1762,.T.);
#1760 = VERTEX_POINT('',#1761);
#1761 = CARTESIAN_POINT('',(19.5,39.8,9.25693909433));
#1762 = SURFACE_CURVE('',#1763,(#1767,#1773),.PCURVE_S1.);
#1763 = LINE('',#1764,#1765);
#1764 = CARTESIAN_POINT('',(19.5,39.8,-6.));
#1765 = VECTOR('',#1766,1.);
#1766 = DIRECTION('',(0.,0.,1.));
#1767 = PCURVE('',#534,#1768);
#1768 = DEFINITIONAL_REPRESENTATION('',(#1769),#1772);
#1769 = B_SPLINE_CURVE_WITH_KNOTS('',1,(#1770,#1771),.UNSPECIFIED.,.F.,
  .F.,(2,2),(6.,15.5),.PIECEWISE_BEZIER_KNOTS.);
#1770 = CARTESIAN_POINT('',(16.75,-1.8));
#1771 = CARTESIAN_POINT('',(26.25,-1.8));
#1772 = ( GEOMETRIC_REPRESENTATION_CONTEXT(2) 
PARAMETRIC_REPRESENTATION_CONTEXT() REPRESENTATION_CONTEXT('2D SPACE',''
  ) );
#1773 = PCURVE('',#508,#1774);
#1774 = DEFINITIONAL_REPRESENTATION('',(#1775),#1778);
#1775 = B_SPLINE_CURVE_WITH_KNOTS('',1,(#1776,#1777),.UNSPECIFIED.,.F.,
  .F.,(2,2),(6.,15.5),.PIECEWISE_BEZIER_KNOTS.);
#1776 = CARTESIAN_POINT('',(-4.75,-1.5));
#1777 = CARTESIAN_POINT('',(4.75,-1.5));
#1778 = ( GEOMETRIC_REPRESENTATION_CONTEXT(2) 
PARAMETRIC_REPRESENTATION_CONTEXT() REPRESENTATION_CONTEXT('2D SPACE',''
  ) );
#1779 = ORIENTED_EDGE('',*,*,#1780,.T.);
#1780 = EDGE_CURVE('',#1760,#1781,#1783,.T.);
#1781 = VERTEX_POINT('',#1782);
#1782 = CARTESIAN_POINT('',(19.5,46.5,9.25693909433));
#1783 = SURFACE_CURVE('',#1784,(#1788,#1794),.PCURVE_S1.);
#1784 = LINE('',#1785,#1786);
#1785 = CARTESIAN_POINT('',(19.5,39.8,9.25693909433));
#1786 = VECTOR('',#1787,1.);
#1787 = DIRECTION('',(0.,1.,0.));
#1788 = PCURVE('',#534,#1789);
#1789 = DEFINITIONAL_REPRESENTATION('',(#1790),#1793);
#1790 = B_SPLINE_CURVE_WITH_KNOTS('',1,(#1791,#1792),.UNSPECIFIED.,.F.,
  .F.,(2,2),(-5.999999999062E-07,6.7000006),.PIECEWISE_BEZIER_KNOTS.);
#1791 = CARTESIAN_POINT('',(26.00693909433,-1.7999994));
#1792 = CARTESIAN_POINT('',(26.00693909433,-8.5000006));
#1793 = ( GEOMETRIC_REPRESENTATION_CONTEXT(2) 
PARAMETRIC_REPRESENTATION_CONTEXT() REPRESENTATION_CONTEXT('2D SPACE',''
  ) );
#1794 = PCURVE('',#1795,#1800);
#1795 = CYLINDRICAL_SURFACE('',#1796,4.75);
#1796 = AXIS2_PLACEMENT_3D('',#1797,#1798,#1799);
#1797 = CARTESIAN_POINT('',(21.,39.8,4.75));
#1798 = DIRECTION('',(0.,1.,0.));
#1799 = DIRECTION('',(0.,-0.,1.));
#1800 = DEFINITIONAL_REPRESENTATION('',(#1801),#1804);
#1801 = B_SPLINE_CURVE_WITH_KNOTS('',1,(#1802,#1803),.UNSPECIFIED.,.F.,
  .F.,(2,2),(-5.999999999062E-07,6.7000006),.PIECEWISE_BEZIER_KNOTS.);
#1802 = CARTESIAN_POINT('',(5.961896717915,-5.999999999062E-07));
#1803 = CARTESIAN_POINT('',(5.961896717915,6.7000006));
#1804 = ( GEOMETRIC_REPRESENTATION_CONTEXT(2) 
PARAMETRIC_REPRESENTATION_CONTEXT() REPRESENTATION_CONTEXT('2D SPACE',''
  ) );
#1805 = ORIENTED_EDGE('',*,*,#1806,.F.);
#1806 = EDGE_CURVE('',#1807,#1781,#1809,.T.);
#1807 = VERTEX_POINT('',#1808);
#1808 = CARTESIAN_POINT('',(19.5,46.5,6.493559577416));
#1809 = SURFACE_CURVE('',#1810,(#1814,#1820),.PCURVE_S1.);
#1810 = LINE('',#1811,#1812);
#1811 = CARTESIAN_POINT('',(19.5,46.5,-6.));
#1812 = VECTOR('',#1813,1.);
#1813 = DIRECTION('',(0.,0.,1.));
#1814 = PCURVE('',#534,#1815);
#1815 = DEFINITIONAL_REPRESENTATION('',(#1816),#1819);
#1816 = B_SPLINE_CURVE_WITH_KNOTS('',1,(#1817,#1818),.UNSPECIFIED.,.F.,
  .F.,(2,2),(6.,15.5),.PIECEWISE_BEZIER_KNOTS.);
#1817 = CARTESIAN_POINT('',(16.75,-8.5));
#1818 = CARTESIAN_POINT('',(26.25,-8.5));
#1819 = ( GEOMETRIC_REPRESENTATION_CONTEXT(2) 
PARAMETRIC_REPRESENTATION_CONTEXT() REPRESENTATION_CONTEXT('2D SPACE',''
  ) );
#1820 = PCURVE('',#1821,#1826);
#1821 = PLANE('',#1822);
#1822 = AXIS2_PLACEMENT_3D('',#1823,#1824,#1825);
#1823 = CARTESIAN_POINT('',(21.,46.5,4.75));
#1824 = DIRECTION('',(0.,1.,0.));
#1825 = DIRECTION('',(0.,-0.,1.));
#1826 = DEFINITIONAL_REPRESENTATION('',(#1827),#1830);
#1827 = B_SPLINE_CURVE_WITH_KNOTS('',1,(#1828,#1829),.UNSPECIFIED.,.F.,
  .F.,(2,2),(6.,15.5),.PIECEWISE_BEZIER_KNOTS.);
#1828 = CARTESIAN_POINT('',(-4.75,-1.5));
#1829 = CARTESIAN_POINT('',(4.75,-1.5));
#1830 = ( GEOMETRIC_REPRESENTATION_CONTEXT(2) 
PARAMETRIC_REPRESENTATION_CONTEXT() REPRESENTATION_CONTEXT('2D SPACE',''
  ) );
#1831 = ORIENTED_EDGE('',*,*,#1832,.T.);
#1832 = EDGE_CURVE('',#1807,#1833,#1835,.T.);
#1833 = VERTEX_POINT('',#1834);
#1834 = CARTESIAN_POINT('',(19.5,51.2,6.493559577416));
#1835 = SURFACE_CURVE('',#1836,(#1840,#1846),.PCURVE_S1.);
#1836 = LINE('',#1837,#1838);
#1837 = CARTESIAN_POINT('',(19.5,46.5,6.493559577416));
#1838 = VECTOR('',#1839,1.);
#1839 = DIRECTION('',(0.,1.,0.));
#1840 = PCURVE('',#534,#1841);
#1841 = DEFINITIONAL_REPRESENTATION('',(#1842),#1845);
#1842 = B_SPLINE_CURVE_WITH_KNOTS('',1,(#1843,#1844),.UNSPECIFIED.,.F.,
  .F.,(2,2),(-5.999999999062E-07,4.7000006),.PIECEWISE_BEZIER_KNOTS.);
#1843 = CARTESIAN_POINT('',(23.243559577416,-8.4999994));
#1844 = CARTESIAN_POINT('',(23.243559577416,-13.2000006));
#1845 = ( GEOMETRIC_REPRESENTATION_CONTEXT(2) 
PARAMETRIC_REPRESENTATION_CONTEXT() REPRESENTATION_CONTEXT('2D SPACE',''
  ) );
#1846 = PCURVE('',#1847,#1852);
#1847 = CYLINDRICAL_SURFACE('',#1848,2.3);
#1848 = AXIS2_PLACEMENT_3D('',#1849,#1850,#1851);
#1849 = CARTESIAN_POINT('',(21.,46.5,4.75));
#1850 = DIRECTION('',(0.,1.,0.));
#1851 = DIRECTION('',(0.,-0.,1.));
#1852 = DEFINITIONAL_REPRESENTATION('',(#1853),#1856);
#1853 = B_SPLINE_CURVE_WITH_KNOTS('',1,(#1854,#1855),.UNSPECIFIED.,.F.,
  .F.,(2,2),(-5.999999999062E-07,4.7000006),.PIECEWISE_BEZIER_KNOTS.);
#1854 = CARTESIAN_POINT('',(5.572736698626,-5.999999999062E-07));
#1855 = CARTESIAN_POINT('',(5.572736698626,4.7000006));
#1856 = ( GEOMETRIC_REPRESENTATION_CONTEXT(2) 
PARAMETRIC_REPRESENTATION_CONTEXT() REPRESENTATION_CONTEXT('2D SPACE',''
  ) );
#1857 = ORIENTED_EDGE('',*,*,#1858,.F.);
#1858 = EDGE_CURVE('',#1859,#1833,#1861,.T.);
#1859 = VERTEX_POINT('',#1860);
#1860 = CARTESIAN_POINT('',(19.5,51.2,3.006440422584));
#1861 = SURFACE_CURVE('',#1862,(#1866,#1872),.PCURVE_S1.);
#1862 = LINE('',#1863,#1864);
#1863 = CARTESIAN_POINT('',(19.5,51.2,-6.));
#1864 = VECTOR('',#1865,1.);
#1865 = DIRECTION('',(0.,0.,1.));
#1866 = PCURVE('',#534,#1867);
#1867 = DEFINITIONAL_REPRESENTATION('',(#1868),#1871);
#1868 = B_SPLINE_CURVE_WITH_KNOTS('',1,(#1869,#1870),.UNSPECIFIED.,.F.,
  .F.,(2,2),(8.45,13.05),.PIECEWISE_BEZIER_KNOTS.);
#1869 = CARTESIAN_POINT('',(19.2,-13.2));
#1870 = CARTESIAN_POINT('',(23.8,-13.2));
#1871 = ( GEOMETRIC_REPRESENTATION_CONTEXT(2) 
PARAMETRIC_REPRESENTATION_CONTEXT() REPRESENTATION_CONTEXT('2D SPACE',''
  ) );
#1872 = PCURVE('',#1873,#1878);
#1873 = PLANE('',#1874);
#1874 = AXIS2_PLACEMENT_3D('',#1875,#1876,#1877);
#1875 = CARTESIAN_POINT('',(21.,51.2,4.75));
#1876 = DIRECTION('',(0.,1.,0.));
#1877 = DIRECTION('',(0.,-0.,1.));
#1878 = DEFINITIONAL_REPRESENTATION('',(#1879),#1882);
#1879 = B_SPLINE_CURVE_WITH_KNOTS('',1,(#1880,#1881),.UNSPECIFIED.,.F.,
  .F.,(2,2),(8.45,13.05),.PIECEWISE_BEZIER_KNOTS.);
#1880 = CARTESIAN_POINT('',(-2.3,-1.5));
#1881 = CARTESIAN_POINT('',(2.3,-1.5));
#1882 = ( GEOMETRIC_REPRESENTATION_CONTEXT(2) 
PARAMETRIC_REPRESENTATION_CONTEXT() REPRESENTATION_CONTEXT('2D SPACE',''
  ) );
#1883 = ORIENTED_EDGE('',*,*,#1884,.F.);
#1884 = EDGE_CURVE('',#1885,#1859,#1887,.T.);
#1885 = VERTEX_POINT('',#1886);
#1886 = CARTESIAN_POINT('',(19.5,46.5,3.006440422584));
#1887 = SURFACE_CURVE('',#1888,(#1892,#1898),.PCURVE_S1.);
#1888 = LINE('',#1889,#1890);
#1889 = CARTESIAN_POINT('',(19.5,46.5,3.006440422584));
#1890 = VECTOR('',#1891,1.);
#1891 = DIRECTION('',(0.,1.,0.));
#1892 = PCURVE('',#534,#1893);
#1893 = DEFINITIONAL_REPRESENTATION('',(#1894),#1897);
#1894 = B_SPLINE_CURVE_WITH_KNOTS('',1,(#1895,#1896),.UNSPECIFIED.,.F.,
  .F.,(2,2),(-5.999999999062E-07,4.7000006),.PIECEWISE_BEZIER_KNOTS.);
#1895 = CARTESIAN_POINT('',(19.756440422584,-8.4999994));
#1896 = CARTESIAN_POINT('',(19.756440422584,-13.2000006));
#1897 = ( GEOMETRIC_REPRESENTATION_CONTEXT(2) 
PARAMETRIC_REPRESENTATION_CONTEXT() REPRESENTATION_CONTEXT('2D SPACE',''
  ) );
#1898 = PCURVE('',#1847,#1899);
#1899 = DEFINITIONAL_REPRESENTATION('',(#1900),#1903);
#1900 = B_SPLINE_CURVE_WITH_KNOTS('',1,(#1901,#1902),.UNSPECIFIED.,.F.,
  .F.,(2,2),(-5.999999999062E-07,4.7000006),.PIECEWISE_BEZIER_KNOTS.);
#1901 = CARTESIAN_POINT('',(3.852041262143,-5.999999999062E-07));
#1902 = CARTESIAN_POINT('',(3.852041262143,4.7000006));
#1903 = ( GEOMETRIC_REPRESENTATION_CONTEXT(2) 
PARAMETRIC_REPRESENTATION_CONTEXT() REPRESENTATION_CONTEXT('2D SPACE',''
  ) );
#1904 = ORIENTED_EDGE('',*,*,#1905,.F.);
#1905 = EDGE_CURVE('',#1906,#1885,#1908,.T.);
#1906 = VERTEX_POINT('',#1907);
#1907 = CARTESIAN_POINT('',(19.5,46.5,0.24306090567));
#1908 = SURFACE_CURVE('',#1909,(#1913,#1919),.PCURVE_S1.);
#1909 = LINE('',#1910,#1911);
#1910 = CARTESIAN_POINT('',(19.5,46.5,-6.));
#1911 = VECTOR('',#1912,1.);
#1912 = DIRECTION('',(0.,0.,1.));
#1913 = PCURVE('',#534,#1914);
#1914 = DEFINITIONAL_REPRESENTATION('',(#1915),#1918);
#1915 = B_SPLINE_CURVE_WITH_KNOTS('',1,(#1916,#1917),.UNSPECIFIED.,.F.,
  .F.,(2,2),(6.,15.5),.PIECEWISE_BEZIER_KNOTS.);
#1916 = CARTESIAN_POINT('',(16.75,-8.5));
#1917 = CARTESIAN_POINT('',(26.25,-8.5));
#1918 = ( GEOMETRIC_REPRESENTATION_CONTEXT(2) 
PARAMETRIC_REPRESENTATION_CONTEXT() REPRESENTATION_CONTEXT('2D SPACE',''
  ) );
#1919 = PCURVE('',#1821,#1920);
#1920 = DEFINITIONAL_REPRESENTATION('',(#1921),#1924);
#1921 = B_SPLINE_CURVE_WITH_KNOTS('',1,(#1922,#1923),.UNSPECIFIED.,.F.,
  .F.,(2,2),(6.,15.5),.PIECEWISE_BEZIER_KNOTS.);
#1922 = CARTESIAN_POINT('',(-4.75,-1.5));
#1923 = CARTESIAN_POINT('',(4.75,-1.5));
#1924 = ( GEOMETRIC_REPRESENTATION_CONTEXT(2) 
PARAMETRIC_REPRESENTATION_CONTEXT() REPRESENTATION_CONTEXT('2D SPACE',''
  ) );
#1925 = ORIENTED_EDGE('',*,*,#1926,.F.);
#1926 = EDGE_CURVE('',#1927,#1906,#1929,.T.);
#1927 = VERTEX_POINT('',#1928);
#1928 = CARTESIAN_POINT('',(19.5,39.8,0.24306090567));
#1929 = SURFACE_CURVE('',#1930,(#1934,#1940),.PCURVE_S1.);
#1930 = LINE('',#1931,#1932);
#1931 = CARTESIAN_POINT('',(19.5,39.8,0.24306090567));
#1932 = VECTOR('',#1933,1.);
#1933 = DIRECTION('',(0.,1.,0.));
#1934 = PCURVE('',#534,#1935);
#1935 = DEFINITIONAL_REPRESENTATION('',(#1936),#1939);
#1936 = B_SPLINE_CURVE_WITH_KNOTS('',1,(#1937,#1938),.UNSPECIFIED.,.F.,
  .F.,(2,2),(-5.999999999062E-07,6.7000006),.PIECEWISE_BEZIER_KNOTS.);
#1937 = CARTESIAN_POINT('',(16.99306090567,-1.7999994));
#1938 = CARTESIAN_POINT('',(16.99306090567,-8.5000006));
#1939 = ( GEOMETRIC_REPRESENTATION_CONTEXT(2) 
PARAMETRIC_REPRESENTATION_CONTEXT() REPRESENTATION_CONTEXT('2D SPACE',''
  ) );
#1940 = PCURVE('',#1795,#1941);
#1941 = DEFINITIONAL_REPRESENTATION('',(#1942),#1945);
#1942 = B_SPLINE_CURVE_WITH_KNOTS('',1,(#1943,#1944),.UNSPECIFIED.,.F.,
  .F.,(2,2),(-5.999999999062E-07,6.7000006),.PIECEWISE_BEZIER_KNOTS.);
#1943 = CARTESIAN_POINT('',(3.462881242855,-5.999999999062E-07));
#1944 = CARTESIAN_POINT('',(3.462881242855,6.7000006));
#1945 = ( GEOMETRIC_REPRESENTATION_CONTEXT(2) 
PARAMETRIC_REPRESENTATION_CONTEXT() REPRESENTATION_CONTEXT('2D SPACE',''
  ) );
#1946 = ORIENTED_EDGE('',*,*,#1947,.T.);
#1947 = EDGE_CURVE('',#1927,#771,#1948,.T.);
#1948 = SURFACE_CURVE('',#1949,(#1953,#1959),.PCURVE_S1.);
#1949 = LINE('',#1950,#1951);
#1950 = CARTESIAN_POINT('',(19.5,39.8,-6.));
#1951 = VECTOR('',#1952,1.);
#1952 = DIRECTION('',(0.,0.,1.));
#1953 = PCURVE('',#534,#1954);
#1954 = DEFINITIONAL_REPRESENTATION('',(#1955),#1958);
#1955 = B_SPLINE_CURVE_WITH_KNOTS('',1,(#1956,#1957),.UNSPECIFIED.,.F.,
  .F.,(2,2),(6.,15.5),.PIECEWISE_BEZIER_KNOTS.);
#1956 = CARTESIAN_POINT('',(16.75,-1.8));
#1957 = CARTESIAN_POINT('',(26.25,-1.8));
#1958 = ( GEOMETRIC_REPRESENTATION_CONTEXT(2) 
PARAMETRIC_REPRESENTATION_CONTEXT() REPRESENTATION_CONTEXT('2D SPACE',''
  ) );
#1959 = PCURVE('',#508,#1960);
#1960 = DEFINITIONAL_REPRESENTATION('',(#1961),#1964);
#1961 = B_SPLINE_CURVE_WITH_KNOTS('',1,(#1962,#1963),.UNSPECIFIED.,.F.,
  .F.,(2,2),(6.,15.5),.PIECEWISE_BEZIER_KNOTS.);
#1962 = CARTESIAN_POINT('',(-4.75,-1.5));
#1963 = CARTESIAN_POINT('',(4.75,-1.5));
#1964 = ( GEOMETRIC_REPRESENTATION_CONTEXT(2) 
PARAMETRIC_REPRESENTATION_CONTEXT() REPRESENTATION_CONTEXT('2D SPACE',''
  ) );
#1965 = ORIENTED_EDGE('',*,*,#791,.F.);
#1966 = ADVANCED_FACE('',(#1967,#2017),#508,.T.);
#1967 = FACE_BOUND('',#1968,.T.);
#1968 = EDGE_LOOP('',(#1969,#1970,#1992,#1993,#1994,#2016));
#1969 = ORIENTED_EDGE('',*,*,#493,.F.);
#1970 = ORIENTED_EDGE('',*,*,#1971,.T.);
#1971 = EDGE_CURVE('',#468,#750,#1972,.T.);
#1972 = SURFACE_CURVE('',#1973,(#1978,#1985),.PCURVE_S1.);
#1973 = CIRCLE('',#1974,4.75);
#1974 = AXIS2_PLACEMENT_3D('',#1975,#1976,#1977);
#1975 = CARTESIAN_POINT('',(21.,39.8,4.75));
#1976 = DIRECTION('',(0.,1.,0.));
#1977 = DIRECTION('',(0.,-0.,1.));
#1978 = PCURVE('',#508,#1979);
#1979 = DEFINITIONAL_REPRESENTATION('',(#1980),#1984);
#1980 = CIRCLE('',#1981,4.75);
#1981 = AXIS2_PLACEMENT_2D('',#1982,#1983);
#1982 = CARTESIAN_POINT('',(0.,0.));
#1983 = DIRECTION('',(1.,0.));
#1984 = ( GEOMETRIC_REPRESENTATION_CONTEXT(2) 
PARAMETRIC_REPRESENTATION_CONTEXT() REPRESENTATION_CONTEXT('2D SPACE',''
  ) );
#1985 = PCURVE('',#482,#1986);
#1986 = DEFINITIONAL_REPRESENTATION('',(#1987),#1991);
#1987 = LINE('',#1988,#1989);
#1988 = CARTESIAN_POINT('',(0.,0.));
#1989 = VECTOR('',#1990,1.);
#1990 = DIRECTION('',(1.,0.));
#1991 = ( GEOMETRIC_REPRESENTATION_CONTEXT(2) 
PARAMETRIC_REPRESENTATION_CONTEXT() REPRESENTATION_CONTEXT('2D SPACE',''
  ) );
#1992 = ORIENTED_EDGE('',*,*,#770,.T.);
#1993 = ORIENTED_EDGE('',*,*,#1947,.F.);
#1994 = ORIENTED_EDGE('',*,*,#1995,.T.);
#1995 = EDGE_CURVE('',#1927,#1760,#1996,.T.);
#1996 = SURFACE_CURVE('',#1997,(#2002,#2009),.PCURVE_S1.);
#1997 = CIRCLE('',#1998,4.75);
#1998 = AXIS2_PLACEMENT_3D('',#1999,#2000,#2001);
#1999 = CARTESIAN_POINT('',(21.,39.8,4.75));
#2000 = DIRECTION('',(0.,1.,0.));
#2001 = DIRECTION('',(0.,-0.,1.));
#2002 = PCURVE('',#508,#2003);
#2003 = DEFINITIONAL_REPRESENTATION('',(#2004),#2008);
#2004 = CIRCLE('',#2005,4.75);
#2005 = AXIS2_PLACEMENT_2D('',#2006,#2007);
#2006 = CARTESIAN_POINT('',(0.,0.));
#2007 = DIRECTION('',(1.,0.));
#2008 = ( GEOMETRIC_REPRESENTATION_CONTEXT(2) 
PARAMETRIC_REPRESENTATION_CONTEXT() REPRESENTATION_CONTEXT('2D SPACE',''
  ) );
#2009 = PCURVE('',#1795,#2010);
#2010 = DEFINITIONAL_REPRESENTATION('',(#2011),#2015);
#2011 = LINE('',#2012,#2013);
#2012 = CARTESIAN_POINT('',(0.,0.));
#2013 = VECTOR('',#2014,1.);
#2014 = DIRECTION('',(1.,0.));
#2015 = ( GEOMETRIC_REPRESENTATION_CONTEXT(2) 
PARAMETRIC_REPRESENTATION_CONTEXT() REPRESENTATION_CONTEXT('2D SPACE',''
  ) );
#2016 = ORIENTED_EDGE('',*,*,#1759,.F.);
#2017 = FACE_BOUND('',#2018,.T.);
#2018 = EDGE_LOOP('',(#2019));
#2019 = ORIENTED_EDGE('',*,*,#1171,.F.);
#2020 = ADVANCED_FACE('',(#2021),#482,.F.);
#2021 = FACE_BOUND('',#2022,.F.);
#2022 = EDGE_LOOP('',(#2023,#2024,#2025,#2026));
#2023 = ORIENTED_EDGE('',*,*,#467,.F.);
#2024 = ORIENTED_EDGE('',*,*,#1971,.T.);
#2025 = ORIENTED_EDGE('',*,*,#749,.T.);
#2026 = ORIENTED_EDGE('',*,*,#2027,.F.);
#2027 = EDGE_CURVE('',#440,#727,#2028,.T.);
#2028 = SURFACE_CURVE('',#2029,(#2034,#2041),.PCURVE_S1.);
#2029 = CIRCLE('',#2030,4.75);
#2030 = AXIS2_PLACEMENT_3D('',#2031,#2032,#2033);
#2031 = CARTESIAN_POINT('',(21.,40.,4.75));
#2032 = DIRECTION('',(0.,1.,0.));
#2033 = DIRECTION('',(0.,-0.,1.));
#2034 = PCURVE('',#482,#2035);
#2035 = DEFINITIONAL_REPRESENTATION('',(#2036),#2040);
#2036 = LINE('',#2037,#2038);
#2037 = CARTESIAN_POINT('',(0.,0.2));
#2038 = VECTOR('',#2039,1.);
#2039 = DIRECTION('',(1.,0.));
#2040 = ( GEOMETRIC_REPRESENTATION_CONTEXT(2) 
PARAMETRIC_REPRESENTATION_CONTEXT() REPRESENTATION_CONTEXT('2D SPACE',''
  ) );
#2041 = PCURVE('',#455,#2042);
#2042 = DEFINITIONAL_REPRESENTATION('',(#2043),#2047);
#2043 = CIRCLE('',#2044,4.75);
#2044 = AXIS2_PLACEMENT_2D('',#2045,#2046);
#2045 = CARTESIAN_POINT('',(4.25,53.));
#2046 = DIRECTION('',(1.,0.));
#2047 = ( GEOMETRIC_REPRESENTATION_CONTEXT(2) 
PARAMETRIC_REPRESENTATION_CONTEXT() REPRESENTATION_CONTEXT('2D SPACE',''
  ) );
#2048 = ADVANCED_FACE('',(#2049),#455,.T.);
#2049 = FACE_BOUND('',#2050,.T.);
#2050 = EDGE_LOOP('',(#2051,#2052,#2053,#2054,#2055,#2056,#2057,#2058));
#2051 = ORIENTED_EDGE('',*,*,#904,.F.);
#2052 = ORIENTED_EDGE('',*,*,#726,.F.);
#2053 = ORIENTED_EDGE('',*,*,#2027,.F.);
#2054 = ORIENTED_EDGE('',*,*,#439,.T.);
#2055 = ORIENTED_EDGE('',*,*,#1096,.F.);
#2056 = ORIENTED_EDGE('',*,*,#1047,.T.);
#2057 = ORIENTED_EDGE('',*,*,#1000,.F.);
#2058 = ORIENTED_EDGE('',*,*,#949,.F.);
#2059 = ADVANCED_FACE('',(#2060),#827,.F.);
#2060 = FACE_BOUND('',#2061,.F.);
#2061 = EDGE_LOOP('',(#2062,#2063,#2084,#2085));
#2062 = ORIENTED_EDGE('',*,*,#1669,.F.);
#2063 = ORIENTED_EDGE('',*,*,#2064,.F.);
#2064 = EDGE_CURVE('',#1328,#1670,#2065,.T.);
#2065 = SURFACE_CURVE('',#2066,(#2070,#2077),.PCURVE_S1.);
#2066 = LINE('',#2067,#2068);
#2067 = CARTESIAN_POINT('',(-23.5,38.,-16.75));
#2068 = VECTOR('',#2069,1.);
#2069 = DIRECTION('',(1.,0.,0.));
#2070 = PCURVE('',#827,#2071);
#2071 = DEFINITIONAL_REPRESENTATION('',(#2072),#2076);
#2072 = LINE('',#2073,#2074);
#2073 = CARTESIAN_POINT('',(0.,0.));
#2074 = VECTOR('',#2075,1.);
#2075 = DIRECTION('',(0.,1.));
#2076 = ( GEOMETRIC_REPRESENTATION_CONTEXT(2) 
PARAMETRIC_REPRESENTATION_CONTEXT() REPRESENTATION_CONTEXT('2D SPACE',''
  ) );
#2077 = PCURVE('',#1366,#2078);
#2078 = DEFINITIONAL_REPRESENTATION('',(#2079),#2083);
#2079 = LINE('',#2080,#2081);
#2080 = CARTESIAN_POINT('',(0.,0.));
#2081 = VECTOR('',#2082,1.);
#2082 = DIRECTION('',(1.,0.));
#2083 = ( GEOMETRIC_REPRESENTATION_CONTEXT(2) 
PARAMETRIC_REPRESENTATION_CONTEXT() REPRESENTATION_CONTEXT('2D SPACE',''
  ) );
#2084 = ORIENTED_EDGE('',*,*,#1327,.T.);
#2085 = ORIENTED_EDGE('',*,*,#812,.F.);
#2086 = ADVANCED_FACE('',(#2087),#1287,.F.);
#2087 = FACE_BOUND('',#2088,.F.);
#2088 = EDGE_LOOP('',(#2089,#2111,#2112,#2113));
#2089 = ORIENTED_EDGE('',*,*,#2090,.F.);
#2090 = EDGE_CURVE('',#1456,#1576,#2091,.T.);
#2091 = SURFACE_CURVE('',#2092,(#2097,#2104),.PCURVE_S1.);
#2092 = CIRCLE('',#2093,4.75);
#2093 = AXIS2_PLACEMENT_3D('',#2094,#2095,#2096);
#2094 = CARTESIAN_POINT('',(-25.,46.5,4.75));
#2095 = DIRECTION('',(0.,1.,0.));
#2096 = DIRECTION('',(0.,-0.,1.));
#2097 = PCURVE('',#1287,#2098);
#2098 = DEFINITIONAL_REPRESENTATION('',(#2099),#2103);
#2099 = LINE('',#2100,#2101);
#2100 = CARTESIAN_POINT('',(0.,6.7));
#2101 = VECTOR('',#2102,1.);
#2102 = DIRECTION('',(1.,0.));
#2103 = ( GEOMETRIC_REPRESENTATION_CONTEXT(2) 
PARAMETRIC_REPRESENTATION_CONTEXT() REPRESENTATION_CONTEXT('2D SPACE',''
  ) );
#2104 = PCURVE('',#1491,#2105);
#2105 = DEFINITIONAL_REPRESENTATION('',(#2106),#2110);
#2106 = CIRCLE('',#2107,4.75);
#2107 = AXIS2_PLACEMENT_2D('',#2108,#2109);
#2108 = CARTESIAN_POINT('',(0.,0.));
#2109 = DIRECTION('',(1.,0.));
#2110 = ( GEOMETRIC_REPRESENTATION_CONTEXT(2) 
PARAMETRIC_REPRESENTATION_CONTEXT() REPRESENTATION_CONTEXT('2D SPACE',''
  ) );
#2111 = ORIENTED_EDGE('',*,*,#1455,.F.);
#2112 = ORIENTED_EDGE('',*,*,#1270,.T.);
#2113 = ORIENTED_EDGE('',*,*,#1596,.T.);
#2114 = ADVANCED_FACE('',(#2115),#1491,.F.);
#2115 = FACE_BOUND('',#2116,.F.);
#2116 = EDGE_LOOP('',(#2117,#2118,#2119,#2141));
#2117 = ORIENTED_EDGE('',*,*,#2090,.T.);
#2118 = ORIENTED_EDGE('',*,*,#1575,.T.);
#2119 = ORIENTED_EDGE('',*,*,#2120,.F.);
#2120 = EDGE_CURVE('',#1477,#1555,#2121,.T.);
#2121 = SURFACE_CURVE('',#2122,(#2127,#2134),.PCURVE_S1.);
#2122 = CIRCLE('',#2123,2.3);
#2123 = AXIS2_PLACEMENT_3D('',#2124,#2125,#2126);
#2124 = CARTESIAN_POINT('',(-25.,46.5,4.75));
#2125 = DIRECTION('',(0.,1.,0.));
#2126 = DIRECTION('',(0.,-0.,1.));
#2127 = PCURVE('',#1491,#2128);
#2128 = DEFINITIONAL_REPRESENTATION('',(#2129),#2133);
#2129 = CIRCLE('',#2130,2.3);
#2130 = AXIS2_PLACEMENT_2D('',#2131,#2132);
#2131 = CARTESIAN_POINT('',(0.,0.));
#2132 = DIRECTION('',(1.,0.));
#2133 = ( GEOMETRIC_REPRESENTATION_CONTEXT(2) 
PARAMETRIC_REPRESENTATION_CONTEXT() REPRESENTATION_CONTEXT('2D SPACE',''
  ) );
#2134 = PCURVE('',#1517,#2135);
#2135 = DEFINITIONAL_REPRESENTATION('',(#2136),#2140);
#2136 = LINE('',#2137,#2138);
#2137 = CARTESIAN_POINT('',(0.,0.));
#2138 = VECTOR('',#2139,1.);
#2139 = DIRECTION('',(1.,0.));
#2140 = ( GEOMETRIC_REPRESENTATION_CONTEXT(2) 
PARAMETRIC_REPRESENTATION_CONTEXT() REPRESENTATION_CONTEXT('2D SPACE',''
  ) );
#2141 = ORIENTED_EDGE('',*,*,#1476,.T.);
#2142 = ADVANCED_FACE('',(#2143),#1517,.F.);
#2143 = FACE_BOUND('',#2144,.F.);
#2144 = EDGE_LOOP('',(#2145,#2167,#2168,#2169));
#2145 = ORIENTED_EDGE('',*,*,#2146,.F.);
#2146 = EDGE_CURVE('',#1503,#1529,#2147,.T.);
#2147 = SURFACE_CURVE('',#2148,(#2153,#2160),.PCURVE_S1.);
#2148 = CIRCLE('',#2149,2.3);
#2149 = AXIS2_PLACEMENT_3D('',#2150,#2151,#2152);
#2150 = CARTESIAN_POINT('',(-25.,51.2,4.75));
#2151 = DIRECTION('',(0.,1.,0.));
#2152 = DIRECTION('',(0.,-0.,1.));
#2153 = PCURVE('',#1517,#2154);
#2154 = DEFINITIONAL_REPRESENTATION('',(#2155),#2159);
#2155 = LINE('',#2156,#2157);
#2156 = CARTESIAN_POINT('',(0.,4.7));
#2157 = VECTOR('',#2158,1.);
#2158 = DIRECTION('',(1.,0.));
#2159 = ( GEOMETRIC_REPRESENTATION_CONTEXT(2) 
PARAMETRIC_REPRESENTATION_CONTEXT() REPRESENTATION_CONTEXT('2D SPACE',''
  ) );
#2160 = PCURVE('',#1543,#2161);
#2161 = DEFINITIONAL_REPRESENTATION('',(#2162),#2166);
#2162 = CIRCLE('',#2163,2.3);
#2163 = AXIS2_PLACEMENT_2D('',#2164,#2165);
#2164 = CARTESIAN_POINT('',(0.,0.));
#2165 = DIRECTION('',(1.,0.));
#2166 = ( GEOMETRIC_REPRESENTATION_CONTEXT(2) 
PARAMETRIC_REPRESENTATION_CONTEXT() REPRESENTATION_CONTEXT('2D SPACE',''
  ) );
#2167 = ORIENTED_EDGE('',*,*,#1502,.F.);
#2168 = ORIENTED_EDGE('',*,*,#2120,.T.);
#2169 = ORIENTED_EDGE('',*,*,#1554,.T.);
#2170 = ADVANCED_FACE('',(#2171),#1543,.F.);
#2171 = FACE_BOUND('',#2172,.F.);
#2172 = EDGE_LOOP('',(#2173,#2174));
#2173 = ORIENTED_EDGE('',*,*,#1528,.T.);
#2174 = ORIENTED_EDGE('',*,*,#2146,.T.);
#2175 = ADVANCED_FACE('',(#2176),#1420,.T.);
#2176 = FACE_BOUND('',#2177,.T.);
#2177 = EDGE_LOOP('',(#2178,#2179,#2180,#2181));
#2178 = ORIENTED_EDGE('',*,*,#1404,.F.);
#2179 = ORIENTED_EDGE('',*,*,#1645,.T.);
#2180 = ORIENTED_EDGE('',*,*,#1736,.T.);
#2181 = ORIENTED_EDGE('',*,*,#2182,.T.);
#2182 = EDGE_CURVE('',#1716,#1379,#2183,.T.);
#2183 = SURFACE_CURVE('',#2184,(#2188,#2194),.PCURVE_S1.);
#2184 = LINE('',#2185,#2186);
#2185 = CARTESIAN_POINT('',(-37.75,185.91545793775,26.25));
#2186 = VECTOR('',#2187,1.);
#2187 = DIRECTION('',(-1.,0.,0.));
#2188 = PCURVE('',#1420,#2189);
#2189 = DEFINITIONAL_REPRESENTATION('',(#2190),#2193);
#2190 = B_SPLINE_CURVE_WITH_KNOTS('',1,(#2191,#2192),.UNSPECIFIED.,.F.,
  .F.,(2,2),(-57.25,-14.25),.PIECEWISE_BEZIER_KNOTS.);
#2191 = CARTESIAN_POINT('',(43.,147.91545793775));
#2192 = CARTESIAN_POINT('',(0.,147.91545793775));
#2193 = ( GEOMETRIC_REPRESENTATION_CONTEXT(2) 
PARAMETRIC_REPRESENTATION_CONTEXT() REPRESENTATION_CONTEXT('2D SPACE',''
  ) );
#2194 = PCURVE('',#1393,#2195);
#2195 = DEFINITIONAL_REPRESENTATION('',(#2196),#2199);
#2196 = B_SPLINE_CURVE_WITH_KNOTS('',1,(#2197,#2198),.UNSPECIFIED.,.F.,
  .F.,(2,2),(-57.25,-14.25),.PIECEWISE_BEZIER_KNOTS.);
#2197 = CARTESIAN_POINT('',(61.5,71.5));
#2198 = CARTESIAN_POINT('',(61.5,28.5));
#2199 = ( GEOMETRIC_REPRESENTATION_CONTEXT(2) 
PARAMETRIC_REPRESENTATION_CONTEXT() REPRESENTATION_CONTEXT('2D SPACE',''
  ) );
#2200 = ADVANCED_FACE('',(#2201,#2315,#2346,#2377,#2408,#2432),#1393,.F.
  );
#2201 = FACE_BOUND('',#2202,.F.);
#2202 = EDGE_LOOP('',(#2203,#2233,#2261,#2289));
#2203 = ORIENTED_EDGE('',*,*,#2204,.F.);
#2204 = EDGE_CURVE('',#2205,#2207,#2209,.T.);
#2205 = VERTEX_POINT('',#2206);
#2206 = CARTESIAN_POINT('',(-52.,185.91545793775,-35.25));
#2207 = VERTEX_POINT('',#2208);
#2208 = CARTESIAN_POINT('',(48.,185.91545793775,-35.25));
#2209 = SURFACE_CURVE('',#2210,(#2214,#2221),.PCURVE_S1.);
#2210 = LINE('',#2211,#2212);
#2211 = CARTESIAN_POINT('',(-52.,185.91545793775,-35.25));
#2212 = VECTOR('',#2213,1.);
#2213 = DIRECTION('',(1.,0.,0.));
#2214 = PCURVE('',#1393,#2215);
#2215 = DEFINITIONAL_REPRESENTATION('',(#2216),#2220);
#2216 = LINE('',#2217,#2218);
#2217 = CARTESIAN_POINT('',(0.,0.));
#2218 = VECTOR('',#2219,1.);
#2219 = DIRECTION('',(0.,1.));
#2220 = ( GEOMETRIC_REPRESENTATION_CONTEXT(2) 
PARAMETRIC_REPRESENTATION_CONTEXT() REPRESENTATION_CONTEXT('2D SPACE',''
  ) );
#2221 = PCURVE('',#2222,#2227);
#2222 = PLANE('',#2223);
#2223 = AXIS2_PLACEMENT_3D('',#2224,#2225,#2226);
#2224 = CARTESIAN_POINT('',(-52.,185.91545793775,-35.25));
#2225 = DIRECTION('',(0.,0.,1.));
#2226 = DIRECTION('',(1.,0.,0.));
#2227 = DEFINITIONAL_REPRESENTATION('',(#2228),#2232);
#2228 = LINE('',#2229,#2230);
#2229 = CARTESIAN_POINT('',(0.,0.));
#2230 = VECTOR('',#2231,1.);
#2231 = DIRECTION('',(1.,0.));
#2232 = ( GEOMETRIC_REPRESENTATION_CONTEXT(2) 
PARAMETRIC_REPRESENTATION_CONTEXT() REPRESENTATION_CONTEXT('2D SPACE',''
  ) );
#2233 = ORIENTED_EDGE('',*,*,#2234,.T.);
#2234 = EDGE_CURVE('',#2205,#2235,#2237,.T.);
#2235 = VERTEX_POINT('',#2236);
#2236 = CARTESIAN_POINT('',(-52.,185.91545793775,44.75));
#2237 = SURFACE_CURVE('',#2238,(#2242,#2249),.PCURVE_S1.);
#2238 = LINE('',#2239,#2240);
#2239 = CARTESIAN_POINT('',(-52.,185.91545793775,-35.25));
#2240 = VECTOR('',#2241,1.);
#2241 = DIRECTION('',(0.,0.,1.));
#2242 = PCURVE('',#1393,#2243);
#2243 = DEFINITIONAL_REPRESENTATION('',(#2244),#2248);
#2244 = LINE('',#2245,#2246);
#2245 = CARTESIAN_POINT('',(0.,0.));
#2246 = VECTOR('',#2247,1.);
#2247 = DIRECTION('',(1.,0.));
#2248 = ( GEOMETRIC_REPRESENTATION_CONTEXT(2) 
PARAMETRIC_REPRESENTATION_CONTEXT() REPRESENTATION_CONTEXT('2D SPACE',''
  ) );
#2249 = PCURVE('',#2250,#2255);
#2250 = PLANE('',#2251);
#2251 = AXIS2_PLACEMENT_3D('',#2252,#2253,#2254);
#2252 = CARTESIAN_POINT('',(-52.,185.91545793775,-35.25));
#2253 = DIRECTION('',(1.,0.,0.));
#2254 = DIRECTION('',(0.,0.,1.));
#2255 = DEFINITIONAL_REPRESENTATION('',(#2256),#2260);
#2256 = LINE('',#2257,#2258);
#2257 = CARTESIAN_POINT('',(0.,0.));
#2258 = VECTOR('',#2259,1.);
#2259 = DIRECTION('',(1.,0.));
#2260 = ( GEOMETRIC_REPRESENTATION_CONTEXT(2) 
PARAMETRIC_REPRESENTATION_CONTEXT() REPRESENTATION_CONTEXT('2D SPACE',''
  ) );
#2261 = ORIENTED_EDGE('',*,*,#2262,.T.);
#2262 = EDGE_CURVE('',#2235,#2263,#2265,.T.);
#2263 = VERTEX_POINT('',#2264);
#2264 = CARTESIAN_POINT('',(48.,185.91545793775,44.75));
#2265 = SURFACE_CURVE('',#2266,(#2270,#2277),.PCURVE_S1.);
#2266 = LINE('',#2267,#2268);
#2267 = CARTESIAN_POINT('',(-52.,185.91545793775,44.75));
#2268 = VECTOR('',#2269,1.);
#2269 = DIRECTION('',(1.,0.,0.));
#2270 = PCURVE('',#1393,#2271);
#2271 = DEFINITIONAL_REPRESENTATION('',(#2272),#2276);
#2272 = LINE('',#2273,#2274);
#2273 = CARTESIAN_POINT('',(80.,0.));
#2274 = VECTOR('',#2275,1.);
#2275 = DIRECTION('',(0.,1.));
#2276 = ( GEOMETRIC_REPRESENTATION_CONTEXT(2) 
PARAMETRIC_REPRESENTATION_CONTEXT() REPRESENTATION_CONTEXT('2D SPACE',''
  ) );
#2277 = PCURVE('',#2278,#2283);
#2278 = PLANE('',#2279);
#2279 = AXIS2_PLACEMENT_3D('',#2280,#2281,#2282);
#2280 = CARTESIAN_POINT('',(-52.,185.91545793775,44.75));
#2281 = DIRECTION('',(0.,0.,1.));
#2282 = DIRECTION('',(1.,0.,0.));
#2283 = DEFINITIONAL_REPRESENTATION('',(#2284),#2288);
#2284 = LINE('',#2285,#2286);
#2285 = CARTESIAN_POINT('',(0.,0.));
#2286 = VECTOR('',#2287,1.);
#2287 = DIRECTION('',(1.,0.));
#2288 = ( GEOMETRIC_REPRESENTATION_CONTEXT(2) 
PARAMETRIC_REPRESENTATION_CONTEXT() REPRESENTATION_CONTEXT('2D SPACE',''
  ) );
#2289 = ORIENTED_EDGE('',*,*,#2290,.F.);
#2290 = EDGE_CURVE('',#2207,#2263,#2291,.T.);
#2291 = SURFACE_CURVE('',#2292,(#2296,#2303),.PCURVE_S1.);
#2292 = LINE('',#2293,#2294);
#2293 = CARTESIAN_POINT('',(48.,185.91545793775,-35.25));
#2294 = VECTOR('',#2295,1.);
#2295 = DIRECTION('',(0.,0.,1.));
#2296 = PCURVE('',#1393,#2297);
#2297 = DEFINITIONAL_REPRESENTATION('',(#2298),#2302);
#2298 = LINE('',#2299,#2300);
#2299 = CARTESIAN_POINT('',(0.,100.));
#2300 = VECTOR('',#2301,1.);
#2301 = DIRECTION('',(1.,0.));
#2302 = ( GEOMETRIC_REPRESENTATION_CONTEXT(2) 
PARAMETRIC_REPRESENTATION_CONTEXT() REPRESENTATION_CONTEXT('2D SPACE',''
  ) );
#2303 = PCURVE('',#2304,#2309);
#2304 = PLANE('',#2305);
#2305 = AXIS2_PLACEMENT_3D('',#2306,#2307,#2308);
#2306 = CARTESIAN_POINT('',(48.,185.91545793775,-35.25));
#2307 = DIRECTION('',(1.,0.,0.));
#2308 = DIRECTION('',(0.,0.,1.));
#2309 = DEFINITIONAL_REPRESENTATION('',(#2310),#2314);
#2310 = LINE('',#2311,#2312);
#2311 = CARTESIAN_POINT('',(0.,0.));
#2312 = VECTOR('',#2313,1.);
#2313 = DIRECTION('',(1.,0.));
#2314 = ( GEOMETRIC_REPRESENTATION_CONTEXT(2) 
PARAMETRIC_REPRESENTATION_CONTEXT() REPRESENTATION_CONTEXT('2D SPACE',''
  ) );
#2315 = FACE_BOUND('',#2316,.F.);
#2316 = EDGE_LOOP('',(#2317));
#2317 = ORIENTED_EDGE('',*,*,#2318,.F.);
#2318 = EDGE_CURVE('',#2319,#2319,#2321,.T.);
#2319 = VERTEX_POINT('',#2320);
#2320 = CARTESIAN_POINT('',(-40.,185.91545793775,-17.25));
#2321 = SURFACE_CURVE('',#2322,(#2327,#2334),.PCURVE_S1.);
#2322 = CIRCLE('',#2323,6.);
#2323 = AXIS2_PLACEMENT_3D('',#2324,#2325,#2326);
#2324 = CARTESIAN_POINT('',(-40.,185.91545793775,-23.25));
#2325 = DIRECTION('',(0.,1.,0.));
#2326 = DIRECTION('',(0.,-0.,1.));
#2327 = PCURVE('',#1393,#2328);
#2328 = DEFINITIONAL_REPRESENTATION('',(#2329),#2333);
#2329 = CIRCLE('',#2330,6.);
#2330 = AXIS2_PLACEMENT_2D('',#2331,#2332);
#2331 = CARTESIAN_POINT('',(12.,12.));
#2332 = DIRECTION('',(1.,0.));
#2333 = ( GEOMETRIC_REPRESENTATION_CONTEXT(2) 
PARAMETRIC_REPRESENTATION_CONTEXT() REPRESENTATION_CONTEXT('2D SPACE',''
  ) );
#2334 = PCURVE('',#2335,#2340);
#2335 = CONICAL_SURFACE('',#2336,6.,0.785398163397);
#2336 = AXIS2_PLACEMENT_3D('',#2337,#2338,#2339);
#2337 = CARTESIAN_POINT('',(-40.,185.91545793775,-23.25));
#2338 = DIRECTION('',(-0.,-1.,-0.));
#2339 = DIRECTION('',(0.,-0.,1.));
#2340 = DEFINITIONAL_REPRESENTATION('',(#2341),#2345);
#2341 = LINE('',#2342,#2343);
#2342 = CARTESIAN_POINT('',(-0.,-0.));
#2343 = VECTOR('',#2344,1.);
#2344 = DIRECTION('',(-1.,-0.));
#2345 = ( GEOMETRIC_REPRESENTATION_CONTEXT(2) 
PARAMETRIC_REPRESENTATION_CONTEXT() REPRESENTATION_CONTEXT('2D SPACE',''
  ) );
#2346 = FACE_BOUND('',#2347,.F.);
#2347 = EDGE_LOOP('',(#2348));
#2348 = ORIENTED_EDGE('',*,*,#2349,.F.);
#2349 = EDGE_CURVE('',#2350,#2350,#2352,.T.);
#2350 = VERTEX_POINT('',#2351);
#2351 = CARTESIAN_POINT('',(-40.,185.91545793775,38.75));
#2352 = SURFACE_CURVE('',#2353,(#2358,#2365),.PCURVE_S1.);
#2353 = CIRCLE('',#2354,6.);
#2354 = AXIS2_PLACEMENT_3D('',#2355,#2356,#2357);
#2355 = CARTESIAN_POINT('',(-40.,185.91545793775,32.75));
#2356 = DIRECTION('',(0.,1.,0.));
#2357 = DIRECTION('',(0.,-0.,1.));
#2358 = PCURVE('',#1393,#2359);
#2359 = DEFINITIONAL_REPRESENTATION('',(#2360),#2364);
#2360 = CIRCLE('',#2361,6.);
#2361 = AXIS2_PLACEMENT_2D('',#2362,#2363);
#2362 = CARTESIAN_POINT('',(68.,12.));
#2363 = DIRECTION('',(1.,0.));
#2364 = ( GEOMETRIC_REPRESENTATION_CONTEXT(2) 
PARAMETRIC_REPRESENTATION_CONTEXT() REPRESENTATION_CONTEXT('2D SPACE',''
  ) );
#2365 = PCURVE('',#2366,#2371);
#2366 = CONICAL_SURFACE('',#2367,6.,0.785398163397);
#2367 = AXIS2_PLACEMENT_3D('',#2368,#2369,#2370);
#2368 = CARTESIAN_POINT('',(-40.,185.91545793775,32.75));
#2369 = DIRECTION('',(-0.,-1.,-0.));
#2370 = DIRECTION('',(0.,-0.,1.));
#2371 = DEFINITIONAL_REPRESENTATION('',(#2372),#2376);
#2372 = LINE('',#2373,#2374);
#2373 = CARTESIAN_POINT('',(-0.,-0.));
#2374 = VECTOR('',#2375,1.);
#2375 = DIRECTION('',(-1.,-0.));
#2376 = ( GEOMETRIC_REPRESENTATION_CONTEXT(2) 
PARAMETRIC_REPRESENTATION_CONTEXT() REPRESENTATION_CONTEXT('2D SPACE',''
  ) );
#2377 = FACE_BOUND('',#2378,.F.);
#2378 = EDGE_LOOP('',(#2379));
#2379 = ORIENTED_EDGE('',*,*,#2380,.F.);
#2380 = EDGE_CURVE('',#2381,#2381,#2383,.T.);
#2381 = VERTEX_POINT('',#2382);
#2382 = CARTESIAN_POINT('',(36.,185.91545793775,-17.25));
#2383 = SURFACE_CURVE('',#2384,(#2389,#2396),.PCURVE_S1.);
#2384 = CIRCLE('',#2385,6.);
#2385 = AXIS2_PLACEMENT_3D('',#2386,#2387,#2388);
#2386 = CARTESIAN_POINT('',(36.,185.91545793775,-23.25));
#2387 = DIRECTION('',(0.,1.,0.));
#2388 = DIRECTION('',(0.,-0.,1.));
#2389 = PCURVE('',#1393,#2390);
#2390 = DEFINITIONAL_REPRESENTATION('',(#2391),#2395);
#2391 = CIRCLE('',#2392,6.);
#2392 = AXIS2_PLACEMENT_2D('',#2393,#2394);
#2393 = CARTESIAN_POINT('',(12.,88.));
#2394 = DIRECTION('',(1.,0.));
#2395 = ( GEOMETRIC_REPRESENTATION_CONTEXT(2) 
PARAMETRIC_REPRESENTATION_CONTEXT() REPRESENTATION_CONTEXT('2D SPACE',''
  ) );
#2396 = PCURVE('',#2397,#2402);
#2397 = CONICAL_SURFACE('',#2398,6.,0.785398163397);
#2398 = AXIS2_PLACEMENT_3D('',#2399,#2400,#2401);
#2399 = CARTESIAN_POINT('',(36.,185.91545793775,-23.25));
#2400 = DIRECTION('',(-0.,-1.,-0.));
#2401 = DIRECTION('',(0.,-0.,1.));
#2402 = DEFINITIONAL_REPRESENTATION('',(#2403),#2407);
#2403 = LINE('',#2404,#2405);
#2404 = CARTESIAN_POINT('',(-0.,-0.));
#2405 = VECTOR('',#2406,1.);
#2406 = DIRECTION('',(-1.,-0.));
#2407 = ( GEOMETRIC_REPRESENTATION_CONTEXT(2) 
PARAMETRIC_REPRESENTATION_CONTEXT() REPRESENTATION_CONTEXT('2D SPACE',''
  ) );
#2408 = FACE_BOUND('',#2409,.F.);
#2409 = EDGE_LOOP('',(#2410,#2411,#2430,#2431));
#2410 = ORIENTED_EDGE('',*,*,#1378,.F.);
#2411 = ORIENTED_EDGE('',*,*,#2412,.F.);
#2412 = EDGE_CURVE('',#1693,#1351,#2413,.T.);
#2413 = SURFACE_CURVE('',#2414,(#2418,#2424),.PCURVE_S1.);
#2414 = LINE('',#2415,#2416);
#2415 = CARTESIAN_POINT('',(-37.75,185.91545793775,-16.75));
#2416 = VECTOR('',#2417,1.);
#2417 = DIRECTION('',(-1.,0.,0.));
#2418 = PCURVE('',#1393,#2419);
#2419 = DEFINITIONAL_REPRESENTATION('',(#2420),#2423);
#2420 = B_SPLINE_CURVE_WITH_KNOTS('',1,(#2421,#2422),.UNSPECIFIED.,.F.,
  .F.,(2,2),(-57.25,-14.25),.PIECEWISE_BEZIER_KNOTS.);
#2421 = CARTESIAN_POINT('',(18.5,71.5));
#2422 = CARTESIAN_POINT('',(18.5,28.5));
#2423 = ( GEOMETRIC_REPRESENTATION_CONTEXT(2) 
PARAMETRIC_REPRESENTATION_CONTEXT() REPRESENTATION_CONTEXT('2D SPACE',''
  ) );
#2424 = PCURVE('',#1366,#2425);
#2425 = DEFINITIONAL_REPRESENTATION('',(#2426),#2429);
#2426 = B_SPLINE_CURVE_WITH_KNOTS('',1,(#2427,#2428),.UNSPECIFIED.,.F.,
  .F.,(2,2),(-57.25,-14.25),.PIECEWISE_BEZIER_KNOTS.);
#2427 = CARTESIAN_POINT('',(43.,147.91545793775));
#2428 = CARTESIAN_POINT('',(0.,147.91545793775));
#2429 = ( GEOMETRIC_REPRESENTATION_CONTEXT(2) 
PARAMETRIC_REPRESENTATION_CONTEXT() REPRESENTATION_CONTEXT('2D SPACE',''
  ) );
#2430 = ORIENTED_EDGE('',*,*,#1715,.T.);
#2431 = ORIENTED_EDGE('',*,*,#2182,.T.);
#2432 = FACE_BOUND('',#2433,.F.);
#2433 = EDGE_LOOP('',(#2434));
#2434 = ORIENTED_EDGE('',*,*,#2435,.F.);
#2435 = EDGE_CURVE('',#2436,#2436,#2438,.T.);
#2436 = VERTEX_POINT('',#2437);
#2437 = CARTESIAN_POINT('',(36.,185.91545793775,38.75));
#2438 = SURFACE_CURVE('',#2439,(#2444,#2451),.PCURVE_S1.);
#2439 = CIRCLE('',#2440,6.);
#2440 = AXIS2_PLACEMENT_3D('',#2441,#2442,#2443);
#2441 = CARTESIAN_POINT('',(36.,185.91545793775,32.75));
#2442 = DIRECTION('',(0.,1.,0.));
#2443 = DIRECTION('',(0.,-0.,1.));
#2444 = PCURVE('',#1393,#2445);
#2445 = DEFINITIONAL_REPRESENTATION('',(#2446),#2450);
#2446 = CIRCLE('',#2447,6.);
#2447 = AXIS2_PLACEMENT_2D('',#2448,#2449);
#2448 = CARTESIAN_POINT('',(68.,88.));
#2449 = DIRECTION('',(1.,0.));
#2450 = ( GEOMETRIC_REPRESENTATION_CONTEXT(2) 
PARAMETRIC_REPRESENTATION_CONTEXT() REPRESENTATION_CONTEXT('2D SPACE',''
  ) );
#2451 = PCURVE('',#2452,#2457);
#2452 = CONICAL_SURFACE('',#2453,6.,0.785398163397);
#2453 = AXIS2_PLACEMENT_3D('',#2454,#2455,#2456);
#2454 = CARTESIAN_POINT('',(36.,185.91545793775,32.75));
#2455 = DIRECTION('',(-0.,-1.,-0.));
#2456 = DIRECTION('',(0.,-0.,1.));
#2457 = DEFINITIONAL_REPRESENTATION('',(#2458),#2462);
#2458 = LINE('',#2459,#2460);
#2459 = CARTESIAN_POINT('',(-0.,-0.));
#2460 = VECTOR('',#2461,1.);
#2461 = DIRECTION('',(-1.,-0.));
#2462 = ( GEOMETRIC_REPRESENTATION_CONTEXT(2) 
PARAMETRIC_REPRESENTATION_CONTEXT() REPRESENTATION_CONTEXT('2D SPACE',''
  ) );
#2463 = ADVANCED_FACE('',(#2464),#1366,.F.);
#2464 = FACE_BOUND('',#2465,.F.);
#2465 = EDGE_LOOP('',(#2466,#2467,#2468,#2469));
#2466 = ORIENTED_EDGE('',*,*,#1350,.F.);
#2467 = ORIENTED_EDGE('',*,*,#2064,.T.);
#2468 = ORIENTED_EDGE('',*,*,#1692,.T.);
#2469 = ORIENTED_EDGE('',*,*,#2412,.T.);
#2470 = ADVANCED_FACE('',(#2471),#1795,.F.);
#2471 = FACE_BOUND('',#2472,.F.);
#2472 = EDGE_LOOP('',(#2473,#2495,#2496,#2497));
#2473 = ORIENTED_EDGE('',*,*,#2474,.F.);
#2474 = EDGE_CURVE('',#1906,#1781,#2475,.T.);
#2475 = SURFACE_CURVE('',#2476,(#2481,#2488),.PCURVE_S1.);
#2476 = CIRCLE('',#2477,4.75);
#2477 = AXIS2_PLACEMENT_3D('',#2478,#2479,#2480);
#2478 = CARTESIAN_POINT('',(21.,46.5,4.75));
#2479 = DIRECTION('',(0.,1.,0.));
#2480 = DIRECTION('',(0.,-0.,1.));
#2481 = PCURVE('',#1795,#2482);
#2482 = DEFINITIONAL_REPRESENTATION('',(#2483),#2487);
#2483 = LINE('',#2484,#2485);
#2484 = CARTESIAN_POINT('',(0.,6.7));
#2485 = VECTOR('',#2486,1.);
#2486 = DIRECTION('',(1.,0.));
#2487 = ( GEOMETRIC_REPRESENTATION_CONTEXT(2) 
PARAMETRIC_REPRESENTATION_CONTEXT() REPRESENTATION_CONTEXT('2D SPACE',''
  ) );
#2488 = PCURVE('',#1821,#2489);
#2489 = DEFINITIONAL_REPRESENTATION('',(#2490),#2494);
#2490 = CIRCLE('',#2491,4.75);
#2491 = AXIS2_PLACEMENT_2D('',#2492,#2493);
#2492 = CARTESIAN_POINT('',(0.,0.));
#2493 = DIRECTION('',(1.,0.));
#2494 = ( GEOMETRIC_REPRESENTATION_CONTEXT(2) 
PARAMETRIC_REPRESENTATION_CONTEXT() REPRESENTATION_CONTEXT('2D SPACE',''
  ) );
#2495 = ORIENTED_EDGE('',*,*,#1926,.F.);
#2496 = ORIENTED_EDGE('',*,*,#1995,.T.);
#2497 = ORIENTED_EDGE('',*,*,#1780,.T.);
#2498 = ADVANCED_FACE('',(#2499),#1821,.F.);
#2499 = FACE_BOUND('',#2500,.F.);
#2500 = EDGE_LOOP('',(#2501,#2502,#2503,#2504));
#2501 = ORIENTED_EDGE('',*,*,#1905,.F.);
#2502 = ORIENTED_EDGE('',*,*,#2474,.T.);
#2503 = ORIENTED_EDGE('',*,*,#1806,.F.);
#2504 = ORIENTED_EDGE('',*,*,#2505,.F.);
#2505 = EDGE_CURVE('',#1885,#1807,#2506,.T.);
#2506 = SURFACE_CURVE('',#2507,(#2512,#2519),.PCURVE_S1.);
#2507 = CIRCLE('',#2508,2.3);
#2508 = AXIS2_PLACEMENT_3D('',#2509,#2510,#2511);
#2509 = CARTESIAN_POINT('',(21.,46.5,4.75));
#2510 = DIRECTION('',(0.,1.,0.));
#2511 = DIRECTION('',(0.,-0.,1.));
#2512 = PCURVE('',#1821,#2513);
#2513 = DEFINITIONAL_REPRESENTATION('',(#2514),#2518);
#2514 = CIRCLE('',#2515,2.3);
#2515 = AXIS2_PLACEMENT_2D('',#2516,#2517);
#2516 = CARTESIAN_POINT('',(0.,0.));
#2517 = DIRECTION('',(1.,0.));
#2518 = ( GEOMETRIC_REPRESENTATION_CONTEXT(2) 
PARAMETRIC_REPRESENTATION_CONTEXT() REPRESENTATION_CONTEXT('2D SPACE',''
  ) );
#2519 = PCURVE('',#1847,#2520);
#2520 = DEFINITIONAL_REPRESENTATION('',(#2521),#2525);
#2521 = LINE('',#2522,#2523);
#2522 = CARTESIAN_POINT('',(0.,0.));
#2523 = VECTOR('',#2524,1.);
#2524 = DIRECTION('',(1.,0.));
#2525 = ( GEOMETRIC_REPRESENTATION_CONTEXT(2) 
PARAMETRIC_REPRESENTATION_CONTEXT() REPRESENTATION_CONTEXT('2D SPACE',''
  ) );
#2526 = ADVANCED_FACE('',(#2527),#1847,.F.);
#2527 = FACE_BOUND('',#2528,.F.);
#2528 = EDGE_LOOP('',(#2529,#2551,#2552,#2553));
#2529 = ORIENTED_EDGE('',*,*,#2530,.F.);
#2530 = EDGE_CURVE('',#1859,#1833,#2531,.T.);
#2531 = SURFACE_CURVE('',#2532,(#2537,#2544),.PCURVE_S1.);
#2532 = CIRCLE('',#2533,2.3);
#2533 = AXIS2_PLACEMENT_3D('',#2534,#2535,#2536);
#2534 = CARTESIAN_POINT('',(21.,51.2,4.75));
#2535 = DIRECTION('',(0.,1.,0.));
#2536 = DIRECTION('',(0.,-0.,1.));
#2537 = PCURVE('',#1847,#2538);
#2538 = DEFINITIONAL_REPRESENTATION('',(#2539),#2543);
#2539 = LINE('',#2540,#2541);
#2540 = CARTESIAN_POINT('',(0.,4.7));
#2541 = VECTOR('',#2542,1.);
#2542 = DIRECTION('',(1.,0.));
#2543 = ( GEOMETRIC_REPRESENTATION_CONTEXT(2) 
PARAMETRIC_REPRESENTATION_CONTEXT() REPRESENTATION_CONTEXT('2D SPACE',''
  ) );
#2544 = PCURVE('',#1873,#2545);
#2545 = DEFINITIONAL_REPRESENTATION('',(#2546),#2550);
#2546 = CIRCLE('',#2547,2.3);
#2547 = AXIS2_PLACEMENT_2D('',#2548,#2549);
#2548 = CARTESIAN_POINT('',(0.,0.));
#2549 = DIRECTION('',(1.,0.));
#2550 = ( GEOMETRIC_REPRESENTATION_CONTEXT(2) 
PARAMETRIC_REPRESENTATION_CONTEXT() REPRESENTATION_CONTEXT('2D SPACE',''
  ) );
#2551 = ORIENTED_EDGE('',*,*,#1884,.F.);
#2552 = ORIENTED_EDGE('',*,*,#2505,.T.);
#2553 = ORIENTED_EDGE('',*,*,#1832,.T.);
#2554 = ADVANCED_FACE('',(#2555),#1873,.F.);
#2555 = FACE_BOUND('',#2556,.F.);
#2556 = EDGE_LOOP('',(#2557,#2558));
#2557 = ORIENTED_EDGE('',*,*,#1858,.F.);
#2558 = ORIENTED_EDGE('',*,*,#2530,.T.);
#2559 = ADVANCED_FACE('',(#2560),#2222,.F.);
#2560 = FACE_BOUND('',#2561,.F.);
#2561 = EDGE_LOOP('',(#2562,#2585,#2586,#2609));
#2562 = ORIENTED_EDGE('',*,*,#2563,.F.);
#2563 = EDGE_CURVE('',#2205,#2564,#2566,.T.);
#2564 = VERTEX_POINT('',#2565);
#2565 = CARTESIAN_POINT('',(-52.,193.91545793775,-35.25));
#2566 = SURFACE_CURVE('',#2567,(#2571,#2578),.PCURVE_S1.);
#2567 = LINE('',#2568,#2569);
#2568 = CARTESIAN_POINT('',(-52.,185.91545793775,-35.25));
#2569 = VECTOR('',#2570,1.);
#2570 = DIRECTION('',(0.,1.,0.));
#2571 = PCURVE('',#2222,#2572);
#2572 = DEFINITIONAL_REPRESENTATION('',(#2573),#2577);
#2573 = LINE('',#2574,#2575);
#2574 = CARTESIAN_POINT('',(0.,0.));
#2575 = VECTOR('',#2576,1.);
#2576 = DIRECTION('',(0.,1.));
#2577 = ( GEOMETRIC_REPRESENTATION_CONTEXT(2) 
PARAMETRIC_REPRESENTATION_CONTEXT() REPRESENTATION_CONTEXT('2D SPACE',''
  ) );
#2578 = PCURVE('',#2250,#2579);
#2579 = DEFINITIONAL_REPRESENTATION('',(#2580),#2584);
#2580 = LINE('',#2581,#2582);
#2581 = CARTESIAN_POINT('',(0.,0.));
#2582 = VECTOR('',#2583,1.);
#2583 = DIRECTION('',(0.,-1.));
#2584 = ( GEOMETRIC_REPRESENTATION_CONTEXT(2) 
PARAMETRIC_REPRESENTATION_CONTEXT() REPRESENTATION_CONTEXT('2D SPACE',''
  ) );
#2585 = ORIENTED_EDGE('',*,*,#2204,.T.);
#2586 = ORIENTED_EDGE('',*,*,#2587,.T.);
#2587 = EDGE_CURVE('',#2207,#2588,#2590,.T.);
#2588 = VERTEX_POINT('',#2589);
#2589 = CARTESIAN_POINT('',(48.,193.91545793775,-35.25));
#2590 = SURFACE_CURVE('',#2591,(#2595,#2602),.PCURVE_S1.);
#2591 = LINE('',#2592,#2593);
#2592 = CARTESIAN_POINT('',(48.,185.91545793775,-35.25));
#2593 = VECTOR('',#2594,1.);
#2594 = DIRECTION('',(0.,1.,0.));
#2595 = PCURVE('',#2222,#2596);
#2596 = DEFINITIONAL_REPRESENTATION('',(#2597),#2601);
#2597 = LINE('',#2598,#2599);
#2598 = CARTESIAN_POINT('',(100.,0.));
#2599 = VECTOR('',#2600,1.);
#2600 = DIRECTION('',(0.,1.));
#2601 = ( GEOMETRIC_REPRESENTATION_CONTEXT(2) 
PARAMETRIC_REPRESENTATION_CONTEXT() REPRESENTATION_CONTEXT('2D SPACE',''
  ) );
#2602 = PCURVE('',#2304,#2603);
#2603 = DEFINITIONAL_REPRESENTATION('',(#2604),#2608);
#2604 = LINE('',#2605,#2606);
#2605 = CARTESIAN_POINT('',(0.,0.));
#2606 = VECTOR('',#2607,1.);
#2607 = DIRECTION('',(0.,-1.));
#2608 = ( GEOMETRIC_REPRESENTATION_CONTEXT(2) 
PARAMETRIC_REPRESENTATION_CONTEXT() REPRESENTATION_CONTEXT('2D SPACE',''
  ) );
#2609 = ORIENTED_EDGE('',*,*,#2610,.F.);
#2610 = EDGE_CURVE('',#2564,#2588,#2611,.T.);
#2611 = SURFACE_CURVE('',#2612,(#2616,#2623),.PCURVE_S1.);
#2612 = LINE('',#2613,#2614);
#2613 = CARTESIAN_POINT('',(-52.,193.91545793775,-35.25));
#2614 = VECTOR('',#2615,1.);
#2615 = DIRECTION('',(1.,0.,0.));
#2616 = PCURVE('',#2222,#2617);
#2617 = DEFINITIONAL_REPRESENTATION('',(#2618),#2622);
#2618 = LINE('',#2619,#2620);
#2619 = CARTESIAN_POINT('',(0.,8.));
#2620 = VECTOR('',#2621,1.);
#2621 = DIRECTION('',(1.,0.));
#2622 = ( GEOMETRIC_REPRESENTATION_CONTEXT(2) 
PARAMETRIC_REPRESENTATION_CONTEXT() REPRESENTATION_CONTEXT('2D SPACE',''
  ) );
#2623 = PCURVE('',#2624,#2629);
#2624 = PLANE('',#2625);
#2625 = AXIS2_PLACEMENT_3D('',#2626,#2627,#2628);
#2626 = CARTESIAN_POINT('',(-52.,193.91545793775,-35.25));
#2627 = DIRECTION('',(0.,1.,0.));
#2628 = DIRECTION('',(0.,0.,1.));
#2629 = DEFINITIONAL_REPRESENTATION('',(#2630),#2634);
#2630 = LINE('',#2631,#2632);
#2631 = CARTESIAN_POINT('',(0.,0.));
#2632 = VECTOR('',#2633,1.);
#2633 = DIRECTION('',(0.,1.));
#2634 = ( GEOMETRIC_REPRESENTATION_CONTEXT(2) 
PARAMETRIC_REPRESENTATION_CONTEXT() REPRESENTATION_CONTEXT('2D SPACE',''
  ) );
#2635 = ADVANCED_FACE('',(#2636),#2304,.T.);
#2636 = FACE_BOUND('',#2637,.T.);
#2637 = EDGE_LOOP('',(#2638,#2639,#2640,#2663));
#2638 = ORIENTED_EDGE('',*,*,#2290,.F.);
#2639 = ORIENTED_EDGE('',*,*,#2587,.T.);
#2640 = ORIENTED_EDGE('',*,*,#2641,.T.);
#2641 = EDGE_CURVE('',#2588,#2642,#2644,.T.);
#2642 = VERTEX_POINT('',#2643);
#2643 = CARTESIAN_POINT('',(48.,193.91545793775,44.75));
#2644 = SURFACE_CURVE('',#2645,(#2649,#2656),.PCURVE_S1.);
#2645 = LINE('',#2646,#2647);
#2646 = CARTESIAN_POINT('',(48.,193.91545793775,-35.25));
#2647 = VECTOR('',#2648,1.);
#2648 = DIRECTION('',(0.,0.,1.));
#2649 = PCURVE('',#2304,#2650);
#2650 = DEFINITIONAL_REPRESENTATION('',(#2651),#2655);
#2651 = LINE('',#2652,#2653);
#2652 = CARTESIAN_POINT('',(0.,-8.));
#2653 = VECTOR('',#2654,1.);
#2654 = DIRECTION('',(1.,0.));
#2655 = ( GEOMETRIC_REPRESENTATION_CONTEXT(2) 
PARAMETRIC_REPRESENTATION_CONTEXT() REPRESENTATION_CONTEXT('2D SPACE',''
  ) );
#2656 = PCURVE('',#2624,#2657);
#2657 = DEFINITIONAL_REPRESENTATION('',(#2658),#2662);
#2658 = LINE('',#2659,#2660);
#2659 = CARTESIAN_POINT('',(0.,100.));
#2660 = VECTOR('',#2661,1.);
#2661 = DIRECTION('',(1.,0.));
#2662 = ( GEOMETRIC_REPRESENTATION_CONTEXT(2) 
PARAMETRIC_REPRESENTATION_CONTEXT() REPRESENTATION_CONTEXT('2D SPACE',''
  ) );
#2663 = ORIENTED_EDGE('',*,*,#2664,.F.);
#2664 = EDGE_CURVE('',#2263,#2642,#2665,.T.);
#2665 = SURFACE_CURVE('',#2666,(#2670,#2677),.PCURVE_S1.);
#2666 = LINE('',#2667,#2668);
#2667 = CARTESIAN_POINT('',(48.,185.91545793775,44.75));
#2668 = VECTOR('',#2669,1.);
#2669 = DIRECTION('',(0.,1.,0.));
#2670 = PCURVE('',#2304,#2671);
#2671 = DEFINITIONAL_REPRESENTATION('',(#2672),#2676);
#2672 = LINE('',#2673,#2674);
#2673 = CARTESIAN_POINT('',(80.,0.));
#2674 = VECTOR('',#2675,1.);
#2675 = DIRECTION('',(0.,-1.));
#2676 = ( GEOMETRIC_REPRESENTATION_CONTEXT(2) 
PARAMETRIC_REPRESENTATION_CONTEXT() REPRESENTATION_CONTEXT('2D SPACE',''
  ) );
#2677 = PCURVE('',#2278,#2678);
#2678 = DEFINITIONAL_REPRESENTATION('',(#2679),#2683);
#2679 = LINE('',#2680,#2681);
#2680 = CARTESIAN_POINT('',(100.,0.));
#2681 = VECTOR('',#2682,1.);
#2682 = DIRECTION('',(0.,1.));
#2683 = ( GEOMETRIC_REPRESENTATION_CONTEXT(2) 
PARAMETRIC_REPRESENTATION_CONTEXT() REPRESENTATION_CONTEXT('2D SPACE',''
  ) );
#2684 = ADVANCED_FACE('',(#2685),#2250,.F.);
#2685 = FACE_BOUND('',#2686,.F.);
#2686 = EDGE_LOOP('',(#2687,#2688,#2689,#2712));
#2687 = ORIENTED_EDGE('',*,*,#2234,.F.);
#2688 = ORIENTED_EDGE('',*,*,#2563,.T.);
#2689 = ORIENTED_EDGE('',*,*,#2690,.T.);
#2690 = EDGE_CURVE('',#2564,#2691,#2693,.T.);
#2691 = VERTEX_POINT('',#2692);
#2692 = CARTESIAN_POINT('',(-52.,193.91545793775,44.75));
#2693 = SURFACE_CURVE('',#2694,(#2698,#2705),.PCURVE_S1.);
#2694 = LINE('',#2695,#2696);
#2695 = CARTESIAN_POINT('',(-52.,193.91545793775,-35.25));
#2696 = VECTOR('',#2697,1.);
#2697 = DIRECTION('',(0.,0.,1.));
#2698 = PCURVE('',#2250,#2699);
#2699 = DEFINITIONAL_REPRESENTATION('',(#2700),#2704);
#2700 = LINE('',#2701,#2702);
#2701 = CARTESIAN_POINT('',(0.,-8.));
#2702 = VECTOR('',#2703,1.);
#2703 = DIRECTION('',(1.,0.));
#2704 = ( GEOMETRIC_REPRESENTATION_CONTEXT(2) 
PARAMETRIC_REPRESENTATION_CONTEXT() REPRESENTATION_CONTEXT('2D SPACE',''
  ) );
#2705 = PCURVE('',#2624,#2706);
#2706 = DEFINITIONAL_REPRESENTATION('',(#2707),#2711);
#2707 = LINE('',#2708,#2709);
#2708 = CARTESIAN_POINT('',(0.,0.));
#2709 = VECTOR('',#2710,1.);
#2710 = DIRECTION('',(1.,0.));
#2711 = ( GEOMETRIC_REPRESENTATION_CONTEXT(2) 
PARAMETRIC_REPRESENTATION_CONTEXT() REPRESENTATION_CONTEXT('2D SPACE',''
  ) );
#2712 = ORIENTED_EDGE('',*,*,#2713,.F.);
#2713 = EDGE_CURVE('',#2235,#2691,#2714,.T.);
#2714 = SURFACE_CURVE('',#2715,(#2719,#2726),.PCURVE_S1.);
#2715 = LINE('',#2716,#2717);
#2716 = CARTESIAN_POINT('',(-52.,185.91545793775,44.75));
#2717 = VECTOR('',#2718,1.);
#2718 = DIRECTION('',(0.,1.,0.));
#2719 = PCURVE('',#2250,#2720);
#2720 = DEFINITIONAL_REPRESENTATION('',(#2721),#2725);
#2721 = LINE('',#2722,#2723);
#2722 = CARTESIAN_POINT('',(80.,0.));
#2723 = VECTOR('',#2724,1.);
#2724 = DIRECTION('',(0.,-1.));
#2725 = ( GEOMETRIC_REPRESENTATION_CONTEXT(2) 
PARAMETRIC_REPRESENTATION_CONTEXT() REPRESENTATION_CONTEXT('2D SPACE',''
  ) );
#2726 = PCURVE('',#2278,#2727);
#2727 = DEFINITIONAL_REPRESENTATION('',(#2728),#2732);
#2728 = LINE('',#2729,#2730);
#2729 = CARTESIAN_POINT('',(0.,0.));
#2730 = VECTOR('',#2731,1.);
#2731 = DIRECTION('',(0.,1.));
#2732 = ( GEOMETRIC_REPRESENTATION_CONTEXT(2) 
PARAMETRIC_REPRESENTATION_CONTEXT() REPRESENTATION_CONTEXT('2D SPACE',''
  ) );
#2733 = ADVANCED_FACE('',(#2734),#2278,.T.);
#2734 = FACE_BOUND('',#2735,.T.);
#2735 = EDGE_LOOP('',(#2736,#2737,#2738,#2739));
#2736 = ORIENTED_EDGE('',*,*,#2713,.F.);
#2737 = ORIENTED_EDGE('',*,*,#2262,.T.);
#2738 = ORIENTED_EDGE('',*,*,#2664,.T.);
#2739 = ORIENTED_EDGE('',*,*,#2740,.F.);
#2740 = EDGE_CURVE('',#2691,#2642,#2741,.T.);
#2741 = SURFACE_CURVE('',#2742,(#2746,#2753),.PCURVE_S1.);
#2742 = LINE('',#2743,#2744);
#2743 = CARTESIAN_POINT('',(-52.,193.91545793775,44.75));
#2744 = VECTOR('',#2745,1.);
#2745 = DIRECTION('',(1.,0.,0.));
#2746 = PCURVE('',#2278,#2747);
#2747 = DEFINITIONAL_REPRESENTATION('',(#2748),#2752);
#2748 = LINE('',#2749,#2750);
#2749 = CARTESIAN_POINT('',(0.,8.));
#2750 = VECTOR('',#2751,1.);
#2751 = DIRECTION('',(1.,0.));
#2752 = ( GEOMETRIC_REPRESENTATION_CONTEXT(2) 
PARAMETRIC_REPRESENTATION_CONTEXT() REPRESENTATION_CONTEXT('2D SPACE',''
  ) );
#2753 = PCURVE('',#2624,#2754);
#2754 = DEFINITIONAL_REPRESENTATION('',(#2755),#2759);
#2755 = LINE('',#2756,#2757);
#2756 = CARTESIAN_POINT('',(80.,0.));
#2757 = VECTOR('',#2758,1.);
#2758 = DIRECTION('',(0.,1.));
#2759 = ( GEOMETRIC_REPRESENTATION_CONTEXT(2) 
PARAMETRIC_REPRESENTATION_CONTEXT() REPRESENTATION_CONTEXT('2D SPACE',''
  ) );
#2760 = ADVANCED_FACE('',(#2761),#2335,.F.);
#2761 = FACE_BOUND('',#2762,.F.);
#2762 = EDGE_LOOP('',(#2763,#2792,#2813,#2814));
#2763 = ORIENTED_EDGE('',*,*,#2764,.F.);
#2764 = EDGE_CURVE('',#2765,#2765,#2767,.T.);
#2765 = VERTEX_POINT('',#2766);
#2766 = CARTESIAN_POINT('',(-40.,188.61545793775,-19.95));
#2767 = SURFACE_CURVE('',#2768,(#2773,#2780),.PCURVE_S1.);
#2768 = CIRCLE('',#2769,3.3);
#2769 = AXIS2_PLACEMENT_3D('',#2770,#2771,#2772);
#2770 = CARTESIAN_POINT('',(-40.,188.61545793775,-23.25));
#2771 = DIRECTION('',(0.,1.,0.));
#2772 = DIRECTION('',(0.,-0.,1.));
#2773 = PCURVE('',#2335,#2774);
#2774 = DEFINITIONAL_REPRESENTATION('',(#2775),#2779);
#2775 = LINE('',#2776,#2777);
#2776 = CARTESIAN_POINT('',(-0.,-2.7));
#2777 = VECTOR('',#2778,1.);
#2778 = DIRECTION('',(-1.,-0.));
#2779 = ( GEOMETRIC_REPRESENTATION_CONTEXT(2) 
PARAMETRIC_REPRESENTATION_CONTEXT() REPRESENTATION_CONTEXT('2D SPACE',''
  ) );
#2780 = PCURVE('',#2781,#2786);
#2781 = CYLINDRICAL_SURFACE('',#2782,3.3);
#2782 = AXIS2_PLACEMENT_3D('',#2783,#2784,#2785);
#2783 = CARTESIAN_POINT('',(-40.,185.81545793775,-23.25));
#2784 = DIRECTION('',(0.,1.,0.));
#2785 = DIRECTION('',(0.,-0.,1.));
#2786 = DEFINITIONAL_REPRESENTATION('',(#2787),#2791);
#2787 = LINE('',#2788,#2789);
#2788 = CARTESIAN_POINT('',(0.,2.8));
#2789 = VECTOR('',#2790,1.);
#2790 = DIRECTION('',(1.,0.));
#2791 = ( GEOMETRIC_REPRESENTATION_CONTEXT(2) 
PARAMETRIC_REPRESENTATION_CONTEXT() REPRESENTATION_CONTEXT('2D SPACE',''
  ) );
#2792 = ORIENTED_EDGE('',*,*,#2793,.F.);
#2793 = EDGE_CURVE('',#2319,#2765,#2794,.T.);
#2794 = SEAM_CURVE('',#2795,(#2799,#2806),.PCURVE_S1.);
#2795 = LINE('',#2796,#2797);
#2796 = CARTESIAN_POINT('',(-40.,185.91545793775,-17.25));
#2797 = VECTOR('',#2798,1.);
#2798 = DIRECTION('',(1.731912112471E-16,0.707106781187,-0.707106781187)
  );
#2799 = PCURVE('',#2335,#2800);
#2800 = DEFINITIONAL_REPRESENTATION('',(#2801),#2805);
#2801 = LINE('',#2802,#2803);
#2802 = CARTESIAN_POINT('',(-6.28318530718,0.));
#2803 = VECTOR('',#2804,1.);
#2804 = DIRECTION('',(-0.,-1.));
#2805 = ( GEOMETRIC_REPRESENTATION_CONTEXT(2) 
PARAMETRIC_REPRESENTATION_CONTEXT() REPRESENTATION_CONTEXT('2D SPACE',''
  ) );
#2806 = PCURVE('',#2335,#2807);
#2807 = DEFINITIONAL_REPRESENTATION('',(#2808),#2812);
#2808 = LINE('',#2809,#2810);
#2809 = CARTESIAN_POINT('',(0.,-0.));
#2810 = VECTOR('',#2811,1.);
#2811 = DIRECTION('',(-0.,-1.));
#2812 = ( GEOMETRIC_REPRESENTATION_CONTEXT(2) 
PARAMETRIC_REPRESENTATION_CONTEXT() REPRESENTATION_CONTEXT('2D SPACE',''
  ) );
#2813 = ORIENTED_EDGE('',*,*,#2318,.T.);
#2814 = ORIENTED_EDGE('',*,*,#2793,.T.);
#2815 = ADVANCED_FACE('',(#2816),#2366,.F.);
#2816 = FACE_BOUND('',#2817,.F.);
#2817 = EDGE_LOOP('',(#2818,#2847,#2868,#2869));
#2818 = ORIENTED_EDGE('',*,*,#2819,.F.);
#2819 = EDGE_CURVE('',#2820,#2820,#2822,.T.);
#2820 = VERTEX_POINT('',#2821);
#2821 = CARTESIAN_POINT('',(-40.,188.61545793775,36.05));
#2822 = SURFACE_CURVE('',#2823,(#2828,#2835),.PCURVE_S1.);
#2823 = CIRCLE('',#2824,3.3);
#2824 = AXIS2_PLACEMENT_3D('',#2825,#2826,#2827);
#2825 = CARTESIAN_POINT('',(-40.,188.61545793775,32.75));
#2826 = DIRECTION('',(0.,1.,0.));
#2827 = DIRECTION('',(0.,-0.,1.));
#2828 = PCURVE('',#2366,#2829);
#2829 = DEFINITIONAL_REPRESENTATION('',(#2830),#2834);
#2830 = LINE('',#2831,#2832);
#2831 = CARTESIAN_POINT('',(-0.,-2.7));
#2832 = VECTOR('',#2833,1.);
#2833 = DIRECTION('',(-1.,-0.));
#2834 = ( GEOMETRIC_REPRESENTATION_CONTEXT(2) 
PARAMETRIC_REPRESENTATION_CONTEXT() REPRESENTATION_CONTEXT('2D SPACE',''
  ) );
#2835 = PCURVE('',#2836,#2841);
#2836 = CYLINDRICAL_SURFACE('',#2837,3.3);
#2837 = AXIS2_PLACEMENT_3D('',#2838,#2839,#2840);
#2838 = CARTESIAN_POINT('',(-40.,185.81545793775,32.75));
#2839 = DIRECTION('',(0.,1.,0.));
#2840 = DIRECTION('',(0.,-0.,1.));
#2841 = DEFINITIONAL_REPRESENTATION('',(#2842),#2846);
#2842 = LINE('',#2843,#2844);
#2843 = CARTESIAN_POINT('',(0.,2.8));
#2844 = VECTOR('',#2845,1.);
#2845 = DIRECTION('',(1.,0.));
#2846 = ( GEOMETRIC_REPRESENTATION_CONTEXT(2) 
PARAMETRIC_REPRESENTATION_CONTEXT() REPRESENTATION_CONTEXT('2D SPACE',''
  ) );
#2847 = ORIENTED_EDGE('',*,*,#2848,.F.);
#2848 = EDGE_CURVE('',#2350,#2820,#2849,.T.);
#2849 = SEAM_CURVE('',#2850,(#2854,#2861),.PCURVE_S1.);
#2850 = LINE('',#2851,#2852);
#2851 = CARTESIAN_POINT('',(-40.,185.91545793775,38.75));
#2852 = VECTOR('',#2853,1.);
#2853 = DIRECTION('',(1.731912112471E-16,0.707106781187,-0.707106781187)
  );
#2854 = PCURVE('',#2366,#2855);
#2855 = DEFINITIONAL_REPRESENTATION('',(#2856),#2860);
#2856 = LINE('',#2857,#2858);
#2857 = CARTESIAN_POINT('',(-6.28318530718,0.));
#2858 = VECTOR('',#2859,1.);
#2859 = DIRECTION('',(-0.,-1.));
#2860 = ( GEOMETRIC_REPRESENTATION_CONTEXT(2) 
PARAMETRIC_REPRESENTATION_CONTEXT() REPRESENTATION_CONTEXT('2D SPACE',''
  ) );
#2861 = PCURVE('',#2366,#2862);
#2862 = DEFINITIONAL_REPRESENTATION('',(#2863),#2867);
#2863 = LINE('',#2864,#2865);
#2864 = CARTESIAN_POINT('',(0.,-0.));
#2865 = VECTOR('',#2866,1.);
#2866 = DIRECTION('',(-0.,-1.));
#2867 = ( GEOMETRIC_REPRESENTATION_CONTEXT(2) 
PARAMETRIC_REPRESENTATION_CONTEXT() REPRESENTATION_CONTEXT('2D SPACE',''
  ) );
#2868 = ORIENTED_EDGE('',*,*,#2349,.T.);
#2869 = ORIENTED_EDGE('',*,*,#2848,.T.);
#2870 = ADVANCED_FACE('',(#2871),#2397,.F.);
#2871 = FACE_BOUND('',#2872,.F.);
#2872 = EDGE_LOOP('',(#2873,#2902,#2923,#2924));
#2873 = ORIENTED_EDGE('',*,*,#2874,.F.);
#2874 = EDGE_CURVE('',#2875,#2875,#2877,.T.);
#2875 = VERTEX_POINT('',#2876);
#2876 = CARTESIAN_POINT('',(36.,188.61545793775,-19.95));
#2877 = SURFACE_CURVE('',#2878,(#2883,#2890),.PCURVE_S1.);
#2878 = CIRCLE('',#2879,3.3);
#2879 = AXIS2_PLACEMENT_3D('',#2880,#2881,#2882);
#2880 = CARTESIAN_POINT('',(36.,188.61545793775,-23.25));
#2881 = DIRECTION('',(0.,1.,0.));
#2882 = DIRECTION('',(0.,-0.,1.));
#2883 = PCURVE('',#2397,#2884);
#2884 = DEFINITIONAL_REPRESENTATION('',(#2885),#2889);
#2885 = LINE('',#2886,#2887);
#2886 = CARTESIAN_POINT('',(-0.,-2.7));
#2887 = VECTOR('',#2888,1.);
#2888 = DIRECTION('',(-1.,-0.));
#2889 = ( GEOMETRIC_REPRESENTATION_CONTEXT(2) 
PARAMETRIC_REPRESENTATION_CONTEXT() REPRESENTATION_CONTEXT('2D SPACE',''
  ) );
#2890 = PCURVE('',#2891,#2896);
#2891 = CYLINDRICAL_SURFACE('',#2892,3.3);
#2892 = AXIS2_PLACEMENT_3D('',#2893,#2894,#2895);
#2893 = CARTESIAN_POINT('',(36.,185.81545793775,-23.25));
#2894 = DIRECTION('',(0.,1.,0.));
#2895 = DIRECTION('',(0.,-0.,1.));
#2896 = DEFINITIONAL_REPRESENTATION('',(#2897),#2901);
#2897 = LINE('',#2898,#2899);
#2898 = CARTESIAN_POINT('',(0.,2.8));
#2899 = VECTOR('',#2900,1.);
#2900 = DIRECTION('',(1.,0.));
#2901 = ( GEOMETRIC_REPRESENTATION_CONTEXT(2) 
PARAMETRIC_REPRESENTATION_CONTEXT() REPRESENTATION_CONTEXT('2D SPACE',''
  ) );
#2902 = ORIENTED_EDGE('',*,*,#2903,.F.);
#2903 = EDGE_CURVE('',#2381,#2875,#2904,.T.);
#2904 = SEAM_CURVE('',#2905,(#2909,#2916),.PCURVE_S1.);
#2905 = LINE('',#2906,#2907);
#2906 = CARTESIAN_POINT('',(36.,185.91545793775,-17.25));
#2907 = VECTOR('',#2908,1.);
#2908 = DIRECTION('',(1.731912112471E-16,0.707106781187,-0.707106781187)
  );
#2909 = PCURVE('',#2397,#2910);
#2910 = DEFINITIONAL_REPRESENTATION('',(#2911),#2915);
#2911 = LINE('',#2912,#2913);
#2912 = CARTESIAN_POINT('',(-6.28318530718,0.));
#2913 = VECTOR('',#2914,1.);
#2914 = DIRECTION('',(-0.,-1.));
#2915 = ( GEOMETRIC_REPRESENTATION_CONTEXT(2) 
PARAMETRIC_REPRESENTATION_CONTEXT() REPRESENTATION_CONTEXT('2D SPACE',''
  ) );
#2916 = PCURVE('',#2397,#2917);
#2917 = DEFINITIONAL_REPRESENTATION('',(#2918),#2922);
#2918 = LINE('',#2919,#2920);
#2919 = CARTESIAN_POINT('',(0.,-0.));
#2920 = VECTOR('',#2921,1.);
#2921 = DIRECTION('',(-0.,-1.));
#2922 = ( GEOMETRIC_REPRESENTATION_CONTEXT(2) 
PARAMETRIC_REPRESENTATION_CONTEXT() REPRESENTATION_CONTEXT('2D SPACE',''
  ) );
#2923 = ORIENTED_EDGE('',*,*,#2380,.T.);
#2924 = ORIENTED_EDGE('',*,*,#2903,.T.);
#2925 = ADVANCED_FACE('',(#2926),#2452,.F.);
#2926 = FACE_BOUND('',#2927,.F.);
#2927 = EDGE_LOOP('',(#2928,#2957,#2978,#2979));
#2928 = ORIENTED_EDGE('',*,*,#2929,.F.);
#2929 = EDGE_CURVE('',#2930,#2930,#2932,.T.);
#2930 = VERTEX_POINT('',#2931);
#2931 = CARTESIAN_POINT('',(36.,188.61545793775,36.05));
#2932 = SURFACE_CURVE('',#2933,(#2938,#2945),.PCURVE_S1.);
#2933 = CIRCLE('',#2934,3.3);
#2934 = AXIS2_PLACEMENT_3D('',#2935,#2936,#2937);
#2935 = CARTESIAN_POINT('',(36.,188.61545793775,32.75));
#2936 = DIRECTION('',(0.,1.,0.));
#2937 = DIRECTION('',(0.,-0.,1.));
#2938 = PCURVE('',#2452,#2939);
#2939 = DEFINITIONAL_REPRESENTATION('',(#2940),#2944);
#2940 = LINE('',#2941,#2942);
#2941 = CARTESIAN_POINT('',(-0.,-2.7));
#2942 = VECTOR('',#2943,1.);
#2943 = DIRECTION('',(-1.,-0.));
#2944 = ( GEOMETRIC_REPRESENTATION_CONTEXT(2) 
PARAMETRIC_REPRESENTATION_CONTEXT() REPRESENTATION_CONTEXT('2D SPACE',''
  ) );
#2945 = PCURVE('',#2946,#2951);
#2946 = CYLINDRICAL_SURFACE('',#2947,3.3);
#2947 = AXIS2_PLACEMENT_3D('',#2948,#2949,#2950);
#2948 = CARTESIAN_POINT('',(36.,185.81545793775,32.75));
#2949 = DIRECTION('',(0.,1.,0.));
#2950 = DIRECTION('',(0.,-0.,1.));
#2951 = DEFINITIONAL_REPRESENTATION('',(#2952),#2956);
#2952 = LINE('',#2953,#2954);
#2953 = CARTESIAN_POINT('',(0.,2.8));
#2954 = VECTOR('',#2955,1.);
#2955 = DIRECTION('',(1.,0.));
#2956 = ( GEOMETRIC_REPRESENTATION_CONTEXT(2) 
PARAMETRIC_REPRESENTATION_CONTEXT() REPRESENTATION_CONTEXT('2D SPACE',''
  ) );
#2957 = ORIENTED_EDGE('',*,*,#2958,.F.);
#2958 = EDGE_CURVE('',#2436,#2930,#2959,.T.);
#2959 = SEAM_CURVE('',#2960,(#2964,#2971),.PCURVE_S1.);
#2960 = LINE('',#2961,#2962);
#2961 = CARTESIAN_POINT('',(36.,185.91545793775,38.75));
#2962 = VECTOR('',#2963,1.);
#2963 = DIRECTION('',(1.731912112471E-16,0.707106781187,-0.707106781187)
  );
#2964 = PCURVE('',#2452,#2965);
#2965 = DEFINITIONAL_REPRESENTATION('',(#2966),#2970);
#2966 = LINE('',#2967,#2968);
#2967 = CARTESIAN_POINT('',(-6.28318530718,0.));
#2968 = VECTOR('',#2969,1.);
#2969 = DIRECTION('',(-0.,-1.));
#2970 = ( GEOMETRIC_REPRESENTATION_CONTEXT(2) 
PARAMETRIC_REPRESENTATION_CONTEXT() REPRESENTATION_CONTEXT('2D SPACE',''
  ) );
#2971 = PCURVE('',#2452,#2972);
#2972 = DEFINITIONAL_REPRESENTATION('',(#2973),#2977);
#2973 = LINE('',#2974,#2975);
#2974 = CARTESIAN_POINT('',(0.,-0.));
#2975 = VECTOR('',#2976,1.);
#2976 = DIRECTION('',(-0.,-1.));
#2977 = ( GEOMETRIC_REPRESENTATION_CONTEXT(2) 
PARAMETRIC_REPRESENTATION_CONTEXT() REPRESENTATION_CONTEXT('2D SPACE',''
  ) );
#2978 = ORIENTED_EDGE('',*,*,#2435,.T.);
#2979 = ORIENTED_EDGE('',*,*,#2958,.T.);
#2980 = ADVANCED_FACE('',(#2981,#2987,#3013,#3039,#3065,#3175),#2624,.T.
  );
#2981 = FACE_BOUND('',#2982,.T.);
#2982 = EDGE_LOOP('',(#2983,#2984,#2985,#2986));
#2983 = ORIENTED_EDGE('',*,*,#2610,.F.);
#2984 = ORIENTED_EDGE('',*,*,#2690,.T.);
#2985 = ORIENTED_EDGE('',*,*,#2740,.T.);
#2986 = ORIENTED_EDGE('',*,*,#2641,.F.);
#2987 = FACE_BOUND('',#2988,.T.);
#2988 = EDGE_LOOP('',(#2989));
#2989 = ORIENTED_EDGE('',*,*,#2990,.F.);
#2990 = EDGE_CURVE('',#2991,#2991,#2993,.T.);
#2991 = VERTEX_POINT('',#2992);
#2992 = CARTESIAN_POINT('',(-40.,193.91545793775,-19.95));
#2993 = SURFACE_CURVE('',#2994,(#2999,#3006),.PCURVE_S1.);
#2994 = CIRCLE('',#2995,3.3);
#2995 = AXIS2_PLACEMENT_3D('',#2996,#2997,#2998);
#2996 = CARTESIAN_POINT('',(-40.,193.91545793775,-23.25));
#2997 = DIRECTION('',(0.,1.,0.));
#2998 = DIRECTION('',(0.,-0.,1.));
#2999 = PCURVE('',#2624,#3000);
#3000 = DEFINITIONAL_REPRESENTATION('',(#3001),#3005);
#3001 = CIRCLE('',#3002,3.3);
#3002 = AXIS2_PLACEMENT_2D('',#3003,#3004);
#3003 = CARTESIAN_POINT('',(12.,12.));
#3004 = DIRECTION('',(1.,0.));
#3005 = ( GEOMETRIC_REPRESENTATION_CONTEXT(2) 
PARAMETRIC_REPRESENTATION_CONTEXT() REPRESENTATION_CONTEXT('2D SPACE',''
  ) );
#3006 = PCURVE('',#2781,#3007);
#3007 = DEFINITIONAL_REPRESENTATION('',(#3008),#3012);
#3008 = LINE('',#3009,#3010);
#3009 = CARTESIAN_POINT('',(0.,8.1));
#3010 = VECTOR('',#3011,1.);
#3011 = DIRECTION('',(1.,0.));
#3012 = ( GEOMETRIC_REPRESENTATION_CONTEXT(2) 
PARAMETRIC_REPRESENTATION_CONTEXT() REPRESENTATION_CONTEXT('2D SPACE',''
  ) );
#3013 = FACE_BOUND('',#3014,.T.);
#3014 = EDGE_LOOP('',(#3015));
#3015 = ORIENTED_EDGE('',*,*,#3016,.F.);
#3016 = EDGE_CURVE('',#3017,#3017,#3019,.T.);
#3017 = VERTEX_POINT('',#3018);
#3018 = CARTESIAN_POINT('',(-40.,193.91545793775,36.05));
#3019 = SURFACE_CURVE('',#3020,(#3025,#3032),.PCURVE_S1.);
#3020 = CIRCLE('',#3021,3.3);
#3021 = AXIS2_PLACEMENT_3D('',#3022,#3023,#3024);
#3022 = CARTESIAN_POINT('',(-40.,193.91545793775,32.75));
#3023 = DIRECTION('',(0.,1.,0.));
#3024 = DIRECTION('',(0.,-0.,1.));
#3025 = PCURVE('',#2624,#3026);
#3026 = DEFINITIONAL_REPRESENTATION('',(#3027),#3031);
#3027 = CIRCLE('',#3028,3.3);
#3028 = AXIS2_PLACEMENT_2D('',#3029,#3030);
#3029 = CARTESIAN_POINT('',(68.,12.));
#3030 = DIRECTION('',(1.,0.));
#3031 = ( GEOMETRIC_REPRESENTATION_CONTEXT(2) 
PARAMETRIC_REPRESENTATION_CONTEXT() REPRESENTATION_CONTEXT('2D SPACE',''
  ) );
#3032 = PCURVE('',#2836,#3033);
#3033 = DEFINITIONAL_REPRESENTATION('',(#3034),#3038);
#3034 = LINE('',#3035,#3036);
#3035 = CARTESIAN_POINT('',(0.,8.1));
#3036 = VECTOR('',#3037,1.);
#3037 = DIRECTION('',(1.,0.));
#3038 = ( GEOMETRIC_REPRESENTATION_CONTEXT(2) 
PARAMETRIC_REPRESENTATION_CONTEXT() REPRESENTATION_CONTEXT('2D SPACE',''
  ) );
#3039 = FACE_BOUND('',#3040,.T.);
#3040 = EDGE_LOOP('',(#3041));
#3041 = ORIENTED_EDGE('',*,*,#3042,.F.);
#3042 = EDGE_CURVE('',#3043,#3043,#3045,.T.);
#3043 = VERTEX_POINT('',#3044);
#3044 = CARTESIAN_POINT('',(36.,193.91545793775,-19.95));
#3045 = SURFACE_CURVE('',#3046,(#3051,#3058),.PCURVE_S1.);
#3046 = CIRCLE('',#3047,3.3);
#3047 = AXIS2_PLACEMENT_3D('',#3048,#3049,#3050);
#3048 = CARTESIAN_POINT('',(36.,193.91545793775,-23.25));
#3049 = DIRECTION('',(0.,1.,0.));
#3050 = DIRECTION('',(0.,-0.,1.));
#3051 = PCURVE('',#2624,#3052);
#3052 = DEFINITIONAL_REPRESENTATION('',(#3053),#3057);
#3053 = CIRCLE('',#3054,3.3);
#3054 = AXIS2_PLACEMENT_2D('',#3055,#3056);
#3055 = CARTESIAN_POINT('',(12.,88.));
#3056 = DIRECTION('',(1.,0.));
#3057 = ( GEOMETRIC_REPRESENTATION_CONTEXT(2) 
PARAMETRIC_REPRESENTATION_CONTEXT() REPRESENTATION_CONTEXT('2D SPACE',''
  ) );
#3058 = PCURVE('',#2891,#3059);
#3059 = DEFINITIONAL_REPRESENTATION('',(#3060),#3064);
#3060 = LINE('',#3061,#3062);
#3061 = CARTESIAN_POINT('',(0.,8.1));
#3062 = VECTOR('',#3063,1.);
#3063 = DIRECTION('',(1.,0.));
#3064 = ( GEOMETRIC_REPRESENTATION_CONTEXT(2) 
PARAMETRIC_REPRESENTATION_CONTEXT() REPRESENTATION_CONTEXT('2D SPACE',''
  ) );
#3065 = FACE_BOUND('',#3066,.T.);
#3066 = EDGE_LOOP('',(#3067,#3096,#3123,#3150));
#3067 = ORIENTED_EDGE('',*,*,#3068,.F.);
#3068 = EDGE_CURVE('',#3069,#3071,#3073,.T.);
#3069 = VERTEX_POINT('',#3070);
#3070 = CARTESIAN_POINT('',(-19.5,193.91545793775,22.25));
#3071 = VERTEX_POINT('',#3072);
#3072 = CARTESIAN_POINT('',(15.5,193.91545793775,22.25));
#3073 = SURFACE_CURVE('',#3074,(#3078,#3084),.PCURVE_S1.);
#3074 = LINE('',#3075,#3076);
#3075 = CARTESIAN_POINT('',(-35.75,193.91545793775,22.25));
#3076 = VECTOR('',#3077,1.);
#3077 = DIRECTION('',(1.,0.,0.));
#3078 = PCURVE('',#2624,#3079);
#3079 = DEFINITIONAL_REPRESENTATION('',(#3080),#3083);
#3080 = B_SPLINE_CURVE_WITH_KNOTS('',1,(#3081,#3082),.UNSPECIFIED.,.F.,
  .F.,(2,2),(16.25,51.25),.PIECEWISE_BEZIER_KNOTS.);
#3081 = CARTESIAN_POINT('',(57.5,32.5));
#3082 = CARTESIAN_POINT('',(57.5,67.5));
#3083 = ( GEOMETRIC_REPRESENTATION_CONTEXT(2) 
PARAMETRIC_REPRESENTATION_CONTEXT() REPRESENTATION_CONTEXT('2D SPACE',''
  ) );
#3084 = PCURVE('',#3085,#3090);
#3085 = PLANE('',#3086);
#3086 = AXIS2_PLACEMENT_3D('',#3087,#3088,#3089);
#3087 = CARTESIAN_POINT('',(-19.5,185.81545793775,22.25));
#3088 = DIRECTION('',(0.,0.,1.));
#3089 = DIRECTION('',(1.,0.,0.));
#3090 = DEFINITIONAL_REPRESENTATION('',(#3091),#3095);
#3091 = LINE('',#3092,#3093);
#3092 = CARTESIAN_POINT('',(-16.25,8.1));
#3093 = VECTOR('',#3094,1.);
#3094 = DIRECTION('',(1.,0.));
#3095 = ( GEOMETRIC_REPRESENTATION_CONTEXT(2) 
PARAMETRIC_REPRESENTATION_CONTEXT() REPRESENTATION_CONTEXT('2D SPACE',''
  ) );
#3096 = ORIENTED_EDGE('',*,*,#3097,.T.);
#3097 = EDGE_CURVE('',#3069,#3098,#3100,.T.);
#3098 = VERTEX_POINT('',#3099);
#3099 = CARTESIAN_POINT('',(-19.5,193.91545793775,-12.75));
#3100 = SURFACE_CURVE('',#3101,(#3105,#3111),.PCURVE_S1.);
#3101 = LINE('',#3102,#3103);
#3102 = CARTESIAN_POINT('',(-19.5,193.91545793775,-24.));
#3103 = VECTOR('',#3104,1.);
#3104 = DIRECTION('',(0.,0.,-1.));
#3105 = PCURVE('',#2624,#3106);
#3106 = DEFINITIONAL_REPRESENTATION('',(#3107),#3110);
#3107 = B_SPLINE_CURVE_WITH_KNOTS('',1,(#3108,#3109),.UNSPECIFIED.,.F.,
  .F.,(2,2),(-46.25,-11.25),.PIECEWISE_BEZIER_KNOTS.);
#3108 = CARTESIAN_POINT('',(57.5,32.5));
#3109 = CARTESIAN_POINT('',(22.5,32.5));
#3110 = ( GEOMETRIC_REPRESENTATION_CONTEXT(2) 
PARAMETRIC_REPRESENTATION_CONTEXT() REPRESENTATION_CONTEXT('2D SPACE',''
  ) );
#3111 = PCURVE('',#3112,#3117);
#3112 = PLANE('',#3113);
#3113 = AXIS2_PLACEMENT_3D('',#3114,#3115,#3116);
#3114 = CARTESIAN_POINT('',(-19.5,185.81545793775,-12.75));
#3115 = DIRECTION('',(1.,0.,0.));
#3116 = DIRECTION('',(0.,0.,1.));
#3117 = DEFINITIONAL_REPRESENTATION('',(#3118),#3122);
#3118 = LINE('',#3119,#3120);
#3119 = CARTESIAN_POINT('',(-11.25,-8.1));
#3120 = VECTOR('',#3121,1.);
#3121 = DIRECTION('',(-1.,0.));
#3122 = ( GEOMETRIC_REPRESENTATION_CONTEXT(2) 
PARAMETRIC_REPRESENTATION_CONTEXT() REPRESENTATION_CONTEXT('2D SPACE',''
  ) );
#3123 = ORIENTED_EDGE('',*,*,#3124,.T.);
#3124 = EDGE_CURVE('',#3098,#3125,#3127,.T.);
#3125 = VERTEX_POINT('',#3126);
#3126 = CARTESIAN_POINT('',(15.5,193.91545793775,-12.75));
#3127 = SURFACE_CURVE('',#3128,(#3132,#3138),.PCURVE_S1.);
#3128 = LINE('',#3129,#3130);
#3129 = CARTESIAN_POINT('',(-35.75,193.91545793775,-12.75));
#3130 = VECTOR('',#3131,1.);
#3131 = DIRECTION('',(1.,0.,0.));
#3132 = PCURVE('',#2624,#3133);
#3133 = DEFINITIONAL_REPRESENTATION('',(#3134),#3137);
#3134 = B_SPLINE_CURVE_WITH_KNOTS('',1,(#3135,#3136),.UNSPECIFIED.,.F.,
  .F.,(2,2),(16.25,51.25),.PIECEWISE_BEZIER_KNOTS.);
#3135 = CARTESIAN_POINT('',(22.5,32.5));
#3136 = CARTESIAN_POINT('',(22.5,67.5));
#3137 = ( GEOMETRIC_REPRESENTATION_CONTEXT(2) 
PARAMETRIC_REPRESENTATION_CONTEXT() REPRESENTATION_CONTEXT('2D SPACE',''
  ) );
#3138 = PCURVE('',#3139,#3144);
#3139 = PLANE('',#3140);
#3140 = AXIS2_PLACEMENT_3D('',#3141,#3142,#3143);
#3141 = CARTESIAN_POINT('',(-19.5,185.81545793775,-12.75));
#3142 = DIRECTION('',(0.,0.,1.));
#3143 = DIRECTION('',(1.,0.,0.));
#3144 = DEFINITIONAL_REPRESENTATION('',(#3145),#3149);
#3145 = LINE('',#3146,#3147);
#3146 = CARTESIAN_POINT('',(-16.25,8.1));
#3147 = VECTOR('',#3148,1.);
#3148 = DIRECTION('',(1.,0.));
#3149 = ( GEOMETRIC_REPRESENTATION_CONTEXT(2) 
PARAMETRIC_REPRESENTATION_CONTEXT() REPRESENTATION_CONTEXT('2D SPACE',''
  ) );
#3150 = ORIENTED_EDGE('',*,*,#3151,.F.);
#3151 = EDGE_CURVE('',#3071,#3125,#3152,.T.);
#3152 = SURFACE_CURVE('',#3153,(#3157,#3163),.PCURVE_S1.);
#3153 = LINE('',#3154,#3155);
#3154 = CARTESIAN_POINT('',(15.5,193.91545793775,-24.));
#3155 = VECTOR('',#3156,1.);
#3156 = DIRECTION('',(0.,0.,-1.));
#3157 = PCURVE('',#2624,#3158);
#3158 = DEFINITIONAL_REPRESENTATION('',(#3159),#3162);
#3159 = B_SPLINE_CURVE_WITH_KNOTS('',1,(#3160,#3161),.UNSPECIFIED.,.F.,
  .F.,(2,2),(-46.25,-11.25),.PIECEWISE_BEZIER_KNOTS.);
#3160 = CARTESIAN_POINT('',(57.5,67.5));
#3161 = CARTESIAN_POINT('',(22.5,67.5));
#3162 = ( GEOMETRIC_REPRESENTATION_CONTEXT(2) 
PARAMETRIC_REPRESENTATION_CONTEXT() REPRESENTATION_CONTEXT('2D SPACE',''
  ) );
#3163 = PCURVE('',#3164,#3169);
#3164 = PLANE('',#3165);
#3165 = AXIS2_PLACEMENT_3D('',#3166,#3167,#3168);
#3166 = CARTESIAN_POINT('',(15.5,185.81545793775,-12.75));
#3167 = DIRECTION('',(1.,0.,0.));
#3168 = DIRECTION('',(0.,0.,1.));
#3169 = DEFINITIONAL_REPRESENTATION('',(#3170),#3174);
#3170 = LINE('',#3171,#3172);
#3171 = CARTESIAN_POINT('',(-11.25,-8.1));
#3172 = VECTOR('',#3173,1.);
#3173 = DIRECTION('',(-1.,0.));
#3174 = ( GEOMETRIC_REPRESENTATION_CONTEXT(2) 
PARAMETRIC_REPRESENTATION_CONTEXT() REPRESENTATION_CONTEXT('2D SPACE',''
  ) );
#3175 = FACE_BOUND('',#3176,.T.);
#3176 = EDGE_LOOP('',(#3177));
#3177 = ORIENTED_EDGE('',*,*,#3178,.F.);
#3178 = EDGE_CURVE('',#3179,#3179,#3181,.T.);
#3179 = VERTEX_POINT('',#3180);
#3180 = CARTESIAN_POINT('',(36.,193.91545793775,36.05));
#3181 = SURFACE_CURVE('',#3182,(#3187,#3194),.PCURVE_S1.);
#3182 = CIRCLE('',#3183,3.3);
#3183 = AXIS2_PLACEMENT_3D('',#3184,#3185,#3186);
#3184 = CARTESIAN_POINT('',(36.,193.91545793775,32.75));
#3185 = DIRECTION('',(0.,1.,0.));
#3186 = DIRECTION('',(0.,-0.,1.));
#3187 = PCURVE('',#2624,#3188);
#3188 = DEFINITIONAL_REPRESENTATION('',(#3189),#3193);
#3189 = CIRCLE('',#3190,3.3);
#3190 = AXIS2_PLACEMENT_2D('',#3191,#3192);
#3191 = CARTESIAN_POINT('',(68.,88.));
#3192 = DIRECTION('',(1.,0.));
#3193 = ( GEOMETRIC_REPRESENTATION_CONTEXT(2) 
PARAMETRIC_REPRESENTATION_CONTEXT() REPRESENTATION_CONTEXT('2D SPACE',''
  ) );
#3194 = PCURVE('',#2946,#3195);
#3195 = DEFINITIONAL_REPRESENTATION('',(#3196),#3200);
#3196 = LINE('',#3197,#3198);
#3197 = CARTESIAN_POINT('',(0.,8.1));
#3198 = VECTOR('',#3199,1.);
#3199 = DIRECTION('',(1.,0.));
#3200 = ( GEOMETRIC_REPRESENTATION_CONTEXT(2) 
PARAMETRIC_REPRESENTATION_CONTEXT() REPRESENTATION_CONTEXT('2D SPACE',''
  ) );
#3201 = ADVANCED_FACE('',(#3202),#2781,.F.);
#3202 = FACE_BOUND('',#3203,.F.);
#3203 = EDGE_LOOP('',(#3204,#3225,#3226,#3227));
#3204 = ORIENTED_EDGE('',*,*,#3205,.T.);
#3205 = EDGE_CURVE('',#2765,#2991,#3206,.T.);
#3206 = SEAM_CURVE('',#3207,(#3211,#3218),.PCURVE_S1.);
#3207 = LINE('',#3208,#3209);
#3208 = CARTESIAN_POINT('',(-40.,185.81545793775,-19.95));
#3209 = VECTOR('',#3210,1.);
#3210 = DIRECTION('',(0.,1.,0.));
#3211 = PCURVE('',#2781,#3212);
#3212 = DEFINITIONAL_REPRESENTATION('',(#3213),#3217);
#3213 = LINE('',#3214,#3215);
#3214 = CARTESIAN_POINT('',(6.28318530718,-0.));
#3215 = VECTOR('',#3216,1.);
#3216 = DIRECTION('',(0.,1.));
#3217 = ( GEOMETRIC_REPRESENTATION_CONTEXT(2) 
PARAMETRIC_REPRESENTATION_CONTEXT() REPRESENTATION_CONTEXT('2D SPACE',''
  ) );
#3218 = PCURVE('',#2781,#3219);
#3219 = DEFINITIONAL_REPRESENTATION('',(#3220),#3224);
#3220 = LINE('',#3221,#3222);
#3221 = CARTESIAN_POINT('',(0.,-0.));
#3222 = VECTOR('',#3223,1.);
#3223 = DIRECTION('',(0.,1.));
#3224 = ( GEOMETRIC_REPRESENTATION_CONTEXT(2) 
PARAMETRIC_REPRESENTATION_CONTEXT() REPRESENTATION_CONTEXT('2D SPACE',''
  ) );
#3225 = ORIENTED_EDGE('',*,*,#2990,.F.);
#3226 = ORIENTED_EDGE('',*,*,#3205,.F.);
#3227 = ORIENTED_EDGE('',*,*,#2764,.T.);
#3228 = ADVANCED_FACE('',(#3229),#2836,.F.);
#3229 = FACE_BOUND('',#3230,.F.);
#3230 = EDGE_LOOP('',(#3231,#3252,#3253,#3254));
#3231 = ORIENTED_EDGE('',*,*,#3232,.T.);
#3232 = EDGE_CURVE('',#2820,#3017,#3233,.T.);
#3233 = SEAM_CURVE('',#3234,(#3238,#3245),.PCURVE_S1.);
#3234 = LINE('',#3235,#3236);
#3235 = CARTESIAN_POINT('',(-40.,185.81545793775,36.05));
#3236 = VECTOR('',#3237,1.);
#3237 = DIRECTION('',(0.,1.,0.));
#3238 = PCURVE('',#2836,#3239);
#3239 = DEFINITIONAL_REPRESENTATION('',(#3240),#3244);
#3240 = LINE('',#3241,#3242);
#3241 = CARTESIAN_POINT('',(6.28318530718,-0.));
#3242 = VECTOR('',#3243,1.);
#3243 = DIRECTION('',(0.,1.));
#3244 = ( GEOMETRIC_REPRESENTATION_CONTEXT(2) 
PARAMETRIC_REPRESENTATION_CONTEXT() REPRESENTATION_CONTEXT('2D SPACE',''
  ) );
#3245 = PCURVE('',#2836,#3246);
#3246 = DEFINITIONAL_REPRESENTATION('',(#3247),#3251);
#3247 = LINE('',#3248,#3249);
#3248 = CARTESIAN_POINT('',(0.,-0.));
#3249 = VECTOR('',#3250,1.);
#3250 = DIRECTION('',(0.,1.));
#3251 = ( GEOMETRIC_REPRESENTATION_CONTEXT(2) 
PARAMETRIC_REPRESENTATION_CONTEXT() REPRESENTATION_CONTEXT('2D SPACE',''
  ) );
#3252 = ORIENTED_EDGE('',*,*,#3016,.F.);
#3253 = ORIENTED_EDGE('',*,*,#3232,.F.);
#3254 = ORIENTED_EDGE('',*,*,#2819,.T.);
#3255 = ADVANCED_FACE('',(#3256),#2891,.F.);
#3256 = FACE_BOUND('',#3257,.F.);
#3257 = EDGE_LOOP('',(#3258,#3279,#3280,#3281));
#3258 = ORIENTED_EDGE('',*,*,#3259,.T.);
#3259 = EDGE_CURVE('',#2875,#3043,#3260,.T.);
#3260 = SEAM_CURVE('',#3261,(#3265,#3272),.PCURVE_S1.);
#3261 = LINE('',#3262,#3263);
#3262 = CARTESIAN_POINT('',(36.,185.81545793775,-19.95));
#3263 = VECTOR('',#3264,1.);
#3264 = DIRECTION('',(0.,1.,0.));
#3265 = PCURVE('',#2891,#3266);
#3266 = DEFINITIONAL_REPRESENTATION('',(#3267),#3271);
#3267 = LINE('',#3268,#3269);
#3268 = CARTESIAN_POINT('',(6.28318530718,-0.));
#3269 = VECTOR('',#3270,1.);
#3270 = DIRECTION('',(0.,1.));
#3271 = ( GEOMETRIC_REPRESENTATION_CONTEXT(2) 
PARAMETRIC_REPRESENTATION_CONTEXT() REPRESENTATION_CONTEXT('2D SPACE',''
  ) );
#3272 = PCURVE('',#2891,#3273);
#3273 = DEFINITIONAL_REPRESENTATION('',(#3274),#3278);
#3274 = LINE('',#3275,#3276);
#3275 = CARTESIAN_POINT('',(0.,-0.));
#3276 = VECTOR('',#3277,1.);
#3277 = DIRECTION('',(0.,1.));
#3278 = ( GEOMETRIC_REPRESENTATION_CONTEXT(2) 
PARAMETRIC_REPRESENTATION_CONTEXT() REPRESENTATION_CONTEXT('2D SPACE',''
  ) );
#3279 = ORIENTED_EDGE('',*,*,#3042,.F.);
#3280 = ORIENTED_EDGE('',*,*,#3259,.F.);
#3281 = ORIENTED_EDGE('',*,*,#2874,.T.);
#3282 = ADVANCED_FACE('',(#3283),#2946,.F.);
#3283 = FACE_BOUND('',#3284,.F.);
#3284 = EDGE_LOOP('',(#3285,#3306,#3307,#3308));
#3285 = ORIENTED_EDGE('',*,*,#3286,.T.);
#3286 = EDGE_CURVE('',#2930,#3179,#3287,.T.);
#3287 = SEAM_CURVE('',#3288,(#3292,#3299),.PCURVE_S1.);
#3288 = LINE('',#3289,#3290);
#3289 = CARTESIAN_POINT('',(36.,185.81545793775,36.05));
#3290 = VECTOR('',#3291,1.);
#3291 = DIRECTION('',(0.,1.,0.));
#3292 = PCURVE('',#2946,#3293);
#3293 = DEFINITIONAL_REPRESENTATION('',(#3294),#3298);
#3294 = LINE('',#3295,#3296);
#3295 = CARTESIAN_POINT('',(6.28318530718,-0.));
#3296 = VECTOR('',#3297,1.);
#3297 = DIRECTION('',(0.,1.));
#3298 = ( GEOMETRIC_REPRESENTATION_CONTEXT(2) 
PARAMETRIC_REPRESENTATION_CONTEXT() REPRESENTATION_CONTEXT('2D SPACE',''
  ) );
#3299 = PCURVE('',#2946,#3300);
#3300 = DEFINITIONAL_REPRESENTATION('',(#3301),#3305);
#3301 = LINE('',#3302,#3303);
#3302 = CARTESIAN_POINT('',(0.,-0.));
#3303 = VECTOR('',#3304,1.);
#3304 = DIRECTION('',(0.,1.));
#3305 = ( GEOMETRIC_REPRESENTATION_CONTEXT(2) 
PARAMETRIC_REPRESENTATION_CONTEXT() REPRESENTATION_CONTEXT('2D SPACE',''
  ) );
#3306 = ORIENTED_EDGE('',*,*,#3178,.F.);
#3307 = ORIENTED_EDGE('',*,*,#3286,.F.);
#3308 = ORIENTED_EDGE('',*,*,#2929,.T.);
#3309 = ADVANCED_FACE('',(#3310),#3085,.F.);
#3310 = FACE_BOUND('',#3311,.F.);
#3311 = EDGE_LOOP('',(#3312,#3335,#3363,#3384));
#3312 = ORIENTED_EDGE('',*,*,#3313,.F.);
#3313 = EDGE_CURVE('',#3314,#3069,#3316,.T.);
#3314 = VERTEX_POINT('',#3315);
#3315 = CARTESIAN_POINT('',(-19.5,50.,22.25));
#3316 = SURFACE_CURVE('',#3317,(#3321,#3328),.PCURVE_S1.);
#3317 = LINE('',#3318,#3319);
#3318 = CARTESIAN_POINT('',(-19.5,50.,22.25));
#3319 = VECTOR('',#3320,1.);
#3320 = DIRECTION('',(0.,1.,0.));
#3321 = PCURVE('',#3085,#3322);
#3322 = DEFINITIONAL_REPRESENTATION('',(#3323),#3327);
#3323 = LINE('',#3324,#3325);
#3324 = CARTESIAN_POINT('',(0.,-135.8154579377));
#3325 = VECTOR('',#3326,1.);
#3326 = DIRECTION('',(0.,1.));
#3327 = ( GEOMETRIC_REPRESENTATION_CONTEXT(2) 
PARAMETRIC_REPRESENTATION_CONTEXT() REPRESENTATION_CONTEXT('2D SPACE',''
  ) );
#3328 = PCURVE('',#3112,#3329);
#3329 = DEFINITIONAL_REPRESENTATION('',(#3330),#3334);
#3330 = LINE('',#3331,#3332);
#3331 = CARTESIAN_POINT('',(35.,135.81545793775));
#3332 = VECTOR('',#3333,1.);
#3333 = DIRECTION('',(0.,-1.));
#3334 = ( GEOMETRIC_REPRESENTATION_CONTEXT(2) 
PARAMETRIC_REPRESENTATION_CONTEXT() REPRESENTATION_CONTEXT('2D SPACE',''
  ) );
#3335 = ORIENTED_EDGE('',*,*,#3336,.T.);
#3336 = EDGE_CURVE('',#3314,#3337,#3339,.T.);
#3337 = VERTEX_POINT('',#3338);
#3338 = CARTESIAN_POINT('',(15.5,50.,22.25));
#3339 = SURFACE_CURVE('',#3340,(#3344,#3351),.PCURVE_S1.);
#3340 = LINE('',#3341,#3342);
#3341 = CARTESIAN_POINT('',(-19.5,50.,22.25));
#3342 = VECTOR('',#3343,1.);
#3343 = DIRECTION('',(1.,0.,0.));
#3344 = PCURVE('',#3085,#3345);
#3345 = DEFINITIONAL_REPRESENTATION('',(#3346),#3350);
#3346 = LINE('',#3347,#3348);
#3347 = CARTESIAN_POINT('',(0.,-135.8154579377));
#3348 = VECTOR('',#3349,1.);
#3349 = DIRECTION('',(1.,0.));
#3350 = ( GEOMETRIC_REPRESENTATION_CONTEXT(2) 
PARAMETRIC_REPRESENTATION_CONTEXT() REPRESENTATION_CONTEXT('2D SPACE',''
  ) );
#3351 = PCURVE('',#3352,#3357);
#3352 = PLANE('',#3353);
#3353 = AXIS2_PLACEMENT_3D('',#3354,#3355,#3356);
#3354 = CARTESIAN_POINT('',(-19.5,50.,-12.75));
#3355 = DIRECTION('',(0.,1.,0.));
#3356 = DIRECTION('',(0.,0.,1.));
#3357 = DEFINITIONAL_REPRESENTATION('',(#3358),#3362);
#3358 = LINE('',#3359,#3360);
#3359 = CARTESIAN_POINT('',(35.,0.));
#3360 = VECTOR('',#3361,1.);
#3361 = DIRECTION('',(0.,1.));
#3362 = ( GEOMETRIC_REPRESENTATION_CONTEXT(2) 
PARAMETRIC_REPRESENTATION_CONTEXT() REPRESENTATION_CONTEXT('2D SPACE',''
  ) );
#3363 = ORIENTED_EDGE('',*,*,#3364,.F.);
#3364 = EDGE_CURVE('',#3071,#3337,#3365,.T.);
#3365 = SURFACE_CURVE('',#3366,(#3370,#3377),.PCURVE_S1.);
#3366 = LINE('',#3367,#3368);
#3367 = CARTESIAN_POINT('',(15.5,193.91545793775,22.25));
#3368 = VECTOR('',#3369,1.);
#3369 = DIRECTION('',(0.,-1.,0.));
#3370 = PCURVE('',#3085,#3371);
#3371 = DEFINITIONAL_REPRESENTATION('',(#3372),#3376);
#3372 = LINE('',#3373,#3374);
#3373 = CARTESIAN_POINT('',(35.,8.1));
#3374 = VECTOR('',#3375,1.);
#3375 = DIRECTION('',(0.,-1.));
#3376 = ( GEOMETRIC_REPRESENTATION_CONTEXT(2) 
PARAMETRIC_REPRESENTATION_CONTEXT() REPRESENTATION_CONTEXT('2D SPACE',''
  ) );
#3377 = PCURVE('',#3164,#3378);
#3378 = DEFINITIONAL_REPRESENTATION('',(#3379),#3383);
#3379 = LINE('',#3380,#3381);
#3380 = CARTESIAN_POINT('',(35.,-8.1));
#3381 = VECTOR('',#3382,1.);
#3382 = DIRECTION('',(0.,1.));
#3383 = ( GEOMETRIC_REPRESENTATION_CONTEXT(2) 
PARAMETRIC_REPRESENTATION_CONTEXT() REPRESENTATION_CONTEXT('2D SPACE',''
  ) );
#3384 = ORIENTED_EDGE('',*,*,#3068,.F.);
#3385 = ADVANCED_FACE('',(#3386),#3112,.T.);
#3386 = FACE_BOUND('',#3387,.T.);
#3387 = EDGE_LOOP('',(#3388,#3389,#3412,#3433));
#3388 = ORIENTED_EDGE('',*,*,#3313,.F.);
#3389 = ORIENTED_EDGE('',*,*,#3390,.F.);
#3390 = EDGE_CURVE('',#3391,#3314,#3393,.T.);
#3391 = VERTEX_POINT('',#3392);
#3392 = CARTESIAN_POINT('',(-19.5,50.,-12.75));
#3393 = SURFACE_CURVE('',#3394,(#3398,#3405),.PCURVE_S1.);
#3394 = LINE('',#3395,#3396);
#3395 = CARTESIAN_POINT('',(-19.5,50.,-12.75));
#3396 = VECTOR('',#3397,1.);
#3397 = DIRECTION('',(0.,0.,1.));
#3398 = PCURVE('',#3112,#3399);
#3399 = DEFINITIONAL_REPRESENTATION('',(#3400),#3404);
#3400 = LINE('',#3401,#3402);
#3401 = CARTESIAN_POINT('',(0.,135.81545793775));
#3402 = VECTOR('',#3403,1.);
#3403 = DIRECTION('',(1.,0.));
#3404 = ( GEOMETRIC_REPRESENTATION_CONTEXT(2) 
PARAMETRIC_REPRESENTATION_CONTEXT() REPRESENTATION_CONTEXT('2D SPACE',''
  ) );
#3405 = PCURVE('',#3352,#3406);
#3406 = DEFINITIONAL_REPRESENTATION('',(#3407),#3411);
#3407 = LINE('',#3408,#3409);
#3408 = CARTESIAN_POINT('',(0.,0.));
#3409 = VECTOR('',#3410,1.);
#3410 = DIRECTION('',(1.,0.));
#3411 = ( GEOMETRIC_REPRESENTATION_CONTEXT(2) 
PARAMETRIC_REPRESENTATION_CONTEXT() REPRESENTATION_CONTEXT('2D SPACE',''
  ) );
#3412 = ORIENTED_EDGE('',*,*,#3413,.F.);
#3413 = EDGE_CURVE('',#3098,#3391,#3414,.T.);
#3414 = SURFACE_CURVE('',#3415,(#3419,#3426),.PCURVE_S1.);
#3415 = LINE('',#3416,#3417);
#3416 = CARTESIAN_POINT('',(-19.5,193.91545793775,-12.75));
#3417 = VECTOR('',#3418,1.);
#3418 = DIRECTION('',(0.,-1.,0.));
#3419 = PCURVE('',#3112,#3420);
#3420 = DEFINITIONAL_REPRESENTATION('',(#3421),#3425);
#3421 = LINE('',#3422,#3423);
#3422 = CARTESIAN_POINT('',(0.,-8.1));
#3423 = VECTOR('',#3424,1.);
#3424 = DIRECTION('',(0.,1.));
#3425 = ( GEOMETRIC_REPRESENTATION_CONTEXT(2) 
PARAMETRIC_REPRESENTATION_CONTEXT() REPRESENTATION_CONTEXT('2D SPACE',''
  ) );
#3426 = PCURVE('',#3139,#3427);
#3427 = DEFINITIONAL_REPRESENTATION('',(#3428),#3432);
#3428 = LINE('',#3429,#3430);
#3429 = CARTESIAN_POINT('',(0.,8.1));
#3430 = VECTOR('',#3431,1.);
#3431 = DIRECTION('',(0.,-1.));
#3432 = ( GEOMETRIC_REPRESENTATION_CONTEXT(2) 
PARAMETRIC_REPRESENTATION_CONTEXT() REPRESENTATION_CONTEXT('2D SPACE',''
  ) );
#3433 = ORIENTED_EDGE('',*,*,#3097,.F.);
#3434 = ADVANCED_FACE('',(#3435),#3164,.F.);
#3435 = FACE_BOUND('',#3436,.F.);
#3436 = EDGE_LOOP('',(#3437,#3438,#3461,#3482));
#3437 = ORIENTED_EDGE('',*,*,#3364,.T.);
#3438 = ORIENTED_EDGE('',*,*,#3439,.F.);
#3439 = EDGE_CURVE('',#3440,#3337,#3442,.T.);
#3440 = VERTEX_POINT('',#3441);
#3441 = CARTESIAN_POINT('',(15.5,50.,-12.75));
#3442 = SURFACE_CURVE('',#3443,(#3447,#3454),.PCURVE_S1.);
#3443 = LINE('',#3444,#3445);
#3444 = CARTESIAN_POINT('',(15.5,50.,-12.75));
#3445 = VECTOR('',#3446,1.);
#3446 = DIRECTION('',(0.,0.,1.));
#3447 = PCURVE('',#3164,#3448);
#3448 = DEFINITIONAL_REPRESENTATION('',(#3449),#3453);
#3449 = LINE('',#3450,#3451);
#3450 = CARTESIAN_POINT('',(0.,135.81545793775));
#3451 = VECTOR('',#3452,1.);
#3452 = DIRECTION('',(1.,0.));
#3453 = ( GEOMETRIC_REPRESENTATION_CONTEXT(2) 
PARAMETRIC_REPRESENTATION_CONTEXT() REPRESENTATION_CONTEXT('2D SPACE',''
  ) );
#3454 = PCURVE('',#3352,#3455);
#3455 = DEFINITIONAL_REPRESENTATION('',(#3456),#3460);
#3456 = LINE('',#3457,#3458);
#3457 = CARTESIAN_POINT('',(0.,35.));
#3458 = VECTOR('',#3459,1.);
#3459 = DIRECTION('',(1.,0.));
#3460 = ( GEOMETRIC_REPRESENTATION_CONTEXT(2) 
PARAMETRIC_REPRESENTATION_CONTEXT() REPRESENTATION_CONTEXT('2D SPACE',''
  ) );
#3461 = ORIENTED_EDGE('',*,*,#3462,.F.);
#3462 = EDGE_CURVE('',#3125,#3440,#3463,.T.);
#3463 = SURFACE_CURVE('',#3464,(#3468,#3475),.PCURVE_S1.);
#3464 = LINE('',#3465,#3466);
#3465 = CARTESIAN_POINT('',(15.5,193.91545793775,-12.75));
#3466 = VECTOR('',#3467,1.);
#3467 = DIRECTION('',(0.,-1.,0.));
#3468 = PCURVE('',#3164,#3469);
#3469 = DEFINITIONAL_REPRESENTATION('',(#3470),#3474);
#3470 = LINE('',#3471,#3472);
#3471 = CARTESIAN_POINT('',(0.,-8.1));
#3472 = VECTOR('',#3473,1.);
#3473 = DIRECTION('',(0.,1.));
#3474 = ( GEOMETRIC_REPRESENTATION_CONTEXT(2) 
PARAMETRIC_REPRESENTATION_CONTEXT() REPRESENTATION_CONTEXT('2D SPACE',''
  ) );
#3475 = PCURVE('',#3139,#3476);
#3476 = DEFINITIONAL_REPRESENTATION('',(#3477),#3481);
#3477 = LINE('',#3478,#3479);
#3478 = CARTESIAN_POINT('',(35.,8.1));
#3479 = VECTOR('',#3480,1.);
#3480 = DIRECTION('',(0.,-1.));
#3481 = ( GEOMETRIC_REPRESENTATION_CONTEXT(2) 
PARAMETRIC_REPRESENTATION_CONTEXT() REPRESENTATION_CONTEXT('2D SPACE',''
  ) );
#3482 = ORIENTED_EDGE('',*,*,#3151,.F.);
#3483 = ADVANCED_FACE('',(#3484),#3139,.T.);
#3484 = FACE_BOUND('',#3485,.T.);
#3485 = EDGE_LOOP('',(#3486,#3487,#3508,#3509));
#3486 = ORIENTED_EDGE('',*,*,#3413,.T.);
#3487 = ORIENTED_EDGE('',*,*,#3488,.T.);
#3488 = EDGE_CURVE('',#3391,#3440,#3489,.T.);
#3489 = SURFACE_CURVE('',#3490,(#3494,#3501),.PCURVE_S1.);
#3490 = LINE('',#3491,#3492);
#3491 = CARTESIAN_POINT('',(-19.5,50.,-12.75));
#3492 = VECTOR('',#3493,1.);
#3493 = DIRECTION('',(1.,0.,0.));
#3494 = PCURVE('',#3139,#3495);
#3495 = DEFINITIONAL_REPRESENTATION('',(#3496),#3500);
#3496 = LINE('',#3497,#3498);
#3497 = CARTESIAN_POINT('',(0.,-135.8154579377));
#3498 = VECTOR('',#3499,1.);
#3499 = DIRECTION('',(1.,0.));
#3500 = ( GEOMETRIC_REPRESENTATION_CONTEXT(2) 
PARAMETRIC_REPRESENTATION_CONTEXT() REPRESENTATION_CONTEXT('2D SPACE',''
  ) );
#3501 = PCURVE('',#3352,#3502);
#3502 = DEFINITIONAL_REPRESENTATION('',(#3503),#3507);
#3503 = LINE('',#3504,#3505);
#3504 = CARTESIAN_POINT('',(0.,0.));
#3505 = VECTOR('',#3506,1.);
#3506 = DIRECTION('',(0.,1.));
#3507 = ( GEOMETRIC_REPRESENTATION_CONTEXT(2) 
PARAMETRIC_REPRESENTATION_CONTEXT() REPRESENTATION_CONTEXT('2D SPACE',''
  ) );
#3508 = ORIENTED_EDGE('',*,*,#3462,.F.);
#3509 = ORIENTED_EDGE('',*,*,#3124,.F.);
#3510 = ADVANCED_FACE('',(#3511),#3352,.T.);
#3511 = FACE_BOUND('',#3512,.T.);
#3512 = EDGE_LOOP('',(#3513,#3514,#3515,#3516));
#3513 = ORIENTED_EDGE('',*,*,#3488,.F.);
#3514 = ORIENTED_EDGE('',*,*,#3390,.T.);
#3515 = ORIENTED_EDGE('',*,*,#3336,.T.);
#3516 = ORIENTED_EDGE('',*,*,#3439,.F.);
#3517 = ( GEOMETRIC_REPRESENTATION_CONTEXT(3) 
GLOBAL_UNCERTAINTY_ASSIGNED_CONTEXT((#3521)) 
GLOBAL_UNIT_ASSIGNED_CONTEXT((#3518,#3519,#3520)) REPRESENTATION_CONTEXT
('Context #1','3D Context with UNIT and UNCERTAINTY') );
#3518 = ( LENGTH_UNIT() NAMED_UNIT(*) SI_UNIT(.MILLI.,.METRE.) );
#3519 = ( NAMED_UNIT(*) PLANE_ANGLE_UNIT() SI_UNIT($,.RADIAN.) );
#3520 = ( NAMED_UNIT(*) SI_UNIT($,.STERADIAN.) SOLID_ANGLE_UNIT() );
#3521 = UNCERTAINTY_MEASURE_WITH_UNIT(LENGTH_MEASURE(1.E-07),#3518,
  'distance_accuracy_value','confusion accuracy');
#3522 = PRODUCT_RELATED_PRODUCT_CATEGORY('part',$,(#7));
ENDSEC;
END-ISO-10303-21;
